0,1,2,3,4,5,6,7,8,9,10,11,12,13,14,15,16,17,18,19,20,21,22,23
0,could not receive ip address from ipfy,Error,/BuildNotice/0,MobileSDK,Xiaomi Redmi Note 8,OpenGLES2,1.0,1.11.0,False,Programmatic1,Programmatic,14.09.2021 10:29:01,6028e36ad1e80652e41054ca,6028e407a1ba2a0d3d760566,com.mytalkingcatemma.ballerinagames,1.0,ru,Android OS 9 / API-28 (PKQ1.190616.001/V11.0.2.0.PCOINXM),8df198ef-7fc7-4edd-aad3-9725d4d047d9,False,False,IN,1631615341.926237
0,An error occurred while sending the request,Error,/BuildNotice/0,MobileSDK,Xiaomi Redmi Note 8,OpenGLES2,1.0,1.11.0,False,Programmatic1,Programmatic,14.09.2021 10:27:38,6028e36ad1e80652e41054ca,6028e407a1ba2a0d3d760566,com.mytalkingcatemma.ballerinagames,1.0,ru,Android OS 9 / API-28 (PKQ1.190616.001/V11.0.12.0.PCOMIXM),0685dd00-aa42-4be5-928b-7a0bb9e31388,False,False,TM,1631615341.995462
0,could not receive ip address from ipfy,Error,/BuildNotice/0,MobileSDK,Xiaomi Redmi Note 8,OpenGLES2,1.0,1.11.0,False,Programmatic1,Programmatic,14.09.2021 10:27:38,6028e36ad1e80652e41054ca,6028e407a1ba2a0d3d760566,com.mytalkingcatemma.ballerinagames,1.0,ru,Android OS 9 / API-28 (PKQ1.190616.001/V11.0.12.0.PCOMIXM),0685dd00-aa42-4be5-928b-7a0bb9e31388,False,False,TM,1631615342.141701
0,An error occurred while sending the request,Error,/BuildNotice/0,MobileSDK,Xiaomi Redmi Note 8,OpenGLES2,1.0,1.11.0,False,Programmatic1,Programmatic,14.09.2021 10:29:01,6028e36ad1e80652e41054ca,6028e407a1ba2a0d3d760566,com.mytalkingcatemma.ballerinagames,1.0,ru,Android OS 9 / API-28 (PKQ1.190616.001/V11.0.2.0.PCOINXM),8df198ef-7fc7-4edd-aad3-9725d4d047d9,False,False,IN,1631615342.157798
0,An error occurred while sending the request,Error,/BuildNotice/0,MobileSDK,Xiaomi Redmi Note 8,OpenGLES2,1.0,1.11.0,False,Programmatic1,Programmatic,09/14/2021 10:31:00,6028e36ad1e80652e41054ca,609d69021c511f4b1d4df1c4,com.pregnantcatemma.virtualpet,1.0,iv,Android OS 9 / API-28 (PKQ1.190616.001/V11.0.12.0.PCOMIXM),555460bd-128c-48e0-8085-9eeffda85bf6,False,False,SN,1631615342.183346
0,could not receive ip address from ipfy,Error,/BuildNotice/0,MobileSDK,Xiaomi Redmi Note 8,OpenGLES2,1.0,1.11.0,False,Programmatic1,Programmatic,09/14/2021 10:31:00,6028e36ad1e80652e41054ca,609d69021c511f4b1d4df1c4,com.pregnantcatemma.virtualpet,1.0,iv,Android OS 9 / API-28 (PKQ1.190616.001/V11.0.12.0.PCOMIXM),555460bd-128c-48e0-8085-9eeffda85bf6,False,False,SN,1631615342.198327
0,could not receive ip address from ipfy,Error,/BuildNotice/0,MobileSDK,Xiaomi Redmi Note 8,OpenGLES2,1.0,1.11.0,False,Programmatic1,Programmatic,14.09.2021 10:29:02,6028e36ad1e80652e41054ca,6028e407a1ba2a0d3d760566,com.mytalkingcatemma.ballerinagames,1.0,ru,Android OS 9 / API-28 (PKQ1.190616.001/V11.0.2.0.PCOINXM),8df198ef-7fc7-4edd-aad3-9725d4d047d9,False,False,IN,1631615342.228931
0,An error occurred while sending the request,Error,/BuildNotice/0,MobileSDK,Xiaomi Redmi Note 8,OpenGLES2,1.0,1.11.0,False,Programmatic1,Programmatic,14.09.2021 10:27:38,6028e36ad1e80652e41054ca,6028e407a1ba2a0d3d760566,com.mytalkingcatemma.ballerinagames,1.0,ru,Android OS 9 / API-28 (PKQ1.190616.001/V11.0.12.0.PCOMIXM),0685dd00-aa42-4be5-928b-7a0bb9e31388,False,False,TM,1631615342.282832
0,An error occurred while sending the request,Error,/BuildNotice/0,MobileSDK,Xiaomi Redmi Note 8,OpenGLES2,1.0,1.11.0,False,Programmatic1,Programmatic,14.09.2021 10:29:02,6028e36ad1e80652e41054ca,6028e407a1ba2a0d3d760566,com.mytalkingcatemma.ballerinagames,1.0,ru,Android OS 9 / API-28 (PKQ1.190616.001/V11.0.2.0.PCOINXM),8df198ef-7fc7-4edd-aad3-9725d4d047d9,False,False,IN,1631615342.400343
0,could not receive ip address from ipfy,Error,/BuildNotice/0,MobileSDK,Xiaomi Redmi Note 8,OpenGLES2,1.0,1.11.0,False,Programmatic1,Programmatic,14.09.2021 10:27:39,6028e36ad1e80652e41054ca,6028e407a1ba2a0d3d760566,com.mytalkingcatemma.ballerinagames,1.0,ru,Android OS 9 / API-28 (PKQ1.190616.001/V11.0.12.0.PCOMIXM),0685dd00-aa42-4be5-928b-7a0bb9e31388,False,False,TM,1631615342.418025
0,An error occurred while sending the request,Error,/BuildNotice/0,MobileSDK,Xiaomi Redmi Note 8,OpenGLES2,1.0,1.11.0,False,Programmatic1,Programmatic,14.09.2021 10:27:39,6028e36ad1e80652e41054ca,6028e407a1ba2a0d3d760566,com.mytalkingcatemma.ballerinagames,1.0,ru,Android OS 9 / API-28 (PKQ1.190616.001/V11.0.12.0.PCOMIXM),0685dd00-aa42-4be5-928b-7a0bb9e31388,False,False,TM,1631615342.55343
0,could not receive ip address from ipfy,Error,/BuildNotice/0,MobileSDK,Xiaomi Redmi Note 8,OpenGLES2,1.0,1.11.0,False,Programmatic1,Programmatic,09/14/2021 10:31:02,6028e36ad1e80652e41054ca,609d69021c511f4b1d4df1c4,com.pregnantcatemma.virtualpet,1.0,iv,Android OS 9 / API-28 (PKQ1.190616.001/V11.0.12.0.PCOMIXM),555460bd-128c-48e0-8085-9eeffda85bf6,False,False,SN,1631615342.596175
0,An error occurred while sending the request,Error,/BuildNotice/0,MobileSDK,Xiaomi Redmi Note 8,OpenGLES2,1.0,1.11.0,False,Programmatic1,Programmatic,09/14/2021 10:31:00,6028e36ad1e80652e41054ca,609d69021c511f4b1d4df1c4,com.pregnantcatemma.virtualpet,1.0,iv,Android OS 9 / API-28 (PKQ1.190616.001/V11.0.12.0.PCOMIXM),555460bd-128c-48e0-8085-9eeffda85bf6,False,False,SN,1631615342.610415
0,could not receive ip address from ipfy,Error,/BuildNotice/0,MobileSDK,Xiaomi Redmi Note 8,OpenGLES2,1.0,1.11.0,False,Programmatic1,Programmatic,14.09.2021 10:27:39,6028e36ad1e80652e41054ca,6028e407a1ba2a0d3d760566,com.mytalkingcatemma.ballerinagames,1.0,ru,Android OS 9 / API-28 (PKQ1.190616.001/V11.0.12.0.PCOMIXM),0685dd00-aa42-4be5-928b-7a0bb9e31388,False,False,TM,1631615342.724914
0,could not receive ip address from ipfy,Error,/BuildNotice/0,MobileSDK,Xiaomi Redmi Note 8,OpenGLES2,1.0,1.11.0,False,Programmatic1,Programmatic,14.09.2021 10:29:02,6028e36ad1e80652e41054ca,6028e407a1ba2a0d3d760566,com.mytalkingcatemma.ballerinagames,1.0,ru,Android OS 9 / API-28 (PKQ1.190616.001/V11.0.2.0.PCOINXM),8df198ef-7fc7-4edd-aad3-9725d4d047d9,False,False,IN,1631615342.783296
0,An error occurred while sending the request,Error,/BuildNotice/0,MobileSDK,Xiaomi Redmi Note 8,OpenGLES2,1.0,1.11.0,False,Programmatic1,Programmatic,14.09.2021 10:29:02,6028e36ad1e80652e41054ca,6028e407a1ba2a0d3d760566,com.mytalkingcatemma.ballerinagames,1.0,ru,Android OS 9 / API-28 (PKQ1.190616.001/V11.0.2.0.PCOINXM),8df198ef-7fc7-4edd-aad3-9725d4d047d9,False,False,IN,1631615342.881394
0,An error occurred while sending the request,Error,/BuildNotice/0,MobileSDK,Xiaomi Redmi Note 8,OpenGLES2,1.0,1.11.0,False,Programmatic1,Programmatic,14.09.2021 10:27:39,6028e36ad1e80652e41054ca,6028e407a1ba2a0d3d760566,com.mytalkingcatemma.ballerinagames,1.0,ru,Android OS 9 / API-28 (PKQ1.190616.001/V11.0.12.0.PCOMIXM),0685dd00-aa42-4be5-928b-7a0bb9e31388,False,False,TM,1631615342.896202
0,could not receive ip address from ipfy,Error,/BuildNotice/0,MobileSDK,Xiaomi Redmi Note 8,OpenGLES2,1.0,1.11.0,False,Programmatic1,Programmatic,14.09.2021 10:27:39,6028e36ad1e80652e41054ca,6028e407a1ba2a0d3d760566,com.mytalkingcatemma.ballerinagames,1.0,ru,Android OS 9 / API-28 (PKQ1.190616.001/V11.0.12.0.PCOMIXM),0685dd00-aa42-4be5-928b-7a0bb9e31388,False,False,TM,1631615343.044604
0,An error occurred while sending the request,Error,/BuildNotice/0,MobileSDK,Xiaomi Redmi Note 8,OpenGLES2,1.0,1.11.0,False,Programmatic1,Programmatic,14.09.2021 10:27:39,6028e36ad1e80652e41054ca,6028e407a1ba2a0d3d760566,com.mytalkingcatemma.ballerinagames,1.0,ru,Android OS 9 / API-28 (PKQ1.190616.001/V11.0.12.0.PCOMIXM),0685dd00-aa42-4be5-928b-7a0bb9e31388,False,False,TM,1631615343.179801
0,could not receive ip address from ipfy,Error,/BuildNotice/0,MobileSDK,Xiaomi Redmi Note 8,OpenGLES2,1.0,1.11.0,False,Programmatic1,Programmatic,14.09.2021 10:27:39,6028e36ad1e80652e41054ca,6028e407a1ba2a0d3d760566,com.mytalkingcatemma.ballerinagames,1.0,ru,Android OS 9 / API-28 (PKQ1.190616.001/V11.0.12.0.PCOMIXM),0685dd00-aa42-4be5-928b-7a0bb9e31388,False,False,TM,1631615343.321025
0,could not receive ip address from ipfy,Error,/BuildNotice/0,MobileSDK,Xiaomi Redmi Note 8,OpenGLES2,1.0,1.11.0,False,Programmatic1,Programmatic,14.09.2021 10:29:03,6028e36ad1e80652e41054ca,6028e407a1ba2a0d3d760566,com.mytalkingcatemma.ballerinagames,1.0,ru,Android OS 9 / API-28 (PKQ1.190616.001/V11.0.2.0.PCOINXM),8df198ef-7fc7-4edd-aad3-9725d4d047d9,False,False,IN,1631615343.439281
0,An error occurred while sending the request,Error,/BuildNotice/0,MobileSDK,Xiaomi Redmi Note 8,OpenGLES2,1.0,1.11.0,False,Programmatic1,Programmatic,14.09.2021 10:29:03,6028e36ad1e80652e41054ca,6028e407a1ba2a0d3d760566,com.mytalkingcatemma.ballerinagames,1.0,ru,Android OS 9 / API-28 (PKQ1.190616.001/V11.0.2.0.PCOINXM),8df198ef-7fc7-4edd-aad3-9725d4d047d9,False,False,IN,1631615343.453522
0,An error occurred while sending the request,Error,/BuildNotice/0,MobileSDK,Xiaomi Redmi Note 8,OpenGLES2,1.0,1.11.0,False,Programmatic1,Programmatic,14.09.2021 10:27:39,6028e36ad1e80652e41054ca,6028e407a1ba2a0d3d760566,com.mytalkingcatemma.ballerinagames,1.0,ru,Android OS 9 / API-28 (PKQ1.190616.001/V11.0.12.0.PCOMIXM),0685dd00-aa42-4be5-928b-7a0bb9e31388,False,False,TM,1631615343.478235
0,could not receive ip address from ipfy,Error,/BuildNotice/0,MobileSDK,Xiaomi Redmi Note 8,OpenGLES2,1.0,1.11.0,False,Programmatic1,Programmatic,14.09.2021 10:27:40,6028e36ad1e80652e41054ca,6028e407a1ba2a0d3d760566,com.mytalkingcatemma.ballerinagames,1.0,ru,Android OS 9 / API-28 (PKQ1.190616.001/V11.0.12.0.PCOMIXM),0685dd00-aa42-4be5-928b-7a0bb9e31388,False,False,TM,1631615343.624556
0,An error occurred while sending the request,Error,/BuildNotice/0,MobileSDK,Xiaomi Redmi Note 8,OpenGLES2,1.0,1.11.0,False,Programmatic1,Programmatic,14.09.2021 10:27:40,6028e36ad1e80652e41054ca,6028e407a1ba2a0d3d760566,com.mytalkingcatemma.ballerinagames,1.0,ru,Android OS 9 / API-28 (PKQ1.190616.001/V11.0.12.0.PCOMIXM),0685dd00-aa42-4be5-928b-7a0bb9e31388,False,False,TM,1631615343.745752
0,An error occurred while sending the request,Error,/BuildNotice/0,MobileSDK,Xiaomi Redmi Note 8,OpenGLES2,1.0,1.11.0,False,Programmatic1,Programmatic,09/14/2021 10:31:02,6028e36ad1e80652e41054ca,609d69021c511f4b1d4df1c4,com.pregnantcatemma.virtualpet,1.0,iv,Android OS 9 / API-28 (PKQ1.190616.001/V11.0.12.0.PCOMIXM),555460bd-128c-48e0-8085-9eeffda85bf6,False,False,SN,1631615343.842876
0,could not receive ip address from ipfy,Error,/BuildNotice/0,MobileSDK,Xiaomi Redmi Note 8,OpenGLES2,1.0,1.11.0,False,Programmatic1,Programmatic,09/14/2021 10:31:02,6028e36ad1e80652e41054ca,609d69021c511f4b1d4df1c4,com.pregnantcatemma.virtualpet,1.0,iv,Android OS 9 / API-28 (PKQ1.190616.001/V11.0.12.0.PCOMIXM),555460bd-128c-48e0-8085-9eeffda85bf6,False,False,SN,1631615343.858856
0,could not receive ip address from ipfy,Error,/BuildNotice/0,MobileSDK,Xiaomi Redmi Note 8,OpenGLES2,1.0,1.11.0,False,Programmatic1,Programmatic,14.09.2021 10:27:40,6028e36ad1e80652e41054ca,6028e407a1ba2a0d3d760566,com.mytalkingcatemma.ballerinagames,1.0,ru,Android OS 9 / API-28 (PKQ1.190616.001/V11.0.12.0.PCOMIXM),0685dd00-aa42-4be5-928b-7a0bb9e31388,False,False,TM,1631615343.904173
0,An error occurred while sending the request,Error,/BuildNotice/0,MobileSDK,Xiaomi Redmi Note 8,OpenGLES2,1.0,1.11.0,False,Programmatic1,Programmatic,14.09.2021 10:27:40,6028e36ad1e80652e41054ca,6028e407a1ba2a0d3d760566,com.mytalkingcatemma.ballerinagames,1.0,ru,Android OS 9 / API-28 (PKQ1.190616.001/V11.0.12.0.PCOMIXM),0685dd00-aa42-4be5-928b-7a0bb9e31388,False,False,TM,1631615344.013246
0,could not receive ip address from ipfy,Error,/BuildNotice/0,MobileSDK,Xiaomi Redmi Note 8,OpenGLES2,1.0,1.11.0,False,Programmatic1,Programmatic,14.09.2021 10:27:40,6028e36ad1e80652e41054ca,6028e407a1ba2a0d3d760566,com.mytalkingcatemma.ballerinagames,1.0,ru,Android OS 9 / API-28 (PKQ1.190616.001/V11.0.12.0.PCOMIXM),0685dd00-aa42-4be5-928b-7a0bb9e31388,False,False,TM,1631615344.186742
0,An error occurred while sending the request,Error,/BuildNotice/0,MobileSDK,Xiaomi Redmi Note 8,OpenGLES2,1.0,1.11.0,False,Programmatic1,Programmatic,09/14/2021 10:31:02,6028e36ad1e80652e41054ca,609d69021c511f4b1d4df1c4,com.pregnantcatemma.virtualpet,1.0,iv,Android OS 9 / API-28 (PKQ1.190616.001/V11.0.12.0.PCOMIXM),555460bd-128c-48e0-8085-9eeffda85bf6,False,False,SN,1631615345.94918
0,An error occurred while sending the request,Error,/BuildNotice/0,MobileSDK,Xiaomi Redmi Note 8,OpenGLES2,1.0,1.11.0,False,Programmatic1,Programmatic,14.09.2021 10:27:40,6028e36ad1e80652e41054ca,6028e407a1ba2a0d3d760566,com.mytalkingcatemma.ballerinagames,1.0,ru,Android OS 9 / API-28 (PKQ1.190616.001/V11.0.12.0.PCOMIXM),0685dd00-aa42-4be5-928b-7a0bb9e31388,False,False,TM,1631615345.970053
0,could not receive ip address from ipfy,Error,/BuildNotice/0,MobileSDK,Xiaomi Redmi Note 8,OpenGLES2,1.0,1.11.0,False,Programmatic1,Programmatic,09/14/2021 10:31:03,6028e36ad1e80652e41054ca,609d69021c511f4b1d4df1c4,com.pregnantcatemma.virtualpet,1.0,iv,Android OS 9 / API-28 (PKQ1.190616.001/V11.0.12.0.PCOMIXM),555460bd-128c-48e0-8085-9eeffda85bf6,False,False,SN,1631615345.984793
0,could not receive ip address from ipfy,Error,/BuildNotice/0,MobileSDK,Xiaomi Redmi Note 8,OpenGLES2,1.0,1.11.0,False,Programmatic1,Programmatic,14.09.2021 10:27:40,6028e36ad1e80652e41054ca,6028e407a1ba2a0d3d760566,com.mytalkingcatemma.ballerinagames,1.0,ru,Android OS 9 / API-28 (PKQ1.190616.001/V11.0.12.0.PCOMIXM),0685dd00-aa42-4be5-928b-7a0bb9e31388,False,False,TM,1631615346.003989
0,could not receive ip address from ipfy,Error,/BuildNotice/0,MobileSDK,Xiaomi Redmi Note 8,OpenGLES2,1.0,1.11.0,False,Programmatic1,Programmatic,14.09.2021 10:29:04,6028e36ad1e80652e41054ca,6028e407a1ba2a0d3d760566,com.mytalkingcatemma.ballerinagames,1.0,ru,Android OS 9 / API-28 (PKQ1.190616.001/V11.0.2.0.PCOINXM),8df198ef-7fc7-4edd-aad3-9725d4d047d9,False,False,IN,1631615346.019208
0,An error occurred while sending the request,Error,/BuildNotice/0,MobileSDK,Xiaomi Redmi Note 8,OpenGLES2,1.0,1.11.0,False,Programmatic1,Programmatic,14.09.2021 10:29:04,6028e36ad1e80652e41054ca,6028e407a1ba2a0d3d760566,com.mytalkingcatemma.ballerinagames,1.0,ru,Android OS 9 / API-28 (PKQ1.190616.001/V11.0.2.0.PCOINXM),8df198ef-7fc7-4edd-aad3-9725d4d047d9,False,False,IN,1631615346.092797
0,An error occurred while sending the request,Error,/BuildNotice/0,MobileSDK,Xiaomi Redmi Note 8,OpenGLES2,1.0,1.11.0,False,Programmatic1,Programmatic,14.09.2021 10:27:40,6028e36ad1e80652e41054ca,6028e407a1ba2a0d3d760566,com.mytalkingcatemma.ballerinagames,1.0,ru,Android OS 9 / API-28 (PKQ1.190616.001/V11.0.12.0.PCOMIXM),0685dd00-aa42-4be5-928b-7a0bb9e31388,False,False,TM,1631615346.681113
0,could not receive ip address from ipfy,Error,/BuildNotice/0,MobileSDK,Xiaomi Redmi Note 8,OpenGLES2,1.0,1.11.0,False,Programmatic1,Programmatic,14.09.2021 10:27:41,6028e36ad1e80652e41054ca,6028e407a1ba2a0d3d760566,com.mytalkingcatemma.ballerinagames,1.0,ru,Android OS 9 / API-28 (PKQ1.190616.001/V11.0.12.0.PCOMIXM),0685dd00-aa42-4be5-928b-7a0bb9e31388,False,False,TM,1631615346.694608
0,could not receive ip address from ipfy,Error,/BuildNotice/0,MobileSDK,Xiaomi Redmi Note 8,OpenGLES2,1.0,1.11.0,False,Programmatic1,Programmatic,14.09.2021 10:29:05,6028e36ad1e80652e41054ca,6028e407a1ba2a0d3d760566,com.mytalkingcatemma.ballerinagames,1.0,ru,Android OS 9 / API-28 (PKQ1.190616.001/V11.0.2.0.PCOINXM),8df198ef-7fc7-4edd-aad3-9725d4d047d9,False,False,IN,1631615346.781556
0,An error occurred while sending the request,Error,/BuildNotice/0,MobileSDK,Xiaomi Redmi Note 8,OpenGLES2,1.0,1.11.0,False,Programmatic1,Programmatic,14.09.2021 10:29:05,6028e36ad1e80652e41054ca,6028e407a1ba2a0d3d760566,com.mytalkingcatemma.ballerinagames,1.0,ru,Android OS 9 / API-28 (PKQ1.190616.001/V11.0.2.0.PCOINXM),8df198ef-7fc7-4edd-aad3-9725d4d047d9,False,False,IN,1631615346.793486
0,An error occurred while sending the request,Error,/BuildNotice/0,MobileSDK,Xiaomi Redmi Note 8,OpenGLES2,1.0,1.11.0,False,Programmatic1,Programmatic,09/14/2021 10:31:03,6028e36ad1e80652e41054ca,609d69021c511f4b1d4df1c4,com.pregnantcatemma.virtualpet,1.0,iv,Android OS 9 / API-28 (PKQ1.190616.001/V11.0.12.0.PCOMIXM),555460bd-128c-48e0-8085-9eeffda85bf6,False,False,SN,1631615346.805294
0,could not receive ip address from ipfy,Error,/BuildNotice/0,MobileSDK,Xiaomi Redmi Note 8,OpenGLES2,1.0,1.11.0,False,Programmatic1,Programmatic,09/14/2021 10:31:03,6028e36ad1e80652e41054ca,609d69021c511f4b1d4df1c4,com.pregnantcatemma.virtualpet,1.0,iv,Android OS 9 / API-28 (PKQ1.190616.001/V11.0.12.0.PCOMIXM),555460bd-128c-48e0-8085-9eeffda85bf6,False,False,SN,1631615346.882519
0,An error occurred while sending the request,Error,/BuildNotice/0,MobileSDK,Xiaomi Redmi Note 8,OpenGLES2,1.0,1.11.0,False,Programmatic1,Programmatic,14.09.2021 10:27:41,6028e36ad1e80652e41054ca,6028e407a1ba2a0d3d760566,com.mytalkingcatemma.ballerinagames,1.0,ru,Android OS 9 / API-28 (PKQ1.190616.001/V11.0.12.0.PCOMIXM),0685dd00-aa42-4be5-928b-7a0bb9e31388,False,False,TM,1631615346.956162
0,could not receive ip address from ipfy,Error,/BuildNotice/0,MobileSDK,Xiaomi Redmi Note 8,OpenGLES2,1.0,1.11.0,False,Programmatic1,Programmatic,14.09.2021 10:29:05,6028e36ad1e80652e41054ca,6028e407a1ba2a0d3d760566,com.mytalkingcatemma.ballerinagames,1.0,ru,Android OS 9 / API-28 (PKQ1.190616.001/V11.0.2.0.PCOINXM),8df198ef-7fc7-4edd-aad3-9725d4d047d9,False,False,IN,1631615347.026597
0,An error occurred while sending the request,Error,/BuildNotice/0,MobileSDK,Xiaomi Redmi Note 8,OpenGLES2,1.0,1.11.0,False,Programmatic1,Programmatic,14.09.2021 10:29:05,6028e36ad1e80652e41054ca,6028e407a1ba2a0d3d760566,com.mytalkingcatemma.ballerinagames,1.0,ru,Android OS 9 / API-28 (PKQ1.190616.001/V11.0.2.0.PCOINXM),8df198ef-7fc7-4edd-aad3-9725d4d047d9,False,False,IN,1631615347.04591
0,could not receive ip address from ipfy,Error,/BuildNotice/0,MobileSDK,Xiaomi Redmi Note 8,OpenGLES2,1.0,1.11.0,False,Programmatic1,Programmatic,14.09.2021 10:27:41,6028e36ad1e80652e41054ca,6028e407a1ba2a0d3d760566,com.mytalkingcatemma.ballerinagames,1.0,ru,Android OS 9 / API-28 (PKQ1.190616.001/V11.0.12.0.PCOMIXM),0685dd00-aa42-4be5-928b-7a0bb9e31388,False,False,TM,1631615347.083891
0,An error occurred while sending the request,Error,/BuildNotice/0,MobileSDK,Xiaomi Redmi Note 8,OpenGLES2,1.0,1.11.0,False,Programmatic1,Programmatic,14.09.2021 10:27:41,6028e36ad1e80652e41054ca,6028e407a1ba2a0d3d760566,com.mytalkingcatemma.ballerinagames,1.0,ru,Android OS 9 / API-28 (PKQ1.190616.001/V11.0.12.0.PCOMIXM),0685dd00-aa42-4be5-928b-7a0bb9e31388,False,False,TM,1631615347.233799
0,could not receive ip address from ipfy,Error,/BuildNotice/0,MobileSDK,Xiaomi Redmi Note 8,OpenGLES2,1.0,1.11.0,False,Programmatic1,Programmatic,14.09.2021 10:29:06,6028e36ad1e80652e41054ca,6028e407a1ba2a0d3d760566,com.mytalkingcatemma.ballerinagames,1.0,ru,Android OS 9 / API-28 (PKQ1.190616.001/V11.0.2.0.PCOINXM),8df198ef-7fc7-4edd-aad3-9725d4d047d9,False,False,IN,1631615347.273154
0,An error occurred while sending the request,Error,/BuildNotice/0,MobileSDK,Xiaomi Redmi Note 8,OpenGLES2,1.0,1.11.0,False,Programmatic1,Programmatic,09/14/2021 10:31:03,6028e36ad1e80652e41054ca,609d69021c511f4b1d4df1c4,com.pregnantcatemma.virtualpet,1.0,iv,Android OS 9 / API-28 (PKQ1.190616.001/V11.0.12.0.PCOMIXM),555460bd-128c-48e0-8085-9eeffda85bf6,False,False,SN,1631615347.319711
0,could not receive ip address from ipfy,Error,/BuildNotice/0,MobileSDK,Xiaomi Redmi Note 8,OpenGLES2,1.0,1.11.0,False,Programmatic1,Programmatic,09/14/2021 10:31:03,6028e36ad1e80652e41054ca,609d69021c511f4b1d4df1c4,com.pregnantcatemma.virtualpet,1.0,iv,Android OS 9 / API-28 (PKQ1.190616.001/V11.0.12.0.PCOMIXM),555460bd-128c-48e0-8085-9eeffda85bf6,False,False,SN,1631615347.336099
0,could not receive ip address from ipfy,Error,/BuildNotice/0,MobileSDK,Xiaomi Redmi Note 8,OpenGLES2,1.0,1.11.0,False,Programmatic1,Programmatic,14.09.2021 10:27:41,6028e36ad1e80652e41054ca,6028e407a1ba2a0d3d760566,com.mytalkingcatemma.ballerinagames,1.0,ru,Android OS 9 / API-28 (PKQ1.190616.001/V11.0.12.0.PCOMIXM),0685dd00-aa42-4be5-928b-7a0bb9e31388,False,False,TM,1631615347.381725
0,An error occurred while sending the request,Error,/BuildNotice/0,MobileSDK,Xiaomi Redmi Note 8,OpenGLES2,1.0,1.11.0,False,Programmatic1,Programmatic,14.09.2021 10:29:06,6028e36ad1e80652e41054ca,6028e407a1ba2a0d3d760566,com.mytalkingcatemma.ballerinagames,1.0,ru,Android OS 9 / API-28 (PKQ1.190616.001/V11.0.2.0.PCOINXM),8df198ef-7fc7-4edd-aad3-9725d4d047d9,False,False,IN,1631615347.510311
0,An error occurred while sending the request,Error,/BuildNotice/0,MobileSDK,Xiaomi Redmi Note 8,OpenGLES2,1.0,1.11.0,False,Programmatic1,Programmatic,14.09.2021 10:27:41,6028e36ad1e80652e41054ca,6028e407a1ba2a0d3d760566,com.mytalkingcatemma.ballerinagames,1.0,ru,Android OS 9 / API-28 (PKQ1.190616.001/V11.0.12.0.PCOMIXM),0685dd00-aa42-4be5-928b-7a0bb9e31388,False,False,TM,1631615347.527556
0,could not receive ip address from ipfy,Error,/BuildNotice/0,MobileSDK,Xiaomi Redmi Note 8,OpenGLES2,1.0,1.11.0,False,Programmatic1,Programmatic,14.09.2021 10:29:07,6028e36ad1e80652e41054ca,6028e407a1ba2a0d3d760566,com.mytalkingcatemma.ballerinagames,1.0,ru,Android OS 9 / API-28 (PKQ1.190616.001/V11.0.2.0.PCOINXM),8df198ef-7fc7-4edd-aad3-9725d4d047d9,False,False,IN,1631615347.594443
0,An error occurred while sending the request,Error,/BuildNotice/0,MobileSDK,Xiaomi Redmi Note 8,OpenGLES2,1.0,1.11.0,False,Programmatic1,Programmatic,09/14/2021 10:31:03,6028e36ad1e80652e41054ca,609d69021c511f4b1d4df1c4,com.pregnantcatemma.virtualpet,1.0,iv,Android OS 9 / API-28 (PKQ1.190616.001/V11.0.12.0.PCOMIXM),555460bd-128c-48e0-8085-9eeffda85bf6,False,False,SN,1631615347.747207
0,could not receive ip address from ipfy,Error,/BuildNotice/0,MobileSDK,Xiaomi Redmi Note 8,OpenGLES2,1.0,1.11.0,False,Programmatic1,Programmatic,14.09.2021 10:27:42,6028e36ad1e80652e41054ca,6028e407a1ba2a0d3d760566,com.mytalkingcatemma.ballerinagames,1.0,ru,Android OS 9 / API-28 (PKQ1.190616.001/V11.0.12.0.PCOMIXM),0685dd00-aa42-4be5-928b-7a0bb9e31388,False,False,TM,1631615347.772766
0,could not receive ip address from ipfy,Error,/BuildNotice/0,MobileSDK,Xiaomi Redmi Note 8,OpenGLES2,1.0,1.11.0,False,Programmatic1,Programmatic,09/14/2021 10:31:04,6028e36ad1e80652e41054ca,609d69021c511f4b1d4df1c4,com.pregnantcatemma.virtualpet,1.0,iv,Android OS 9 / API-28 (PKQ1.190616.001/V11.0.12.0.PCOMIXM),555460bd-128c-48e0-8085-9eeffda85bf6,False,False,SN,1631615347.794029
0,An error occurred while sending the request,Error,/BuildNotice/0,MobileSDK,Xiaomi Redmi Note 8,OpenGLES2,1.0,1.11.0,False,Programmatic1,Programmatic,14.09.2021 10:29:07,6028e36ad1e80652e41054ca,6028e407a1ba2a0d3d760566,com.mytalkingcatemma.ballerinagames,1.0,ru,Android OS 9 / API-28 (PKQ1.190616.001/V11.0.2.0.PCOINXM),8df198ef-7fc7-4edd-aad3-9725d4d047d9,False,False,IN,1631615347.812845
0,An error occurred while sending the request,Error,/BuildNotice/0,MobileSDK,Xiaomi Redmi Note 8,OpenGLES2,1.0,1.11.0,False,Programmatic1,Programmatic,14.09.2021 10:27:42,6028e36ad1e80652e41054ca,6028e407a1ba2a0d3d760566,com.mytalkingcatemma.ballerinagames,1.0,ru,Android OS 9 / API-28 (PKQ1.190616.001/V11.0.12.0.PCOMIXM),0685dd00-aa42-4be5-928b-7a0bb9e31388,False,False,TM,1631615347.880522
0,could not receive ip address from ipfy,Error,/BuildNotice/0,MobileSDK,Xiaomi Redmi Note 8,OpenGLES2,1.0,1.11.0,False,Programmatic1,Programmatic,14.09.2021 10:27:42,6028e36ad1e80652e41054ca,6028e407a1ba2a0d3d760566,com.mytalkingcatemma.ballerinagames,1.0,ru,Android OS 9 / API-28 (PKQ1.190616.001/V11.0.12.0.PCOMIXM),0685dd00-aa42-4be5-928b-7a0bb9e31388,False,False,TM,1631615348.05359
0,An error occurred while sending the request,Error,/BuildNotice/0,MobileSDK,Xiaomi Redmi Note 8,OpenGLES2,1.0,1.11.0,False,Programmatic1,Programmatic,09/14/2021 10:31:04,6028e36ad1e80652e41054ca,609d69021c511f4b1d4df1c4,com.pregnantcatemma.virtualpet,1.0,iv,Android OS 9 / API-28 (PKQ1.190616.001/V11.0.12.0.PCOMIXM),555460bd-128c-48e0-8085-9eeffda85bf6,False,False,SN,1631615348.143831
0,An error occurred while sending the request,Error,/BuildNotice/0,MobileSDK,Xiaomi Redmi Note 8,OpenGLES2,1.0,1.11.0,False,Programmatic1,Programmatic,14.09.2021 10:27:42,6028e36ad1e80652e41054ca,6028e407a1ba2a0d3d760566,com.mytalkingcatemma.ballerinagames,1.0,ru,Android OS 9 / API-28 (PKQ1.190616.001/V11.0.12.0.PCOMIXM),0685dd00-aa42-4be5-928b-7a0bb9e31388,False,False,TM,1631615348.159275
0,could not receive ip address from ipfy,Error,/BuildNotice/0,MobileSDK,Xiaomi Redmi Note 8,OpenGLES2,1.0,1.11.0,False,Programmatic1,Programmatic,09/14/2021 10:31:04,6028e36ad1e80652e41054ca,609d69021c511f4b1d4df1c4,com.pregnantcatemma.virtualpet,1.0,iv,Android OS 9 / API-28 (PKQ1.190616.001/V11.0.12.0.PCOMIXM),555460bd-128c-48e0-8085-9eeffda85bf6,False,False,SN,1631615348.218175
0,could not receive ip address from ipfy,Error,/BuildNotice/0,MobileSDK,Xiaomi Redmi Note 8,OpenGLES2,1.0,1.11.0,False,Programmatic1,Programmatic,14.09.2021 10:27:42,6028e36ad1e80652e41054ca,6028e407a1ba2a0d3d760566,com.mytalkingcatemma.ballerinagames,1.0,ru,Android OS 9 / API-28 (PKQ1.190616.001/V11.0.12.0.PCOMIXM),0685dd00-aa42-4be5-928b-7a0bb9e31388,False,False,TM,1631615348.330246
0,An error occurred while sending the request,Error,/BuildNotice/0,MobileSDK,Xiaomi Redmi Note 8,OpenGLES2,1.0,1.11.0,False,Programmatic1,Programmatic,14.09.2021 10:27:42,6028e36ad1e80652e41054ca,6028e407a1ba2a0d3d760566,com.mytalkingcatemma.ballerinagames,1.0,ru,Android OS 9 / API-28 (PKQ1.190616.001/V11.0.12.0.PCOMIXM),0685dd00-aa42-4be5-928b-7a0bb9e31388,False,False,TM,1631615348.42819
0,could not receive ip address from ipfy,Error,/BuildNotice/0,MobileSDK,samsung SM-A115F,OpenGLES2,1.0,1.11.0,False,Programmatic1,Programmatic,09/14/2021 10:29:07,6028e36ad1e80652e41054ca,609d69021c511f4b1d4df1c4,com.pregnantcatemma.virtualpet,1.0,iv,Android OS 11 / API-30 (RP1A.200720.012/A115FXXU2BUE1),8e5d7a06-5761-46be-8e10-f0bf3ebb0dd5,False,False,IN,1631615348.549947
0,An error occurred while sending the request,Error,/BuildNotice/0,MobileSDK,samsung SM-A115F,OpenGLES2,1.0,1.11.0,False,Programmatic1,Programmatic,09/14/2021 10:29:07,6028e36ad1e80652e41054ca,609d69021c511f4b1d4df1c4,com.pregnantcatemma.virtualpet,1.0,iv,Android OS 11 / API-30 (RP1A.200720.012/A115FXXU2BUE1),8e5d7a06-5761-46be-8e10-f0bf3ebb0dd5,False,False,IN,1631615348.564501
0,could not receive ip address from ipfy,Error,/BuildNotice/0,MobileSDK,Xiaomi Redmi Note 8,OpenGLES2,1.0,1.11.0,False,Programmatic1,Programmatic,14.09.2021 10:27:42,6028e36ad1e80652e41054ca,6028e407a1ba2a0d3d760566,com.mytalkingcatemma.ballerinagames,1.0,ru,Android OS 9 / API-28 (PKQ1.190616.001/V11.0.12.0.PCOMIXM),0685dd00-aa42-4be5-928b-7a0bb9e31388,False,False,TM,1631615348.605586
0,An error occurred while sending the request,Error,/BuildNotice/0,MobileSDK,Xiaomi Redmi Note 8,OpenGLES2,1.0,1.11.0,False,Programmatic1,Programmatic,09/14/2021 10:31:04,6028e36ad1e80652e41054ca,609d69021c511f4b1d4df1c4,com.pregnantcatemma.virtualpet,1.0,iv,Android OS 9 / API-28 (PKQ1.190616.001/V11.0.12.0.PCOMIXM),555460bd-128c-48e0-8085-9eeffda85bf6,False,False,SN,1631615348.629904
0,An error occurred while sending the request,Error,/BuildNotice/0,MobileSDK,Xiaomi Redmi Note 8,OpenGLES2,1.0,1.11.0,False,Programmatic1,Programmatic,14.09.2021 10:27:42,6028e36ad1e80652e41054ca,6028e407a1ba2a0d3d760566,com.mytalkingcatemma.ballerinagames,1.0,ru,Android OS 9 / API-28 (PKQ1.190616.001/V11.0.12.0.PCOMIXM),0685dd00-aa42-4be5-928b-7a0bb9e31388,False,False,TM,1631615348.693665
0,could not receive ip address from ipfy,Error,/BuildNotice/0,MobileSDK,Xiaomi Redmi Note 8,OpenGLES2,1.0,1.11.0,False,Programmatic1,Programmatic,14.09.2021 10:27:43,6028e36ad1e80652e41054ca,6028e407a1ba2a0d3d760566,com.mytalkingcatemma.ballerinagames,1.0,ru,Android OS 9 / API-28 (PKQ1.190616.001/V11.0.12.0.PCOMIXM),0685dd00-aa42-4be5-928b-7a0bb9e31388,False,False,TM,1631615348.884481
0,An error occurred while sending the request,Error,/BuildNotice/0,MobileSDK,Xiaomi Redmi Note 8,OpenGLES2,1.0,1.11.0,False,Programmatic1,Programmatic,14.09.2021 10:27:43,6028e36ad1e80652e41054ca,6028e407a1ba2a0d3d760566,com.mytalkingcatemma.ballerinagames,1.0,ru,Android OS 9 / API-28 (PKQ1.190616.001/V11.0.12.0.PCOMIXM),0685dd00-aa42-4be5-928b-7a0bb9e31388,False,False,TM,1631615348.963671
0,could not receive ip address from ipfy,Error,/BuildNotice/0,MobileSDK,Xiaomi Redmi Note 8,OpenGLES2,1.0,1.11.0,False,Programmatic1,Programmatic,14.09.2021 10:29:08,6028e36ad1e80652e41054ca,6028e407a1ba2a0d3d760566,com.mytalkingcatemma.ballerinagames,1.0,ru,Android OS 9 / API-28 (PKQ1.190616.001/V11.0.2.0.PCOINXM),8df198ef-7fc7-4edd-aad3-9725d4d047d9,False,False,IN,1631615349.000592
0,An error occurred while sending the request,Error,/BuildNotice/0,MobileSDK,Xiaomi Redmi Note 8,OpenGLES2,1.0,1.11.0,False,Programmatic1,Programmatic,14.09.2021 10:29:08,6028e36ad1e80652e41054ca,6028e407a1ba2a0d3d760566,com.mytalkingcatemma.ballerinagames,1.0,ru,Android OS 9 / API-28 (PKQ1.190616.001/V11.0.2.0.PCOINXM),8df198ef-7fc7-4edd-aad3-9725d4d047d9,False,False,IN,1631615349.017092
0,could not receive ip address from ipfy,Error,/BuildNotice/0,MobileSDK,samsung SM-G965F,OpenGLES2,1.0,1.11.0,False,Programmatic1,Programmatic,14/09/2021 10:29:09 AM,6028e36ad1e80652e41054ca,6028e407a1ba2a0d3d760566,com.mytalkingcatemma.ballerinagames,1.0,en,Android OS 10 / API-29 (QP1A.190711.020/G965FXXUFFUE1),99c619a1-30c9-415e-99d8-bf150d7293f8,False,False,IR,1631615349.143896
0,could not receive ip address from ipfy,Error,/BuildNotice/0,MobileSDK,Xiaomi Redmi Note 8,OpenGLES2,1.0,1.11.0,False,Programmatic1,Programmatic,14.09.2021 10:27:43,6028e36ad1e80652e41054ca,6028e407a1ba2a0d3d760566,com.mytalkingcatemma.ballerinagames,1.0,ru,Android OS 9 / API-28 (PKQ1.190616.001/V11.0.12.0.PCOMIXM),0685dd00-aa42-4be5-928b-7a0bb9e31388,False,False,TM,1631615349.159447
0,An error occurred while sending the request,Error,/BuildNotice/0,MobileSDK,samsung SM-G965F,OpenGLES2,1.0,1.11.0,False,Programmatic1,Programmatic,14/09/2021 10:29:09 AM,6028e36ad1e80652e41054ca,6028e407a1ba2a0d3d760566,com.mytalkingcatemma.ballerinagames,1.0,en,Android OS 10 / API-29 (QP1A.190711.020/G965FXXUFFUE1),99c619a1-30c9-415e-99d8-bf150d7293f8,False,False,IR,1631615349.174879
0,An error occurred while sending the request,Error,/BuildNotice/0,MobileSDK,Xiaomi Redmi Note 8,OpenGLES2,1.0,1.11.0,False,Programmatic1,Programmatic,14.09.2021 10:27:43,6028e36ad1e80652e41054ca,6028e407a1ba2a0d3d760566,com.mytalkingcatemma.ballerinagames,1.0,ru,Android OS 9 / API-28 (PKQ1.190616.001/V11.0.12.0.PCOMIXM),0685dd00-aa42-4be5-928b-7a0bb9e31388,False,False,TM,1631615349.230825
0,could not receive ip address from ipfy,Error,/BuildNotice/0,MobileSDK,Xiaomi Redmi Note 8,OpenGLES2,1.0,1.11.0,False,Programmatic1,Programmatic,14.09.2021 10:27:43,6028e36ad1e80652e41054ca,6028e407a1ba2a0d3d760566,com.mytalkingcatemma.ballerinagames,1.0,ru,Android OS 9 / API-28 (PKQ1.190616.001/V11.0.12.0.PCOMIXM),0685dd00-aa42-4be5-928b-7a0bb9e31388,False,False,TM,1631615349.434269
0,An error occurred while sending the request,Error,/BuildNotice/0,MobileSDK,Xiaomi Redmi Note 8,OpenGLES2,1.0,1.11.0,False,Programmatic1,Programmatic,14.09.2021 10:27:43,6028e36ad1e80652e41054ca,6028e407a1ba2a0d3d760566,com.mytalkingcatemma.ballerinagames,1.0,ru,Android OS 9 / API-28 (PKQ1.190616.001/V11.0.12.0.PCOMIXM),0685dd00-aa42-4be5-928b-7a0bb9e31388,False,False,TM,1631615349.500507
0,could not receive ip address from ipfy,Error,/BuildNotice/0,MobileSDK,Xiaomi Redmi Note 8,OpenGLES2,1.0,1.11.0,False,Programmatic1,Programmatic,14.09.2021 10:27:43,6028e36ad1e80652e41054ca,6028e407a1ba2a0d3d760566,com.mytalkingcatemma.ballerinagames,1.0,ru,Android OS 9 / API-28 (PKQ1.190616.001/V11.0.12.0.PCOMIXM),0685dd00-aa42-4be5-928b-7a0bb9e31388,False,False,TM,1631615349.707885
0,An error occurred while sending the request,Error,/BuildNotice/0,MobileSDK,Xiaomi Redmi Note 8,OpenGLES2,1.0,1.11.0,False,Programmatic1,Programmatic,14.09.2021 10:27:43,6028e36ad1e80652e41054ca,6028e407a1ba2a0d3d760566,com.mytalkingcatemma.ballerinagames,1.0,ru,Android OS 9 / API-28 (PKQ1.190616.001/V11.0.12.0.PCOMIXM),0685dd00-aa42-4be5-928b-7a0bb9e31388,False,False,TM,1631615349.778885
0,could not receive ip address from ipfy,Error,/BuildNotice/0,MobileSDK,Xiaomi Redmi Note 8,OpenGLES2,1.0,1.11.0,False,Programmatic1,Programmatic,09/14/2021 10:31:04,6028e36ad1e80652e41054ca,609d69021c511f4b1d4df1c4,com.pregnantcatemma.virtualpet,1.0,iv,Android OS 9 / API-28 (PKQ1.190616.001/V11.0.12.0.PCOMIXM),555460bd-128c-48e0-8085-9eeffda85bf6,False,False,SN,1631615349.839617
0,could not receive ip address from ipfy,Error,/BuildNotice/0,MobileSDK,Xiaomi Redmi Note 8,OpenGLES2,1.0,1.11.0,False,Programmatic1,Programmatic,14.09.2021 10:27:44,6028e36ad1e80652e41054ca,6028e407a1ba2a0d3d760566,com.mytalkingcatemma.ballerinagames,1.0,ru,Android OS 9 / API-28 (PKQ1.190616.001/V11.0.12.0.PCOMIXM),0685dd00-aa42-4be5-928b-7a0bb9e31388,False,False,TM,1631615350.01654
0,An error occurred while sending the request,Error,/BuildNotice/0,MobileSDK,Xiaomi Redmi Note 8,OpenGLES2,1.0,1.11.0,False,Programmatic1,Programmatic,14.09.2021 10:27:44,6028e36ad1e80652e41054ca,6028e407a1ba2a0d3d760566,com.mytalkingcatemma.ballerinagames,1.0,ru,Android OS 9 / API-28 (PKQ1.190616.001/V11.0.12.0.PCOMIXM),0685dd00-aa42-4be5-928b-7a0bb9e31388,False,False,TM,1631615350.059874
0,An error occurred while sending the request,Error,/BuildNotice/0,MobileSDK,Xiaomi Redmi Note 8,OpenGLES2,1.0,1.11.0,False,Programmatic1,Programmatic,09/14/2021 10:31:04,6028e36ad1e80652e41054ca,609d69021c511f4b1d4df1c4,com.pregnantcatemma.virtualpet,1.0,iv,Android OS 9 / API-28 (PKQ1.190616.001/V11.0.12.0.PCOMIXM),555460bd-128c-48e0-8085-9eeffda85bf6,False,False,SN,1631615350.135021
0,could not receive ip address from ipfy,Error,/BuildNotice/0,MobileSDK,Xiaomi Redmi Note 8,OpenGLES2,1.0,1.11.0,False,Programmatic1,Programmatic,14.09.2021 10:29:10,6028e36ad1e80652e41054ca,6028e407a1ba2a0d3d760566,com.mytalkingcatemma.ballerinagames,1.0,ru,Android OS 9 / API-28 (PKQ1.190616.001/V11.0.2.0.PCOINXM),8df198ef-7fc7-4edd-aad3-9725d4d047d9,False,False,IN,1631615350.211509
0,An error occurred while sending the request,Error,/BuildNotice/0,MobileSDK,Xiaomi Redmi Note 8,OpenGLES2,1.0,1.11.0,False,Programmatic1,Programmatic,14.09.2021 10:29:10,6028e36ad1e80652e41054ca,6028e407a1ba2a0d3d760566,com.mytalkingcatemma.ballerinagames,1.0,ru,Android OS 9 / API-28 (PKQ1.190616.001/V11.0.2.0.PCOINXM),8df198ef-7fc7-4edd-aad3-9725d4d047d9,False,False,IN,1631615350.348533
0,could not receive ip address from ipfy,Error,/BuildNotice/0,MobileSDK,Xiaomi Redmi Note 8,OpenGLES2,1.0,1.11.0,False,Programmatic1,Programmatic,14.09.2021 10:27:44,6028e36ad1e80652e41054ca,6028e407a1ba2a0d3d760566,com.mytalkingcatemma.ballerinagames,1.0,ru,Android OS 9 / API-28 (PKQ1.190616.001/V11.0.12.0.PCOMIXM),0685dd00-aa42-4be5-928b-7a0bb9e31388,False,False,TM,1631615350.363394
0,could not receive ip address from ipfy,Error,/BuildNotice/0,MobileSDK,Xiaomi Redmi Note 8,OpenGLES2,1.0,1.11.0,False,Programmatic1,Programmatic,09/14/2021 10:31:05,6028e36ad1e80652e41054ca,609d69021c511f4b1d4df1c4,com.pregnantcatemma.virtualpet,1.0,iv,Android OS 9 / API-28 (PKQ1.190616.001/V11.0.12.0.PCOMIXM),555460bd-128c-48e0-8085-9eeffda85bf6,False,False,SN,1631615350.380729
0,An error occurred while sending the request,Error,/BuildNotice/0,MobileSDK,Xiaomi Redmi Note 8,OpenGLES2,1.0,1.11.0,False,Programmatic1,Programmatic,14.09.2021 10:27:44,6028e36ad1e80652e41054ca,6028e407a1ba2a0d3d760566,com.mytalkingcatemma.ballerinagames,1.0,ru,Android OS 9 / API-28 (PKQ1.190616.001/V11.0.12.0.PCOMIXM),0685dd00-aa42-4be5-928b-7a0bb9e31388,False,False,TM,1631615350.392973
0,could not receive ip address from ipfy,Error,/BuildNotice/0,MobileSDK,samsung SM-A115F,OpenGLES2,1.0,1.11.0,False,Programmatic1,Programmatic,09/14/2021 10:29:09,6028e36ad1e80652e41054ca,609d69021c511f4b1d4df1c4,com.pregnantcatemma.virtualpet,1.0,iv,Android OS 11 / API-30 (RP1A.200720.012/A115FXXU2BUE1),8e5d7a06-5761-46be-8e10-f0bf3ebb0dd5,False,False,IN,1631615350.48661
0,An error occurred while sending the request,Error,/BuildNotice/0,MobileSDK,samsung SM-A115F,OpenGLES2,1.0,1.11.0,False,Programmatic1,Programmatic,09/14/2021 10:29:09,6028e36ad1e80652e41054ca,609d69021c511f4b1d4df1c4,com.pregnantcatemma.virtualpet,1.0,iv,Android OS 11 / API-30 (RP1A.200720.012/A115FXXU2BUE1),8e5d7a06-5761-46be-8e10-f0bf3ebb0dd5,False,False,IN,1631615350.498736
0,An error occurred while sending the request,Error,/BuildNotice/0,MobileSDK,Xiaomi Redmi Note 8,OpenGLES2,1.0,1.11.0,False,Programmatic1,Programmatic,09/14/2021 10:31:05,6028e36ad1e80652e41054ca,609d69021c511f4b1d4df1c4,com.pregnantcatemma.virtualpet,1.0,iv,Android OS 9 / API-28 (PKQ1.190616.001/V11.0.12.0.PCOMIXM),555460bd-128c-48e0-8085-9eeffda85bf6,False,False,SN,1631615350.553582
0,could not receive ip address from ipfy,Error,/BuildNotice/0,MobileSDK,Xiaomi Redmi Note 8,OpenGLES2,1.0,1.11.0,False,Programmatic1,Programmatic,14.09.2021 10:27:44,6028e36ad1e80652e41054ca,6028e407a1ba2a0d3d760566,com.mytalkingcatemma.ballerinagames,1.0,ru,Android OS 9 / API-28 (PKQ1.190616.001/V11.0.12.0.PCOMIXM),0685dd00-aa42-4be5-928b-7a0bb9e31388,False,False,TM,1631615350.652754
0,An error occurred while sending the request,Error,/BuildNotice/0,MobileSDK,Xiaomi Redmi Note 8,OpenGLES2,1.0,1.11.0,False,Programmatic1,Programmatic,14.09.2021 10:27:44,6028e36ad1e80652e41054ca,6028e407a1ba2a0d3d760566,com.mytalkingcatemma.ballerinagames,1.0,ru,Android OS 9 / API-28 (PKQ1.190616.001/V11.0.12.0.PCOMIXM),0685dd00-aa42-4be5-928b-7a0bb9e31388,False,False,TM,1631615350.671565
0,could not receive ip address from ipfy,Error,/BuildNotice/0,MobileSDK,Xiaomi Redmi Note 8,OpenGLES2,1.0,1.11.0,False,Programmatic1,Programmatic,09/14/2021 10:31:05,6028e36ad1e80652e41054ca,609d69021c511f4b1d4df1c4,com.pregnantcatemma.virtualpet,1.0,iv,Android OS 9 / API-28 (PKQ1.190616.001/V11.0.12.0.PCOMIXM),555460bd-128c-48e0-8085-9eeffda85bf6,False,False,SN,1631615350.826554
0,could not receive ip address from ipfy,Error,/BuildNotice/0,MobileSDK,Xiaomi Redmi Note 8,OpenGLES2,1.0,1.11.0,False,Programmatic1,Programmatic,14.09.2021 10:27:45,6028e36ad1e80652e41054ca,6028e407a1ba2a0d3d760566,com.mytalkingcatemma.ballerinagames,1.0,ru,Android OS 9 / API-28 (PKQ1.190616.001/V11.0.12.0.PCOMIXM),0685dd00-aa42-4be5-928b-7a0bb9e31388,False,False,TM,1631615350.92627
0,could not receive ip address from ipfy,Error,/BuildNotice/0,MobileSDK,Xiaomi Redmi Note 8,OpenGLES2,1.0,1.11.0,False,Programmatic1,Programmatic,14.09.2021 10:29:10,6028e36ad1e80652e41054ca,6028e407a1ba2a0d3d760566,com.mytalkingcatemma.ballerinagames,1.0,ru,Android OS 9 / API-28 (PKQ1.190616.001/V11.0.2.0.PCOINXM),8df198ef-7fc7-4edd-aad3-9725d4d047d9,False,False,IN,1631615350.942433
0,An error occurred while sending the request,Error,/BuildNotice/0,MobileSDK,Xiaomi Redmi Note 8,OpenGLES2,1.0,1.11.0,False,Programmatic1,Programmatic,14.09.2021 10:27:45,6028e36ad1e80652e41054ca,6028e407a1ba2a0d3d760566,com.mytalkingcatemma.ballerinagames,1.0,ru,Android OS 9 / API-28 (PKQ1.190616.001/V11.0.12.0.PCOMIXM),0685dd00-aa42-4be5-928b-7a0bb9e31388,False,False,TM,1631615350.958127
0,An error occurred while sending the request,Error,/BuildNotice/0,MobileSDK,Xiaomi Redmi Note 8,OpenGLES2,1.0,1.11.0,False,Programmatic1,Programmatic,14.09.2021 10:29:10,6028e36ad1e80652e41054ca,6028e407a1ba2a0d3d760566,com.mytalkingcatemma.ballerinagames,1.0,ru,Android OS 9 / API-28 (PKQ1.190616.001/V11.0.2.0.PCOINXM),8df198ef-7fc7-4edd-aad3-9725d4d047d9,False,False,IN,1631615350.982515
0,An error occurred while sending the request,Error,/BuildNotice/0,MobileSDK,Xiaomi Redmi Note 8,OpenGLES2,1.0,1.11.0,False,Programmatic1,Programmatic,09/14/2021 10:31:05,6028e36ad1e80652e41054ca,609d69021c511f4b1d4df1c4,com.pregnantcatemma.virtualpet,1.0,iv,Android OS 9 / API-28 (PKQ1.190616.001/V11.0.12.0.PCOMIXM),555460bd-128c-48e0-8085-9eeffda85bf6,False,False,SN,1631615350.997
0,could not receive ip address from ipfy,Error,/BuildNotice/0,MobileSDK,Xiaomi Redmi Note 8,OpenGLES2,1.0,1.11.0,False,Programmatic1,Programmatic,14.09.2021 10:27:45,6028e36ad1e80652e41054ca,6028e407a1ba2a0d3d760566,com.mytalkingcatemma.ballerinagames,1.0,ru,Android OS 9 / API-28 (PKQ1.190616.001/V11.0.12.0.PCOMIXM),0685dd00-aa42-4be5-928b-7a0bb9e31388,False,False,TM,1631615351.204813
0,An error occurred while sending the request,Error,/BuildNotice/0,MobileSDK,Xiaomi Redmi Note 8,OpenGLES2,1.0,1.11.0,False,Programmatic1,Programmatic,14.09.2021 10:27:45,6028e36ad1e80652e41054ca,6028e407a1ba2a0d3d760566,com.mytalkingcatemma.ballerinagames,1.0,ru,Android OS 9 / API-28 (PKQ1.190616.001/V11.0.12.0.PCOMIXM),0685dd00-aa42-4be5-928b-7a0bb9e31388,False,False,TM,1631615351.23588
0,could not receive ip address from ipfy,Error,/BuildNotice/0,MobileSDK,Xiaomi Redmi Note 8,OpenGLES2,1.0,1.11.0,False,Programmatic1,Programmatic,14.09.2021 10:27:45,6028e36ad1e80652e41054ca,6028e407a1ba2a0d3d760566,com.mytalkingcatemma.ballerinagames,1.0,ru,Android OS 9 / API-28 (PKQ1.190616.001/V11.0.12.0.PCOMIXM),0685dd00-aa42-4be5-928b-7a0bb9e31388,False,False,TM,1631615351.483376
0,An error occurred while sending the request,Error,/BuildNotice/0,MobileSDK,Xiaomi Redmi Note 8,OpenGLES2,1.0,1.11.0,False,Programmatic1,Programmatic,14.09.2021 10:27:45,6028e36ad1e80652e41054ca,6028e407a1ba2a0d3d760566,com.mytalkingcatemma.ballerinagames,1.0,ru,Android OS 9 / API-28 (PKQ1.190616.001/V11.0.12.0.PCOMIXM),0685dd00-aa42-4be5-928b-7a0bb9e31388,False,False,TM,1631615351.504318
0,could not receive ip address from ipfy,Error,/BuildNotice/0,MobileSDK,Xiaomi Redmi Note 8,OpenGLES2,1.0,1.11.0,False,Programmatic1,Programmatic,14.09.2021 10:29:11,6028e36ad1e80652e41054ca,6028e407a1ba2a0d3d760566,com.mytalkingcatemma.ballerinagames,1.0,ru,Android OS 9 / API-28 (PKQ1.190616.001/V11.0.2.0.PCOINXM),8df198ef-7fc7-4edd-aad3-9725d4d047d9,False,False,IN,1631615351.72194
0,An error occurred while sending the request,Error,/BuildNotice/0,MobileSDK,Xiaomi Redmi Note 8,OpenGLES2,1.0,1.11.0,False,Programmatic1,Programmatic,14.09.2021 10:29:11,6028e36ad1e80652e41054ca,6028e407a1ba2a0d3d760566,com.mytalkingcatemma.ballerinagames,1.0,ru,Android OS 9 / API-28 (PKQ1.190616.001/V11.0.2.0.PCOINXM),8df198ef-7fc7-4edd-aad3-9725d4d047d9,False,False,IN,1631615351.745803
0,could not receive ip address from ipfy,Error,/BuildNotice/0,MobileSDK,Xiaomi Redmi Note 8,OpenGLES2,1.0,1.11.0,False,Programmatic1,Programmatic,14.09.2021 10:27:45,6028e36ad1e80652e41054ca,6028e407a1ba2a0d3d760566,com.mytalkingcatemma.ballerinagames,1.0,ru,Android OS 9 / API-28 (PKQ1.190616.001/V11.0.12.0.PCOMIXM),0685dd00-aa42-4be5-928b-7a0bb9e31388,False,False,TM,1631615351.766208
0,could not receive ip address from ipfy,Error,/BuildNotice/0,MobileSDK,Xiaomi Redmi Note 8,OpenGLES2,1.0,1.11.0,False,Programmatic1,Programmatic,09/14/2021 10:31:06,6028e36ad1e80652e41054ca,609d69021c511f4b1d4df1c4,com.pregnantcatemma.virtualpet,1.0,iv,Android OS 9 / API-28 (PKQ1.190616.001/V11.0.12.0.PCOMIXM),555460bd-128c-48e0-8085-9eeffda85bf6,False,False,SN,1631615351.794645
0,An error occurred while sending the request,Error,/BuildNotice/0,MobileSDK,Xiaomi Redmi Note 8,OpenGLES2,1.0,1.11.0,False,Programmatic1,Programmatic,14.09.2021 10:27:45,6028e36ad1e80652e41054ca,6028e407a1ba2a0d3d760566,com.mytalkingcatemma.ballerinagames,1.0,ru,Android OS 9 / API-28 (PKQ1.190616.001/V11.0.12.0.PCOMIXM),0685dd00-aa42-4be5-928b-7a0bb9e31388,False,False,TM,1631615351.810465
0,An error occurred while sending the request,Error,/BuildNotice/0,MobileSDK,Xiaomi Redmi Note 8,OpenGLES2,1.0,1.11.0,False,Programmatic1,Programmatic,09/14/2021 10:31:06,6028e36ad1e80652e41054ca,609d69021c511f4b1d4df1c4,com.pregnantcatemma.virtualpet,1.0,iv,Android OS 9 / API-28 (PKQ1.190616.001/V11.0.12.0.PCOMIXM),555460bd-128c-48e0-8085-9eeffda85bf6,False,False,SN,1631615351.882534
0,could not receive ip address from ipfy,Error,/BuildNotice/0,MobileSDK,Xiaomi Redmi Note 8,OpenGLES2,1.0,1.11.0,False,Programmatic1,Programmatic,14.09.2021 10:27:46,6028e36ad1e80652e41054ca,6028e407a1ba2a0d3d760566,com.mytalkingcatemma.ballerinagames,1.0,ru,Android OS 9 / API-28 (PKQ1.190616.001/V11.0.12.0.PCOMIXM),0685dd00-aa42-4be5-928b-7a0bb9e31388,False,False,TM,1631615352.085613
0,An error occurred while sending the request,Error,/BuildNotice/0,MobileSDK,Xiaomi Redmi Note 8,OpenGLES2,1.0,1.11.0,False,Programmatic1,Programmatic,14.09.2021 10:27:46,6028e36ad1e80652e41054ca,6028e407a1ba2a0d3d760566,com.mytalkingcatemma.ballerinagames,1.0,ru,Android OS 9 / API-28 (PKQ1.190616.001/V11.0.12.0.PCOMIXM),0685dd00-aa42-4be5-928b-7a0bb9e31388,False,False,TM,1631615352.133484
0,could not receive ip address from ipfy,Error,/BuildNotice/0,MobileSDK,Xiaomi Redmi Note 8,OpenGLES2,1.0,1.11.0,False,Programmatic1,Programmatic,14.09.2021 10:27:46,6028e36ad1e80652e41054ca,6028e407a1ba2a0d3d760566,com.mytalkingcatemma.ballerinagames,1.0,ru,Android OS 9 / API-28 (PKQ1.190616.001/V11.0.12.0.PCOMIXM),0685dd00-aa42-4be5-928b-7a0bb9e31388,False,False,TM,1631615352.364126
0,An error occurred while sending the request,Error,/BuildNotice/0,MobileSDK,Xiaomi Redmi Note 8,OpenGLES2,1.0,1.11.0,False,Programmatic1,Programmatic,14.09.2021 10:27:46,6028e36ad1e80652e41054ca,6028e407a1ba2a0d3d760566,com.mytalkingcatemma.ballerinagames,1.0,ru,Android OS 9 / API-28 (PKQ1.190616.001/V11.0.12.0.PCOMIXM),0685dd00-aa42-4be5-928b-7a0bb9e31388,False,False,TM,1631615352.402113
0,An error occurred while sending the request,Error,/BuildNotice/0,MobileSDK,Xiaomi Redmi Note 8,OpenGLES2,1.0,1.11.0,False,Programmatic1,Programmatic,09/14/2021 10:31:08,6028e36ad1e80652e41054ca,609d69021c511f4b1d4df1c4,com.pregnantcatemma.virtualpet,1.0,iv,Android OS 9 / API-28 (PKQ1.190616.001/V11.0.12.0.PCOMIXM),555460bd-128c-48e0-8085-9eeffda85bf6,False,False,SN,1631615352.573955
0,could not receive ip address from ipfy,Error,/BuildNotice/0,MobileSDK,Xiaomi Redmi Note 8,OpenGLES2,1.0,1.11.0,False,Programmatic1,Programmatic,09/14/2021 10:31:08,6028e36ad1e80652e41054ca,609d69021c511f4b1d4df1c4,com.pregnantcatemma.virtualpet,1.0,iv,Android OS 9 / API-28 (PKQ1.190616.001/V11.0.12.0.PCOMIXM),555460bd-128c-48e0-8085-9eeffda85bf6,False,False,SN,1631615352.589181
0,could not receive ip address from ipfy,Error,/BuildNotice/0,MobileSDK,Xiaomi Redmi Note 8,OpenGLES2,1.0,1.11.0,False,Programmatic1,Programmatic,14.09.2021 10:27:46,6028e36ad1e80652e41054ca,6028e407a1ba2a0d3d760566,com.mytalkingcatemma.ballerinagames,1.0,ru,Android OS 9 / API-28 (PKQ1.190616.001/V11.0.12.0.PCOMIXM),0685dd00-aa42-4be5-928b-7a0bb9e31388,False,False,TM,1631615352.644782
0,An error occurred while sending the request,Error,/BuildNotice/0,MobileSDK,Xiaomi Redmi Note 8,OpenGLES2,1.0,1.11.0,False,Programmatic1,Programmatic,14.09.2021 10:27:46,6028e36ad1e80652e41054ca,6028e407a1ba2a0d3d760566,com.mytalkingcatemma.ballerinagames,1.0,ru,Android OS 9 / API-28 (PKQ1.190616.001/V11.0.12.0.PCOMIXM),0685dd00-aa42-4be5-928b-7a0bb9e31388,False,False,TM,1631615352.680595
0,could not receive ip address from ipfy,Error,/BuildNotice/0,MobileSDK,Xiaomi Redmi Note 8,OpenGLES2,1.0,1.11.0,False,Programmatic1,Programmatic,14.09.2021 10:27:46,6028e36ad1e80652e41054ca,6028e407a1ba2a0d3d760566,com.mytalkingcatemma.ballerinagames,1.0,ru,Android OS 9 / API-28 (PKQ1.190616.001/V11.0.12.0.PCOMIXM),0685dd00-aa42-4be5-928b-7a0bb9e31388,False,False,TM,1631615352.923155
0,An error occurred while sending the request,Error,/BuildNotice/0,MobileSDK,Xiaomi Redmi Note 8,OpenGLES2,1.0,1.11.0,False,Programmatic1,Programmatic,14.09.2021 10:27:46,6028e36ad1e80652e41054ca,6028e407a1ba2a0d3d760566,com.mytalkingcatemma.ballerinagames,1.0,ru,Android OS 9 / API-28 (PKQ1.190616.001/V11.0.12.0.PCOMIXM),0685dd00-aa42-4be5-928b-7a0bb9e31388,False,False,TM,1631615352.982221
0,An error occurred while sending the request,Error,/BuildNotice/0,MobileSDK,Xiaomi Redmi Note 8,OpenGLES2,1.0,1.11.0,False,Programmatic1,Programmatic,09/14/2021 10:31:08,6028e36ad1e80652e41054ca,609d69021c511f4b1d4df1c4,com.pregnantcatemma.virtualpet,1.0,iv,Android OS 9 / API-28 (PKQ1.190616.001/V11.0.12.0.PCOMIXM),555460bd-128c-48e0-8085-9eeffda85bf6,False,False,SN,1631615353.010913
0,could not receive ip address from ipfy,Error,/BuildNotice/0,MobileSDK,Xiaomi Redmi Note 8,OpenGLES2,1.0,1.11.0,False,Programmatic1,Programmatic,14.09.2021 10:27:47,6028e36ad1e80652e41054ca,6028e407a1ba2a0d3d760566,com.mytalkingcatemma.ballerinagames,1.0,ru,Android OS 9 / API-28 (PKQ1.190616.001/V11.0.12.0.PCOMIXM),0685dd00-aa42-4be5-928b-7a0bb9e31388,False,False,TM,1631615353.197731
0,An error occurred while sending the request,Error,/BuildNotice/0,MobileSDK,Xiaomi Redmi Note 8,OpenGLES2,1.0,1.11.0,False,Programmatic1,Programmatic,14.09.2021 10:27:47,6028e36ad1e80652e41054ca,6028e407a1ba2a0d3d760566,com.mytalkingcatemma.ballerinagames,1.0,ru,Android OS 9 / API-28 (PKQ1.190616.001/V11.0.12.0.PCOMIXM),0685dd00-aa42-4be5-928b-7a0bb9e31388,False,False,TM,1631615353.257888
0,could not receive ip address from ipfy,Error,/BuildNotice/0,MobileSDK,Xiaomi Redmi Note 8,OpenGLES2,1.0,1.11.0,False,Programmatic1,Programmatic,09/14/2021 10:31:08,6028e36ad1e80652e41054ca,609d69021c511f4b1d4df1c4,com.pregnantcatemma.virtualpet,1.0,iv,Android OS 9 / API-28 (PKQ1.190616.001/V11.0.12.0.PCOMIXM),555460bd-128c-48e0-8085-9eeffda85bf6,False,False,SN,1631615353.399765
0,could not receive ip address from ipfy,Error,/BuildNotice/0,MobileSDK,Xiaomi Redmi Note 8,OpenGLES2,1.0,1.11.0,False,Programmatic1,Programmatic,14.09.2021 10:27:47,6028e36ad1e80652e41054ca,6028e407a1ba2a0d3d760566,com.mytalkingcatemma.ballerinagames,1.0,ru,Android OS 9 / API-28 (PKQ1.190616.001/V11.0.12.0.PCOMIXM),0685dd00-aa42-4be5-928b-7a0bb9e31388,False,False,TM,1631615353.480468
0,An error occurred while sending the request,Error,/BuildNotice/0,MobileSDK,Xiaomi Redmi Note 8,OpenGLES2,1.0,1.11.0,False,Programmatic1,Programmatic,14.09.2021 10:27:47,6028e36ad1e80652e41054ca,6028e407a1ba2a0d3d760566,com.mytalkingcatemma.ballerinagames,1.0,ru,Android OS 9 / API-28 (PKQ1.190616.001/V11.0.12.0.PCOMIXM),0685dd00-aa42-4be5-928b-7a0bb9e31388,False,False,TM,1631615353.529214
0,could not receive ip address from ipfy,Error,/BuildNotice/0,MobileSDK,samsung SM-A115F,OpenGLES2,1.0,1.11.0,False,Programmatic1,Programmatic,09/14/2021 10:29:12,6028e36ad1e80652e41054ca,609d69021c511f4b1d4df1c4,com.pregnantcatemma.virtualpet,1.0,iv,Android OS 11 / API-30 (RP1A.200720.012/A115FXXU2BUE1),8e5d7a06-5761-46be-8e10-f0bf3ebb0dd5,False,False,IN,1631615353.835073
0,could not receive ip address from ipfy,Error,/BuildNotice/0,MobileSDK,OPPO CPH1701,OpenGLES2,1.0,1.11.0,False,Programmatic1,Programmatic,14/09/2021 10:29:13,6028e36ad1e80652e41054ca,6028e407a1ba2a0d3d760566,com.mytalkingcatemma.ballerinagames,1.0,en,Android OS 6.0.1 / API-23 (MMB29M/eng.root.20170930.133551),457e0028-29d3-4d08-992d-87b4e954e12d,False,False,RU,1631615353.850565
0,An error occurred while sending the request,Error,/BuildNotice/0,MobileSDK,OPPO CPH1701,OpenGLES2,1.0,1.11.0,False,Programmatic1,Programmatic,14/09/2021 10:29:13,6028e36ad1e80652e41054ca,6028e407a1ba2a0d3d760566,com.mytalkingcatemma.ballerinagames,1.0,en,Android OS 6.0.1 / API-23 (MMB29M/eng.root.20170930.133551),457e0028-29d3-4d08-992d-87b4e954e12d,False,False,RU,1631615353.866927
0,could not receive ip address from ipfy,Error,/BuildNotice/0,MobileSDK,Xiaomi Redmi Note 8,OpenGLES2,1.0,1.11.0,False,Programmatic1,Programmatic,14.09.2021 10:27:47,6028e36ad1e80652e41054ca,6028e407a1ba2a0d3d760566,com.mytalkingcatemma.ballerinagames,1.0,ru,Android OS 9 / API-28 (PKQ1.190616.001/V11.0.12.0.PCOMIXM),0685dd00-aa42-4be5-928b-7a0bb9e31388,False,False,TM,1631615353.883015
0,An error occurred while sending the request,Error,/BuildNotice/0,MobileSDK,Xiaomi Redmi Note 8,OpenGLES2,1.0,1.11.0,False,Programmatic1,Programmatic,14.09.2021 10:27:47,6028e36ad1e80652e41054ca,6028e407a1ba2a0d3d760566,com.mytalkingcatemma.ballerinagames,1.0,ru,Android OS 9 / API-28 (PKQ1.190616.001/V11.0.12.0.PCOMIXM),0685dd00-aa42-4be5-928b-7a0bb9e31388,False,False,TM,1631615353.898944
0,could not receive ip address from ipfy,Error,/BuildNotice/0,MobileSDK,Xiaomi Redmi Note 8,OpenGLES2,1.0,1.11.0,False,Programmatic1,Programmatic,09/14/2021 10:31:09,6028e36ad1e80652e41054ca,609d69021c511f4b1d4df1c4,com.pregnantcatemma.virtualpet,1.0,iv,Android OS 9 / API-28 (PKQ1.190616.001/V11.0.12.0.PCOMIXM),555460bd-128c-48e0-8085-9eeffda85bf6,False,False,SN,1631615353.915626
0,An error occurred while sending the request,Error,/BuildNotice/0,MobileSDK,samsung SM-A115F,OpenGLES2,1.0,1.11.0,False,Programmatic1,Programmatic,09/14/2021 10:29:12,6028e36ad1e80652e41054ca,609d69021c511f4b1d4df1c4,com.pregnantcatemma.virtualpet,1.0,iv,Android OS 11 / API-30 (RP1A.200720.012/A115FXXU2BUE1),8e5d7a06-5761-46be-8e10-f0bf3ebb0dd5,False,False,IN,1631615353.996766
0,could not receive ip address from ipfy,Error,/BuildNotice/0,MobileSDK,Xiaomi Redmi Note 8,OpenGLES2,1.0,1.11.0,False,Programmatic1,Programmatic,14.09.2021 10:29:13,6028e36ad1e80652e41054ca,6028e407a1ba2a0d3d760566,com.mytalkingcatemma.ballerinagames,1.0,ru,Android OS 9 / API-28 (PKQ1.190616.001/V11.0.2.0.PCOINXM),8df198ef-7fc7-4edd-aad3-9725d4d047d9,False,False,IN,1631615354.013715
0,An error occurred while sending the request,Error,/BuildNotice/0,MobileSDK,Xiaomi Redmi Note 8,OpenGLES2,1.0,1.11.0,False,Programmatic1,Programmatic,14.09.2021 10:29:13,6028e36ad1e80652e41054ca,6028e407a1ba2a0d3d760566,com.mytalkingcatemma.ballerinagames,1.0,ru,Android OS 9 / API-28 (PKQ1.190616.001/V11.0.2.0.PCOINXM),8df198ef-7fc7-4edd-aad3-9725d4d047d9,False,False,IN,1631615354.082985
0,could not receive ip address from ipfy,Error,/BuildNotice/0,MobileSDK,Xiaomi Redmi Note 8,OpenGLES2,1.0,1.11.0,False,Programmatic1,Programmatic,14.09.2021 10:27:48,6028e36ad1e80652e41054ca,6028e407a1ba2a0d3d760566,com.mytalkingcatemma.ballerinagames,1.0,ru,Android OS 9 / API-28 (PKQ1.190616.001/V11.0.12.0.PCOMIXM),0685dd00-aa42-4be5-928b-7a0bb9e31388,False,False,TM,1631615354.161904
0,An error occurred while sending the request,Error,/BuildNotice/0,MobileSDK,Xiaomi Redmi Note 8,OpenGLES2,1.0,1.11.0,False,Programmatic1,Programmatic,14.09.2021 10:27:48,6028e36ad1e80652e41054ca,6028e407a1ba2a0d3d760566,com.mytalkingcatemma.ballerinagames,1.0,ru,Android OS 9 / API-28 (PKQ1.190616.001/V11.0.12.0.PCOMIXM),0685dd00-aa42-4be5-928b-7a0bb9e31388,False,False,TM,1631615354.19335
0,could not receive ip address from ipfy,Error,/BuildNotice/0,MobileSDK,Xiaomi Redmi Note 8,OpenGLES2,1.0,1.11.0,False,Programmatic1,Programmatic,14.09.2021 10:27:48,6028e36ad1e80652e41054ca,6028e407a1ba2a0d3d760566,com.mytalkingcatemma.ballerinagames,1.0,ru,Android OS 9 / API-28 (PKQ1.190616.001/V11.0.12.0.PCOMIXM),0685dd00-aa42-4be5-928b-7a0bb9e31388,False,False,TM,1631615354.453152
0,An error occurred while sending the request,Error,/BuildNotice/0,MobileSDK,Xiaomi Redmi Note 8,OpenGLES2,1.0,1.11.0,False,Programmatic1,Programmatic,14.09.2021 10:27:48,6028e36ad1e80652e41054ca,6028e407a1ba2a0d3d760566,com.mytalkingcatemma.ballerinagames,1.0,ru,Android OS 9 / API-28 (PKQ1.190616.001/V11.0.12.0.PCOMIXM),0685dd00-aa42-4be5-928b-7a0bb9e31388,False,False,TM,1631615354.469963
0,could not receive ip address from ipfy,Error,/BuildNotice/0,MobileSDK,Xiaomi Redmi Note 8,OpenGLES2,1.0,1.11.0,False,Programmatic1,Programmatic,14.09.2021 10:29:14,6028e36ad1e80652e41054ca,6028e407a1ba2a0d3d760566,com.mytalkingcatemma.ballerinagames,1.0,ru,Android OS 9 / API-28 (PKQ1.190616.001/V11.0.2.0.PCOINXM),8df198ef-7fc7-4edd-aad3-9725d4d047d9,False,False,IN,1631615354.645499
0,An error occurred while sending the request,Error,/BuildNotice/0,MobileSDK,Xiaomi Redmi Note 8,OpenGLES2,1.0,1.11.0,False,Programmatic1,Programmatic,14.09.2021 10:29:14,6028e36ad1e80652e41054ca,6028e407a1ba2a0d3d760566,com.mytalkingcatemma.ballerinagames,1.0,ru,Android OS 9 / API-28 (PKQ1.190616.001/V11.0.2.0.PCOINXM),8df198ef-7fc7-4edd-aad3-9725d4d047d9,False,False,IN,1631615354.665273
0,could not receive ip address from ipfy,Error,/BuildNotice/0,MobileSDK,Xiaomi Redmi Note 8,OpenGLES2,1.0,1.11.0,False,Programmatic1,Programmatic,14.09.2021 10:27:48,6028e36ad1e80652e41054ca,6028e407a1ba2a0d3d760566,com.mytalkingcatemma.ballerinagames,1.0,ru,Android OS 9 / API-28 (PKQ1.190616.001/V11.0.12.0.PCOMIXM),0685dd00-aa42-4be5-928b-7a0bb9e31388,False,False,TM,1631615354.729855
0,An error occurred while sending the request,Error,/BuildNotice/0,MobileSDK,Xiaomi Redmi Note 8,OpenGLES2,1.0,1.11.0,False,Programmatic1,Programmatic,14.09.2021 10:27:48,6028e36ad1e80652e41054ca,6028e407a1ba2a0d3d760566,com.mytalkingcatemma.ballerinagames,1.0,ru,Android OS 9 / API-28 (PKQ1.190616.001/V11.0.12.0.PCOMIXM),0685dd00-aa42-4be5-928b-7a0bb9e31388,False,False,TM,1631615354.748196
0,could not receive ip address from ipfy,Error,/BuildNotice/0,MobileSDK,Xiaomi Redmi Note 8,OpenGLES2,1.0,1.11.0,False,Programmatic1,Programmatic,14.09.2021 10:27:48,6028e36ad1e80652e41054ca,6028e407a1ba2a0d3d760566,com.mytalkingcatemma.ballerinagames,1.0,ru,Android OS 9 / API-28 (PKQ1.190616.001/V11.0.12.0.PCOMIXM),0685dd00-aa42-4be5-928b-7a0bb9e31388,False,False,TM,1631615355.005869
0,An error occurred while sending the request,Error,/BuildNotice/0,MobileSDK,Xiaomi Redmi Note 8,OpenGLES2,1.0,1.11.0,False,Programmatic1,Programmatic,14.09.2021 10:27:48,6028e36ad1e80652e41054ca,6028e407a1ba2a0d3d760566,com.mytalkingcatemma.ballerinagames,1.0,ru,Android OS 9 / API-28 (PKQ1.190616.001/V11.0.12.0.PCOMIXM),0685dd00-aa42-4be5-928b-7a0bb9e31388,False,False,TM,1631615355.025876
0,could not receive ip address from ipfy,Error,/BuildNotice/0,MobileSDK,Xiaomi Redmi Note 8,OpenGLES2,1.0,1.11.0,False,Programmatic1,Programmatic,14.09.2021 10:27:49,6028e36ad1e80652e41054ca,6028e407a1ba2a0d3d760566,com.mytalkingcatemma.ballerinagames,1.0,ru,Android OS 9 / API-28 (PKQ1.190616.001/V11.0.12.0.PCOMIXM),0685dd00-aa42-4be5-928b-7a0bb9e31388,False,False,TM,1631615355.285952
0,An error occurred while sending the request,Error,/BuildNotice/0,MobileSDK,Xiaomi Redmi Note 8,OpenGLES2,1.0,1.11.0,False,Programmatic1,Programmatic,14.09.2021 10:27:49,6028e36ad1e80652e41054ca,6028e407a1ba2a0d3d760566,com.mytalkingcatemma.ballerinagames,1.0,ru,Android OS 9 / API-28 (PKQ1.190616.001/V11.0.12.0.PCOMIXM),0685dd00-aa42-4be5-928b-7a0bb9e31388,False,False,TM,1631615355.326934
0,could not receive ip address from ipfy,Error,/BuildNotice/0,MobileSDK,Xiaomi Redmi Note 8,OpenGLES2,1.0,1.11.0,False,Programmatic1,Programmatic,14.09.2021 10:27:49,6028e36ad1e80652e41054ca,6028e407a1ba2a0d3d760566,com.mytalkingcatemma.ballerinagames,1.0,ru,Android OS 9 / API-28 (PKQ1.190616.001/V11.0.12.0.PCOMIXM),0685dd00-aa42-4be5-928b-7a0bb9e31388,False,False,TM,1631615355.880825
0,could not receive ip address from ipfy,Error,/BuildNotice/0,MobileSDK,Xiaomi Redmi Note 8,OpenGLES2,1.0,1.11.0,False,Programmatic1,Programmatic,14.09.2021 10:29:15,6028e36ad1e80652e41054ca,6028e407a1ba2a0d3d760566,com.mytalkingcatemma.ballerinagames,1.0,ru,Android OS 9 / API-28 (PKQ1.190616.001/V11.0.2.0.PCOINXM),8df198ef-7fc7-4edd-aad3-9725d4d047d9,False,False,IN,1631615355.898998
0,An error occurred while sending the request,Error,/BuildNotice/0,MobileSDK,Xiaomi Redmi Note 8,OpenGLES2,1.0,1.11.0,False,Programmatic1,Programmatic,14.09.2021 10:29:15,6028e36ad1e80652e41054ca,6028e407a1ba2a0d3d760566,com.mytalkingcatemma.ballerinagames,1.0,ru,Android OS 9 / API-28 (PKQ1.190616.001/V11.0.2.0.PCOINXM),8df198ef-7fc7-4edd-aad3-9725d4d047d9,False,False,IN,1631615356.403337
0,An error occurred while sending the request,Error,/BuildNotice/0,MobileSDK,Xiaomi Redmi Note 8,OpenGLES2,1.0,1.11.0,False,Programmatic1,Programmatic,14.09.2021 10:27:49,6028e36ad1e80652e41054ca,6028e407a1ba2a0d3d760566,com.mytalkingcatemma.ballerinagames,1.0,ru,Android OS 9 / API-28 (PKQ1.190616.001/V11.0.12.0.PCOMIXM),0685dd00-aa42-4be5-928b-7a0bb9e31388,False,False,TM,1631615356.419012
0,could not receive ip address from ipfy,Error,/BuildNotice/0,MobileSDK,Xiaomi Redmi Note 8,OpenGLES2,1.0,1.11.0,False,Programmatic1,Programmatic,14.09.2021 10:27:49,6028e36ad1e80652e41054ca,6028e407a1ba2a0d3d760566,com.mytalkingcatemma.ballerinagames,1.0,ru,Android OS 9 / API-28 (PKQ1.190616.001/V11.0.12.0.PCOMIXM),0685dd00-aa42-4be5-928b-7a0bb9e31388,False,False,TM,1631615356.480265
0,An error occurred while sending the request,Error,/BuildNotice/0,MobileSDK,Xiaomi Redmi Note 8,OpenGLES2,1.0,1.11.0,False,Programmatic1,Programmatic,09/14/2021 10:31:09,6028e36ad1e80652e41054ca,609d69021c511f4b1d4df1c4,com.pregnantcatemma.virtualpet,1.0,iv,Android OS 9 / API-28 (PKQ1.190616.001/V11.0.12.0.PCOMIXM),555460bd-128c-48e0-8085-9eeffda85bf6,False,False,SN,1631615356.57112
0,An error occurred while sending the request,Error,/BuildNotice/0,MobileSDK,Xiaomi Redmi Note 8,OpenGLES2,1.0,1.11.0,False,Programmatic1,Programmatic,14.09.2021 10:27:49,6028e36ad1e80652e41054ca,6028e407a1ba2a0d3d760566,com.mytalkingcatemma.ballerinagames,1.0,ru,Android OS 9 / API-28 (PKQ1.190616.001/V11.0.12.0.PCOMIXM),0685dd00-aa42-4be5-928b-7a0bb9e31388,False,False,TM,1631615356.694837
0,could not receive ip address from ipfy,Error,/BuildNotice/0,MobileSDK,Xiaomi Redmi Note 8,OpenGLES2,1.0,1.11.0,False,Programmatic1,Programmatic,14.09.2021 10:27:49,6028e36ad1e80652e41054ca,6028e407a1ba2a0d3d760566,com.mytalkingcatemma.ballerinagames,1.0,ru,Android OS 9 / API-28 (PKQ1.190616.001/V11.0.12.0.PCOMIXM),0685dd00-aa42-4be5-928b-7a0bb9e31388,False,False,TM,1631615356.863083
0,An error occurred while sending the request,Error,/BuildNotice/0,MobileSDK,Xiaomi Redmi Note 8,OpenGLES2,1.0,1.11.0,False,Programmatic1,Programmatic,14.09.2021 10:27:49,6028e36ad1e80652e41054ca,6028e407a1ba2a0d3d760566,com.mytalkingcatemma.ballerinagames,1.0,ru,Android OS 9 / API-28 (PKQ1.190616.001/V11.0.12.0.PCOMIXM),0685dd00-aa42-4be5-928b-7a0bb9e31388,False,False,TM,1631615356.974368
0,could not receive ip address from ipfy,Error,/BuildNotice/0,MobileSDK,Xiaomi Redmi Note 8,OpenGLES2,1.0,1.11.0,False,Programmatic1,Programmatic,09/14/2021 10:31:10,6028e36ad1e80652e41054ca,609d69021c511f4b1d4df1c4,com.pregnantcatemma.virtualpet,1.0,iv,Android OS 9 / API-28 (PKQ1.190616.001/V11.0.12.0.PCOMIXM),555460bd-128c-48e0-8085-9eeffda85bf6,False,False,SN,1631615358.548549
0,could not receive ip address from ipfy,Error,/BuildNotice/0,MobileSDK,Xiaomi Redmi Note 8,OpenGLES2,1.0,1.11.0,False,Programmatic1,Programmatic,14.09.2021 10:27:50,6028e36ad1e80652e41054ca,6028e407a1ba2a0d3d760566,com.mytalkingcatemma.ballerinagames,1.0,ru,Android OS 9 / API-28 (PKQ1.190616.001/V11.0.12.0.PCOMIXM),0685dd00-aa42-4be5-928b-7a0bb9e31388,False,False,TM,1631615358.564141
0,An error occurred while sending the request,Error,/BuildNotice/0,MobileSDK,Xiaomi Redmi Note 8,OpenGLES2,1.0,1.11.0,False,Programmatic1,Programmatic,14.09.2021 10:27:50,6028e36ad1e80652e41054ca,6028e407a1ba2a0d3d760566,com.mytalkingcatemma.ballerinagames,1.0,ru,Android OS 9 / API-28 (PKQ1.190616.001/V11.0.12.0.PCOMIXM),0685dd00-aa42-4be5-928b-7a0bb9e31388,False,False,TM,1631615358.580695
0,An error occurred while sending the request,Error,/BuildNotice/0,MobileSDK,Xiaomi Redmi Note 8,OpenGLES2,1.0,1.11.0,False,Programmatic1,Programmatic,14.09.2021 10:29:16,6028e36ad1e80652e41054ca,6028e407a1ba2a0d3d760566,com.mytalkingcatemma.ballerinagames,1.0,ru,Android OS 9 / API-28 (PKQ1.190616.001/V11.0.2.0.PCOINXM),8df198ef-7fc7-4edd-aad3-9725d4d047d9,False,False,IN,1631615358.595472
0,An error occurred while sending the request,Error,/BuildNotice/0,MobileSDK,vivo V2026,OpenGLES2,1.0,1.11.0,False,Programmatic1,Programmatic,09/14/2021 10:29:18,6028e36ad1e80652e41054ca,609d69021c511f4b1d4df1c4,com.pregnantcatemma.virtualpet,1.0,iv,Android OS 11 / API-30 (RP1A.200720.012/eng.compil.20210717.185129),270320b6-7507-4c46-aa0e-3037cfa87651,False,False,RU,1631615358.609307
0,could not receive ip address from ipfy,Error,/BuildNotice/0,MobileSDK,vivo V2026,OpenGLES2,1.0,1.11.0,False,Programmatic1,Programmatic,09/14/2021 10:29:18,6028e36ad1e80652e41054ca,609d69021c511f4b1d4df1c4,com.pregnantcatemma.virtualpet,1.0,iv,Android OS 11 / API-30 (RP1A.200720.012/eng.compil.20210717.185129),270320b6-7507-4c46-aa0e-3037cfa87651,False,False,RU,1631615358.693506
0,could not receive ip address from ipfy,Error,/BuildNotice/0,MobileSDK,Xiaomi Redmi Note 8,OpenGLES2,1.0,1.11.0,False,Programmatic1,Programmatic,14.09.2021 10:29:16,6028e36ad1e80652e41054ca,6028e407a1ba2a0d3d760566,com.mytalkingcatemma.ballerinagames,1.0,ru,Android OS 9 / API-28 (PKQ1.190616.001/V11.0.2.0.PCOINXM),8df198ef-7fc7-4edd-aad3-9725d4d047d9,False,False,IN,1631615358.708884
0,An error occurred while sending the request,Error,/BuildNotice/0,MobileSDK,Xiaomi Redmi Note 8,OpenGLES2,1.0,1.11.0,False,Programmatic1,Programmatic,09/14/2021 10:31:10,6028e36ad1e80652e41054ca,609d69021c511f4b1d4df1c4,com.pregnantcatemma.virtualpet,1.0,iv,Android OS 9 / API-28 (PKQ1.190616.001/V11.0.12.0.PCOMIXM),555460bd-128c-48e0-8085-9eeffda85bf6,False,False,SN,1631615358.782615
0,could not receive ip address from ipfy,Error,/BuildNotice/0,MobileSDK,Xiaomi Redmi Note 8,OpenGLES2,1.0,1.11.0,False,Programmatic1,Programmatic,14.09.2021 10:29:17,6028e36ad1e80652e41054ca,6028e407a1ba2a0d3d760566,com.mytalkingcatemma.ballerinagames,1.0,ru,Android OS 9 / API-28 (PKQ1.190616.001/V11.0.2.0.PCOINXM),8df198ef-7fc7-4edd-aad3-9725d4d047d9,False,False,IN,1631615358.838593
0,could not receive ip address from ipfy,Error,/BuildNotice/0,MobileSDK,Xiaomi Redmi Note 8,OpenGLES2,1.0,1.11.0,False,Programmatic1,Programmatic,14.09.2021 10:27:50,6028e36ad1e80652e41054ca,6028e407a1ba2a0d3d760566,com.mytalkingcatemma.ballerinagames,1.0,ru,Android OS 9 / API-28 (PKQ1.190616.001/V11.0.12.0.PCOMIXM),0685dd00-aa42-4be5-928b-7a0bb9e31388,False,False,TM,1631615358.882187
0,An error occurred while sending the request,Error,/BuildNotice/0,MobileSDK,Xiaomi Redmi Note 8,OpenGLES2,1.0,1.11.0,False,Programmatic1,Programmatic,14.09.2021 10:27:50,6028e36ad1e80652e41054ca,6028e407a1ba2a0d3d760566,com.mytalkingcatemma.ballerinagames,1.0,ru,Android OS 9 / API-28 (PKQ1.190616.001/V11.0.12.0.PCOMIXM),0685dd00-aa42-4be5-928b-7a0bb9e31388,False,False,TM,1631615358.897074
0,An error occurred while sending the request,Error,/BuildNotice/0,MobileSDK,Xiaomi Redmi Note 8,OpenGLES2,1.0,1.11.0,False,Programmatic1,Programmatic,14.09.2021 10:29:17,6028e36ad1e80652e41054ca,6028e407a1ba2a0d3d760566,com.mytalkingcatemma.ballerinagames,1.0,ru,Android OS 9 / API-28 (PKQ1.190616.001/V11.0.2.0.PCOINXM),8df198ef-7fc7-4edd-aad3-9725d4d047d9,False,False,IN,1631615359.045833
0,could not receive ip address from ipfy,Error,/BuildNotice/0,MobileSDK,Xiaomi Redmi Note 8,OpenGLES2,1.0,1.11.0,False,Programmatic1,Programmatic,14.09.2021 10:29:18,6028e36ad1e80652e41054ca,6028e407a1ba2a0d3d760566,com.mytalkingcatemma.ballerinagames,1.0,ru,Android OS 9 / API-28 (PKQ1.190616.001/V11.0.2.0.PCOINXM),8df198ef-7fc7-4edd-aad3-9725d4d047d9,False,False,IN,1631615359.123287
0,could not receive ip address from ipfy,Error,/BuildNotice/0,MobileSDK,Xiaomi Redmi Note 8,OpenGLES2,1.0,1.11.0,False,Programmatic1,Programmatic,14.09.2021 10:27:50,6028e36ad1e80652e41054ca,6028e407a1ba2a0d3d760566,com.mytalkingcatemma.ballerinagames,1.0,ru,Android OS 9 / API-28 (PKQ1.190616.001/V11.0.12.0.PCOMIXM),0685dd00-aa42-4be5-928b-7a0bb9e31388,False,False,TM,1631615359.156799
0,An error occurred while sending the request,Error,/BuildNotice/0,MobileSDK,Xiaomi Redmi Note 8,OpenGLES2,1.0,1.11.0,False,Programmatic1,Programmatic,14.09.2021 10:27:50,6028e36ad1e80652e41054ca,6028e407a1ba2a0d3d760566,com.mytalkingcatemma.ballerinagames,1.0,ru,Android OS 9 / API-28 (PKQ1.190616.001/V11.0.12.0.PCOMIXM),0685dd00-aa42-4be5-928b-7a0bb9e31388,False,False,TM,1631615359.198791
0,An error occurred while sending the request,Error,/BuildNotice/0,MobileSDK,Xiaomi Redmi Note 8,OpenGLES2,1.0,1.11.0,False,Programmatic1,Programmatic,14.09.2021 10:29:18,6028e36ad1e80652e41054ca,6028e407a1ba2a0d3d760566,com.mytalkingcatemma.ballerinagames,1.0,ru,Android OS 9 / API-28 (PKQ1.190616.001/V11.0.2.0.PCOINXM),8df198ef-7fc7-4edd-aad3-9725d4d047d9,False,False,IN,1631615359.307429
0,could not receive ip address from ipfy,Error,/BuildNotice/0,MobileSDK,Xiaomi Redmi Note 8,OpenGLES2,1.0,1.11.0,False,Programmatic1,Programmatic,14.09.2021 10:27:51,6028e36ad1e80652e41054ca,6028e407a1ba2a0d3d760566,com.mytalkingcatemma.ballerinagames,1.0,ru,Android OS 9 / API-28 (PKQ1.190616.001/V11.0.12.0.PCOMIXM),0685dd00-aa42-4be5-928b-7a0bb9e31388,False,False,TM,1631615359.480584
0,An error occurred while sending the request,Error,/BuildNotice/0,MobileSDK,Xiaomi Redmi Note 8,OpenGLES2,1.0,1.11.0,False,Programmatic1,Programmatic,14.09.2021 10:27:51,6028e36ad1e80652e41054ca,6028e407a1ba2a0d3d760566,com.mytalkingcatemma.ballerinagames,1.0,ru,Android OS 9 / API-28 (PKQ1.190616.001/V11.0.12.0.PCOMIXM),0685dd00-aa42-4be5-928b-7a0bb9e31388,False,False,TM,1631615359.496153
0,A task was canceled.,Error,/BuildNotice/0,MobileSDK,samsung SM-A520F,OpenGLES2,1.0,1.11.0,False,Programmatic1,Programmatic,09/14/2021 10:29:17,6028e36ad1e80652e41054ca,609d69021c511f4b1d4df1c4,com.pregnantcatemma.virtualpet,1.0,iv,Android OS 8.0.0 / API-26 (R16NW/A520FXXSGCTL1),645de438-b1f1-4fb5-80aa-928cfd2a4db3,False,False,IR,1631615359.598284
0,could not receive ip address from ipfy,Error,/BuildNotice/0,MobileSDK,samsung SM-A520F,OpenGLES2,1.0,1.11.0,False,Programmatic1,Programmatic,09/14/2021 10:29:17,6028e36ad1e80652e41054ca,609d69021c511f4b1d4df1c4,com.pregnantcatemma.virtualpet,1.0,iv,Android OS 8.0.0 / API-26 (R16NW/A520FXXSGCTL1),645de438-b1f1-4fb5-80aa-928cfd2a4db3,False,False,IR,1631615359.612743
0,could not receive ip address from ipfy,Error,/BuildNotice/0,MobileSDK,Xiaomi Redmi Note 8,OpenGLES2,1.0,1.11.0,False,Programmatic1,Programmatic,09/14/2021 10:31:11,6028e36ad1e80652e41054ca,609d69021c511f4b1d4df1c4,com.pregnantcatemma.virtualpet,1.0,iv,Android OS 9 / API-28 (PKQ1.190616.001/V11.0.12.0.PCOMIXM),555460bd-128c-48e0-8085-9eeffda85bf6,False,False,SN,1631615359.630571
0,could not receive ip address from ipfy,Error,/BuildNotice/0,MobileSDK,Xiaomi Redmi Note 8,OpenGLES2,1.0,1.11.0,False,Programmatic1,Programmatic,14.09.2021 10:29:19,6028e36ad1e80652e41054ca,6028e407a1ba2a0d3d760566,com.mytalkingcatemma.ballerinagames,1.0,ru,Android OS 9 / API-28 (PKQ1.190616.001/V11.0.2.0.PCOINXM),8df198ef-7fc7-4edd-aad3-9725d4d047d9,False,False,IN,1631615359.758095
0,could not receive ip address from ipfy,Error,/BuildNotice/0,MobileSDK,Xiaomi Redmi Note 8,OpenGLES2,1.0,1.11.0,False,Programmatic1,Programmatic,14.09.2021 10:27:51,6028e36ad1e80652e41054ca,6028e407a1ba2a0d3d760566,com.mytalkingcatemma.ballerinagames,1.0,ru,Android OS 9 / API-28 (PKQ1.190616.001/V11.0.12.0.PCOMIXM),0685dd00-aa42-4be5-928b-7a0bb9e31388,False,False,TM,1631615359.774972
0,An error occurred while sending the request,Error,/BuildNotice/0,MobileSDK,Xiaomi Redmi Note 8,OpenGLES2,1.0,1.11.0,False,Programmatic1,Programmatic,14.09.2021 10:29:19,6028e36ad1e80652e41054ca,6028e407a1ba2a0d3d760566,com.mytalkingcatemma.ballerinagames,1.0,ru,Android OS 9 / API-28 (PKQ1.190616.001/V11.0.2.0.PCOINXM),8df198ef-7fc7-4edd-aad3-9725d4d047d9,False,False,IN,1631615359.790556
0,An error occurred while sending the request,Error,/BuildNotice/0,MobileSDK,Xiaomi Redmi Note 8,OpenGLES2,1.0,1.11.0,False,Programmatic1,Programmatic,14.09.2021 10:27:51,6028e36ad1e80652e41054ca,6028e407a1ba2a0d3d760566,com.mytalkingcatemma.ballerinagames,1.0,ru,Android OS 9 / API-28 (PKQ1.190616.001/V11.0.12.0.PCOMIXM),0685dd00-aa42-4be5-928b-7a0bb9e31388,False,False,TM,1631615359.805976
0,could not receive ip address from ipfy,Error,/BuildNotice/0,MobileSDK,Xiaomi Redmi Note 8,OpenGLES2,1.0,1.11.0,False,Programmatic1,Programmatic,14.09.2021 10:27:51,6028e36ad1e80652e41054ca,6028e407a1ba2a0d3d760566,com.mytalkingcatemma.ballerinagames,1.0,ru,Android OS 9 / API-28 (PKQ1.190616.001/V11.0.12.0.PCOMIXM),0685dd00-aa42-4be5-928b-7a0bb9e31388,False,False,TM,1631615360.045601
0,An error occurred while sending the request,Error,/BuildNotice/0,MobileSDK,Xiaomi Redmi Note 8,OpenGLES2,1.0,1.11.0,False,Programmatic1,Programmatic,09/14/2021 10:31:11,6028e36ad1e80652e41054ca,609d69021c511f4b1d4df1c4,com.pregnantcatemma.virtualpet,1.0,iv,Android OS 9 / API-28 (PKQ1.190616.001/V11.0.12.0.PCOMIXM),555460bd-128c-48e0-8085-9eeffda85bf6,False,False,SN,1631615360.061394
0,An error occurred while sending the request,Error,/BuildNotice/0,MobileSDK,Xiaomi Redmi Note 8,OpenGLES2,1.0,1.11.0,False,Programmatic1,Programmatic,14.09.2021 10:27:51,6028e36ad1e80652e41054ca,6028e407a1ba2a0d3d760566,com.mytalkingcatemma.ballerinagames,1.0,ru,Android OS 9 / API-28 (PKQ1.190616.001/V11.0.12.0.PCOMIXM),0685dd00-aa42-4be5-928b-7a0bb9e31388,False,False,TM,1631615360.107659
0,could not receive ip address from ipfy,Error,/BuildNotice/0,MobileSDK,Xiaomi Redmi Note 8,OpenGLES2,1.0,1.11.0,False,Programmatic1,Programmatic,14.09.2021 10:27:51,6028e36ad1e80652e41054ca,6028e407a1ba2a0d3d760566,com.mytalkingcatemma.ballerinagames,1.0,ru,Android OS 9 / API-28 (PKQ1.190616.001/V11.0.12.0.PCOMIXM),0685dd00-aa42-4be5-928b-7a0bb9e31388,False,False,TM,1631615360.315975
0,An error occurred while sending the request,Error,/BuildNotice/0,MobileSDK,Xiaomi Redmi Note 8,OpenGLES2,1.0,1.11.0,False,Programmatic1,Programmatic,14.09.2021 10:27:51,6028e36ad1e80652e41054ca,6028e407a1ba2a0d3d760566,com.mytalkingcatemma.ballerinagames,1.0,ru,Android OS 9 / API-28 (PKQ1.190616.001/V11.0.12.0.PCOMIXM),0685dd00-aa42-4be5-928b-7a0bb9e31388,False,False,TM,1631615360.385216
0,could not receive ip address from ipfy,Error,/BuildNotice/0,MobileSDK,Xiaomi Redmi Note 8,OpenGLES2,1.0,1.11.0,False,Programmatic1,Programmatic,09/14/2021 10:31:11,6028e36ad1e80652e41054ca,609d69021c511f4b1d4df1c4,com.pregnantcatemma.virtualpet,1.0,iv,Android OS 9 / API-28 (PKQ1.190616.001/V11.0.12.0.PCOMIXM),555460bd-128c-48e0-8085-9eeffda85bf6,False,False,SN,1631615360.497465
0,could not receive ip address from ipfy,Error,/BuildNotice/0,MobileSDK,Xiaomi Redmi Note 8,OpenGLES2,1.0,1.11.0,False,Programmatic1,Programmatic,14.09.2021 10:27:52,6028e36ad1e80652e41054ca,6028e407a1ba2a0d3d760566,com.mytalkingcatemma.ballerinagames,1.0,ru,Android OS 9 / API-28 (PKQ1.190616.001/V11.0.12.0.PCOMIXM),0685dd00-aa42-4be5-928b-7a0bb9e31388,False,False,TM,1631615360.584529
0,An error occurred while sending the request,Error,/BuildNotice/0,MobileSDK,Xiaomi Redmi Note 8,OpenGLES2,1.0,1.11.0,False,Programmatic1,Programmatic,14.09.2021 10:27:52,6028e36ad1e80652e41054ca,6028e407a1ba2a0d3d760566,com.mytalkingcatemma.ballerinagames,1.0,ru,Android OS 9 / API-28 (PKQ1.190616.001/V11.0.12.0.PCOMIXM),0685dd00-aa42-4be5-928b-7a0bb9e31388,False,False,TM,1631615360.658775
0,could not receive ip address from ipfy,Error,/BuildNotice/0,MobileSDK,Xiaomi Redmi Note 8,OpenGLES2,1.0,1.11.0,False,Programmatic1,Programmatic,14.09.2021 10:27:52,6028e36ad1e80652e41054ca,6028e407a1ba2a0d3d760566,com.mytalkingcatemma.ballerinagames,1.0,ru,Android OS 9 / API-28 (PKQ1.190616.001/V11.0.12.0.PCOMIXM),0685dd00-aa42-4be5-928b-7a0bb9e31388,False,False,TM,1631615360.853313
0,An error occurred while sending the request,Error,/BuildNotice/0,MobileSDK,Xiaomi Redmi Note 8,OpenGLES2,1.0,1.11.0,False,Programmatic1,Programmatic,09/14/2021 10:31:11,6028e36ad1e80652e41054ca,609d69021c511f4b1d4df1c4,com.pregnantcatemma.virtualpet,1.0,iv,Android OS 9 / API-28 (PKQ1.190616.001/V11.0.12.0.PCOMIXM),555460bd-128c-48e0-8085-9eeffda85bf6,False,False,SN,1631615360.913669
0,An error occurred while sending the request,Error,/BuildNotice/0,MobileSDK,Xiaomi Redmi Note 8,OpenGLES2,1.0,1.11.0,False,Programmatic1,Programmatic,14.09.2021 10:27:52,6028e36ad1e80652e41054ca,6028e407a1ba2a0d3d760566,com.mytalkingcatemma.ballerinagames,1.0,ru,Android OS 9 / API-28 (PKQ1.190616.001/V11.0.12.0.PCOMIXM),0685dd00-aa42-4be5-928b-7a0bb9e31388,False,False,TM,1631615360.937154
0,could not receive ip address from ipfy,Error,/BuildNotice/0,MobileSDK,Xiaomi Redmi Note 8,OpenGLES2,1.0,1.11.0,False,Programmatic1,Programmatic,09/14/2021 10:31:12,6028e36ad1e80652e41054ca,609d69021c511f4b1d4df1c4,com.pregnantcatemma.virtualpet,1.0,iv,Android OS 9 / API-28 (PKQ1.190616.001/V11.0.12.0.PCOMIXM),555460bd-128c-48e0-8085-9eeffda85bf6,False,False,SN,1631615360.98553
0,could not receive ip address from ipfy,Error,/BuildNotice/0,MobileSDK,Xiaomi Redmi Note 8,OpenGLES2,1.0,1.11.0,False,Programmatic1,Programmatic,14.09.2021 10:27:52,6028e36ad1e80652e41054ca,6028e407a1ba2a0d3d760566,com.mytalkingcatemma.ballerinagames,1.0,ru,Android OS 9 / API-28 (PKQ1.190616.001/V11.0.12.0.PCOMIXM),0685dd00-aa42-4be5-928b-7a0bb9e31388,False,False,TM,1631615361.125868
0,An error occurred while sending the request,Error,/BuildNotice/0,MobileSDK,Xiaomi Redmi Note 8,OpenGLES2,1.0,1.11.0,False,Programmatic1,Programmatic,14.09.2021 10:27:52,6028e36ad1e80652e41054ca,6028e407a1ba2a0d3d760566,com.mytalkingcatemma.ballerinagames,1.0,ru,Android OS 9 / API-28 (PKQ1.190616.001/V11.0.12.0.PCOMIXM),0685dd00-aa42-4be5-928b-7a0bb9e31388,False,False,TM,1631615361.207791
0,could not receive ip address from ipfy,Error,/BuildNotice/0,MobileSDK,Xiaomi Redmi Note 8,OpenGLES2,1.0,1.11.0,False,Programmatic1,Programmatic,14.09.2021 10:29:21,6028e36ad1e80652e41054ca,6028e407a1ba2a0d3d760566,com.mytalkingcatemma.ballerinagames,1.0,ru,Android OS 9 / API-28 (PKQ1.190616.001/V11.0.2.0.PCOINXM),8df198ef-7fc7-4edd-aad3-9725d4d047d9,False,False,IN,1631615361.341153
0,An error occurred while sending the request,Error,/BuildNotice/0,MobileSDK,Xiaomi Redmi Note 8,OpenGLES2,1.0,1.11.0,False,Programmatic1,Programmatic,09/14/2021 10:31:12,6028e36ad1e80652e41054ca,609d69021c511f4b1d4df1c4,com.pregnantcatemma.virtualpet,1.0,iv,Android OS 9 / API-28 (PKQ1.190616.001/V11.0.12.0.PCOMIXM),555460bd-128c-48e0-8085-9eeffda85bf6,False,False,SN,1631615361.359084
0,An error occurred while sending the request,Error,/BuildNotice/0,MobileSDK,Xiaomi Redmi Note 8,OpenGLES2,1.0,1.11.0,False,Programmatic1,Programmatic,14.09.2021 10:29:21,6028e36ad1e80652e41054ca,6028e407a1ba2a0d3d760566,com.mytalkingcatemma.ballerinagames,1.0,ru,Android OS 9 / API-28 (PKQ1.190616.001/V11.0.2.0.PCOINXM),8df198ef-7fc7-4edd-aad3-9725d4d047d9,False,False,IN,1631615361.403936
0,could not receive ip address from ipfy,Error,/BuildNotice/0,MobileSDK,Xiaomi Redmi Note 8,OpenGLES2,1.0,1.11.0,False,Programmatic1,Programmatic,09/14/2021 10:31:12,6028e36ad1e80652e41054ca,609d69021c511f4b1d4df1c4,com.pregnantcatemma.virtualpet,1.0,iv,Android OS 9 / API-28 (PKQ1.190616.001/V11.0.12.0.PCOMIXM),555460bd-128c-48e0-8085-9eeffda85bf6,False,False,SN,1631615361.424685
0,could not receive ip address from ipfy,Error,/BuildNotice/0,MobileSDK,Xiaomi Redmi Note 8,OpenGLES2,1.0,1.11.0,False,Programmatic1,Programmatic,14.09.2021 10:27:52,6028e36ad1e80652e41054ca,6028e407a1ba2a0d3d760566,com.mytalkingcatemma.ballerinagames,1.0,ru,Android OS 9 / API-28 (PKQ1.190616.001/V11.0.12.0.PCOMIXM),0685dd00-aa42-4be5-928b-7a0bb9e31388,False,False,TM,1631615361.439733
0,An error occurred while sending the request,Error,/BuildNotice/0,MobileSDK,Xiaomi Redmi Note 8,OpenGLES2,1.0,1.11.0,False,Programmatic1,Programmatic,14.09.2021 10:27:52,6028e36ad1e80652e41054ca,6028e407a1ba2a0d3d760566,com.mytalkingcatemma.ballerinagames,1.0,ru,Android OS 9 / API-28 (PKQ1.190616.001/V11.0.12.0.PCOMIXM),0685dd00-aa42-4be5-928b-7a0bb9e31388,False,False,TM,1631615361.482529
0,could not receive ip address from ipfy,Error,/BuildNotice/0,MobileSDK,Xiaomi Redmi Note 8,OpenGLES2,1.0,1.11.0,False,Programmatic1,Programmatic,14.09.2021 10:27:53,6028e36ad1e80652e41054ca,6028e407a1ba2a0d3d760566,com.mytalkingcatemma.ballerinagames,1.0,ru,Android OS 9 / API-28 (PKQ1.190616.001/V11.0.12.0.PCOMIXM),0685dd00-aa42-4be5-928b-7a0bb9e31388,False,False,TM,1631615361.735822
0,An error occurred while sending the request,Error,/BuildNotice/0,MobileSDK,Xiaomi Redmi Note 8,OpenGLES2,1.0,1.11.0,False,Programmatic1,Programmatic,14.09.2021 10:27:53,6028e36ad1e80652e41054ca,6028e407a1ba2a0d3d760566,com.mytalkingcatemma.ballerinagames,1.0,ru,Android OS 9 / API-28 (PKQ1.190616.001/V11.0.12.0.PCOMIXM),0685dd00-aa42-4be5-928b-7a0bb9e31388,False,False,TM,1631615361.7579
0,An error occurred while sending the request,Error,/BuildNotice/0,MobileSDK,Xiaomi Redmi Note 8,OpenGLES2,1.0,1.11.0,False,Programmatic1,Programmatic,09/14/2021 10:31:12,6028e36ad1e80652e41054ca,609d69021c511f4b1d4df1c4,com.pregnantcatemma.virtualpet,1.0,iv,Android OS 9 / API-28 (PKQ1.190616.001/V11.0.12.0.PCOMIXM),555460bd-128c-48e0-8085-9eeffda85bf6,False,False,SN,1631615361.779535
0,could not receive ip address from ipfy,Error,/BuildNotice/0,MobileSDK,samsung SM-A115F,OpenGLES2,1.0,1.11.0,False,Programmatic1,Programmatic,09/14/2021 10:29:20,6028e36ad1e80652e41054ca,609d69021c511f4b1d4df1c4,com.pregnantcatemma.virtualpet,1.0,iv,Android OS 11 / API-30 (RP1A.200720.012/A115FXXU2BUE1),8e5d7a06-5761-46be-8e10-f0bf3ebb0dd5,False,False,IN,1631615361.79569
0,An error occurred while sending the request,Error,/BuildNotice/0,MobileSDK,samsung SM-A115F,OpenGLES2,1.0,1.11.0,False,Programmatic1,Programmatic,09/14/2021 10:29:20,6028e36ad1e80652e41054ca,609d69021c511f4b1d4df1c4,com.pregnantcatemma.virtualpet,1.0,iv,Android OS 11 / API-30 (RP1A.200720.012/A115FXXU2BUE1),8e5d7a06-5761-46be-8e10-f0bf3ebb0dd5,False,False,IN,1631615361.809285
0,could not receive ip address from ipfy,Error,/BuildNotice/0,MobileSDK,Xiaomi Redmi Note 8,OpenGLES2,1.0,1.11.0,False,Programmatic1,Programmatic,09/14/2021 10:31:14,6028e36ad1e80652e41054ca,609d69021c511f4b1d4df1c4,com.pregnantcatemma.virtualpet,1.0,iv,Android OS 9 / API-28 (PKQ1.190616.001/V11.0.12.0.PCOMIXM),555460bd-128c-48e0-8085-9eeffda85bf6,False,False,SN,1631615361.881596
0,could not receive ip address from ipfy,Error,/BuildNotice/0,MobileSDK,Xiaomi Redmi Note 8,OpenGLES2,1.0,1.11.0,False,Programmatic1,Programmatic,14.09.2021 10:27:53,6028e36ad1e80652e41054ca,6028e407a1ba2a0d3d760566,com.mytalkingcatemma.ballerinagames,1.0,ru,Android OS 9 / API-28 (PKQ1.190616.001/V11.0.12.0.PCOMIXM),0685dd00-aa42-4be5-928b-7a0bb9e31388,False,False,TM,1631615362.002351
0,An error occurred while sending the request,Error,/BuildNotice/0,MobileSDK,Xiaomi Redmi Note 8,OpenGLES2,1.0,1.11.0,False,Programmatic1,Programmatic,14.09.2021 10:27:53,6028e36ad1e80652e41054ca,6028e407a1ba2a0d3d760566,com.mytalkingcatemma.ballerinagames,1.0,ru,Android OS 9 / API-28 (PKQ1.190616.001/V11.0.12.0.PCOMIXM),0685dd00-aa42-4be5-928b-7a0bb9e31388,False,False,TM,1631615362.038432
0,could not receive ip address from ipfy,Error,/BuildNotice/0,MobileSDK,Xiaomi Redmi Note 8,OpenGLES2,1.0,1.11.0,False,Programmatic1,Programmatic,14.09.2021 10:29:22,6028e36ad1e80652e41054ca,6028e407a1ba2a0d3d760566,com.mytalkingcatemma.ballerinagames,1.0,ru,Android OS 9 / API-28 (PKQ1.190616.001/V11.0.2.0.PCOINXM),8df198ef-7fc7-4edd-aad3-9725d4d047d9,False,False,IN,1631615362.216603
0,An error occurred while sending the request,Error,/BuildNotice/0,MobileSDK,Xiaomi Redmi Note 8,OpenGLES2,1.0,1.11.0,False,Programmatic1,Programmatic,14.09.2021 10:29:22,6028e36ad1e80652e41054ca,6028e407a1ba2a0d3d760566,com.mytalkingcatemma.ballerinagames,1.0,ru,Android OS 9 / API-28 (PKQ1.190616.001/V11.0.2.0.PCOINXM),8df198ef-7fc7-4edd-aad3-9725d4d047d9,False,False,IN,1631615362.240494
0,An error occurred while sending the request,Error,/BuildNotice/0,MobileSDK,Xiaomi Redmi Note 8,OpenGLES2,1.0,1.11.0,False,Programmatic1,Programmatic,09/14/2021 10:31:14,6028e36ad1e80652e41054ca,609d69021c511f4b1d4df1c4,com.pregnantcatemma.virtualpet,1.0,iv,Android OS 9 / API-28 (PKQ1.190616.001/V11.0.12.0.PCOMIXM),555460bd-128c-48e0-8085-9eeffda85bf6,False,False,SN,1631615362.253122
0,could not receive ip address from ipfy,Error,/BuildNotice/0,MobileSDK,Xiaomi Redmi Note 8,OpenGLES2,1.0,1.11.0,False,Programmatic1,Programmatic,14.09.2021 10:27:53,6028e36ad1e80652e41054ca,6028e407a1ba2a0d3d760566,com.mytalkingcatemma.ballerinagames,1.0,ru,Android OS 9 / API-28 (PKQ1.190616.001/V11.0.12.0.PCOMIXM),0685dd00-aa42-4be5-928b-7a0bb9e31388,False,False,TM,1631615362.282638
0,could not receive ip address from ipfy,Error,/BuildNotice/0,MobileSDK,Xiaomi Redmi Note 8,OpenGLES2,1.0,1.11.0,False,Programmatic1,Programmatic,09/14/2021 10:31:17,6028e36ad1e80652e41054ca,609d69021c511f4b1d4df1c4,com.pregnantcatemma.virtualpet,1.0,iv,Android OS 9 / API-28 (PKQ1.190616.001/V11.0.12.0.PCOMIXM),555460bd-128c-48e0-8085-9eeffda85bf6,False,False,SN,1631615362.297513
0,An error occurred while sending the request,Error,/BuildNotice/0,MobileSDK,Xiaomi Redmi Note 8,OpenGLES2,1.0,1.11.0,False,Programmatic1,Programmatic,14.09.2021 10:27:53,6028e36ad1e80652e41054ca,6028e407a1ba2a0d3d760566,com.mytalkingcatemma.ballerinagames,1.0,ru,Android OS 9 / API-28 (PKQ1.190616.001/V11.0.12.0.PCOMIXM),0685dd00-aa42-4be5-928b-7a0bb9e31388,False,False,TM,1631615362.380329
0,could not receive ip address from ipfy,Error,/BuildNotice/0,MobileSDK,HUAWEI BAH2-L09,OpenGLES2,1.0,1.11.0,False,Programmatic1,Programmatic,09/11/2021 10:21:10,6028e36ad1e80652e41054ca,609d69021c511f4b1d4df1c4,com.pregnantcatemma.virtualpet,1.0,iv,Android OS 8.0.0 / API-26 (HUAWEIBAH2-L09/295(OCEC636)),56cf73f6-294b-4dd4-a08c-4545c1eec996,False,False,SN,1631355680.925947
0,An error occurred while sending the request,Error,/BuildNotice/0,MobileSDK,HUAWEI BAH2-L09,OpenGLES2,1.0,1.11.0,False,Programmatic1,Programmatic,09/11/2021 10:21:10,6028e36ad1e80652e41054ca,609d69021c511f4b1d4df1c4,com.pregnantcatemma.virtualpet,1.0,iv,Android OS 8.0.0 / API-26 (HUAWEIBAH2-L09/295(OCEC636)),56cf73f6-294b-4dd4-a08c-4545c1eec996,False,False,SN,1631355681.005343
0,could not receive ip address from ipfy,Error,/BuildNotice/0,MobileSDK,HUAWEI BAH2-L09,OpenGLES2,1.0,1.11.0,False,Programmatic1,Programmatic,09/11/2021 10:21:11,6028e36ad1e80652e41054ca,609d69021c511f4b1d4df1c4,com.pregnantcatemma.virtualpet,1.0,iv,Android OS 8.0.0 / API-26 (HUAWEIBAH2-L09/295(OCEC636)),56cf73f6-294b-4dd4-a08c-4545c1eec996,False,False,SN,1631355681.193117
0,An error occurred while sending the request,Error,/BuildNotice/0,MobileSDK,HUAWEI BAH2-L09,OpenGLES2,1.0,1.11.0,False,Programmatic1,Programmatic,09/11/2021 10:21:11,6028e36ad1e80652e41054ca,609d69021c511f4b1d4df1c4,com.pregnantcatemma.virtualpet,1.0,iv,Android OS 8.0.0 / API-26 (HUAWEIBAH2-L09/295(OCEC636)),56cf73f6-294b-4dd4-a08c-4545c1eec996,False,False,SN,1631355681.279093
0,could not receive ip address from ipfy,Error,/BuildNotice/0,MobileSDK,HUAWEI BAH2-L09,OpenGLES2,1.0,1.11.0,False,Programmatic1,Programmatic,09/11/2021 10:21:11,6028e36ad1e80652e41054ca,609d69021c511f4b1d4df1c4,com.pregnantcatemma.virtualpet,1.0,iv,Android OS 8.0.0 / API-26 (HUAWEIBAH2-L09/295(OCEC636)),56cf73f6-294b-4dd4-a08c-4545c1eec996,False,False,SN,1631355681.460383
0,An error occurred while sending the request,Error,/BuildNotice/0,MobileSDK,HUAWEI BAH2-L09,OpenGLES2,1.0,1.11.0,False,Programmatic1,Programmatic,09/11/2021 10:21:11,6028e36ad1e80652e41054ca,609d69021c511f4b1d4df1c4,com.pregnantcatemma.virtualpet,1.0,iv,Android OS 8.0.0 / API-26 (HUAWEIBAH2-L09/295(OCEC636)),56cf73f6-294b-4dd4-a08c-4545c1eec996,False,False,SN,1631355681.551889
0,could not receive ip address from ipfy,Error,/BuildNotice/0,MobileSDK,HUAWEI BAH2-L09,OpenGLES2,1.0,1.11.0,False,Programmatic1,Programmatic,09/11/2021 10:21:11,6028e36ad1e80652e41054ca,609d69021c511f4b1d4df1c4,com.pregnantcatemma.virtualpet,1.0,iv,Android OS 8.0.0 / API-26 (HUAWEIBAH2-L09/295(OCEC636)),56cf73f6-294b-4dd4-a08c-4545c1eec996,False,False,SN,1631355681.731635
0,An error occurred while sending the request,Error,/BuildNotice/0,MobileSDK,HUAWEI BAH2-L09,OpenGLES2,1.0,1.11.0,False,Programmatic1,Programmatic,09/11/2021 10:21:11,6028e36ad1e80652e41054ca,609d69021c511f4b1d4df1c4,com.pregnantcatemma.virtualpet,1.0,iv,Android OS 8.0.0 / API-26 (HUAWEIBAH2-L09/295(OCEC636)),56cf73f6-294b-4dd4-a08c-4545c1eec996,False,False,SN,1631355681.828375
0,could not receive ip address from ipfy,Error,/BuildNotice/0,MobileSDK,HUAWEI BAH2-L09,OpenGLES2,1.0,1.11.0,False,Programmatic1,Programmatic,09/11/2021 10:21:11,6028e36ad1e80652e41054ca,609d69021c511f4b1d4df1c4,com.pregnantcatemma.virtualpet,1.0,iv,Android OS 8.0.0 / API-26 (HUAWEIBAH2-L09/295(OCEC636)),56cf73f6-294b-4dd4-a08c-4545c1eec996,False,False,SN,1631355681.999985
0,An error occurred while sending the request,Error,/BuildNotice/0,MobileSDK,HUAWEI BAH2-L09,OpenGLES2,1.0,1.11.0,False,Programmatic1,Programmatic,09/11/2021 10:21:11,6028e36ad1e80652e41054ca,609d69021c511f4b1d4df1c4,com.pregnantcatemma.virtualpet,1.0,iv,Android OS 8.0.0 / API-26 (HUAWEIBAH2-L09/295(OCEC636)),56cf73f6-294b-4dd4-a08c-4545c1eec996,False,False,SN,1631355682.098936
0,could not receive ip address from ipfy,Error,/BuildNotice/0,MobileSDK,samsung SM-A107F,OpenGLES2,1.0,1.10.2,False,Programmatic1,Programmatic,09/11/2021 10:20:09,611bdadcd4e35d332f3d5e66,611be843d5491c7d0a6ab0ce,com.thg.battleops.shooting.game,1.0,iv,Android OS 10 / API-29 (QP1A.190711.020/A107FXXU8BUF1),66d0be28-32fd-4e83-a682-d524e39f8881,True,False,IN,1631355682.105372
0,could not receive ip address from ipfy,Error,/BuildNotice/0,MobileSDK,LGE LG-M700,OpenGLES2,1.0,1.10.2,False,Programmatic1,Programmatic,09/11/2021 10:21:21,611bdadcd4e35d332f3d5e66,611be843d5491c7d0a6ab0ce,com.thg.battleops.shooting.game,1.0,iv,Android OS 8.1.0 / API-27 (OPM1.171019.026/18236164615b9),dba9a37d-c427-4546-a7b1-1015d4fd7de5,True,False,IN,1631355682.259809
0,could not receive ip address from ipfy,Error,/BuildNotice/0,MobileSDK,HUAWEI BAH2-L09,OpenGLES2,1.0,1.11.0,False,Programmatic1,Programmatic,09/11/2021 10:21:12,6028e36ad1e80652e41054ca,609d69021c511f4b1d4df1c4,com.pregnantcatemma.virtualpet,1.0,iv,Android OS 8.0.0 / API-26 (HUAWEIBAH2-L09/295(OCEC636)),56cf73f6-294b-4dd4-a08c-4545c1eec996,False,False,SN,1631355682.268829
0,could not receive ip address from ipfy,Error,/BuildNotice/0,MobileSDK,vivo vivo 1811,OpenGLES2,1.0,1.10.2,False,Programmatic1,Programmatic,09/11/2021 10:21:21,611bdadcd4e35d332f3d5e66,611be843d5491c7d0a6ab0ce,com.thg.battleops.shooting.game,1.0,iv,Android OS 8.1.0 / API-27 (OPM1.171019.026/eng.compil.20200520.160752),07e14eca-f6d1-4636-bf0f-483bad60cf4e,True,False,IR,1631355682.272874
0,An error occurred while sending the request,Error,/BuildNotice/0,MobileSDK,LGE LG-M700,OpenGLES2,1.0,1.10.2,False,Programmatic1,Programmatic,09/11/2021 10:21:21,611bdadcd4e35d332f3d5e66,611be843d5491c7d0a6ab0ce,com.thg.battleops.shooting.game,1.0,iv,Android OS 8.1.0 / API-27 (OPM1.171019.026/18236164615b9),dba9a37d-c427-4546-a7b1-1015d4fd7de5,True,False,IN,1631355682.324828
0,An error occurred while sending the request,Error,/BuildNotice/0,MobileSDK,HUAWEI BAH2-L09,OpenGLES2,1.0,1.11.0,False,Programmatic1,Programmatic,09/11/2021 10:21:12,6028e36ad1e80652e41054ca,609d69021c511f4b1d4df1c4,com.pregnantcatemma.virtualpet,1.0,iv,Android OS 8.0.0 / API-26 (HUAWEIBAH2-L09/295(OCEC636)),56cf73f6-294b-4dd4-a08c-4545c1eec996,False,False,SN,1631355682.368208
0,could not receive ip address from ipfy,Error,/BuildNotice/0,MobileSDK,HUAWEI BAH2-L09,OpenGLES2,1.0,1.11.0,False,Programmatic1,Programmatic,09/11/2021 10:21:12,6028e36ad1e80652e41054ca,609d69021c511f4b1d4df1c4,com.pregnantcatemma.virtualpet,1.0,iv,Android OS 8.0.0 / API-26 (HUAWEIBAH2-L09/295(OCEC636)),56cf73f6-294b-4dd4-a08c-4545c1eec996,False,False,SN,1631355682.537036
0,An error occurred while sending the request,Error,/BuildNotice/0,MobileSDK,HUAWEI BAH2-L09,OpenGLES2,1.0,1.11.0,False,Programmatic1,Programmatic,09/11/2021 10:21:12,6028e36ad1e80652e41054ca,609d69021c511f4b1d4df1c4,com.pregnantcatemma.virtualpet,1.0,iv,Android OS 8.0.0 / API-26 (HUAWEIBAH2-L09/295(OCEC636)),56cf73f6-294b-4dd4-a08c-4545c1eec996,False,False,SN,1631355682.641454
0,An error occurred while sending the request,Error,/BuildNotice/0,MobileSDK,samsung SM-A107F,OpenGLES2,1.0,1.10.2,False,Programmatic1,Programmatic,09/11/2021 10:20:09,611bdadcd4e35d332f3d5e66,611be843d5491c7d0a6ab0ce,com.thg.battleops.shooting.game,1.0,iv,Android OS 10 / API-29 (QP1A.190711.020/A107FXXU8BUF1),66d0be28-32fd-4e83-a682-d524e39f8881,True,False,IN,1631355682.675837
0,could not receive ip address from ipfy,Error,/BuildNotice/0,MobileSDK,HUAWEI BAH2-L09,OpenGLES2,1.0,1.11.0,False,Programmatic1,Programmatic,09/11/2021 10:21:12,6028e36ad1e80652e41054ca,609d69021c511f4b1d4df1c4,com.pregnantcatemma.virtualpet,1.0,iv,Android OS 8.0.0 / API-26 (HUAWEIBAH2-L09/295(OCEC636)),56cf73f6-294b-4dd4-a08c-4545c1eec996,False,False,SN,1631355682.802124
0,could not receive ip address from ipfy,Error,/BuildNotice/0,MobileSDK,Xiaomi M2006C3MI,OpenGLES2,1.0,1.10.2,False,Programmatic1,Programmatic,09/11/2021 10:21:23,611bdadcd4e35d332f3d5e66,611be843d5491c7d0a6ab0ce,com.thg.battleops.shooting.game,1.0,iv,Android OS 10 / API-29 (QP1A.190711.020/V12.0.12.0.QCRINXM),14ae072e-a3fc-4aea-9bff-2d9c7a62e5cd,True,False,TH,1631355682.883644
0,An error occurred while sending the request,Error,/BuildNotice/0,MobileSDK,HUAWEI BAH2-L09,OpenGLES2,1.0,1.11.0,False,Programmatic1,Programmatic,09/11/2021 10:21:12,6028e36ad1e80652e41054ca,609d69021c511f4b1d4df1c4,com.pregnantcatemma.virtualpet,1.0,iv,Android OS 8.0.0 / API-26 (HUAWEIBAH2-L09/295(OCEC636)),56cf73f6-294b-4dd4-a08c-4545c1eec996,False,False,SN,1631355682.908095
0,could not receive ip address from ipfy,Error,/BuildNotice/0,MobileSDK,HUAWEI BAH2-L09,OpenGLES2,1.0,1.11.0,False,Programmatic1,Programmatic,09/11/2021 10:21:12,6028e36ad1e80652e41054ca,609d69021c511f4b1d4df1c4,com.pregnantcatemma.virtualpet,1.0,iv,Android OS 8.0.0 / API-26 (HUAWEIBAH2-L09/295(OCEC636)),56cf73f6-294b-4dd4-a08c-4545c1eec996,False,False,SN,1631355683.070098
0,An error occurred while sending the request,Error,/BuildNotice/0,MobileSDK,HUAWEI BAH2-L09,OpenGLES2,1.0,1.11.0,False,Programmatic1,Programmatic,09/11/2021 10:21:12,6028e36ad1e80652e41054ca,609d69021c511f4b1d4df1c4,com.pregnantcatemma.virtualpet,1.0,iv,Android OS 8.0.0 / API-26 (HUAWEIBAH2-L09/295(OCEC636)),56cf73f6-294b-4dd4-a08c-4545c1eec996,False,False,SN,1631355683.184127
0,An error occurred while sending the request,Error,/BuildNotice/0,MobileSDK,samsung SM-A015F,OpenGLES2,1.0,1.10.2,False,Programmatic1,Programmatic,09/11/2021 10:21:21,611bdadcd4e35d332f3d5e66,611be843d5491c7d0a6ab0ce,com.thg.battleops.shooting.game,1.0,iv,Android OS 11 / API-30 (RP1A.200720.012/A015FXXU4BUG4),5e8e2f35-013e-488e-9d57-0a6e114633ee,True,False,BR,1631355683.194077
0,could not receive ip address from ipfy,Error,/BuildNotice/0,MobileSDK,samsung SM-A015F,OpenGLES2,1.0,1.10.2,False,Programmatic1,Programmatic,09/11/2021 10:21:21,611bdadcd4e35d332f3d5e66,611be843d5491c7d0a6ab0ce,com.thg.battleops.shooting.game,1.0,iv,Android OS 11 / API-30 (RP1A.200720.012/A015FXXU4BUG4),5e8e2f35-013e-488e-9d57-0a6e114633ee,True,False,BR,1631355683.2395
0,An error occurred while sending the request,Error,/BuildNotice/0,MobileSDK,Xiaomi M2006C3MI,OpenGLES2,1.0,1.10.2,False,Programmatic1,Programmatic,09/11/2021 10:21:23,611bdadcd4e35d332f3d5e66,611be843d5491c7d0a6ab0ce,com.thg.battleops.shooting.game,1.0,iv,Android OS 10 / API-29 (QP1A.190711.020/V12.0.12.0.QCRINXM),14ae072e-a3fc-4aea-9bff-2d9c7a62e5cd,True,False,TH,1631355683.274339
0,could not receive ip address from ipfy,Error,/BuildNotice/0,MobileSDK,HUAWEI BAH2-L09,OpenGLES2,1.0,1.11.0,False,Programmatic1,Programmatic,09/11/2021 10:21:13,6028e36ad1e80652e41054ca,609d69021c511f4b1d4df1c4,com.pregnantcatemma.virtualpet,1.0,iv,Android OS 8.0.0 / API-26 (HUAWEIBAH2-L09/295(OCEC636)),56cf73f6-294b-4dd4-a08c-4545c1eec996,False,False,SN,1631355683.340431
0,An error occurred while sending the request,Error,/BuildNotice/0,MobileSDK,HUAWEI BAH2-L09,OpenGLES2,1.0,1.11.0,False,Programmatic1,Programmatic,09/11/2021 10:21:13,6028e36ad1e80652e41054ca,609d69021c511f4b1d4df1c4,com.pregnantcatemma.virtualpet,1.0,iv,Android OS 8.0.0 / API-26 (HUAWEIBAH2-L09/295(OCEC636)),56cf73f6-294b-4dd4-a08c-4545c1eec996,False,False,SN,1631355683.455732
0,could not receive ip address from ipfy,Error,/BuildNotice/0,MobileSDK,HUAWEI BAH2-L09,OpenGLES2,1.0,1.11.0,False,Programmatic1,Programmatic,09/11/2021 10:21:13,6028e36ad1e80652e41054ca,609d69021c511f4b1d4df1c4,com.pregnantcatemma.virtualpet,1.0,iv,Android OS 8.0.0 / API-26 (HUAWEIBAH2-L09/295(OCEC636)),56cf73f6-294b-4dd4-a08c-4545c1eec996,False,False,SN,1631355683.609338
0,An error occurred while sending the request,Error,/BuildNotice/0,MobileSDK,vivo vivo 1811,OpenGLES2,1.0,1.10.2,False,Programmatic1,Programmatic,09/11/2021 10:21:22,611bdadcd4e35d332f3d5e66,611be843d5491c7d0a6ab0ce,com.thg.battleops.shooting.game,1.0,iv,Android OS 8.1.0 / API-27 (OPM1.171019.026/eng.compil.20200520.160752),07e14eca-f6d1-4636-bf0f-483bad60cf4e,True,False,IR,1631355683.716308
0,An error occurred while sending the request,Error,/BuildNotice/0,MobileSDK,HUAWEI BAH2-L09,OpenGLES2,1.0,1.11.0,False,Programmatic1,Programmatic,09/11/2021 10:21:13,6028e36ad1e80652e41054ca,609d69021c511f4b1d4df1c4,com.pregnantcatemma.virtualpet,1.0,iv,Android OS 8.0.0 / API-26 (HUAWEIBAH2-L09/295(OCEC636)),56cf73f6-294b-4dd4-a08c-4545c1eec996,False,False,SN,1631355683.7292
0,could not receive ip address from ipfy,Error,/BuildNotice/0,MobileSDK,HUAWEI BAH2-L09,OpenGLES2,1.0,1.11.0,False,Programmatic1,Programmatic,09/11/2021 10:21:13,6028e36ad1e80652e41054ca,609d69021c511f4b1d4df1c4,com.pregnantcatemma.virtualpet,1.0,iv,Android OS 8.0.0 / API-26 (HUAWEIBAH2-L09/295(OCEC636)),56cf73f6-294b-4dd4-a08c-4545c1eec996,False,False,SN,1631355683.873676
0,An error occurred while sending the request,Error,/BuildNotice/0,MobileSDK,HUAWEI BAH2-L09,OpenGLES2,1.0,1.11.0,False,Programmatic1,Programmatic,09/11/2021 10:21:13,6028e36ad1e80652e41054ca,609d69021c511f4b1d4df1c4,com.pregnantcatemma.virtualpet,1.0,iv,Android OS 8.0.0 / API-26 (HUAWEIBAH2-L09/295(OCEC636)),56cf73f6-294b-4dd4-a08c-4545c1eec996,False,False,SN,1631355684.009088
0,could not receive ip address from ipfy,Error,/BuildNotice/0,MobileSDK,HUAWEI BAH2-L09,OpenGLES2,1.0,1.11.0,False,Programmatic1,Programmatic,09/11/2021 10:21:13,6028e36ad1e80652e41054ca,609d69021c511f4b1d4df1c4,com.pregnantcatemma.virtualpet,1.0,iv,Android OS 8.0.0 / API-26 (HUAWEIBAH2-L09/295(OCEC636)),56cf73f6-294b-4dd4-a08c-4545c1eec996,False,False,SN,1631355684.141427
0,An error occurred while sending the request,Error,/BuildNotice/0,MobileSDK,HUAWEI BAH2-L09,OpenGLES2,1.0,1.11.0,False,Programmatic1,Programmatic,09/11/2021 10:21:13,6028e36ad1e80652e41054ca,609d69021c511f4b1d4df1c4,com.pregnantcatemma.virtualpet,1.0,iv,Android OS 8.0.0 / API-26 (HUAWEIBAH2-L09/295(OCEC636)),56cf73f6-294b-4dd4-a08c-4545c1eec996,False,False,SN,1631355684.283822
0,could not receive ip address from ipfy,Error,/BuildNotice/0,MobileSDK,HUAWEI BAH2-L09,OpenGLES2,1.0,1.11.0,False,Programmatic1,Programmatic,09/11/2021 10:21:13,6028e36ad1e80652e41054ca,609d69021c511f4b1d4df1c4,com.pregnantcatemma.virtualpet,1.0,iv,Android OS 8.0.0 / API-26 (HUAWEIBAH2-L09/295(OCEC636)),56cf73f6-294b-4dd4-a08c-4545c1eec996,False,False,SN,1631355684.40708
0,An error occurred while sending the request,Error,/BuildNotice/0,MobileSDK,HUAWEI BAH2-L09,OpenGLES2,1.0,1.11.0,False,Programmatic1,Programmatic,09/11/2021 10:21:13,6028e36ad1e80652e41054ca,609d69021c511f4b1d4df1c4,com.pregnantcatemma.virtualpet,1.0,iv,Android OS 8.0.0 / API-26 (HUAWEIBAH2-L09/295(OCEC636)),56cf73f6-294b-4dd4-a08c-4545c1eec996,False,False,SN,1631355684.555731
0,could not receive ip address from ipfy,Error,/BuildNotice/0,MobileSDK,HUAWEI BAH2-L09,OpenGLES2,1.0,1.11.0,False,Programmatic1,Programmatic,09/11/2021 10:21:14,6028e36ad1e80652e41054ca,609d69021c511f4b1d4df1c4,com.pregnantcatemma.virtualpet,1.0,iv,Android OS 8.0.0 / API-26 (HUAWEIBAH2-L09/295(OCEC636)),56cf73f6-294b-4dd4-a08c-4545c1eec996,False,False,SN,1631355684.673213
0,An error occurred while sending the request,Error,/BuildNotice/0,MobileSDK,HUAWEI BAH2-L09,OpenGLES2,1.0,1.11.0,False,Programmatic1,Programmatic,09/11/2021 10:21:14,6028e36ad1e80652e41054ca,609d69021c511f4b1d4df1c4,com.pregnantcatemma.virtualpet,1.0,iv,Android OS 8.0.0 / API-26 (HUAWEIBAH2-L09/295(OCEC636)),56cf73f6-294b-4dd4-a08c-4545c1eec996,False,False,SN,1631355684.825446
0,could not receive ip address from ipfy,Error,/BuildNotice/0,MobileSDK,HUAWEI BAH2-L09,OpenGLES2,1.0,1.11.0,False,Programmatic1,Programmatic,09/11/2021 10:21:14,6028e36ad1e80652e41054ca,609d69021c511f4b1d4df1c4,com.pregnantcatemma.virtualpet,1.0,iv,Android OS 8.0.0 / API-26 (HUAWEIBAH2-L09/295(OCEC636)),56cf73f6-294b-4dd4-a08c-4545c1eec996,False,False,SN,1631355684.940262
0,could not receive ip address from ipfy,Error,/BuildNotice/0,MobileSDK,samsung SM-A107F,OpenGLES2,1.0,1.10.2,False,Programmatic1,Programmatic,09/11/2021 10:20:10,611bdadcd4e35d332f3d5e66,611be843d5491c7d0a6ab0ce,com.thg.battleops.shooting.game,1.0,iv,Android OS 10 / API-29 (QP1A.190711.020/A107FXXU8BUF1),66d0be28-32fd-4e83-a682-d524e39f8881,True,False,IN,1631355684.993105
0,An error occurred while sending the request,Error,/BuildNotice/0,MobileSDK,HUAWEI BAH2-L09,OpenGLES2,1.0,1.11.0,False,Programmatic1,Programmatic,09/11/2021 10:21:14,6028e36ad1e80652e41054ca,609d69021c511f4b1d4df1c4,com.pregnantcatemma.virtualpet,1.0,iv,Android OS 8.0.0 / API-26 (HUAWEIBAH2-L09/295(OCEC636)),56cf73f6-294b-4dd4-a08c-4545c1eec996,False,False,SN,1631355685.096636
0,could not receive ip address from ipfy,Error,/BuildNotice/0,MobileSDK,HUAWEI BAH2-L09,OpenGLES2,1.0,1.11.0,False,Programmatic1,Programmatic,09/11/2021 10:21:14,6028e36ad1e80652e41054ca,609d69021c511f4b1d4df1c4,com.pregnantcatemma.virtualpet,1.0,iv,Android OS 8.0.0 / API-26 (HUAWEIBAH2-L09/295(OCEC636)),56cf73f6-294b-4dd4-a08c-4545c1eec996,False,False,SN,1631355685.2073
0,could not receive ip address from ipfy,Error,/BuildNotice/0,MobileSDK,LGE LG-M700,OpenGLES2,1.0,1.10.2,False,Programmatic1,Programmatic,09/11/2021 10:21:24,611bdadcd4e35d332f3d5e66,611be843d5491c7d0a6ab0ce,com.thg.battleops.shooting.game,1.0,iv,Android OS 8.1.0 / API-27 (OPM1.171019.026/18236164615b9),dba9a37d-c427-4546-a7b1-1015d4fd7de5,True,False,IN,1631355685.357732
0,An error occurred while sending the request,Error,/BuildNotice/0,MobileSDK,LGE LG-M700,OpenGLES2,1.0,1.10.2,False,Programmatic1,Programmatic,09/11/2021 10:21:25,611bdadcd4e35d332f3d5e66,611be843d5491c7d0a6ab0ce,com.thg.battleops.shooting.game,1.0,iv,Android OS 8.1.0 / API-27 (OPM1.171019.026/18236164615b9),dba9a37d-c427-4546-a7b1-1015d4fd7de5,True,False,IN,1631355685.438179
0,An error occurred while sending the request,Error,/BuildNotice/0,MobileSDK,HUAWEI BAH2-L09,OpenGLES2,1.0,1.11.0,False,Programmatic1,Programmatic,09/11/2021 10:21:14,6028e36ad1e80652e41054ca,609d69021c511f4b1d4df1c4,com.pregnantcatemma.virtualpet,1.0,iv,Android OS 8.0.0 / API-26 (HUAWEIBAH2-L09/295(OCEC636)),56cf73f6-294b-4dd4-a08c-4545c1eec996,False,False,SN,1631355685.491891
0,could not receive ip address from ipfy,Error,/BuildNotice/0,MobileSDK,HUAWEI BAH2-L09,OpenGLES2,1.0,1.11.0,False,Programmatic1,Programmatic,09/11/2021 10:21:14,6028e36ad1e80652e41054ca,609d69021c511f4b1d4df1c4,com.pregnantcatemma.virtualpet,1.0,iv,Android OS 8.0.0 / API-26 (HUAWEIBAH2-L09/295(OCEC636)),56cf73f6-294b-4dd4-a08c-4545c1eec996,False,False,SN,1631355685.592679
0,could not receive ip address from ipfy,Error,/BuildNotice/0,MobileSDK,Xiaomi M2006C3MI,OpenGLES2,1.0,1.10.2,False,Programmatic1,Programmatic,09/11/2021 10:21:26,611bdadcd4e35d332f3d5e66,611be843d5491c7d0a6ab0ce,com.thg.battleops.shooting.game,1.0,iv,Android OS 10 / API-29 (QP1A.190711.020/V12.0.12.0.QCRINXM),14ae072e-a3fc-4aea-9bff-2d9c7a62e5cd,True,False,TH,1631355685.772332
0,An error occurred while sending the request,Error,/BuildNotice/0,MobileSDK,HUAWEI BAH2-L09,OpenGLES2,1.0,1.11.0,False,Programmatic1,Programmatic,09/11/2021 10:21:14,6028e36ad1e80652e41054ca,609d69021c511f4b1d4df1c4,com.pregnantcatemma.virtualpet,1.0,iv,Android OS 8.0.0 / API-26 (HUAWEIBAH2-L09/295(OCEC636)),56cf73f6-294b-4dd4-a08c-4545c1eec996,False,False,SN,1631355685.841687
0,could not receive ip address from ipfy,Error,/BuildNotice/0,MobileSDK,HUAWEI BAH2-L09,OpenGLES2,1.0,1.11.0,False,Programmatic1,Programmatic,09/11/2021 10:21:15,6028e36ad1e80652e41054ca,609d69021c511f4b1d4df1c4,com.pregnantcatemma.virtualpet,1.0,iv,Android OS 8.0.0 / API-26 (HUAWEIBAH2-L09/295(OCEC636)),56cf73f6-294b-4dd4-a08c-4545c1eec996,False,False,SN,1631355685.86185
0,An error occurred while sending the request,Error,/BuildNotice/0,MobileSDK,HUAWEI BAH2-L09,OpenGLES2,1.0,1.11.0,False,Programmatic1,Programmatic,09/11/2021 10:21:15,6028e36ad1e80652e41054ca,609d69021c511f4b1d4df1c4,com.pregnantcatemma.virtualpet,1.0,iv,Android OS 8.0.0 / API-26 (HUAWEIBAH2-L09/295(OCEC636)),56cf73f6-294b-4dd4-a08c-4545c1eec996,False,False,SN,1631355686.113418
0,could not receive ip address from ipfy,Error,/BuildNotice/0,MobileSDK,HUAWEI BAH2-L09,OpenGLES2,1.0,1.11.0,False,Programmatic1,Programmatic,09/11/2021 10:21:15,6028e36ad1e80652e41054ca,609d69021c511f4b1d4df1c4,com.pregnantcatemma.virtualpet,1.0,iv,Android OS 8.0.0 / API-26 (HUAWEIBAH2-L09/295(OCEC636)),56cf73f6-294b-4dd4-a08c-4545c1eec996,False,False,SN,1631355686.130154
0,An error occurred while sending the request,Error,/BuildNotice/0,MobileSDK,Xiaomi M2006C3MI,OpenGLES2,1.0,1.10.2,False,Programmatic1,Programmatic,09/11/2021 10:21:26,611bdadcd4e35d332f3d5e66,611be843d5491c7d0a6ab0ce,com.thg.battleops.shooting.game,1.0,iv,Android OS 10 / API-29 (QP1A.190711.020/V12.0.12.0.QCRINXM),14ae072e-a3fc-4aea-9bff-2d9c7a62e5cd,True,False,TH,1631355686.253038
0,could not receive ip address from ipfy,Error,/BuildNotice/0,MobileSDK,vivo vivo 1811,OpenGLES2,1.0,1.10.2,False,Programmatic1,Programmatic,09/11/2021 10:21:25,611bdadcd4e35d332f3d5e66,611be843d5491c7d0a6ab0ce,com.thg.battleops.shooting.game,1.0,iv,Android OS 8.1.0 / API-27 (OPM1.171019.026/eng.compil.20200520.160752),07e14eca-f6d1-4636-bf0f-483bad60cf4e,True,False,IR,1631355686.351068
0,An error occurred while sending the request,Error,/BuildNotice/0,MobileSDK,HUAWEI BAH2-L09,OpenGLES2,1.0,1.11.0,False,Programmatic1,Programmatic,09/11/2021 10:21:15,6028e36ad1e80652e41054ca,609d69021c511f4b1d4df1c4,com.pregnantcatemma.virtualpet,1.0,iv,Android OS 8.0.0 / API-26 (HUAWEIBAH2-L09/295(OCEC636)),56cf73f6-294b-4dd4-a08c-4545c1eec996,False,False,SN,1631355686.38786
0,could not receive ip address from ipfy,Error,/BuildNotice/0,MobileSDK,HUAWEI BAH2-L09,OpenGLES2,1.0,1.11.0,False,Programmatic1,Programmatic,09/11/2021 10:21:15,6028e36ad1e80652e41054ca,609d69021c511f4b1d4df1c4,com.pregnantcatemma.virtualpet,1.0,iv,Android OS 8.0.0 / API-26 (HUAWEIBAH2-L09/295(OCEC636)),56cf73f6-294b-4dd4-a08c-4545c1eec996,False,False,SN,1631355686.407324
0,An error occurred while sending the request,Error,/BuildNotice/0,MobileSDK,samsung SM-A107F,OpenGLES2,1.0,1.10.2,False,Programmatic1,Programmatic,09/11/2021 10:20:10,611bdadcd4e35d332f3d5e66,611be843d5491c7d0a6ab0ce,com.thg.battleops.shooting.game,1.0,iv,Android OS 10 / API-29 (QP1A.190711.020/A107FXXU8BUF1),66d0be28-32fd-4e83-a682-d524e39f8881,True,False,IN,1631355686.645712
0,An error occurred while sending the request,Error,/BuildNotice/0,MobileSDK,HUAWEI BAH2-L09,OpenGLES2,1.0,1.11.0,False,Programmatic1,Programmatic,09/11/2021 10:21:15,6028e36ad1e80652e41054ca,609d69021c511f4b1d4df1c4,com.pregnantcatemma.virtualpet,1.0,iv,Android OS 8.0.0 / API-26 (HUAWEIBAH2-L09/295(OCEC636)),56cf73f6-294b-4dd4-a08c-4545c1eec996,False,False,SN,1631355686.657661
0,could not receive ip address from ipfy,Error,/BuildNotice/0,MobileSDK,HUAWEI BAH2-L09,OpenGLES2,1.0,1.11.0,False,Programmatic1,Programmatic,09/11/2021 10:21:15,6028e36ad1e80652e41054ca,609d69021c511f4b1d4df1c4,com.pregnantcatemma.virtualpet,1.0,iv,Android OS 8.0.0 / API-26 (HUAWEIBAH2-L09/295(OCEC636)),56cf73f6-294b-4dd4-a08c-4545c1eec996,False,False,SN,1631355686.676293
0,An error occurred while sending the request,Error,/BuildNotice/0,MobileSDK,HUAWEI BAH2-L09,OpenGLES2,1.0,1.11.0,False,Programmatic1,Programmatic,09/11/2021 10:21:15,6028e36ad1e80652e41054ca,609d69021c511f4b1d4df1c4,com.pregnantcatemma.virtualpet,1.0,iv,Android OS 8.0.0 / API-26 (HUAWEIBAH2-L09/295(OCEC636)),56cf73f6-294b-4dd4-a08c-4545c1eec996,False,False,SN,1631355686.928861
0,could not receive ip address from ipfy,Error,/BuildNotice/0,MobileSDK,HUAWEI BAH2-L09,OpenGLES2,1.0,1.11.0,False,Programmatic1,Programmatic,09/11/2021 10:21:16,6028e36ad1e80652e41054ca,609d69021c511f4b1d4df1c4,com.pregnantcatemma.virtualpet,1.0,iv,Android OS 8.0.0 / API-26 (HUAWEIBAH2-L09/295(OCEC636)),56cf73f6-294b-4dd4-a08c-4545c1eec996,False,False,SN,1631355686.945659
0,An error occurred while sending the request,Error,/BuildNotice/0,MobileSDK,HUAWEI BAH2-L09,OpenGLES2,1.0,1.11.0,False,Programmatic1,Programmatic,09/11/2021 10:21:16,6028e36ad1e80652e41054ca,609d69021c511f4b1d4df1c4,com.pregnantcatemma.virtualpet,1.0,iv,Android OS 8.0.0 / API-26 (HUAWEIBAH2-L09/295(OCEC636)),56cf73f6-294b-4dd4-a08c-4545c1eec996,False,False,SN,1631355687.20148
0,could not receive ip address from ipfy,Error,/BuildNotice/0,MobileSDK,HUAWEI BAH2-L09,OpenGLES2,1.0,1.11.0,False,Programmatic1,Programmatic,09/11/2021 10:21:16,6028e36ad1e80652e41054ca,609d69021c511f4b1d4df1c4,com.pregnantcatemma.virtualpet,1.0,iv,Android OS 8.0.0 / API-26 (HUAWEIBAH2-L09/295(OCEC636)),56cf73f6-294b-4dd4-a08c-4545c1eec996,False,False,SN,1631355687.218248
0,An error occurred while sending the request,Error,/BuildNotice/0,MobileSDK,vivo vivo 1811,OpenGLES2,1.0,1.10.2,False,Programmatic1,Programmatic,09/11/2021 10:21:26,611bdadcd4e35d332f3d5e66,611be843d5491c7d0a6ab0ce,com.thg.battleops.shooting.game,1.0,iv,Android OS 8.1.0 / API-27 (OPM1.171019.026/eng.compil.20200520.160752),07e14eca-f6d1-4636-bf0f-483bad60cf4e,True,False,IR,1631355687.340894
0,An error occurred while sending the request,Error,/BuildNotice/0,MobileSDK,HUAWEI BAH2-L09,OpenGLES2,1.0,1.11.0,False,Programmatic1,Programmatic,09/11/2021 10:21:16,6028e36ad1e80652e41054ca,609d69021c511f4b1d4df1c4,com.pregnantcatemma.virtualpet,1.0,iv,Android OS 8.0.0 / API-26 (HUAWEIBAH2-L09/295(OCEC636)),56cf73f6-294b-4dd4-a08c-4545c1eec996,False,False,SN,1631355687.474324
0,could not receive ip address from ipfy,Error,/BuildNotice/0,MobileSDK,HUAWEI BAH2-L09,OpenGLES2,1.0,1.11.0,False,Programmatic1,Programmatic,09/11/2021 10:21:16,6028e36ad1e80652e41054ca,609d69021c511f4b1d4df1c4,com.pregnantcatemma.virtualpet,1.0,iv,Android OS 8.0.0 / API-26 (HUAWEIBAH2-L09/295(OCEC636)),56cf73f6-294b-4dd4-a08c-4545c1eec996,False,False,SN,1631355687.502284
0,could not receive ip address from ipfy,Error,/BuildNotice/0,MobileSDK,samsung SM-A107F,OpenGLES2,1.0,1.10.2,False,Programmatic1,Programmatic,09/11/2021 10:20:11,611bdadcd4e35d332f3d5e66,611be843d5491c7d0a6ab0ce,com.thg.battleops.shooting.game,1.0,iv,Android OS 10 / API-29 (QP1A.190711.020/A107FXXU8BUF1),66d0be28-32fd-4e83-a682-d524e39f8881,True,False,IN,1631355687.711911
0,An error occurred while sending the request,Error,/BuildNotice/0,MobileSDK,HUAWEI BAH2-L09,OpenGLES2,1.0,1.11.0,False,Programmatic1,Programmatic,09/11/2021 10:21:16,6028e36ad1e80652e41054ca,609d69021c511f4b1d4df1c4,com.pregnantcatemma.virtualpet,1.0,iv,Android OS 8.0.0 / API-26 (HUAWEIBAH2-L09/295(OCEC636)),56cf73f6-294b-4dd4-a08c-4545c1eec996,False,False,SN,1631355687.749612
0,could not receive ip address from ipfy,Error,/BuildNotice/0,MobileSDK,HUAWEI BAH2-L09,OpenGLES2,1.0,1.11.0,False,Programmatic1,Programmatic,09/11/2021 10:21:16,6028e36ad1e80652e41054ca,609d69021c511f4b1d4df1c4,com.pregnantcatemma.virtualpet,1.0,iv,Android OS 8.0.0 / API-26 (HUAWEIBAH2-L09/295(OCEC636)),56cf73f6-294b-4dd4-a08c-4545c1eec996,False,False,SN,1631355687.770213
0,An error occurred while sending the request,Error,/BuildNotice/0,MobileSDK,HUAWEI BAH2-L09,OpenGLES2,1.0,1.11.0,False,Programmatic1,Programmatic,09/11/2021 10:21:16,6028e36ad1e80652e41054ca,609d69021c511f4b1d4df1c4,com.pregnantcatemma.virtualpet,1.0,iv,Android OS 8.0.0 / API-26 (HUAWEIBAH2-L09/295(OCEC636)),56cf73f6-294b-4dd4-a08c-4545c1eec996,False,False,SN,1631355688.019153
0,could not receive ip address from ipfy,Error,/BuildNotice/0,MobileSDK,HUAWEI BAH2-L09,OpenGLES2,1.0,1.11.0,False,Programmatic1,Programmatic,09/11/2021 10:21:17,6028e36ad1e80652e41054ca,609d69021c511f4b1d4df1c4,com.pregnantcatemma.virtualpet,1.0,iv,Android OS 8.0.0 / API-26 (HUAWEIBAH2-L09/295(OCEC636)),56cf73f6-294b-4dd4-a08c-4545c1eec996,False,False,SN,1631355688.039463
0,An error occurred while sending the request,Error,/BuildNotice/0,MobileSDK,HUAWEI BAH2-L09,OpenGLES2,1.0,1.11.0,False,Programmatic1,Programmatic,09/11/2021 10:21:17,6028e36ad1e80652e41054ca,609d69021c511f4b1d4df1c4,com.pregnantcatemma.virtualpet,1.0,iv,Android OS 8.0.0 / API-26 (HUAWEIBAH2-L09/295(OCEC636)),56cf73f6-294b-4dd4-a08c-4545c1eec996,False,False,SN,1631355688.290497
0,could not receive ip address from ipfy,Error,/BuildNotice/0,MobileSDK,HUAWEI BAH2-L09,OpenGLES2,1.0,1.11.0,False,Programmatic1,Programmatic,09/11/2021 10:21:17,6028e36ad1e80652e41054ca,609d69021c511f4b1d4df1c4,com.pregnantcatemma.virtualpet,1.0,iv,Android OS 8.0.0 / API-26 (HUAWEIBAH2-L09/295(OCEC636)),56cf73f6-294b-4dd4-a08c-4545c1eec996,False,False,SN,1631355688.307072
0,could not receive ip address from ipfy,Error,/BuildNotice/0,MobileSDK,LGE LG-M700,OpenGLES2,1.0,1.10.2,False,Programmatic1,Programmatic,09/11/2021 10:21:28,611bdadcd4e35d332f3d5e66,611be843d5491c7d0a6ab0ce,com.thg.battleops.shooting.game,1.0,iv,Android OS 8.1.0 / API-27 (OPM1.171019.026/18236164615b9),dba9a37d-c427-4546-a7b1-1015d4fd7de5,True,False,IN,1631355688.33567
0,An error occurred while sending the request,Error,/BuildNotice/0,MobileSDK,LGE LG-M700,OpenGLES2,1.0,1.10.2,False,Programmatic1,Programmatic,09/11/2021 10:21:28,611bdadcd4e35d332f3d5e66,611be843d5491c7d0a6ab0ce,com.thg.battleops.shooting.game,1.0,iv,Android OS 8.1.0 / API-27 (OPM1.171019.026/18236164615b9),dba9a37d-c427-4546-a7b1-1015d4fd7de5,True,False,IN,1631355688.414272
0,An error occurred while sending the request,Error,/BuildNotice/0,MobileSDK,HUAWEI BAH2-L09,OpenGLES2,1.0,1.11.0,False,Programmatic1,Programmatic,09/11/2021 10:21:17,6028e36ad1e80652e41054ca,609d69021c511f4b1d4df1c4,com.pregnantcatemma.virtualpet,1.0,iv,Android OS 8.0.0 / API-26 (HUAWEIBAH2-L09/295(OCEC636)),56cf73f6-294b-4dd4-a08c-4545c1eec996,False,False,SN,1631355688.562433
0,could not receive ip address from ipfy,Error,/BuildNotice/0,MobileSDK,HUAWEI BAH2-L09,OpenGLES2,1.0,1.11.0,False,Programmatic1,Programmatic,09/11/2021 10:21:17,6028e36ad1e80652e41054ca,609d69021c511f4b1d4df1c4,com.pregnantcatemma.virtualpet,1.0,iv,Android OS 8.0.0 / API-26 (HUAWEIBAH2-L09/295(OCEC636)),56cf73f6-294b-4dd4-a08c-4545c1eec996,False,False,SN,1631355688.581101
0,An error occurred while sending the request,Error,/BuildNotice/0,MobileSDK,HUAWEI BAH2-L09,OpenGLES2,1.0,1.11.0,False,Programmatic1,Programmatic,09/11/2021 10:21:17,6028e36ad1e80652e41054ca,609d69021c511f4b1d4df1c4,com.pregnantcatemma.virtualpet,1.0,iv,Android OS 8.0.0 / API-26 (HUAWEIBAH2-L09/295(OCEC636)),56cf73f6-294b-4dd4-a08c-4545c1eec996,False,False,SN,1631355688.834698
0,could not receive ip address from ipfy,Error,/BuildNotice/0,MobileSDK,HUAWEI BAH2-L09,OpenGLES2,1.0,1.11.0,False,Programmatic1,Programmatic,09/11/2021 10:21:17,6028e36ad1e80652e41054ca,609d69021c511f4b1d4df1c4,com.pregnantcatemma.virtualpet,1.0,iv,Android OS 8.0.0 / API-26 (HUAWEIBAH2-L09/295(OCEC636)),56cf73f6-294b-4dd4-a08c-4545c1eec996,False,False,SN,1631355688.849989
0,could not receive ip address from ipfy,Error,/BuildNotice/0,MobileSDK,vivo vivo 1811,OpenGLES2,1.0,1.10.2,False,Programmatic1,Programmatic,09/11/2021 10:21:27,611bdadcd4e35d332f3d5e66,611be843d5491c7d0a6ab0ce,com.thg.battleops.shooting.game,1.0,iv,Android OS 8.1.0 / API-27 (OPM1.171019.026/eng.compil.20200520.160752),07e14eca-f6d1-4636-bf0f-483bad60cf4e,True,False,IR,1631355689.020596
0,An error occurred while sending the request,Error,/BuildNotice/0,MobileSDK,HUAWEI BAH2-L09,OpenGLES2,1.0,1.11.0,False,Programmatic1,Programmatic,09/11/2021 10:21:17,6028e36ad1e80652e41054ca,609d69021c511f4b1d4df1c4,com.pregnantcatemma.virtualpet,1.0,iv,Android OS 8.0.0 / API-26 (HUAWEIBAH2-L09/295(OCEC636)),56cf73f6-294b-4dd4-a08c-4545c1eec996,False,False,SN,1631355689.11346
0,could not receive ip address from ipfy,Error,/BuildNotice/0,MobileSDK,HUAWEI BAH2-L09,OpenGLES2,1.0,1.11.0,False,Programmatic1,Programmatic,09/11/2021 10:21:17,6028e36ad1e80652e41054ca,609d69021c511f4b1d4df1c4,com.pregnantcatemma.virtualpet,1.0,iv,Android OS 8.0.0 / API-26 (HUAWEIBAH2-L09/295(OCEC636)),56cf73f6-294b-4dd4-a08c-4545c1eec996,False,False,SN,1631355689.131577
0,could not receive ip address from ipfy,Error,/BuildNotice/0,MobileSDK,Xiaomi M2006C3MI,OpenGLES2,1.0,1.10.2,False,Programmatic1,Programmatic,09/11/2021 10:21:30,611bdadcd4e35d332f3d5e66,611be843d5491c7d0a6ab0ce,com.thg.battleops.shooting.game,1.0,iv,Android OS 10 / API-29 (QP1A.190711.020/V12.0.12.0.QCRINXM),14ae072e-a3fc-4aea-9bff-2d9c7a62e5cd,True,False,TH,1631355689.193714
0,An error occurred while sending the request,Error,/BuildNotice/0,MobileSDK,HUAWEI BAH2-L09,OpenGLES2,1.0,1.11.0,False,Programmatic1,Programmatic,09/11/2021 10:21:17,6028e36ad1e80652e41054ca,609d69021c511f4b1d4df1c4,com.pregnantcatemma.virtualpet,1.0,iv,Android OS 8.0.0 / API-26 (HUAWEIBAH2-L09/295(OCEC636)),56cf73f6-294b-4dd4-a08c-4545c1eec996,False,False,SN,1631355689.387377
0,could not receive ip address from ipfy,Error,/BuildNotice/0,MobileSDK,HUAWEI BAH2-L09,OpenGLES2,1.0,1.11.0,False,Programmatic1,Programmatic,09/11/2021 10:21:18,6028e36ad1e80652e41054ca,609d69021c511f4b1d4df1c4,com.pregnantcatemma.virtualpet,1.0,iv,Android OS 8.0.0 / API-26 (HUAWEIBAH2-L09/295(OCEC636)),56cf73f6-294b-4dd4-a08c-4545c1eec996,False,False,SN,1631355689.406435
0,An error occurred while sending the request,Error,/BuildNotice/0,MobileSDK,HUAWEI BAH2-L09,OpenGLES2,1.0,1.11.0,False,Programmatic1,Programmatic,09/11/2021 10:21:18,6028e36ad1e80652e41054ca,609d69021c511f4b1d4df1c4,com.pregnantcatemma.virtualpet,1.0,iv,Android OS 8.0.0 / API-26 (HUAWEIBAH2-L09/295(OCEC636)),56cf73f6-294b-4dd4-a08c-4545c1eec996,False,False,SN,1631355689.663646
0,could not receive ip address from ipfy,Error,/BuildNotice/0,MobileSDK,HUAWEI BAH2-L09,OpenGLES2,1.0,1.11.0,False,Programmatic1,Programmatic,09/11/2021 10:21:18,6028e36ad1e80652e41054ca,609d69021c511f4b1d4df1c4,com.pregnantcatemma.virtualpet,1.0,iv,Android OS 8.0.0 / API-26 (HUAWEIBAH2-L09/295(OCEC636)),56cf73f6-294b-4dd4-a08c-4545c1eec996,False,False,SN,1631355689.678089
0,An error occurred while sending the request,Error,/BuildNotice/0,MobileSDK,Xiaomi M2006C3MI,OpenGLES2,1.0,1.10.2,False,Programmatic1,Programmatic,09/11/2021 10:21:30,611bdadcd4e35d332f3d5e66,611be843d5491c7d0a6ab0ce,com.thg.battleops.shooting.game,1.0,iv,Android OS 10 / API-29 (QP1A.190711.020/V12.0.12.0.QCRINXM),14ae072e-a3fc-4aea-9bff-2d9c7a62e5cd,True,False,TH,1631355689.680627
0,"We are running ""Programmatic Flow"", you need to active gCom. 
 HTTP/1.1 400 Bad Request
{""product"": null, ""payment"": null, ""shipment_available_options"": [], ""session"": {""session_id"": ""1.0"", ""status"": ""Error: CODE_INVALID_FLOW_ID"", ""error_code"": 110}, ""flow"": ""gcom""}",Error,/BuildNotice/0,MobileSDK,Xiaomi Mi A1,OpenGLES2,1.0,1.10.2,False,Programmatic1,Programmatic,09/11/2021 10:21:28,611bdadcd4e35d332f3d5e66,611be843d5491c7d0a6ab0ce,com.thg.battleops.shooting.game,1.0,iv,Android OS 9 / API-28 (PKQ1.180917.001/V10.0.24.0.PDHMIXM),44cee80d-18df-4db7-b05b-40dc99e71da1,True,False,TH,1631355689.715176
0,An error occurred while sending the request,Error,/BuildNotice/0,MobileSDK,HUAWEI BAH2-L09,OpenGLES2,1.0,1.11.0,False,Programmatic1,Programmatic,09/11/2021 10:21:18,6028e36ad1e80652e41054ca,609d69021c511f4b1d4df1c4,com.pregnantcatemma.virtualpet,1.0,iv,Android OS 8.0.0 / API-26 (HUAWEIBAH2-L09/295(OCEC636)),56cf73f6-294b-4dd4-a08c-4545c1eec996,False,False,SN,1631355689.934093
0,could not receive ip address from ipfy,Error,/BuildNotice/0,MobileSDK,HUAWEI BAH2-L09,OpenGLES2,1.0,1.11.0,False,Programmatic1,Programmatic,09/11/2021 10:21:18,6028e36ad1e80652e41054ca,609d69021c511f4b1d4df1c4,com.pregnantcatemma.virtualpet,1.0,iv,Android OS 8.0.0 / API-26 (HUAWEIBAH2-L09/295(OCEC636)),56cf73f6-294b-4dd4-a08c-4545c1eec996,False,False,SN,1631355689.950437
0,An error occurred while sending the request,Error,/BuildNotice/0,MobileSDK,vivo vivo 1811,OpenGLES2,1.0,1.10.2,False,Programmatic1,Programmatic,09/11/2021 10:21:28,611bdadcd4e35d332f3d5e66,611be843d5491c7d0a6ab0ce,com.thg.battleops.shooting.game,1.0,iv,Android OS 8.1.0 / API-27 (OPM1.171019.026/eng.compil.20200520.160752),07e14eca-f6d1-4636-bf0f-483bad60cf4e,True,False,IR,1631355690.016259
0,An error occurred while sending the request,Error,/BuildNotice/0,MobileSDK,HUAWEI BAH2-L09,OpenGLES2,1.0,1.11.0,False,Programmatic1,Programmatic,09/11/2021 10:21:18,6028e36ad1e80652e41054ca,609d69021c511f4b1d4df1c4,com.pregnantcatemma.virtualpet,1.0,iv,Android OS 8.0.0 / API-26 (HUAWEIBAH2-L09/295(OCEC636)),56cf73f6-294b-4dd4-a08c-4545c1eec996,False,False,SN,1631355690.204574
0,could not receive ip address from ipfy,Error,/BuildNotice/0,MobileSDK,HUAWEI BAH2-L09,OpenGLES2,1.0,1.11.0,False,Programmatic1,Programmatic,09/11/2021 10:21:18,6028e36ad1e80652e41054ca,609d69021c511f4b1d4df1c4,com.pregnantcatemma.virtualpet,1.0,iv,Android OS 8.0.0 / API-26 (HUAWEIBAH2-L09/295(OCEC636)),56cf73f6-294b-4dd4-a08c-4545c1eec996,False,False,SN,1631355690.220555
0,An error occurred while sending the request,Error,/BuildNotice/0,MobileSDK,HUAWEI BAH2-L09,OpenGLES2,1.0,1.11.0,False,Programmatic1,Programmatic,09/11/2021 10:21:18,6028e36ad1e80652e41054ca,609d69021c511f4b1d4df1c4,com.pregnantcatemma.virtualpet,1.0,iv,Android OS 8.0.0 / API-26 (HUAWEIBAH2-L09/295(OCEC636)),56cf73f6-294b-4dd4-a08c-4545c1eec996,False,False,SN,1631355690.476578
0,could not receive ip address from ipfy,Error,/BuildNotice/0,MobileSDK,HUAWEI BAH2-L09,OpenGLES2,1.0,1.11.0,False,Programmatic1,Programmatic,09/11/2021 10:21:19,6028e36ad1e80652e41054ca,609d69021c511f4b1d4df1c4,com.pregnantcatemma.virtualpet,1.0,iv,Android OS 8.0.0 / API-26 (HUAWEIBAH2-L09/295(OCEC636)),56cf73f6-294b-4dd4-a08c-4545c1eec996,False,False,SN,1631355690.490995
0,could not receive ip address from ipfy,Error,/BuildNotice/0,MobileSDK,HUAWEI STK-L21,OpenGLES2,1.0,1.10.2,False,LowRevenueCountryBlock,LowRevenueCountryBlock,09/11/2021 10:21:23,611bdadcd4e35d332f3d5e66,611be843d5491c7d0a6ab0ce,com.thg.battleops.shooting.game,1.0,iv,Android OS 10 / API-29 (HUAWEISTK-L21/10.0.0.274C185),99a8c3e5-f662-44bc-8e4e-e208d438a420,True,False,BD,1631355690.534247
0,An error occurred while sending the request,Error,/BuildNotice/0,MobileSDK,HUAWEI BAH2-L09,OpenGLES2,1.0,1.11.0,False,Programmatic1,Programmatic,09/11/2021 10:21:19,6028e36ad1e80652e41054ca,609d69021c511f4b1d4df1c4,com.pregnantcatemma.virtualpet,1.0,iv,Android OS 8.0.0 / API-26 (HUAWEIBAH2-L09/295(OCEC636)),56cf73f6-294b-4dd4-a08c-4545c1eec996,False,False,SN,1631355690.746473
0,could not receive ip address from ipfy,Error,/BuildNotice/0,MobileSDK,HUAWEI BAH2-L09,OpenGLES2,1.0,1.11.0,False,Programmatic1,Programmatic,09/11/2021 10:21:19,6028e36ad1e80652e41054ca,609d69021c511f4b1d4df1c4,com.pregnantcatemma.virtualpet,1.0,iv,Android OS 8.0.0 / API-26 (HUAWEIBAH2-L09/295(OCEC636)),56cf73f6-294b-4dd4-a08c-4545c1eec996,False,False,SN,1631355690.764763
0,An error occurred while sending the request,Error,/BuildNotice/0,MobileSDK,HUAWEI BAH2-L09,OpenGLES2,1.0,1.11.0,False,Programmatic1,Programmatic,09/11/2021 10:21:19,6028e36ad1e80652e41054ca,609d69021c511f4b1d4df1c4,com.pregnantcatemma.virtualpet,1.0,iv,Android OS 8.0.0 / API-26 (HUAWEIBAH2-L09/295(OCEC636)),56cf73f6-294b-4dd4-a08c-4545c1eec996,False,False,SN,1631355691.019984
0,could not receive ip address from ipfy,Error,/BuildNotice/0,MobileSDK,HUAWEI BAH2-L09,OpenGLES2,1.0,1.11.0,False,Programmatic1,Programmatic,09/11/2021 10:21:19,6028e36ad1e80652e41054ca,609d69021c511f4b1d4df1c4,com.pregnantcatemma.virtualpet,1.0,iv,Android OS 8.0.0 / API-26 (HUAWEIBAH2-L09/295(OCEC636)),56cf73f6-294b-4dd4-a08c-4545c1eec996,False,False,SN,1631355691.039749
0,An error occurred while sending the request,Error,/BuildNotice/0,MobileSDK,HUAWEI BAH2-L09,OpenGLES2,1.0,1.11.0,False,Programmatic1,Programmatic,09/11/2021 10:21:19,6028e36ad1e80652e41054ca,609d69021c511f4b1d4df1c4,com.pregnantcatemma.virtualpet,1.0,iv,Android OS 8.0.0 / API-26 (HUAWEIBAH2-L09/295(OCEC636)),56cf73f6-294b-4dd4-a08c-4545c1eec996,False,False,SN,1631355691.302028
0,could not receive ip address from ipfy,Error,/BuildNotice/0,MobileSDK,HUAWEI BAH2-L09,OpenGLES2,1.0,1.11.0,False,Programmatic1,Programmatic,09/11/2021 10:21:19,6028e36ad1e80652e41054ca,609d69021c511f4b1d4df1c4,com.pregnantcatemma.virtualpet,1.0,iv,Android OS 8.0.0 / API-26 (HUAWEIBAH2-L09/295(OCEC636)),56cf73f6-294b-4dd4-a08c-4545c1eec996,False,False,SN,1631355691.318545
0,could not receive ip address from ipfy,Error,/BuildNotice/0,MobileSDK,vivo vivo 1811,OpenGLES2,1.0,1.10.2,False,Programmatic1,Programmatic,09/11/2021 10:21:30,611bdadcd4e35d332f3d5e66,611be843d5491c7d0a6ab0ce,com.thg.battleops.shooting.game,1.0,iv,Android OS 8.1.0 / API-27 (OPM1.171019.026/eng.compil.20200520.160752),07e14eca-f6d1-4636-bf0f-483bad60cf4e,True,False,IR,1631355691.518439
0,An error occurred while sending the request,Error,/BuildNotice/0,MobileSDK,HUAWEI BAH2-L09,OpenGLES2,1.0,1.11.0,False,Programmatic1,Programmatic,09/11/2021 10:21:19,6028e36ad1e80652e41054ca,609d69021c511f4b1d4df1c4,com.pregnantcatemma.virtualpet,1.0,iv,Android OS 8.0.0 / API-26 (HUAWEIBAH2-L09/295(OCEC636)),56cf73f6-294b-4dd4-a08c-4545c1eec996,False,False,SN,1631355691.575832
0,could not receive ip address from ipfy,Error,/BuildNotice/0,MobileSDK,HUAWEI BAH2-L09,OpenGLES2,1.0,1.11.0,False,Programmatic1,Programmatic,09/11/2021 10:21:19,6028e36ad1e80652e41054ca,609d69021c511f4b1d4df1c4,com.pregnantcatemma.virtualpet,1.0,iv,Android OS 8.0.0 / API-26 (HUAWEIBAH2-L09/295(OCEC636)),56cf73f6-294b-4dd4-a08c-4545c1eec996,False,False,SN,1631355691.591475
0,An error occurred while sending the request,Error,/BuildNotice/0,MobileSDK,samsung SM-A107F,OpenGLES2,1.0,1.10.2,False,Programmatic1,Programmatic,09/11/2021 10:20:11,611bdadcd4e35d332f3d5e66,611be843d5491c7d0a6ab0ce,com.thg.battleops.shooting.game,1.0,iv,Android OS 10 / API-29 (QP1A.190711.020/A107FXXU8BUF1),66d0be28-32fd-4e83-a682-d524e39f8881,True,False,IN,1631355691.641768
0,could not receive ip address from ipfy,Error,/BuildNotice/0,MobileSDK,LGE LG-M700,OpenGLES2,1.0,1.10.2,False,Programmatic1,Programmatic,09/11/2021 10:21:31,611bdadcd4e35d332f3d5e66,611be843d5491c7d0a6ab0ce,com.thg.battleops.shooting.game,1.0,iv,Android OS 8.1.0 / API-27 (OPM1.171019.026/18236164615b9),dba9a37d-c427-4546-a7b1-1015d4fd7de5,True,False,IN,1631355691.646308
0,An error occurred while sending the request,Error,/BuildNotice/0,MobileSDK,LGE LG-M700,OpenGLES2,1.0,1.10.2,False,Programmatic1,Programmatic,09/11/2021 10:21:31,611bdadcd4e35d332f3d5e66,611be843d5491c7d0a6ab0ce,com.thg.battleops.shooting.game,1.0,iv,Android OS 8.1.0 / API-27 (OPM1.171019.026/18236164615b9),dba9a37d-c427-4546-a7b1-1015d4fd7de5,True,False,IN,1631355691.71797
0,An error occurred while sending the request,Error,/BuildNotice/0,MobileSDK,HUAWEI BAH2-L09,OpenGLES2,1.0,1.11.0,False,Programmatic1,Programmatic,09/11/2021 10:21:20,6028e36ad1e80652e41054ca,609d69021c511f4b1d4df1c4,com.pregnantcatemma.virtualpet,1.0,iv,Android OS 8.0.0 / API-26 (HUAWEIBAH2-L09/295(OCEC636)),56cf73f6-294b-4dd4-a08c-4545c1eec996,False,False,SN,1631355691.847976
0,could not receive ip address from ipfy,Error,/BuildNotice/0,MobileSDK,HUAWEI BAH2-L09,OpenGLES2,1.0,1.11.0,False,Programmatic1,Programmatic,09/11/2021 10:21:20,6028e36ad1e80652e41054ca,609d69021c511f4b1d4df1c4,com.pregnantcatemma.virtualpet,1.0,iv,Android OS 8.0.0 / API-26 (HUAWEIBAH2-L09/295(OCEC636)),56cf73f6-294b-4dd4-a08c-4545c1eec996,False,False,SN,1631355691.86398
0,An error occurred while sending the request,Error,/BuildNotice/0,MobileSDK,HUAWEI BAH2-L09,OpenGLES2,1.0,1.11.0,False,Programmatic1,Programmatic,09/11/2021 10:21:20,6028e36ad1e80652e41054ca,609d69021c511f4b1d4df1c4,com.pregnantcatemma.virtualpet,1.0,iv,Android OS 8.0.0 / API-26 (HUAWEIBAH2-L09/295(OCEC636)),56cf73f6-294b-4dd4-a08c-4545c1eec996,False,False,SN,1631355692.120748
0,could not receive ip address from ipfy,Error,/BuildNotice/0,MobileSDK,HUAWEI BAH2-L09,OpenGLES2,1.0,1.11.0,False,Programmatic1,Programmatic,09/11/2021 10:21:20,6028e36ad1e80652e41054ca,609d69021c511f4b1d4df1c4,com.pregnantcatemma.virtualpet,1.0,iv,Android OS 8.0.0 / API-26 (HUAWEIBAH2-L09/295(OCEC636)),56cf73f6-294b-4dd4-a08c-4545c1eec996,False,False,SN,1631355692.135943
0,An error occurred while sending the request,Error,/BuildNotice/0,MobileSDK,HUAWEI BAH2-L09,OpenGLES2,1.0,1.11.0,False,Programmatic1,Programmatic,09/11/2021 10:21:20,6028e36ad1e80652e41054ca,609d69021c511f4b1d4df1c4,com.pregnantcatemma.virtualpet,1.0,iv,Android OS 8.0.0 / API-26 (HUAWEIBAH2-L09/295(OCEC636)),56cf73f6-294b-4dd4-a08c-4545c1eec996,False,False,SN,1631355692.393348
0,could not receive ip address from ipfy,Error,/BuildNotice/0,MobileSDK,HUAWEI BAH2-L09,OpenGLES2,1.0,1.11.0,False,Programmatic1,Programmatic,09/11/2021 10:21:20,6028e36ad1e80652e41054ca,609d69021c511f4b1d4df1c4,com.pregnantcatemma.virtualpet,1.0,iv,Android OS 8.0.0 / API-26 (HUAWEIBAH2-L09/295(OCEC636)),56cf73f6-294b-4dd4-a08c-4545c1eec996,False,False,SN,1631355692.410041
0,An error occurred while sending the request,Error,/BuildNotice/0,MobileSDK,vivo vivo 1811,OpenGLES2,1.0,1.10.2,False,Programmatic1,Programmatic,09/11/2021 10:21:31,611bdadcd4e35d332f3d5e66,611be843d5491c7d0a6ab0ce,com.thg.battleops.shooting.game,1.0,iv,Android OS 8.1.0 / API-27 (OPM1.171019.026/eng.compil.20200520.160752),07e14eca-f6d1-4636-bf0f-483bad60cf4e,True,False,IR,1631355692.521919
0,An error occurred while sending the request,Error,/BuildNotice/0,MobileSDK,HUAWEI BAH2-L09,OpenGLES2,1.0,1.11.0,False,Programmatic1,Programmatic,09/11/2021 10:21:20,6028e36ad1e80652e41054ca,609d69021c511f4b1d4df1c4,com.pregnantcatemma.virtualpet,1.0,iv,Android OS 8.0.0 / API-26 (HUAWEIBAH2-L09/295(OCEC636)),56cf73f6-294b-4dd4-a08c-4545c1eec996,False,False,SN,1631355692.667908
0,could not receive ip address from ipfy,Error,/BuildNotice/0,MobileSDK,HUAWEI BAH2-L09,OpenGLES2,1.0,1.11.0,False,Programmatic1,Programmatic,09/11/2021 10:21:20,6028e36ad1e80652e41054ca,609d69021c511f4b1d4df1c4,com.pregnantcatemma.virtualpet,1.0,iv,Android OS 8.0.0 / API-26 (HUAWEIBAH2-L09/295(OCEC636)),56cf73f6-294b-4dd4-a08c-4545c1eec996,False,False,SN,1631355692.683621
0,could not receive ip address from ipfy,Error,/BuildNotice/0,MobileSDK,Xiaomi M2006C3MI,OpenGLES2,1.0,1.10.2,False,Programmatic1,Programmatic,09/11/2021 10:21:33,611bdadcd4e35d332f3d5e66,611be843d5491c7d0a6ab0ce,com.thg.battleops.shooting.game,1.0,iv,Android OS 10 / API-29 (QP1A.190711.020/V12.0.12.0.QCRINXM),14ae072e-a3fc-4aea-9bff-2d9c7a62e5cd,True,False,TH,1631355692.684609
0,An error occurred while sending the request,Error,/BuildNotice/0,MobileSDK,Xiaomi M2006C3MI,OpenGLES2,1.0,1.10.2,False,Programmatic1,Programmatic,09/11/2021 10:21:33,611bdadcd4e35d332f3d5e66,611be843d5491c7d0a6ab0ce,com.thg.battleops.shooting.game,1.0,iv,Android OS 10 / API-29 (QP1A.190711.020/V12.0.12.0.QCRINXM),14ae072e-a3fc-4aea-9bff-2d9c7a62e5cd,True,False,TH,1631355692.773255
0,An error occurred while sending the request,Error,/BuildNotice/0,MobileSDK,HUAWEI BAH2-L09,OpenGLES2,1.0,1.11.0,False,Programmatic1,Programmatic,09/11/2021 10:21:20,6028e36ad1e80652e41054ca,609d69021c511f4b1d4df1c4,com.pregnantcatemma.virtualpet,1.0,iv,Android OS 8.0.0 / API-26 (HUAWEIBAH2-L09/295(OCEC636)),56cf73f6-294b-4dd4-a08c-4545c1eec996,False,False,SN,1631355692.94385
0,could not receive ip address from ipfy,Error,/BuildNotice/0,MobileSDK,HUAWEI BAH2-L09,OpenGLES2,1.0,1.11.0,False,Programmatic1,Programmatic,09/11/2021 10:21:21,6028e36ad1e80652e41054ca,609d69021c511f4b1d4df1c4,com.pregnantcatemma.virtualpet,1.0,iv,Android OS 8.0.0 / API-26 (HUAWEIBAH2-L09/295(OCEC636)),56cf73f6-294b-4dd4-a08c-4545c1eec996,False,False,SN,1631355692.961114
0,An error occurred while sending the request,Error,/BuildNotice/0,MobileSDK,HUAWEI BAH2-L09,OpenGLES2,1.0,1.11.0,False,Programmatic1,Programmatic,09/11/2021 10:21:21,6028e36ad1e80652e41054ca,609d69021c511f4b1d4df1c4,com.pregnantcatemma.virtualpet,1.0,iv,Android OS 8.0.0 / API-26 (HUAWEIBAH2-L09/295(OCEC636)),56cf73f6-294b-4dd4-a08c-4545c1eec996,False,False,SN,1631355693.219219
0,could not receive ip address from ipfy,Error,/BuildNotice/0,MobileSDK,HUAWEI BAH2-L09,OpenGLES2,1.0,1.11.0,False,Programmatic1,Programmatic,09/11/2021 10:21:21,6028e36ad1e80652e41054ca,609d69021c511f4b1d4df1c4,com.pregnantcatemma.virtualpet,1.0,iv,Android OS 8.0.0 / API-26 (HUAWEIBAH2-L09/295(OCEC636)),56cf73f6-294b-4dd4-a08c-4545c1eec996,False,False,SN,1631355693.234882
0,An error occurred while sending the request,Error,/BuildNotice/0,MobileSDK,HUAWEI BAH2-L09,OpenGLES2,1.0,1.11.0,False,Programmatic1,Programmatic,09/11/2021 10:21:21,6028e36ad1e80652e41054ca,609d69021c511f4b1d4df1c4,com.pregnantcatemma.virtualpet,1.0,iv,Android OS 8.0.0 / API-26 (HUAWEIBAH2-L09/295(OCEC636)),56cf73f6-294b-4dd4-a08c-4545c1eec996,False,False,SN,1631355693.49199
0,could not receive ip address from ipfy,Error,/BuildNotice/0,MobileSDK,HUAWEI BAH2-L09,OpenGLES2,1.0,1.11.0,False,Programmatic1,Programmatic,09/11/2021 10:21:21,6028e36ad1e80652e41054ca,609d69021c511f4b1d4df1c4,com.pregnantcatemma.virtualpet,1.0,iv,Android OS 8.0.0 / API-26 (HUAWEIBAH2-L09/295(OCEC636)),56cf73f6-294b-4dd4-a08c-4545c1eec996,False,False,SN,1631355693.508402
0,An error occurred while sending the request,Error,/BuildNotice/0,MobileSDK,HUAWEI BAH2-L09,OpenGLES2,1.0,1.11.0,False,Programmatic1,Programmatic,09/11/2021 10:21:21,6028e36ad1e80652e41054ca,609d69021c511f4b1d4df1c4,com.pregnantcatemma.virtualpet,1.0,iv,Android OS 8.0.0 / API-26 (HUAWEIBAH2-L09/295(OCEC636)),56cf73f6-294b-4dd4-a08c-4545c1eec996,False,False,SN,1631355693.764218
0,could not receive ip address from ipfy,Error,/BuildNotice/0,MobileSDK,HUAWEI BAH2-L09,OpenGLES2,1.0,1.11.0,False,Programmatic1,Programmatic,09/11/2021 10:21:21,6028e36ad1e80652e41054ca,609d69021c511f4b1d4df1c4,com.pregnantcatemma.virtualpet,1.0,iv,Android OS 8.0.0 / API-26 (HUAWEIBAH2-L09/295(OCEC636)),56cf73f6-294b-4dd4-a08c-4545c1eec996,False,False,SN,1631355693.778318
0,could not receive ip address from ipfy,Error,/BuildNotice/0,MobileSDK,samsung SM-A107F,OpenGLES2,1.0,1.10.2,False,Programmatic1,Programmatic,09/11/2021 10:20:11,611bdadcd4e35d332f3d5e66,611be843d5491c7d0a6ab0ce,com.thg.battleops.shooting.game,1.0,iv,Android OS 10 / API-29 (QP1A.190711.020/A107FXXU8BUF1),66d0be28-32fd-4e83-a682-d524e39f8881,True,False,IN,1631355693.954905
0,An error occurred while sending the request,Error,/BuildNotice/0,MobileSDK,HUAWEI BAH2-L09,OpenGLES2,1.0,1.11.0,False,Programmatic1,Programmatic,09/11/2021 10:21:21,6028e36ad1e80652e41054ca,609d69021c511f4b1d4df1c4,com.pregnantcatemma.virtualpet,1.0,iv,Android OS 8.0.0 / API-26 (HUAWEIBAH2-L09/295(OCEC636)),56cf73f6-294b-4dd4-a08c-4545c1eec996,False,False,SN,1631355694.039178
0,could not receive ip address from ipfy,Error,/BuildNotice/0,MobileSDK,HUAWEI BAH2-L09,OpenGLES2,1.0,1.11.0,False,Programmatic1,Programmatic,09/11/2021 10:21:22,6028e36ad1e80652e41054ca,609d69021c511f4b1d4df1c4,com.pregnantcatemma.virtualpet,1.0,iv,Android OS 8.0.0 / API-26 (HUAWEIBAH2-L09/295(OCEC636)),56cf73f6-294b-4dd4-a08c-4545c1eec996,False,False,SN,1631355694.05597
0,could not receive ip address from ipfy,Error,/BuildNotice/0,MobileSDK,vivo vivo 1811,OpenGLES2,1.0,1.10.2,False,Programmatic1,Programmatic,09/11/2021 10:21:32,611bdadcd4e35d332f3d5e66,611be843d5491c7d0a6ab0ce,com.thg.battleops.shooting.game,1.0,iv,Android OS 8.1.0 / API-27 (OPM1.171019.026/eng.compil.20200520.160752),07e14eca-f6d1-4636-bf0f-483bad60cf4e,True,False,IR,1631355694.105779
0,An error occurred while sending the request,Error,/BuildNotice/0,MobileSDK,HUAWEI BAH2-L09,OpenGLES2,1.0,1.11.0,False,Programmatic1,Programmatic,09/11/2021 10:21:22,6028e36ad1e80652e41054ca,609d69021c511f4b1d4df1c4,com.pregnantcatemma.virtualpet,1.0,iv,Android OS 8.0.0 / API-26 (HUAWEIBAH2-L09/295(OCEC636)),56cf73f6-294b-4dd4-a08c-4545c1eec996,False,False,SN,1631355694.312085
0,could not receive ip address from ipfy,Error,/BuildNotice/0,MobileSDK,HUAWEI BAH2-L09,OpenGLES2,1.0,1.11.0,False,Programmatic1,Programmatic,09/11/2021 10:21:22,6028e36ad1e80652e41054ca,609d69021c511f4b1d4df1c4,com.pregnantcatemma.virtualpet,1.0,iv,Android OS 8.0.0 / API-26 (HUAWEIBAH2-L09/295(OCEC636)),56cf73f6-294b-4dd4-a08c-4545c1eec996,False,False,SN,1631355694.326992
0,An error occurred while sending the request,Error,/BuildNotice/0,MobileSDK,HUAWEI BAH2-L09,OpenGLES2,1.0,1.11.0,False,Programmatic1,Programmatic,09/11/2021 10:21:22,6028e36ad1e80652e41054ca,609d69021c511f4b1d4df1c4,com.pregnantcatemma.virtualpet,1.0,iv,Android OS 8.0.0 / API-26 (HUAWEIBAH2-L09/295(OCEC636)),56cf73f6-294b-4dd4-a08c-4545c1eec996,False,False,SN,1631355694.58212
0,could not receive ip address from ipfy,Error,/BuildNotice/0,MobileSDK,HUAWEI BAH2-L09,OpenGLES2,1.0,1.11.0,False,Programmatic1,Programmatic,09/11/2021 10:21:22,6028e36ad1e80652e41054ca,609d69021c511f4b1d4df1c4,com.pregnantcatemma.virtualpet,1.0,iv,Android OS 8.0.0 / API-26 (HUAWEIBAH2-L09/295(OCEC636)),56cf73f6-294b-4dd4-a08c-4545c1eec996,False,False,SN,1631355694.597061
0,could not receive ip address from ipfy,Error,/BuildNotice/0,MobileSDK,LGE LG-M700,OpenGLES2,1.0,1.10.2,False,Programmatic1,Programmatic,09/11/2021 10:21:34,611bdadcd4e35d332f3d5e66,611be843d5491c7d0a6ab0ce,com.thg.battleops.shooting.game,1.0,iv,Android OS 8.1.0 / API-27 (OPM1.171019.026/18236164615b9),dba9a37d-c427-4546-a7b1-1015d4fd7de5,True,False,IN,1631355694.836055
0,An error occurred while sending the request,Error,/BuildNotice/0,MobileSDK,HUAWEI BAH2-L09,OpenGLES2,1.0,1.11.0,False,Programmatic1,Programmatic,09/11/2021 10:21:22,6028e36ad1e80652e41054ca,609d69021c511f4b1d4df1c4,com.pregnantcatemma.virtualpet,1.0,iv,Android OS 8.0.0 / API-26 (HUAWEIBAH2-L09/295(OCEC636)),56cf73f6-294b-4dd4-a08c-4545c1eec996,False,False,SN,1631355694.853982
0,could not receive ip address from ipfy,Error,/BuildNotice/0,MobileSDK,HUAWEI BAH2-L09,OpenGLES2,1.0,1.11.0,False,Programmatic1,Programmatic,09/11/2021 10:21:22,6028e36ad1e80652e41054ca,609d69021c511f4b1d4df1c4,com.pregnantcatemma.virtualpet,1.0,iv,Android OS 8.0.0 / API-26 (HUAWEIBAH2-L09/295(OCEC636)),56cf73f6-294b-4dd4-a08c-4545c1eec996,False,False,SN,1631355694.867859
0,An error occurred while sending the request,Error,/BuildNotice/0,MobileSDK,LGE LG-M700,OpenGLES2,1.0,1.10.2,False,Programmatic1,Programmatic,09/11/2021 10:21:34,611bdadcd4e35d332f3d5e66,611be843d5491c7d0a6ab0ce,com.thg.battleops.shooting.game,1.0,iv,Android OS 8.1.0 / API-27 (OPM1.171019.026/18236164615b9),dba9a37d-c427-4546-a7b1-1015d4fd7de5,True,False,IN,1631355694.919526
0,An error occurred while sending the request,Error,/BuildNotice/0,MobileSDK,vivo vivo 1811,OpenGLES2,1.0,1.10.2,False,Programmatic1,Programmatic,09/11/2021 10:21:33,611bdadcd4e35d332f3d5e66,611be843d5491c7d0a6ab0ce,com.thg.battleops.shooting.game,1.0,iv,Android OS 8.1.0 / API-27 (OPM1.171019.026/eng.compil.20200520.160752),07e14eca-f6d1-4636-bf0f-483bad60cf4e,True,False,IR,1631355695.106074
0,An error occurred while sending the request,Error,/BuildNotice/0,MobileSDK,HUAWEI BAH2-L09,OpenGLES2,1.0,1.11.0,False,Programmatic1,Programmatic,09/11/2021 10:21:22,6028e36ad1e80652e41054ca,609d69021c511f4b1d4df1c4,com.pregnantcatemma.virtualpet,1.0,iv,Android OS 8.0.0 / API-26 (HUAWEIBAH2-L09/295(OCEC636)),56cf73f6-294b-4dd4-a08c-4545c1eec996,False,False,SN,1631355695.153812
0,could not receive ip address from ipfy,Error,/BuildNotice/0,MobileSDK,HUAWEI BAH2-L09,OpenGLES2,1.0,1.11.0,False,Programmatic1,Programmatic,09/11/2021 10:21:23,6028e36ad1e80652e41054ca,609d69021c511f4b1d4df1c4,com.pregnantcatemma.virtualpet,1.0,iv,Android OS 8.0.0 / API-26 (HUAWEIBAH2-L09/295(OCEC636)),56cf73f6-294b-4dd4-a08c-4545c1eec996,False,False,SN,1631355695.174967
0,An error occurred while sending the request,Error,/BuildNotice/0,MobileSDK,HUAWEI BAH2-L09,OpenGLES2,1.0,1.11.0,False,Programmatic1,Programmatic,09/11/2021 10:21:23,6028e36ad1e80652e41054ca,609d69021c511f4b1d4df1c4,com.pregnantcatemma.virtualpet,1.0,iv,Android OS 8.0.0 / API-26 (HUAWEIBAH2-L09/295(OCEC636)),56cf73f6-294b-4dd4-a08c-4545c1eec996,False,False,SN,1631355695.481314
0,could not receive ip address from ipfy,Error,/BuildNotice/0,MobileSDK,HUAWEI BAH2-L09,OpenGLES2,1.0,1.11.0,False,Programmatic1,Programmatic,09/11/2021 10:21:23,6028e36ad1e80652e41054ca,609d69021c511f4b1d4df1c4,com.pregnantcatemma.virtualpet,1.0,iv,Android OS 8.0.0 / API-26 (HUAWEIBAH2-L09/295(OCEC636)),56cf73f6-294b-4dd4-a08c-4545c1eec996,False,False,SN,1631355695.493862
0,An error occurred while sending the request,Error,/BuildNotice/0,MobileSDK,HUAWEI BAH2-L09,OpenGLES2,1.0,1.11.0,False,Programmatic1,Programmatic,09/11/2021 10:21:23,6028e36ad1e80652e41054ca,609d69021c511f4b1d4df1c4,com.pregnantcatemma.virtualpet,1.0,iv,Android OS 8.0.0 / API-26 (HUAWEIBAH2-L09/295(OCEC636)),56cf73f6-294b-4dd4-a08c-4545c1eec996,False,False,SN,1631355695.749937
0,could not receive ip address from ipfy,Error,/BuildNotice/0,MobileSDK,HUAWEI BAH2-L09,OpenGLES2,1.0,1.11.0,False,Programmatic1,Programmatic,09/11/2021 10:21:23,6028e36ad1e80652e41054ca,609d69021c511f4b1d4df1c4,com.pregnantcatemma.virtualpet,1.0,iv,Android OS 8.0.0 / API-26 (HUAWEIBAH2-L09/295(OCEC636)),56cf73f6-294b-4dd4-a08c-4545c1eec996,False,False,SN,1631355695.765557
0,could not receive ip address from ipfy,Error,/BuildNotice/0,MobileSDK,Xiaomi M2006C3MI,OpenGLES2,1.0,1.10.2,False,Programmatic1,Programmatic,09/11/2021 10:21:36,611bdadcd4e35d332f3d5e66,611be843d5491c7d0a6ab0ce,com.thg.battleops.shooting.game,1.0,iv,Android OS 10 / API-29 (QP1A.190711.020/V12.0.12.0.QCRINXM),14ae072e-a3fc-4aea-9bff-2d9c7a62e5cd,True,False,TH,1631355695.922376
0,An error occurred while sending the request,Error,/BuildNotice/0,MobileSDK,HUAWEI BAH2-L09,OpenGLES2,1.0,1.11.0,False,Programmatic1,Programmatic,09/11/2021 10:21:23,6028e36ad1e80652e41054ca,609d69021c511f4b1d4df1c4,com.pregnantcatemma.virtualpet,1.0,iv,Android OS 8.0.0 / API-26 (HUAWEIBAH2-L09/295(OCEC636)),56cf73f6-294b-4dd4-a08c-4545c1eec996,False,False,SN,1631355696.025484
0,An error occurred while sending the request,Error,/BuildNotice/0,MobileSDK,Xiaomi M2006C3MI,OpenGLES2,1.0,1.10.2,False,Programmatic1,Programmatic,09/11/2021 10:21:36,611bdadcd4e35d332f3d5e66,611be843d5491c7d0a6ab0ce,com.thg.battleops.shooting.game,1.0,iv,Android OS 10 / API-29 (QP1A.190711.020/V12.0.12.0.QCRINXM),14ae072e-a3fc-4aea-9bff-2d9c7a62e5cd,True,False,TH,1631355696.034905
0,could not receive ip address from ipfy,Error,/BuildNotice/0,MobileSDK,HUAWEI BAH2-L09,OpenGLES2,1.0,1.11.0,False,Programmatic1,Programmatic,09/11/2021 10:21:23,6028e36ad1e80652e41054ca,609d69021c511f4b1d4df1c4,com.pregnantcatemma.virtualpet,1.0,iv,Android OS 8.0.0 / API-26 (HUAWEIBAH2-L09/295(OCEC636)),56cf73f6-294b-4dd4-a08c-4545c1eec996,False,False,SN,1631355696.041616
0,An error occurred while sending the request,Error,/BuildNotice/0,MobileSDK,HUAWEI BAH2-L09,OpenGLES2,1.0,1.11.0,False,Programmatic1,Programmatic,09/11/2021 10:21:23,6028e36ad1e80652e41054ca,609d69021c511f4b1d4df1c4,com.pregnantcatemma.virtualpet,1.0,iv,Android OS 8.0.0 / API-26 (HUAWEIBAH2-L09/295(OCEC636)),56cf73f6-294b-4dd4-a08c-4545c1eec996,False,False,SN,1631355696.301275
0,could not receive ip address from ipfy,Error,/BuildNotice/0,MobileSDK,HUAWEI BAH2-L09,OpenGLES2,1.0,1.11.0,False,Programmatic1,Programmatic,09/11/2021 10:21:23,6028e36ad1e80652e41054ca,609d69021c511f4b1d4df1c4,com.pregnantcatemma.virtualpet,1.0,iv,Android OS 8.0.0 / API-26 (HUAWEIBAH2-L09/295(OCEC636)),56cf73f6-294b-4dd4-a08c-4545c1eec996,False,False,SN,1631355696.322335
0,could not receive ip address from ipfy,Error,/BuildNotice/0,MobileSDK,samsung SM-A125F,OpenGLES2,1.0,1.11.0,False,LowRevenueCountryBlock,LowRevenueCountryBlock,11/09/2021 10:21:37,6028e36ad1e80652e41054ca,6028e407a1ba2a0d3d760566,com.mytalkingcatemma.ballerinagames,1.0,en,Android OS 11 / API-30 (RP1A.200720.012/A125FXXU1BUE3),eda1b41f-6c91-4785-b8d5-0b8ff62c61cd,False,False,IQ,1631355696.34473
0,An error occurred while sending the request,Error,/BuildNotice/0,MobileSDK,samsung SM-A125F,OpenGLES2,1.0,1.11.0,False,LowRevenueCountryBlock,LowRevenueCountryBlock,11/09/2021 10:21:37,6028e36ad1e80652e41054ca,6028e407a1ba2a0d3d760566,com.mytalkingcatemma.ballerinagames,1.0,en,Android OS 11 / API-30 (RP1A.200720.012/A125FXXU1BUE3),eda1b41f-6c91-4785-b8d5-0b8ff62c61cd,False,False,IQ,1631355696.382675
0,An error occurred while sending the request,Error,/BuildNotice/0,MobileSDK,samsung SM-A107F,OpenGLES2,1.0,1.10.2,False,Programmatic1,Programmatic,09/11/2021 10:20:11,611bdadcd4e35d332f3d5e66,611be843d5491c7d0a6ab0ce,com.thg.battleops.shooting.game,1.0,iv,Android OS 10 / API-29 (QP1A.190711.020/A107FXXU8BUF1),66d0be28-32fd-4e83-a682-d524e39f8881,True,False,IN,1631355696.495045
0,An error occurred while sending the request,Error,/BuildNotice/0,MobileSDK,HUAWEI BAH2-L09,OpenGLES2,1.0,1.11.0,False,Programmatic1,Programmatic,09/11/2021 10:21:23,6028e36ad1e80652e41054ca,609d69021c511f4b1d4df1c4,com.pregnantcatemma.virtualpet,1.0,iv,Android OS 8.0.0 / API-26 (HUAWEIBAH2-L09/295(OCEC636)),56cf73f6-294b-4dd4-a08c-4545c1eec996,False,False,SN,1631355696.575255
0,could not receive ip address from ipfy,Error,/BuildNotice/0,MobileSDK,HUAWEI BAH2-L09,OpenGLES2,1.0,1.11.0,False,Programmatic1,Programmatic,09/11/2021 10:21:24,6028e36ad1e80652e41054ca,609d69021c511f4b1d4df1c4,com.pregnantcatemma.virtualpet,1.0,iv,Android OS 8.0.0 / API-26 (HUAWEIBAH2-L09/295(OCEC636)),56cf73f6-294b-4dd4-a08c-4545c1eec996,False,False,SN,1631355696.590355
0,An error occurred while sending the request,Error,/BuildNotice/0,MobileSDK,HUAWEI BAH2-L09,OpenGLES2,1.0,1.11.0,False,Programmatic1,Programmatic,09/11/2021 10:21:24,6028e36ad1e80652e41054ca,609d69021c511f4b1d4df1c4,com.pregnantcatemma.virtualpet,1.0,iv,Android OS 8.0.0 / API-26 (HUAWEIBAH2-L09/295(OCEC636)),56cf73f6-294b-4dd4-a08c-4545c1eec996,False,False,SN,1631355696.848277
0,could not receive ip address from ipfy,Error,/BuildNotice/0,MobileSDK,HUAWEI BAH2-L09,OpenGLES2,1.0,1.11.0,False,Programmatic1,Programmatic,09/11/2021 10:21:24,6028e36ad1e80652e41054ca,609d69021c511f4b1d4df1c4,com.pregnantcatemma.virtualpet,1.0,iv,Android OS 8.0.0 / API-26 (HUAWEIBAH2-L09/295(OCEC636)),56cf73f6-294b-4dd4-a08c-4545c1eec996,False,False,SN,1631355696.862096
0,could not receive ip address from ipfy,Error,/BuildNotice/0,MobileSDK,vivo vivo 1811,OpenGLES2,1.0,1.10.2,False,Programmatic1,Programmatic,09/11/2021 10:21:35,611bdadcd4e35d332f3d5e66,611be843d5491c7d0a6ab0ce,com.thg.battleops.shooting.game,1.0,iv,Android OS 8.1.0 / API-27 (OPM1.171019.026/eng.compil.20200520.160752),07e14eca-f6d1-4636-bf0f-483bad60cf4e,True,False,IR,1631355697.034867
0,An error occurred while sending the request,Error,/BuildNotice/0,MobileSDK,HUAWEI BAH2-L09,OpenGLES2,1.0,1.11.0,False,Programmatic1,Programmatic,09/11/2021 10:21:24,6028e36ad1e80652e41054ca,609d69021c511f4b1d4df1c4,com.pregnantcatemma.virtualpet,1.0,iv,Android OS 8.0.0 / API-26 (HUAWEIBAH2-L09/295(OCEC636)),56cf73f6-294b-4dd4-a08c-4545c1eec996,False,False,SN,1631355697.119684
0,could not receive ip address from ipfy,Error,/BuildNotice/0,MobileSDK,HUAWEI BAH2-L09,OpenGLES2,1.0,1.11.0,False,Programmatic1,Programmatic,09/11/2021 10:21:24,6028e36ad1e80652e41054ca,609d69021c511f4b1d4df1c4,com.pregnantcatemma.virtualpet,1.0,iv,Android OS 8.0.0 / API-26 (HUAWEIBAH2-L09/295(OCEC636)),56cf73f6-294b-4dd4-a08c-4545c1eec996,False,False,SN,1631355697.135795
0,An error occurred while sending the request,Error,/BuildNotice/0,MobileSDK,HUAWEI BAH2-L09,OpenGLES2,1.0,1.11.0,False,Programmatic1,Programmatic,09/11/2021 10:21:24,6028e36ad1e80652e41054ca,609d69021c511f4b1d4df1c4,com.pregnantcatemma.virtualpet,1.0,iv,Android OS 8.0.0 / API-26 (HUAWEIBAH2-L09/295(OCEC636)),56cf73f6-294b-4dd4-a08c-4545c1eec996,False,False,SN,1631355697.39428
0,could not receive ip address from ipfy,Error,/BuildNotice/0,MobileSDK,HUAWEI BAH2-L09,OpenGLES2,1.0,1.11.0,False,Programmatic1,Programmatic,09/11/2021 10:21:24,6028e36ad1e80652e41054ca,609d69021c511f4b1d4df1c4,com.pregnantcatemma.virtualpet,1.0,iv,Android OS 8.0.0 / API-26 (HUAWEIBAH2-L09/295(OCEC636)),56cf73f6-294b-4dd4-a08c-4545c1eec996,False,False,SN,1631355697.411175
0,An error occurred while sending the request,Error,/BuildNotice/0,MobileSDK,HUAWEI BAH2-L09,OpenGLES2,1.0,1.11.0,False,Programmatic1,Programmatic,09/11/2021 10:21:24,6028e36ad1e80652e41054ca,609d69021c511f4b1d4df1c4,com.pregnantcatemma.virtualpet,1.0,iv,Android OS 8.0.0 / API-26 (HUAWEIBAH2-L09/295(OCEC636)),56cf73f6-294b-4dd4-a08c-4545c1eec996,False,False,SN,1631355697.666013
0,could not receive ip address from ipfy,Error,/BuildNotice/0,MobileSDK,HUAWEI BAH2-L09,OpenGLES2,1.0,1.11.0,False,Programmatic1,Programmatic,09/11/2021 10:21:25,6028e36ad1e80652e41054ca,609d69021c511f4b1d4df1c4,com.pregnantcatemma.virtualpet,1.0,iv,Android OS 8.0.0 / API-26 (HUAWEIBAH2-L09/295(OCEC636)),56cf73f6-294b-4dd4-a08c-4545c1eec996,False,False,SN,1631355697.682399
0,An error occurred while sending the request,Error,/BuildNotice/0,MobileSDK,HUAWEI BAH2-L09,OpenGLES2,1.0,1.11.0,False,Programmatic1,Programmatic,09/11/2021 10:21:25,6028e36ad1e80652e41054ca,609d69021c511f4b1d4df1c4,com.pregnantcatemma.virtualpet,1.0,iv,Android OS 8.0.0 / API-26 (HUAWEIBAH2-L09/295(OCEC636)),56cf73f6-294b-4dd4-a08c-4545c1eec996,False,False,SN,1631355697.93872
0,could not receive ip address from ipfy,Error,/BuildNotice/0,MobileSDK,HUAWEI BAH2-L09,OpenGLES2,1.0,1.11.0,False,Programmatic1,Programmatic,09/11/2021 10:21:25,6028e36ad1e80652e41054ca,609d69021c511f4b1d4df1c4,com.pregnantcatemma.virtualpet,1.0,iv,Android OS 8.0.0 / API-26 (HUAWEIBAH2-L09/295(OCEC636)),56cf73f6-294b-4dd4-a08c-4545c1eec996,False,False,SN,1631355697.952873
0,could not receive ip address from ipfy,Error,/BuildNotice/0,MobileSDK,LGE LG-M700,OpenGLES2,1.0,1.10.2,False,Programmatic1,Programmatic,09/11/2021 10:21:37,611bdadcd4e35d332f3d5e66,611be843d5491c7d0a6ab0ce,com.thg.battleops.shooting.game,1.0,iv,Android OS 8.1.0 / API-27 (OPM1.171019.026/18236164615b9),dba9a37d-c427-4546-a7b1-1015d4fd7de5,True,False,IN,1631355698.145106
0,An error occurred while sending the request,Error,/BuildNotice/0,MobileSDK,LGE LG-M700,OpenGLES2,1.0,1.10.2,False,Programmatic1,Programmatic,09/11/2021 10:21:37,611bdadcd4e35d332f3d5e66,611be843d5491c7d0a6ab0ce,com.thg.battleops.shooting.game,1.0,iv,Android OS 8.1.0 / API-27 (OPM1.171019.026/18236164615b9),dba9a37d-c427-4546-a7b1-1015d4fd7de5,True,False,IN,1631355698.189162
0,An error occurred while sending the request,Error,/BuildNotice/0,MobileSDK,HUAWEI BAH2-L09,OpenGLES2,1.0,1.11.0,False,Programmatic1,Programmatic,09/11/2021 10:21:25,6028e36ad1e80652e41054ca,609d69021c511f4b1d4df1c4,com.pregnantcatemma.virtualpet,1.0,iv,Android OS 8.0.0 / API-26 (HUAWEIBAH2-L09/295(OCEC636)),56cf73f6-294b-4dd4-a08c-4545c1eec996,False,False,SN,1631355698.208906
0,could not receive ip address from ipfy,Error,/BuildNotice/0,MobileSDK,HUAWEI BAH2-L09,OpenGLES2,1.0,1.11.0,False,Programmatic1,Programmatic,09/11/2021 10:21:25,6028e36ad1e80652e41054ca,609d69021c511f4b1d4df1c4,com.pregnantcatemma.virtualpet,1.0,iv,Android OS 8.0.0 / API-26 (HUAWEIBAH2-L09/295(OCEC636)),56cf73f6-294b-4dd4-a08c-4545c1eec996,False,False,SN,1631355698.225853
0,An error occurred while sending the request,Error,/BuildNotice/0,MobileSDK,vivo vivo 1811,OpenGLES2,1.0,1.10.2,False,Programmatic1,Programmatic,09/11/2021 10:21:36,611bdadcd4e35d332f3d5e66,611be843d5491c7d0a6ab0ce,com.thg.battleops.shooting.game,1.0,iv,Android OS 8.1.0 / API-27 (OPM1.171019.026/eng.compil.20200520.160752),07e14eca-f6d1-4636-bf0f-483bad60cf4e,True,False,IR,1631355698.343261
0,could not receive ip address from ipfy,Error,/BuildNotice/0,MobileSDK,samsung SM-A107F,OpenGLES2,1.0,1.10.2,False,Programmatic1,Programmatic,09/11/2021 10:20:12,611bdadcd4e35d332f3d5e66,611be843d5491c7d0a6ab0ce,com.thg.battleops.shooting.game,1.0,iv,Android OS 10 / API-29 (QP1A.190711.020/A107FXXU8BUF1),66d0be28-32fd-4e83-a682-d524e39f8881,True,False,IN,1631355698.372441
0,An error occurred while sending the request,Error,/BuildNotice/0,MobileSDK,HUAWEI BAH2-L09,OpenGLES2,1.0,1.11.0,False,Programmatic1,Programmatic,09/11/2021 10:21:25,6028e36ad1e80652e41054ca,609d69021c511f4b1d4df1c4,com.pregnantcatemma.virtualpet,1.0,iv,Android OS 8.0.0 / API-26 (HUAWEIBAH2-L09/295(OCEC636)),56cf73f6-294b-4dd4-a08c-4545c1eec996,False,False,SN,1631355698.482572
0,could not receive ip address from ipfy,Error,/BuildNotice/0,MobileSDK,HUAWEI BAH2-L09,OpenGLES2,1.0,1.11.0,False,Programmatic1,Programmatic,09/11/2021 10:21:25,6028e36ad1e80652e41054ca,609d69021c511f4b1d4df1c4,com.pregnantcatemma.virtualpet,1.0,iv,Android OS 8.0.0 / API-26 (HUAWEIBAH2-L09/295(OCEC636)),56cf73f6-294b-4dd4-a08c-4545c1eec996,False,False,SN,1631355698.497232
0,An error occurred while sending the request,Error,/BuildNotice/0,MobileSDK,Xiaomi M2006C3MI,OpenGLES2,1.0,1.10.2,False,Programmatic1,Programmatic,09/11/2021 10:21:39,611bdadcd4e35d332f3d5e66,611be843d5491c7d0a6ab0ce,com.thg.battleops.shooting.game,1.0,iv,Android OS 10 / API-29 (QP1A.190711.020/V12.0.12.0.QCRINXM),14ae072e-a3fc-4aea-9bff-2d9c7a62e5cd,True,False,TH,1631355698.738022
0,An error occurred while sending the request,Error,/BuildNotice/0,MobileSDK,HUAWEI BAH2-L09,OpenGLES2,1.0,1.11.0,False,Programmatic1,Programmatic,09/11/2021 10:21:25,6028e36ad1e80652e41054ca,609d69021c511f4b1d4df1c4,com.pregnantcatemma.virtualpet,1.0,iv,Android OS 8.0.0 / API-26 (HUAWEIBAH2-L09/295(OCEC636)),56cf73f6-294b-4dd4-a08c-4545c1eec996,False,False,SN,1631355698.752329
0,could not receive ip address from ipfy,Error,/BuildNotice/0,MobileSDK,Xiaomi M2006C3MI,OpenGLES2,1.0,1.10.2,False,Programmatic1,Programmatic,09/11/2021 10:21:39,611bdadcd4e35d332f3d5e66,611be843d5491c7d0a6ab0ce,com.thg.battleops.shooting.game,1.0,iv,Android OS 10 / API-29 (QP1A.190711.020/V12.0.12.0.QCRINXM),14ae072e-a3fc-4aea-9bff-2d9c7a62e5cd,True,False,TH,1631355698.986968
0,could not receive ip address from ipfy,Error,/BuildNotice/0,MobileSDK,HUAWEI BAH2-L09,OpenGLES2,1.0,1.11.0,False,Programmatic1,Programmatic,09/11/2021 10:21:26,6028e36ad1e80652e41054ca,609d69021c511f4b1d4df1c4,com.pregnantcatemma.virtualpet,1.0,iv,Android OS 8.0.0 / API-26 (HUAWEIBAH2-L09/295(OCEC636)),56cf73f6-294b-4dd4-a08c-4545c1eec996,False,False,SN,1631355698.766354
0,An error occurred while sending the request,Error,/BuildNotice/0,MobileSDK,HUAWEI BAH2-L09,OpenGLES2,1.0,1.11.0,False,Programmatic1,Programmatic,09/11/2021 10:21:26,6028e36ad1e80652e41054ca,609d69021c511f4b1d4df1c4,com.pregnantcatemma.virtualpet,1.0,iv,Android OS 8.0.0 / API-26 (HUAWEIBAH2-L09/295(OCEC636)),56cf73f6-294b-4dd4-a08c-4545c1eec996,False,False,SN,1631355699.306207
0,A task was canceled.,Error,/BuildNotice/0,MobileSDK,HUAWEI STK-L21,OpenGLES2,1.0,1.10.2,False,LowRevenueCountryBlock,LowRevenueCountryBlock,09/11/2021 10:21:26,611bdadcd4e35d332f3d5e66,611be843d5491c7d0a6ab0ce,com.thg.battleops.shooting.game,1.0,iv,Android OS 10 / API-29 (HUAWEISTK-L21/10.0.0.274C185),99a8c3e5-f662-44bc-8e4e-e208d438a420,True,False,BD,1631355699.449845
0,could not receive ip address from ipfy,Error,/BuildNotice/0,MobileSDK,HUAWEI BAH2-L09,OpenGLES2,1.0,1.11.0,False,Programmatic1,Programmatic,09/11/2021 10:21:26,6028e36ad1e80652e41054ca,609d69021c511f4b1d4df1c4,com.pregnantcatemma.virtualpet,1.0,iv,Android OS 8.0.0 / API-26 (HUAWEIBAH2-L09/295(OCEC636)),56cf73f6-294b-4dd4-a08c-4545c1eec996,False,False,SN,1631355699.551981
0,An error occurred while sending the request,Error,/BuildNotice/0,MobileSDK,HUAWEI BAH2-L09,OpenGLES2,1.0,1.11.0,False,Programmatic1,Programmatic,09/11/2021 10:21:26,6028e36ad1e80652e41054ca,609d69021c511f4b1d4df1c4,com.pregnantcatemma.virtualpet,1.0,iv,Android OS 8.0.0 / API-26 (HUAWEIBAH2-L09/295(OCEC636)),56cf73f6-294b-4dd4-a08c-4545c1eec996,False,False,SN,1631355699.578321
0,could not receive ip address from ipfy,Error,/BuildNotice/0,MobileSDK,HUAWEI BAH2-L09,OpenGLES2,1.0,1.11.0,False,Programmatic1,Programmatic,09/11/2021 10:21:26,6028e36ad1e80652e41054ca,609d69021c511f4b1d4df1c4,com.pregnantcatemma.virtualpet,1.0,iv,Android OS 8.0.0 / API-26 (HUAWEIBAH2-L09/295(OCEC636)),56cf73f6-294b-4dd4-a08c-4545c1eec996,False,False,SN,1631355699.821667
0,An error occurred while sending the request,Error,/BuildNotice/0,MobileSDK,HUAWEI BAH2-L09,OpenGLES2,1.0,1.11.0,False,Programmatic1,Programmatic,09/11/2021 10:21:26,6028e36ad1e80652e41054ca,609d69021c511f4b1d4df1c4,com.pregnantcatemma.virtualpet,1.0,iv,Android OS 8.0.0 / API-26 (HUAWEIBAH2-L09/295(OCEC636)),56cf73f6-294b-4dd4-a08c-4545c1eec996,False,False,SN,1631355699.845917
0,could not receive ip address from ipfy,Error,/BuildNotice/0,MobileSDK,HUAWEI BAH2-L09,OpenGLES2,1.0,1.11.0,False,Programmatic1,Programmatic,09/11/2021 10:21:26,6028e36ad1e80652e41054ca,609d69021c511f4b1d4df1c4,com.pregnantcatemma.virtualpet,1.0,iv,Android OS 8.0.0 / API-26 (HUAWEIBAH2-L09/295(OCEC636)),56cf73f6-294b-4dd4-a08c-4545c1eec996,False,False,SN,1631355700.09361
0,An error occurred while sending the request,Error,/BuildNotice/0,MobileSDK,HUAWEI BAH2-L09,OpenGLES2,1.0,1.11.0,False,Programmatic1,Programmatic,09/11/2021 10:21:26,6028e36ad1e80652e41054ca,609d69021c511f4b1d4df1c4,com.pregnantcatemma.virtualpet,1.0,iv,Android OS 8.0.0 / API-26 (HUAWEIBAH2-L09/295(OCEC636)),56cf73f6-294b-4dd4-a08c-4545c1eec996,False,False,SN,1631355700.141941
0,could not receive ip address from ipfy,Error,/BuildNotice/0,MobileSDK,HUAWEI BAH2-L09,OpenGLES2,1.0,1.11.0,False,Programmatic1,Programmatic,09/11/2021 10:21:27,6028e36ad1e80652e41054ca,609d69021c511f4b1d4df1c4,com.pregnantcatemma.virtualpet,1.0,iv,Android OS 8.0.0 / API-26 (HUAWEIBAH2-L09/295(OCEC636)),56cf73f6-294b-4dd4-a08c-4545c1eec996,False,False,SN,1631355700.356829
0,An error occurred while sending the request,Error,/BuildNotice/0,MobileSDK,HUAWEI BAH2-L09,OpenGLES2,1.0,1.11.0,False,Programmatic1,Programmatic,09/11/2021 10:21:27,6028e36ad1e80652e41054ca,609d69021c511f4b1d4df1c4,com.pregnantcatemma.virtualpet,1.0,iv,Android OS 8.0.0 / API-26 (HUAWEIBAH2-L09/295(OCEC636)),56cf73f6-294b-4dd4-a08c-4545c1eec996,False,False,SN,1631355700.409756
0,could not receive ip address from ipfy,Error,/BuildNotice/0,MobileSDK,HUAWEI BAH2-L09,OpenGLES2,1.0,1.11.0,False,Programmatic1,Programmatic,09/11/2021 10:21:27,6028e36ad1e80652e41054ca,609d69021c511f4b1d4df1c4,com.pregnantcatemma.virtualpet,1.0,iv,Android OS 8.0.0 / API-26 (HUAWEIBAH2-L09/295(OCEC636)),56cf73f6-294b-4dd4-a08c-4545c1eec996,False,False,SN,1631355700.625485
0,An error occurred while sending the request,Error,/BuildNotice/0,MobileSDK,HUAWEI BAH2-L09,OpenGLES2,1.0,1.11.0,False,Programmatic1,Programmatic,09/11/2021 10:21:27,6028e36ad1e80652e41054ca,609d69021c511f4b1d4df1c4,com.pregnantcatemma.virtualpet,1.0,iv,Android OS 8.0.0 / API-26 (HUAWEIBAH2-L09/295(OCEC636)),56cf73f6-294b-4dd4-a08c-4545c1eec996,False,False,SN,1631355700.694536
0,could not receive ip address from ipfy,Error,/BuildNotice/0,MobileSDK,HUAWEI BAH2-L09,OpenGLES2,1.0,1.11.0,False,Programmatic1,Programmatic,09/11/2021 10:21:27,6028e36ad1e80652e41054ca,609d69021c511f4b1d4df1c4,com.pregnantcatemma.virtualpet,1.0,iv,Android OS 8.0.0 / API-26 (HUAWEIBAH2-L09/295(OCEC636)),56cf73f6-294b-4dd4-a08c-4545c1eec996,False,False,SN,1631355700.889107
0,An error occurred while sending the request,Error,/BuildNotice/0,MobileSDK,HUAWEI BAH2-L09,OpenGLES2,1.0,1.11.0,False,Programmatic1,Programmatic,09/11/2021 10:21:27,6028e36ad1e80652e41054ca,609d69021c511f4b1d4df1c4,com.pregnantcatemma.virtualpet,1.0,iv,Android OS 8.0.0 / API-26 (HUAWEIBAH2-L09/295(OCEC636)),56cf73f6-294b-4dd4-a08c-4545c1eec996,False,False,SN,1631355700.965505
0,could not receive ip address from ipfy,Error,/BuildNotice/0,MobileSDK,HUAWEI BAH2-L09,OpenGLES2,1.0,1.11.0,False,Programmatic1,Programmatic,09/11/2021 10:21:27,6028e36ad1e80652e41054ca,609d69021c511f4b1d4df1c4,com.pregnantcatemma.virtualpet,1.0,iv,Android OS 8.0.0 / API-26 (HUAWEIBAH2-L09/295(OCEC636)),56cf73f6-294b-4dd4-a08c-4545c1eec996,False,False,SN,1631355701.154452
0,could not receive ip address from ipfy,Error,/BuildNotice/0,MobileSDK,LGE LG-M700,OpenGLES2,1.0,1.10.2,False,Programmatic1,Programmatic,09/11/2021 10:21:41,611bdadcd4e35d332f3d5e66,611be843d5491c7d0a6ab0ce,com.thg.battleops.shooting.game,1.0,iv,Android OS 8.1.0 / API-27 (OPM1.171019.026/18236164615b9),dba9a37d-c427-4546-a7b1-1015d4fd7de5,True,False,IN,1631355701.179568
0,An error occurred while sending the request,Error,/BuildNotice/0,MobileSDK,HUAWEI BAH2-L09,OpenGLES2,1.0,1.11.0,False,Programmatic1,Programmatic,09/11/2021 10:21:27,6028e36ad1e80652e41054ca,609d69021c511f4b1d4df1c4,com.pregnantcatemma.virtualpet,1.0,iv,Android OS 8.0.0 / API-26 (HUAWEIBAH2-L09/295(OCEC636)),56cf73f6-294b-4dd4-a08c-4545c1eec996,False,False,SN,1631355701.238977
0,could not receive ip address from ipfy,Error,/BuildNotice/0,MobileSDK,HUAWEI BAH2-L09,OpenGLES2,1.0,1.11.0,False,Programmatic1,Programmatic,09/11/2021 10:21:28,6028e36ad1e80652e41054ca,609d69021c511f4b1d4df1c4,com.pregnantcatemma.virtualpet,1.0,iv,Android OS 8.0.0 / API-26 (HUAWEIBAH2-L09/295(OCEC636)),56cf73f6-294b-4dd4-a08c-4545c1eec996,False,False,SN,1631355701.419452
0,An error occurred while sending the request,Error,/BuildNotice/0,MobileSDK,LGE LG-M700,OpenGLES2,1.0,1.10.2,False,Programmatic1,Programmatic,09/11/2021 10:21:41,611bdadcd4e35d332f3d5e66,611be843d5491c7d0a6ab0ce,com.thg.battleops.shooting.game,1.0,iv,Android OS 8.1.0 / API-27 (OPM1.171019.026/18236164615b9),dba9a37d-c427-4546-a7b1-1015d4fd7de5,True,False,IN,1631355701.443064
0,An error occurred while sending the request,Error,/BuildNotice/0,MobileSDK,HUAWEI BAH2-L09,OpenGLES2,1.0,1.11.0,False,Programmatic1,Programmatic,09/11/2021 10:21:28,6028e36ad1e80652e41054ca,609d69021c511f4b1d4df1c4,com.pregnantcatemma.virtualpet,1.0,iv,Android OS 8.0.0 / API-26 (HUAWEIBAH2-L09/295(OCEC636)),56cf73f6-294b-4dd4-a08c-4545c1eec996,False,False,SN,1631355701.50739
0,could not receive ip address from ipfy,Error,/BuildNotice/0,MobileSDK,HUAWEI BAH2-L09,OpenGLES2,1.0,1.11.0,False,Programmatic1,Programmatic,09/11/2021 10:21:28,6028e36ad1e80652e41054ca,609d69021c511f4b1d4df1c4,com.pregnantcatemma.virtualpet,1.0,iv,Android OS 8.0.0 / API-26 (HUAWEIBAH2-L09/295(OCEC636)),56cf73f6-294b-4dd4-a08c-4545c1eec996,False,False,SN,1631355701.696927
0,An error occurred while sending the request,Error,/BuildNotice/0,MobileSDK,samsung SM-A107F,OpenGLES2,1.0,1.10.2,False,Programmatic1,Programmatic,09/11/2021 10:20:12,611bdadcd4e35d332f3d5e66,611be843d5491c7d0a6ab0ce,com.thg.battleops.shooting.game,1.0,iv,Android OS 10 / API-29 (QP1A.190711.020/A107FXXU8BUF1),66d0be28-32fd-4e83-a682-d524e39f8881,True,False,IN,1631355701.72908
0,An error occurred while sending the request,Error,/BuildNotice/0,MobileSDK,HUAWEI BAH2-L09,OpenGLES2,1.0,1.11.0,False,Programmatic1,Programmatic,09/11/2021 10:21:28,6028e36ad1e80652e41054ca,609d69021c511f4b1d4df1c4,com.pregnantcatemma.virtualpet,1.0,iv,Android OS 8.0.0 / API-26 (HUAWEIBAH2-L09/295(OCEC636)),56cf73f6-294b-4dd4-a08c-4545c1eec996,False,False,SN,1631355701.777333
0,could not receive ip address from ipfy,Error,/BuildNotice/0,MobileSDK,HUAWEI BAH2-L09,OpenGLES2,1.0,1.11.0,False,Programmatic1,Programmatic,09/11/2021 10:21:28,6028e36ad1e80652e41054ca,609d69021c511f4b1d4df1c4,com.pregnantcatemma.virtualpet,1.0,iv,Android OS 8.0.0 / API-26 (HUAWEIBAH2-L09/295(OCEC636)),56cf73f6-294b-4dd4-a08c-4545c1eec996,False,False,SN,1631355701.966177
0,An error occurred while sending the request,Error,/BuildNotice/0,MobileSDK,HUAWEI BAH2-L09,OpenGLES2,1.0,1.11.0,False,Programmatic1,Programmatic,09/11/2021 10:21:28,6028e36ad1e80652e41054ca,609d69021c511f4b1d4df1c4,com.pregnantcatemma.virtualpet,1.0,iv,Android OS 8.0.0 / API-26 (HUAWEIBAH2-L09/295(OCEC636)),56cf73f6-294b-4dd4-a08c-4545c1eec996,False,False,SN,1631355702.050077
0,could not receive ip address from ipfy,Error,/BuildNotice/0,MobileSDK,HUAWEI BAH2-L09,OpenGLES2,1.0,1.11.0,False,Programmatic1,Programmatic,09/11/2021 10:21:28,6028e36ad1e80652e41054ca,609d69021c511f4b1d4df1c4,com.pregnantcatemma.virtualpet,1.0,iv,Android OS 8.0.0 / API-26 (HUAWEIBAH2-L09/295(OCEC636)),56cf73f6-294b-4dd4-a08c-4545c1eec996,False,False,SN,1631355702.234956
0,An error occurred while sending the request,Error,/BuildNotice/0,MobileSDK,HUAWEI BAH2-L09,OpenGLES2,1.0,1.11.0,False,Programmatic1,Programmatic,09/11/2021 10:21:28,6028e36ad1e80652e41054ca,609d69021c511f4b1d4df1c4,com.pregnantcatemma.virtualpet,1.0,iv,Android OS 8.0.0 / API-26 (HUAWEIBAH2-L09/295(OCEC636)),56cf73f6-294b-4dd4-a08c-4545c1eec996,False,False,SN,1631355702.31871
0,could not receive ip address from ipfy,Error,/BuildNotice/0,MobileSDK,Xiaomi M2006C3MI,OpenGLES2,1.0,1.10.2,False,Programmatic1,Programmatic,09/11/2021 10:21:42,611bdadcd4e35d332f3d5e66,611be843d5491c7d0a6ab0ce,com.thg.battleops.shooting.game,1.0,iv,Android OS 10 / API-29 (QP1A.190711.020/V12.0.12.0.QCRINXM),14ae072e-a3fc-4aea-9bff-2d9c7a62e5cd,True,False,TH,1631355702.418391
0,An error occurred while sending the request,Error,/BuildNotice/0,MobileSDK,Xiaomi M2006C3MI,OpenGLES2,1.0,1.10.2,False,Programmatic1,Programmatic,09/11/2021 10:21:42,611bdadcd4e35d332f3d5e66,611be843d5491c7d0a6ab0ce,com.thg.battleops.shooting.game,1.0,iv,Android OS 10 / API-29 (QP1A.190711.020/V12.0.12.0.QCRINXM),14ae072e-a3fc-4aea-9bff-2d9c7a62e5cd,True,False,TH,1631355702.425554
0,could not receive ip address from ipfy,Error,/BuildNotice/0,MobileSDK,HUAWEI BAH2-L09,OpenGLES2,1.0,1.11.0,False,Programmatic1,Programmatic,09/11/2021 10:21:28,6028e36ad1e80652e41054ca,609d69021c511f4b1d4df1c4,com.pregnantcatemma.virtualpet,1.0,iv,Android OS 8.0.0 / API-26 (HUAWEIBAH2-L09/295(OCEC636)),56cf73f6-294b-4dd4-a08c-4545c1eec996,False,False,SN,1631355702.504787
0,An error occurred while sending the request,Error,/BuildNotice/0,MobileSDK,HUAWEI BAH2-L09,OpenGLES2,1.0,1.11.0,False,Programmatic1,Programmatic,09/11/2021 10:21:28,6028e36ad1e80652e41054ca,609d69021c511f4b1d4df1c4,com.pregnantcatemma.virtualpet,1.0,iv,Android OS 8.0.0 / API-26 (HUAWEIBAH2-L09/295(OCEC636)),56cf73f6-294b-4dd4-a08c-4545c1eec996,False,False,SN,1631355702.590776
0,could not receive ip address from ipfy,Error,/BuildNotice/0,MobileSDK,HUAWEI BAH2-L09,OpenGLES2,1.0,1.11.0,False,Programmatic1,Programmatic,09/11/2021 10:21:29,6028e36ad1e80652e41054ca,609d69021c511f4b1d4df1c4,com.pregnantcatemma.virtualpet,1.0,iv,Android OS 8.0.0 / API-26 (HUAWEIBAH2-L09/295(OCEC636)),56cf73f6-294b-4dd4-a08c-4545c1eec996,False,False,SN,1631355702.771771
0,An error occurred while sending the request,Error,/BuildNotice/0,MobileSDK,HUAWEI BAH2-L09,OpenGLES2,1.0,1.11.0,False,Programmatic1,Programmatic,09/11/2021 10:21:29,6028e36ad1e80652e41054ca,609d69021c511f4b1d4df1c4,com.pregnantcatemma.virtualpet,1.0,iv,Android OS 8.0.0 / API-26 (HUAWEIBAH2-L09/295(OCEC636)),56cf73f6-294b-4dd4-a08c-4545c1eec996,False,False,SN,1631355702.863769
0,could not receive ip address from ipfy,Error,/BuildNotice/0,MobileSDK,samsung SM-A107F,OpenGLES2,1.0,1.10.2,False,Programmatic1,Programmatic,09/11/2021 10:20:13,611bdadcd4e35d332f3d5e66,611be843d5491c7d0a6ab0ce,com.thg.battleops.shooting.game,1.0,iv,Android OS 10 / API-29 (QP1A.190711.020/A107FXXU8BUF1),66d0be28-32fd-4e83-a682-d524e39f8881,True,False,IN,1631355702.99987
0,could not receive ip address from ipfy,Error,/BuildNotice/0,MobileSDK,HUAWEI BAH2-L09,OpenGLES2,1.0,1.11.0,False,Programmatic1,Programmatic,09/11/2021 10:21:29,6028e36ad1e80652e41054ca,609d69021c511f4b1d4df1c4,com.pregnantcatemma.virtualpet,1.0,iv,Android OS 8.0.0 / API-26 (HUAWEIBAH2-L09/295(OCEC636)),56cf73f6-294b-4dd4-a08c-4545c1eec996,False,False,SN,1631355703.041824
0,An error occurred while sending the request,Error,/BuildNotice/0,MobileSDK,HUAWEI BAH2-L09,OpenGLES2,1.0,1.11.0,False,Programmatic1,Programmatic,09/11/2021 10:21:29,6028e36ad1e80652e41054ca,609d69021c511f4b1d4df1c4,com.pregnantcatemma.virtualpet,1.0,iv,Android OS 8.0.0 / API-26 (HUAWEIBAH2-L09/295(OCEC636)),56cf73f6-294b-4dd4-a08c-4545c1eec996,False,False,SN,1631355703.14563
0,could not receive ip address from ipfy,Error,/BuildNotice/0,MobileSDK,HUAWEI BAH2-L09,OpenGLES2,1.0,1.11.0,False,Programmatic1,Programmatic,09/11/2021 10:21:29,6028e36ad1e80652e41054ca,609d69021c511f4b1d4df1c4,com.pregnantcatemma.virtualpet,1.0,iv,Android OS 8.0.0 / API-26 (HUAWEIBAH2-L09/295(OCEC636)),56cf73f6-294b-4dd4-a08c-4545c1eec996,False,False,SN,1631355703.30932
0,An error occurred while sending the request,Error,/BuildNotice/0,MobileSDK,HUAWEI BAH2-L09,OpenGLES2,1.0,1.11.0,False,Programmatic1,Programmatic,09/11/2021 10:21:29,6028e36ad1e80652e41054ca,609d69021c511f4b1d4df1c4,com.pregnantcatemma.virtualpet,1.0,iv,Android OS 8.0.0 / API-26 (HUAWEIBAH2-L09/295(OCEC636)),56cf73f6-294b-4dd4-a08c-4545c1eec996,False,False,SN,1631355703.419338
0,could not receive ip address from ipfy,Error,/BuildNotice/0,MobileSDK,HUAWEI BAH2-L09,OpenGLES2,1.0,1.11.0,False,Programmatic1,Programmatic,09/11/2021 10:21:29,6028e36ad1e80652e41054ca,609d69021c511f4b1d4df1c4,com.pregnantcatemma.virtualpet,1.0,iv,Android OS 8.0.0 / API-26 (HUAWEIBAH2-L09/295(OCEC636)),56cf73f6-294b-4dd4-a08c-4545c1eec996,False,False,SN,1631355703.577988
0,An error occurred while sending the request,Error,/BuildNotice/0,MobileSDK,HUAWEI BAH2-L09,OpenGLES2,1.0,1.11.0,False,Programmatic1,Programmatic,09/11/2021 10:21:29,6028e36ad1e80652e41054ca,609d69021c511f4b1d4df1c4,com.pregnantcatemma.virtualpet,1.0,iv,Android OS 8.0.0 / API-26 (HUAWEIBAH2-L09/295(OCEC636)),56cf73f6-294b-4dd4-a08c-4545c1eec996,False,False,SN,1631355703.689287
0,could not receive ip address from ipfy,Error,/BuildNotice/0,MobileSDK,HUAWEI BAH2-L09,OpenGLES2,1.0,1.11.0,False,Programmatic1,Programmatic,09/11/2021 10:21:30,6028e36ad1e80652e41054ca,609d69021c511f4b1d4df1c4,com.pregnantcatemma.virtualpet,1.0,iv,Android OS 8.0.0 / API-26 (HUAWEIBAH2-L09/295(OCEC636)),56cf73f6-294b-4dd4-a08c-4545c1eec996,False,False,SN,1631355703.843343
0,An error occurred while sending the request,Error,/BuildNotice/0,MobileSDK,HUAWEI BAH2-L09,OpenGLES2,1.0,1.11.0,False,Programmatic1,Programmatic,09/11/2021 10:21:30,6028e36ad1e80652e41054ca,609d69021c511f4b1d4df1c4,com.pregnantcatemma.virtualpet,1.0,iv,Android OS 8.0.0 / API-26 (HUAWEIBAH2-L09/295(OCEC636)),56cf73f6-294b-4dd4-a08c-4545c1eec996,False,False,SN,1631355703.960273
0,An error occurred while sending the request,Error,/BuildNotice/0,MobileSDK,samsung SM-A107F,OpenGLES2,1.0,1.10.2,False,Programmatic1,Programmatic,09/11/2021 10:20:13,611bdadcd4e35d332f3d5e66,611be843d5491c7d0a6ab0ce,com.thg.battleops.shooting.game,1.0,iv,Android OS 10 / API-29 (QP1A.190711.020/A107FXXU8BUF1),66d0be28-32fd-4e83-a682-d524e39f8881,True,False,IN,1631355704.037778
0,could not receive ip address from ipfy,Error,/BuildNotice/0,MobileSDK,HUAWEI BAH2-L09,OpenGLES2,1.0,1.11.0,False,Programmatic1,Programmatic,09/11/2021 10:21:30,6028e36ad1e80652e41054ca,609d69021c511f4b1d4df1c4,com.pregnantcatemma.virtualpet,1.0,iv,Android OS 8.0.0 / API-26 (HUAWEIBAH2-L09/295(OCEC636)),56cf73f6-294b-4dd4-a08c-4545c1eec996,False,False,SN,1631355704.111538
0,An error occurred while sending the request,Error,/BuildNotice/0,MobileSDK,HUAWEI BAH2-L09,OpenGLES2,1.0,1.11.0,False,Programmatic1,Programmatic,09/11/2021 10:21:30,6028e36ad1e80652e41054ca,609d69021c511f4b1d4df1c4,com.pregnantcatemma.virtualpet,1.0,iv,Android OS 8.0.0 / API-26 (HUAWEIBAH2-L09/295(OCEC636)),56cf73f6-294b-4dd4-a08c-4545c1eec996,False,False,SN,1631355704.245535
0,could not receive ip address from ipfy,Error,/BuildNotice/0,MobileSDK,HUAWEI STK-L21,OpenGLES2,1.0,1.10.2,False,LowRevenueCountryBlock,LowRevenueCountryBlock,09/11/2021 10:21:42,611bdadcd4e35d332f3d5e66,611be843d5491c7d0a6ab0ce,com.thg.battleops.shooting.game,1.0,iv,Android OS 10 / API-29 (HUAWEISTK-L21/10.0.0.274C185),99a8c3e5-f662-44bc-8e4e-e208d438a420,True,False,BD,1631355704.292119
0,could not receive ip address from ipfy,Error,/BuildNotice/0,MobileSDK,HUAWEI BAH2-L09,OpenGLES2,1.0,1.11.0,False,Programmatic1,Programmatic,09/11/2021 10:21:30,6028e36ad1e80652e41054ca,609d69021c511f4b1d4df1c4,com.pregnantcatemma.virtualpet,1.0,iv,Android OS 8.0.0 / API-26 (HUAWEIBAH2-L09/295(OCEC636)),56cf73f6-294b-4dd4-a08c-4545c1eec996,False,False,SN,1631355704.385309
0,could not receive ip address from ipfy,Error,/BuildNotice/0,MobileSDK,LGE LG-M700,OpenGLES2,1.0,1.10.2,False,Programmatic1,Programmatic,09/11/2021 10:21:44,611bdadcd4e35d332f3d5e66,611be843d5491c7d0a6ab0ce,com.thg.battleops.shooting.game,1.0,iv,Android OS 8.1.0 / API-27 (OPM1.171019.026/18236164615b9),dba9a37d-c427-4546-a7b1-1015d4fd7de5,True,False,IN,1631355704.445222
0,An error occurred while sending the request,Error,/BuildNotice/0,MobileSDK,HUAWEI BAH2-L09,OpenGLES2,1.0,1.11.0,False,Programmatic1,Programmatic,09/11/2021 10:21:30,6028e36ad1e80652e41054ca,609d69021c511f4b1d4df1c4,com.pregnantcatemma.virtualpet,1.0,iv,Android OS 8.0.0 / API-26 (HUAWEIBAH2-L09/295(OCEC636)),56cf73f6-294b-4dd4-a08c-4545c1eec996,False,False,SN,1631355704.513266
0,An error occurred while sending the request,Error,/BuildNotice/0,MobileSDK,LGE LG-M700,OpenGLES2,1.0,1.10.2,False,Programmatic1,Programmatic,09/11/2021 10:21:44,611bdadcd4e35d332f3d5e66,611be843d5491c7d0a6ab0ce,com.thg.battleops.shooting.game,1.0,iv,Android OS 8.1.0 / API-27 (OPM1.171019.026/18236164615b9),dba9a37d-c427-4546-a7b1-1015d4fd7de5,True,False,IN,1631355704.537322
0,could not receive ip address from ipfy,Error,/BuildNotice/0,MobileSDK,HUAWEI BAH2-L09,OpenGLES2,1.0,1.11.0,False,Programmatic1,Programmatic,09/11/2021 10:21:30,6028e36ad1e80652e41054ca,609d69021c511f4b1d4df1c4,com.pregnantcatemma.virtualpet,1.0,iv,Android OS 8.0.0 / API-26 (HUAWEIBAH2-L09/295(OCEC636)),56cf73f6-294b-4dd4-a08c-4545c1eec996,False,False,SN,1631355704.654902
0,could not receive ip address from ipfy,Error,/BuildNotice/0,MobileSDK,Xiaomi M2006C3MI,OpenGLES2,1.0,1.10.2,False,Programmatic1,Programmatic,09/11/2021 10:21:45,611bdadcd4e35d332f3d5e66,611be843d5491c7d0a6ab0ce,com.thg.battleops.shooting.game,1.0,iv,Android OS 10 / API-29 (QP1A.190711.020/V12.0.12.0.QCRINXM),14ae072e-a3fc-4aea-9bff-2d9c7a62e5cd,True,False,TH,1631355704.747537
0,An error occurred while sending the request,Error,/BuildNotice/0,MobileSDK,HUAWEI BAH2-L09,OpenGLES2,1.0,1.11.0,False,Programmatic1,Programmatic,09/11/2021 10:21:30,6028e36ad1e80652e41054ca,609d69021c511f4b1d4df1c4,com.pregnantcatemma.virtualpet,1.0,iv,Android OS 8.0.0 / API-26 (HUAWEIBAH2-L09/295(OCEC636)),56cf73f6-294b-4dd4-a08c-4545c1eec996,False,False,SN,1631355704.784267
0,could not receive ip address from ipfy,Error,/BuildNotice/0,MobileSDK,HUAWEI BAH2-L09,OpenGLES2,1.0,1.11.0,False,Programmatic1,Programmatic,09/11/2021 10:21:31,6028e36ad1e80652e41054ca,609d69021c511f4b1d4df1c4,com.pregnantcatemma.virtualpet,1.0,iv,Android OS 8.0.0 / API-26 (HUAWEIBAH2-L09/295(OCEC636)),56cf73f6-294b-4dd4-a08c-4545c1eec996,False,False,SN,1631355704.918509
0,An error occurred while sending the request,Error,/BuildNotice/0,MobileSDK,HUAWEI BAH2-L09,OpenGLES2,1.0,1.11.0,False,Programmatic1,Programmatic,09/11/2021 10:21:31,6028e36ad1e80652e41054ca,609d69021c511f4b1d4df1c4,com.pregnantcatemma.virtualpet,1.0,iv,Android OS 8.0.0 / API-26 (HUAWEIBAH2-L09/295(OCEC636)),56cf73f6-294b-4dd4-a08c-4545c1eec996,False,False,SN,1631355705.054139
0,could not receive ip address from ipfy,Error,/BuildNotice/0,MobileSDK,HUAWEI BAH2-L09,OpenGLES2,1.0,1.11.0,False,Programmatic1,Programmatic,09/11/2021 10:21:31,6028e36ad1e80652e41054ca,609d69021c511f4b1d4df1c4,com.pregnantcatemma.virtualpet,1.0,iv,Android OS 8.0.0 / API-26 (HUAWEIBAH2-L09/295(OCEC636)),56cf73f6-294b-4dd4-a08c-4545c1eec996,False,False,SN,1631355705.187346
0,An error occurred while sending the request,Error,/BuildNotice/0,MobileSDK,Xiaomi M2006C3MI,OpenGLES2,1.0,1.10.2,False,Programmatic1,Programmatic,09/11/2021 10:21:45,611bdadcd4e35d332f3d5e66,611be843d5491c7d0a6ab0ce,com.thg.battleops.shooting.game,1.0,iv,Android OS 10 / API-29 (QP1A.190711.020/V12.0.12.0.QCRINXM),14ae072e-a3fc-4aea-9bff-2d9c7a62e5cd,True,False,TH,1631355705.220009
0,An error occurred while sending the request,Error,/BuildNotice/0,MobileSDK,HUAWEI BAH2-L09,OpenGLES2,1.0,1.11.0,False,Programmatic1,Programmatic,09/11/2021 10:21:31,6028e36ad1e80652e41054ca,609d69021c511f4b1d4df1c4,com.pregnantcatemma.virtualpet,1.0,iv,Android OS 8.0.0 / API-26 (HUAWEIBAH2-L09/295(OCEC636)),56cf73f6-294b-4dd4-a08c-4545c1eec996,False,False,SN,1631355705.326633
0,could not receive ip address from ipfy,Error,/BuildNotice/0,MobileSDK,HUAWEI BAH2-L09,OpenGLES2,1.0,1.11.0,False,Programmatic1,Programmatic,09/11/2021 10:21:31,6028e36ad1e80652e41054ca,609d69021c511f4b1d4df1c4,com.pregnantcatemma.virtualpet,1.0,iv,Android OS 8.0.0 / API-26 (HUAWEIBAH2-L09/295(OCEC636)),56cf73f6-294b-4dd4-a08c-4545c1eec996,False,False,SN,1631355705.487312
0,An error occurred while sending the request,Error,/BuildNotice/0,MobileSDK,HUAWEI BAH2-L09,OpenGLES2,1.0,1.11.0,False,Programmatic1,Programmatic,09/11/2021 10:21:31,6028e36ad1e80652e41054ca,609d69021c511f4b1d4df1c4,com.pregnantcatemma.virtualpet,1.0,iv,Android OS 8.0.0 / API-26 (HUAWEIBAH2-L09/295(OCEC636)),56cf73f6-294b-4dd4-a08c-4545c1eec996,False,False,SN,1631355705.606343
0,could not receive ip address from ipfy,Error,/BuildNotice/0,MobileSDK,HUAWEI BAH2-L09,OpenGLES2,1.0,1.11.0,False,Programmatic1,Programmatic,09/11/2021 10:21:31,6028e36ad1e80652e41054ca,609d69021c511f4b1d4df1c4,com.pregnantcatemma.virtualpet,1.0,iv,Android OS 8.0.0 / API-26 (HUAWEIBAH2-L09/295(OCEC636)),56cf73f6-294b-4dd4-a08c-4545c1eec996,False,False,SN,1631355705.75636
0,An error occurred while sending the request,Error,/BuildNotice/0,MobileSDK,HUAWEI BAH2-L09,OpenGLES2,1.0,1.11.0,False,Programmatic1,Programmatic,09/11/2021 10:21:31,6028e36ad1e80652e41054ca,609d69021c511f4b1d4df1c4,com.pregnantcatemma.virtualpet,1.0,iv,Android OS 8.0.0 / API-26 (HUAWEIBAH2-L09/295(OCEC636)),56cf73f6-294b-4dd4-a08c-4545c1eec996,False,False,SN,1631355705.875387
0,could not receive ip address from ipfy,Error,/BuildNotice/0,MobileSDK,HUAWEI BAH2-L09,OpenGLES2,1.0,1.11.0,False,Programmatic1,Programmatic,09/11/2021 10:21:32,6028e36ad1e80652e41054ca,609d69021c511f4b1d4df1c4,com.pregnantcatemma.virtualpet,1.0,iv,Android OS 8.0.0 / API-26 (HUAWEIBAH2-L09/295(OCEC636)),56cf73f6-294b-4dd4-a08c-4545c1eec996,False,False,SN,1631355706.024618
0,An error occurred while sending the request,Error,/BuildNotice/0,MobileSDK,HUAWEI BAH2-L09,OpenGLES2,1.0,1.11.0,False,Programmatic1,Programmatic,09/11/2021 10:21:32,6028e36ad1e80652e41054ca,609d69021c511f4b1d4df1c4,com.pregnantcatemma.virtualpet,1.0,iv,Android OS 8.0.0 / API-26 (HUAWEIBAH2-L09/295(OCEC636)),56cf73f6-294b-4dd4-a08c-4545c1eec996,False,False,SN,1631355706.144398
0,"We are running ""Programmatic Flow"", you need to active gCom. 
 HTTP/1.1 400 Bad Request
{""product"": null, ""payment"": null, ""shipment_available_options"": [], ""session"": {""session_id"": ""1.0"", ""status"": ""Error: CODE_INVALID_FLOW_ID"", ""error_code"": 110}, ""flow"": ""gcom""}",Error,/BuildNotice/0,MobileSDK,samsung SM-A315G,OpenGLES2,1.0,1.10.2,False,Programmatic1,Programmatic,09/11/2021 10:21:45,611bdadcd4e35d332f3d5e66,611be843d5491c7d0a6ab0ce,com.thg.battleops.shooting.game,1.0,iv,Android OS 10 / API-29 (QP1A.190711.020/A315GDXU1BUA1),3ca6f964-496c-46aa-a454-d4b60aaa6cbc,True,False,UZ,1631355706.277179
0,could not receive ip address from ipfy,Error,/BuildNotice/0,MobileSDK,HUAWEI BAH2-L09,OpenGLES2,1.0,1.11.0,False,Programmatic1,Programmatic,09/11/2021 10:21:32,6028e36ad1e80652e41054ca,609d69021c511f4b1d4df1c4,com.pregnantcatemma.virtualpet,1.0,iv,Android OS 8.0.0 / API-26 (HUAWEIBAH2-L09/295(OCEC636)),56cf73f6-294b-4dd4-a08c-4545c1eec996,False,False,SN,1631355706.290507
0,An error occurred while sending the request,Error,/BuildNotice/0,MobileSDK,HUAWEI BAH2-L09,OpenGLES2,1.0,1.11.0,False,Programmatic1,Programmatic,09/11/2021 10:21:32,6028e36ad1e80652e41054ca,609d69021c511f4b1d4df1c4,com.pregnantcatemma.virtualpet,1.0,iv,Android OS 8.0.0 / API-26 (HUAWEIBAH2-L09/295(OCEC636)),56cf73f6-294b-4dd4-a08c-4545c1eec996,False,False,SN,1631355706.413262
0,could not receive ip address from ipfy,Error,/BuildNotice/0,MobileSDK,HUAWEI BAH2-L09,OpenGLES2,1.0,1.11.0,False,Programmatic1,Programmatic,09/11/2021 10:21:32,6028e36ad1e80652e41054ca,609d69021c511f4b1d4df1c4,com.pregnantcatemma.virtualpet,1.0,iv,Android OS 8.0.0 / API-26 (HUAWEIBAH2-L09/295(OCEC636)),56cf73f6-294b-4dd4-a08c-4545c1eec996,False,False,SN,1631355706.553092
0,An error occurred while sending the request,Error,/BuildNotice/0,MobileSDK,HUAWEI BAH2-L09,OpenGLES2,1.0,1.11.0,False,Programmatic1,Programmatic,09/11/2021 10:21:32,6028e36ad1e80652e41054ca,609d69021c511f4b1d4df1c4,com.pregnantcatemma.virtualpet,1.0,iv,Android OS 8.0.0 / API-26 (HUAWEIBAH2-L09/295(OCEC636)),56cf73f6-294b-4dd4-a08c-4545c1eec996,False,False,SN,1631355706.687872
0,could not receive ip address from ipfy,Error,/BuildNotice/0,MobileSDK,HUAWEI BAH2-L09,OpenGLES2,1.0,1.11.0,False,Programmatic1,Programmatic,09/11/2021 10:21:32,6028e36ad1e80652e41054ca,609d69021c511f4b1d4df1c4,com.pregnantcatemma.virtualpet,1.0,iv,Android OS 8.0.0 / API-26 (HUAWEIBAH2-L09/295(OCEC636)),56cf73f6-294b-4dd4-a08c-4545c1eec996,False,False,SN,1631355706.823847
0,could not receive ip address from ipfy,Error,/BuildNotice/0,MobileSDK,samsung SM-A107F,OpenGLES2,1.0,1.10.2,False,Programmatic1,Programmatic,09/11/2021 10:20:17,611bdadcd4e35d332f3d5e66,611be843d5491c7d0a6ab0ce,com.thg.battleops.shooting.game,1.0,iv,Android OS 10 / API-29 (QP1A.190711.020/A107FXXU8BUF1),66d0be28-32fd-4e83-a682-d524e39f8881,True,False,IN,1631355706.831108
0,An error occurred while sending the request,Error,/BuildNotice/0,MobileSDK,samsung SM-A107F,OpenGLES2,1.0,1.10.2,False,Programmatic1,Programmatic,09/11/2021 10:20:17,611bdadcd4e35d332f3d5e66,611be843d5491c7d0a6ab0ce,com.thg.battleops.shooting.game,1.0,iv,Android OS 10 / API-29 (QP1A.190711.020/A107FXXU8BUF1),66d0be28-32fd-4e83-a682-d524e39f8881,True,False,IN,1631355706.886496
0,An error occurred while sending the request,Error,/BuildNotice/0,MobileSDK,HUAWEI BAH2-L09,OpenGLES2,1.0,1.11.0,False,Programmatic1,Programmatic,09/11/2021 10:21:32,6028e36ad1e80652e41054ca,609d69021c511f4b1d4df1c4,com.pregnantcatemma.virtualpet,1.0,iv,Android OS 8.0.0 / API-26 (HUAWEIBAH2-L09/295(OCEC636)),56cf73f6-294b-4dd4-a08c-4545c1eec996,False,False,SN,1631355706.958663
0,An error occurred while sending the request,Error,/BuildNotice/0,MobileSDK,HUAWEI STK-L21,OpenGLES2,1.0,1.10.2,False,LowRevenueCountryBlock,LowRevenueCountryBlock,09/11/2021 10:21:45,611bdadcd4e35d332f3d5e66,611be843d5491c7d0a6ab0ce,com.thg.battleops.shooting.game,1.0,iv,Android OS 10 / API-29 (HUAWEISTK-L21/10.0.0.274C185),99a8c3e5-f662-44bc-8e4e-e208d438a420,True,False,BD,1631355706.995739
0,could not receive ip address from ipfy,Error,/BuildNotice/0,MobileSDK,HUAWEI BAH2-L09,OpenGLES2,1.0,1.11.0,False,Programmatic1,Programmatic,09/11/2021 10:21:33,6028e36ad1e80652e41054ca,609d69021c511f4b1d4df1c4,com.pregnantcatemma.virtualpet,1.0,iv,Android OS 8.0.0 / API-26 (HUAWEIBAH2-L09/295(OCEC636)),56cf73f6-294b-4dd4-a08c-4545c1eec996,False,False,SN,1631355707.091389
0,An error occurred while sending the request,Error,/BuildNotice/0,MobileSDK,HUAWEI BAH2-L09,OpenGLES2,1.0,1.11.0,False,Programmatic1,Programmatic,09/11/2021 10:21:33,6028e36ad1e80652e41054ca,609d69021c511f4b1d4df1c4,com.pregnantcatemma.virtualpet,1.0,iv,Android OS 8.0.0 / API-26 (HUAWEIBAH2-L09/295(OCEC636)),56cf73f6-294b-4dd4-a08c-4545c1eec996,False,False,SN,1631355707.229412
0,could not receive ip address from ipfy,Error,/BuildNotice/0,MobileSDK,HUAWEI BAH2-L09,OpenGLES2,1.0,1.11.0,False,Programmatic1,Programmatic,09/11/2021 10:21:33,6028e36ad1e80652e41054ca,609d69021c511f4b1d4df1c4,com.pregnantcatemma.virtualpet,1.0,iv,Android OS 8.0.0 / API-26 (HUAWEIBAH2-L09/295(OCEC636)),56cf73f6-294b-4dd4-a08c-4545c1eec996,False,False,SN,1631355707.358398
0,could not receive ip address from ipfy,Error,/BuildNotice/0,MobileSDK,LGE LG-M700,OpenGLES2,1.0,1.10.2,False,Programmatic1,Programmatic,09/11/2021 10:21:47,611bdadcd4e35d332f3d5e66,611be843d5491c7d0a6ab0ce,com.thg.battleops.shooting.game,1.0,iv,Android OS 8.1.0 / API-27 (OPM1.171019.026/18236164615b9),dba9a37d-c427-4546-a7b1-1015d4fd7de5,True,False,IN,1631355707.415775
0,An error occurred while sending the request,Error,/BuildNotice/0,MobileSDK,HUAWEI BAH2-L09,OpenGLES2,1.0,1.11.0,False,Programmatic1,Programmatic,09/11/2021 10:21:33,6028e36ad1e80652e41054ca,609d69021c511f4b1d4df1c4,com.pregnantcatemma.virtualpet,1.0,iv,Android OS 8.0.0 / API-26 (HUAWEIBAH2-L09/295(OCEC636)),56cf73f6-294b-4dd4-a08c-4545c1eec996,False,False,SN,1631355707.504415
0,could not receive ip address from ipfy,Error,/BuildNotice/0,MobileSDK,HUAWEI BAH2-L09,OpenGLES2,1.0,1.11.0,False,Programmatic1,Programmatic,09/11/2021 10:21:33,6028e36ad1e80652e41054ca,609d69021c511f4b1d4df1c4,com.pregnantcatemma.virtualpet,1.0,iv,Android OS 8.0.0 / API-26 (HUAWEIBAH2-L09/295(OCEC636)),56cf73f6-294b-4dd4-a08c-4545c1eec996,False,False,SN,1631355707.628183
0,An error occurred while sending the request,Error,/BuildNotice/0,MobileSDK,LGE LG-M700,OpenGLES2,1.0,1.10.2,False,Programmatic1,Programmatic,09/11/2021 10:21:47,611bdadcd4e35d332f3d5e66,611be843d5491c7d0a6ab0ce,com.thg.battleops.shooting.game,1.0,iv,Android OS 8.1.0 / API-27 (OPM1.171019.026/18236164615b9),dba9a37d-c427-4546-a7b1-1015d4fd7de5,True,False,IN,1631355707.672415
0,An error occurred while sending the request,Error,/BuildNotice/0,MobileSDK,HUAWEI BAH2-L09,OpenGLES2,1.0,1.11.0,False,Programmatic1,Programmatic,09/11/2021 10:21:33,6028e36ad1e80652e41054ca,609d69021c511f4b1d4df1c4,com.pregnantcatemma.virtualpet,1.0,iv,Android OS 8.0.0 / API-26 (HUAWEIBAH2-L09/295(OCEC636)),56cf73f6-294b-4dd4-a08c-4545c1eec996,False,False,SN,1631355707.773281
0,"We are running ""Programmatic Flow"", you need to active gCom. 
 HTTP/1.1 400 Bad Request
{""product"": null, ""payment"": null, ""shipment_available_options"": [], ""session"": {""session_id"": ""1.0"", ""status"": ""Error: CODE_INVALID_FLOW_ID"", ""error_code"": 110}, ""flow"": ""gcom""}",Error,/BuildNotice/0,MobileSDK,realme RMX3201,OpenGLES2,1.0,1.10.2,False,Programmatic1,Programmatic,09/11/2021 10:21:46,611bdadcd4e35d332f3d5e66,611be843d5491c7d0a6ab0ce,com.thg.battleops.shooting.game,1.0,iv,Android OS 11 / API-30 (RP1A.200720.011/1626955197141),,True,False,NG,1631355707.884223
0,could not receive ip address from ipfy,Error,/BuildNotice/0,MobileSDK,HUAWEI BAH2-L09,OpenGLES2,1.0,1.11.0,False,Programmatic1,Programmatic,09/11/2021 10:21:33,6028e36ad1e80652e41054ca,609d69021c511f4b1d4df1c4,com.pregnantcatemma.virtualpet,1.0,iv,Android OS 8.0.0 / API-26 (HUAWEIBAH2-L09/295(OCEC636)),56cf73f6-294b-4dd4-a08c-4545c1eec996,False,False,SN,1631355707.895113
0,could not receive ip address from ipfy,Error,/BuildNotice/0,MobileSDK,vivo vivo 1811,OpenGLES2,1.0,1.10.2,False,Programmatic1,Programmatic,09/11/2021 10:21:39,611bdadcd4e35d332f3d5e66,611be843d5491c7d0a6ab0ce,com.thg.battleops.shooting.game,1.0,iv,Android OS 8.1.0 / API-27 (OPM1.171019.026/eng.compil.20200520.160752),07e14eca-f6d1-4636-bf0f-483bad60cf4e,True,False,IR,1631355707.913326
0,An error occurred while sending the request,Error,/BuildNotice/0,MobileSDK,vivo vivo 1811,OpenGLES2,1.0,1.10.2,False,Programmatic1,Programmatic,09/11/2021 10:21:40,611bdadcd4e35d332f3d5e66,611be843d5491c7d0a6ab0ce,com.thg.battleops.shooting.game,1.0,iv,Android OS 8.1.0 / API-27 (OPM1.171019.026/eng.compil.20200520.160752),07e14eca-f6d1-4636-bf0f-483bad60cf4e,True,False,IR,1631355708.016617
0,An error occurred while sending the request,Error,/BuildNotice/0,MobileSDK,HUAWEI BAH2-L09,OpenGLES2,1.0,1.11.0,False,Programmatic1,Programmatic,09/11/2021 10:21:33,6028e36ad1e80652e41054ca,609d69021c511f4b1d4df1c4,com.pregnantcatemma.virtualpet,1.0,iv,Android OS 8.0.0 / API-26 (HUAWEIBAH2-L09/295(OCEC636)),56cf73f6-294b-4dd4-a08c-4545c1eec996,False,False,SN,1631355708.043419
0,could not receive ip address from ipfy,Error,/BuildNotice/0,MobileSDK,samsung SM-A107F,OpenGLES2,1.0,1.10.2,False,Programmatic1,Programmatic,09/11/2021 10:20:18,611bdadcd4e35d332f3d5e66,611be843d5491c7d0a6ab0ce,com.thg.battleops.shooting.game,1.0,iv,Android OS 10 / API-29 (QP1A.190711.020/A107FXXU8BUF1),66d0be28-32fd-4e83-a682-d524e39f8881,True,False,IN,1631355708.135871
0,could not receive ip address from ipfy,Error,/BuildNotice/0,MobileSDK,HUAWEI BAH2-L09,OpenGLES2,1.0,1.11.0,False,Programmatic1,Programmatic,09/11/2021 10:21:33,6028e36ad1e80652e41054ca,609d69021c511f4b1d4df1c4,com.pregnantcatemma.virtualpet,1.0,iv,Android OS 8.0.0 / API-26 (HUAWEIBAH2-L09/295(OCEC636)),56cf73f6-294b-4dd4-a08c-4545c1eec996,False,False,SN,1631355708.165983
0,could not receive ip address from ipfy,Error,/BuildNotice/0,MobileSDK,Xiaomi M2006C3MI,OpenGLES2,1.0,1.10.2,False,Programmatic1,Programmatic,09/11/2021 10:21:48,611bdadcd4e35d332f3d5e66,611be843d5491c7d0a6ab0ce,com.thg.battleops.shooting.game,1.0,iv,Android OS 10 / API-29 (QP1A.190711.020/V12.0.12.0.QCRINXM),14ae072e-a3fc-4aea-9bff-2d9c7a62e5cd,True,False,TH,1631355708.250256
0,An error occurred while sending the request,Error,/BuildNotice/0,MobileSDK,HUAWEI BAH2-L09,OpenGLES2,1.0,1.11.0,False,Programmatic1,Programmatic,09/11/2021 10:21:33,6028e36ad1e80652e41054ca,609d69021c511f4b1d4df1c4,com.pregnantcatemma.virtualpet,1.0,iv,Android OS 8.0.0 / API-26 (HUAWEIBAH2-L09/295(OCEC636)),56cf73f6-294b-4dd4-a08c-4545c1eec996,False,False,SN,1631355708.313496
0,An error occurred while sending the request,Error,/BuildNotice/0,MobileSDK,Xiaomi M2006C3MI,OpenGLES2,1.0,1.10.2,False,Programmatic1,Programmatic,09/11/2021 10:21:48,611bdadcd4e35d332f3d5e66,611be843d5491c7d0a6ab0ce,com.thg.battleops.shooting.game,1.0,iv,Android OS 10 / API-29 (QP1A.190711.020/V12.0.12.0.QCRINXM),14ae072e-a3fc-4aea-9bff-2d9c7a62e5cd,True,False,TH,1631355708.342226
0,An error occurred while sending the request,Error,/BuildNotice/0,MobileSDK,samsung SM-A107F,OpenGLES2,1.0,1.10.2,False,Programmatic1,Programmatic,09/11/2021 10:20:18,611bdadcd4e35d332f3d5e66,611be843d5491c7d0a6ab0ce,com.thg.battleops.shooting.game,1.0,iv,Android OS 10 / API-29 (QP1A.190711.020/A107FXXU8BUF1),66d0be28-32fd-4e83-a682-d524e39f8881,True,False,IN,1631355708.409057
0,could not receive ip address from ipfy,Error,/BuildNotice/0,MobileSDK,HUAWEI BAH2-L09,OpenGLES2,1.0,1.11.0,False,Programmatic1,Programmatic,09/11/2021 10:21:34,6028e36ad1e80652e41054ca,609d69021c511f4b1d4df1c4,com.pregnantcatemma.virtualpet,1.0,iv,Android OS 8.0.0 / API-26 (HUAWEIBAH2-L09/295(OCEC636)),56cf73f6-294b-4dd4-a08c-4545c1eec996,False,False,SN,1631355708.437146
0,An error occurred while sending the request,Error,/BuildNotice/0,MobileSDK,HUAWEI BAH2-L09,OpenGLES2,1.0,1.11.0,False,Programmatic1,Programmatic,09/11/2021 10:21:34,6028e36ad1e80652e41054ca,609d69021c511f4b1d4df1c4,com.pregnantcatemma.virtualpet,1.0,iv,Android OS 8.0.0 / API-26 (HUAWEIBAH2-L09/295(OCEC636)),56cf73f6-294b-4dd4-a08c-4545c1eec996,False,False,SN,1631355708.584974
0,could not receive ip address from ipfy,Error,/BuildNotice/0,MobileSDK,HUAWEI BAH2-L09,OpenGLES2,1.0,1.11.0,False,Programmatic1,Programmatic,09/11/2021 10:21:34,6028e36ad1e80652e41054ca,609d69021c511f4b1d4df1c4,com.pregnantcatemma.virtualpet,1.0,iv,Android OS 8.0.0 / API-26 (HUAWEIBAH2-L09/295(OCEC636)),56cf73f6-294b-4dd4-a08c-4545c1eec996,False,False,SN,1631355708.702147
0,An error occurred while sending the request,Error,/BuildNotice/0,MobileSDK,HUAWEI BAH2-L09,OpenGLES2,1.0,1.11.0,False,Programmatic1,Programmatic,09/11/2021 10:21:34,6028e36ad1e80652e41054ca,609d69021c511f4b1d4df1c4,com.pregnantcatemma.virtualpet,1.0,iv,Android OS 8.0.0 / API-26 (HUAWEIBAH2-L09/295(OCEC636)),56cf73f6-294b-4dd4-a08c-4545c1eec996,False,False,SN,1631355708.851499
0,could not receive ip address from ipfy,Error,/BuildNotice/0,MobileSDK,HUAWEI BAH2-L09,OpenGLES2,1.0,1.11.0,False,Programmatic1,Programmatic,09/11/2021 10:21:34,6028e36ad1e80652e41054ca,609d69021c511f4b1d4df1c4,com.pregnantcatemma.virtualpet,1.0,iv,Android OS 8.0.0 / API-26 (HUAWEIBAH2-L09/295(OCEC636)),56cf73f6-294b-4dd4-a08c-4545c1eec996,False,False,SN,1631355708.972996
0,An error occurred while sending the request,Error,/BuildNotice/0,MobileSDK,HUAWEI BAH2-L09,OpenGLES2,1.0,1.11.0,False,Programmatic1,Programmatic,09/11/2021 10:21:34,6028e36ad1e80652e41054ca,609d69021c511f4b1d4df1c4,com.pregnantcatemma.virtualpet,1.0,iv,Android OS 8.0.0 / API-26 (HUAWEIBAH2-L09/295(OCEC636)),56cf73f6-294b-4dd4-a08c-4545c1eec996,False,False,SN,1631355709.123261
0,could not receive ip address from ipfy,Error,/BuildNotice/0,MobileSDK,samsung SM-A107F,OpenGLES2,1.0,1.10.2,False,Programmatic1,Programmatic,09/11/2021 10:20:20,611bdadcd4e35d332f3d5e66,611be843d5491c7d0a6ab0ce,com.thg.battleops.shooting.game,1.0,iv,Android OS 10 / API-29 (QP1A.190711.020/A107FXXU8BUF1),66d0be28-32fd-4e83-a682-d524e39f8881,True,False,IN,1631355709.203419
0,could not receive ip address from ipfy,Error,/BuildNotice/0,MobileSDK,HUAWEI BAH2-L09,OpenGLES2,1.0,1.11.0,False,Programmatic1,Programmatic,09/11/2021 10:21:34,6028e36ad1e80652e41054ca,609d69021c511f4b1d4df1c4,com.pregnantcatemma.virtualpet,1.0,iv,Android OS 8.0.0 / API-26 (HUAWEIBAH2-L09/295(OCEC636)),56cf73f6-294b-4dd4-a08c-4545c1eec996,False,False,SN,1631355709.236485
0,An error occurred while sending the request,Error,/BuildNotice/0,MobileSDK,HUAWEI BAH2-L09,OpenGLES2,1.0,1.11.0,False,Programmatic1,Programmatic,09/11/2021 10:21:34,6028e36ad1e80652e41054ca,609d69021c511f4b1d4df1c4,com.pregnantcatemma.virtualpet,1.0,iv,Android OS 8.0.0 / API-26 (HUAWEIBAH2-L09/295(OCEC636)),56cf73f6-294b-4dd4-a08c-4545c1eec996,False,False,SN,1631355709.406095
0,could not receive ip address from ipfy,Error,/BuildNotice/0,MobileSDK,HUAWEI BAH2-L09,OpenGLES2,1.0,1.11.0,False,Programmatic1,Programmatic,09/11/2021 10:21:35,6028e36ad1e80652e41054ca,609d69021c511f4b1d4df1c4,com.pregnantcatemma.virtualpet,1.0,iv,Android OS 8.0.0 / API-26 (HUAWEIBAH2-L09/295(OCEC636)),56cf73f6-294b-4dd4-a08c-4545c1eec996,False,False,SN,1631355709.502715
0,An error occurred while sending the request,Error,/BuildNotice/0,MobileSDK,HUAWEI BAH2-L09,OpenGLES2,1.0,1.11.0,False,Programmatic1,Programmatic,09/11/2021 10:21:35,6028e36ad1e80652e41054ca,609d69021c511f4b1d4df1c4,com.pregnantcatemma.virtualpet,1.0,iv,Android OS 8.0.0 / API-26 (HUAWEIBAH2-L09/295(OCEC636)),56cf73f6-294b-4dd4-a08c-4545c1eec996,False,False,SN,1631355709.67693
0,could not receive ip address from ipfy,Error,/BuildNotice/0,MobileSDK,HUAWEI BAH2-L09,OpenGLES2,1.0,1.11.0,False,Programmatic1,Programmatic,09/11/2021 10:21:35,6028e36ad1e80652e41054ca,609d69021c511f4b1d4df1c4,com.pregnantcatemma.virtualpet,1.0,iv,Android OS 8.0.0 / API-26 (HUAWEIBAH2-L09/295(OCEC636)),56cf73f6-294b-4dd4-a08c-4545c1eec996,False,False,SN,1631355709.772647
0,An error occurred while sending the request,Error,/BuildNotice/0,MobileSDK,HUAWEI BAH2-L09,OpenGLES2,1.0,1.11.0,False,Programmatic1,Programmatic,09/11/2021 10:21:35,6028e36ad1e80652e41054ca,609d69021c511f4b1d4df1c4,com.pregnantcatemma.virtualpet,1.0,iv,Android OS 8.0.0 / API-26 (HUAWEIBAH2-L09/295(OCEC636)),56cf73f6-294b-4dd4-a08c-4545c1eec996,False,False,SN,1631355709.947503
0,could not receive ip address from ipfy,Error,/BuildNotice/0,MobileSDK,HUAWEI BAH2-L09,OpenGLES2,1.0,1.11.0,False,Programmatic1,Programmatic,09/11/2021 10:21:35,6028e36ad1e80652e41054ca,609d69021c511f4b1d4df1c4,com.pregnantcatemma.virtualpet,1.0,iv,Android OS 8.0.0 / API-26 (HUAWEIBAH2-L09/295(OCEC636)),56cf73f6-294b-4dd4-a08c-4545c1eec996,False,False,SN,1631355710.042498
0,An error occurred while sending the request,Error,/BuildNotice/0,MobileSDK,HUAWEI BAH2-L09,OpenGLES2,1.0,1.11.0,False,Programmatic1,Programmatic,09/11/2021 10:21:35,6028e36ad1e80652e41054ca,609d69021c511f4b1d4df1c4,com.pregnantcatemma.virtualpet,1.0,iv,Android OS 8.0.0 / API-26 (HUAWEIBAH2-L09/295(OCEC636)),56cf73f6-294b-4dd4-a08c-4545c1eec996,False,False,SN,1631355710.216654
0,could not receive ip address from ipfy,Error,/BuildNotice/0,MobileSDK,HUAWEI BAH2-L09,OpenGLES2,1.0,1.11.0,False,Programmatic1,Programmatic,09/11/2021 10:21:35,6028e36ad1e80652e41054ca,609d69021c511f4b1d4df1c4,com.pregnantcatemma.virtualpet,1.0,iv,Android OS 8.0.0 / API-26 (HUAWEIBAH2-L09/295(OCEC636)),56cf73f6-294b-4dd4-a08c-4545c1eec996,False,False,SN,1631355710.314126
0,An error occurred while sending the request,Error,/BuildNotice/0,MobileSDK,HUAWEI BAH2-L09,OpenGLES2,1.0,1.11.0,False,Programmatic1,Programmatic,09/11/2021 10:21:35,6028e36ad1e80652e41054ca,609d69021c511f4b1d4df1c4,com.pregnantcatemma.virtualpet,1.0,iv,Android OS 8.0.0 / API-26 (HUAWEIBAH2-L09/295(OCEC636)),56cf73f6-294b-4dd4-a08c-4545c1eec996,False,False,SN,1631355710.488966
0,could not receive ip address from ipfy,Error,/BuildNotice/0,MobileSDK,HUAWEI BAH2-L09,OpenGLES2,1.0,1.11.0,False,Programmatic1,Programmatic,09/11/2021 10:21:36,6028e36ad1e80652e41054ca,609d69021c511f4b1d4df1c4,com.pregnantcatemma.virtualpet,1.0,iv,Android OS 8.0.0 / API-26 (HUAWEIBAH2-L09/295(OCEC636)),56cf73f6-294b-4dd4-a08c-4545c1eec996,False,False,SN,1631355710.581488
0,An error occurred while sending the request,Error,/BuildNotice/0,MobileSDK,HUAWEI BAH2-L09,OpenGLES2,1.0,1.11.0,False,Programmatic1,Programmatic,09/11/2021 10:21:36,6028e36ad1e80652e41054ca,609d69021c511f4b1d4df1c4,com.pregnantcatemma.virtualpet,1.0,iv,Android OS 8.0.0 / API-26 (HUAWEIBAH2-L09/295(OCEC636)),56cf73f6-294b-4dd4-a08c-4545c1eec996,False,False,SN,1631355710.759449
0,could not receive ip address from ipfy,Error,/BuildNotice/0,MobileSDK,HUAWEI BAH2-L09,OpenGLES2,1.0,1.11.0,False,Programmatic1,Programmatic,09/11/2021 10:21:36,6028e36ad1e80652e41054ca,609d69021c511f4b1d4df1c4,com.pregnantcatemma.virtualpet,1.0,iv,Android OS 8.0.0 / API-26 (HUAWEIBAH2-L09/295(OCEC636)),56cf73f6-294b-4dd4-a08c-4545c1eec996,False,False,SN,1631355710.851459
0,could not receive ip address from ipfy,Error,/BuildNotice/0,MobileSDK,LGE LG-M700,OpenGLES2,1.0,1.10.2,False,Programmatic1,Programmatic,09/11/2021 10:21:50,611bdadcd4e35d332f3d5e66,611be843d5491c7d0a6ab0ce,com.thg.battleops.shooting.game,1.0,iv,Android OS 8.1.0 / API-27 (OPM1.171019.026/18236164615b9),dba9a37d-c427-4546-a7b1-1015d4fd7de5,True,False,IN,1631355710.928204
0,could not receive ip address from ipfy,Error,/BuildNotice/0,MobileSDK,vivo vivo 1811,OpenGLES2,1.0,1.10.2,False,Programmatic1,Programmatic,09/11/2021 10:21:49,611bdadcd4e35d332f3d5e66,611be843d5491c7d0a6ab0ce,com.thg.battleops.shooting.game,1.0,iv,Android OS 8.1.0 / API-27 (OPM1.171019.026/eng.compil.20200520.160752),07e14eca-f6d1-4636-bf0f-483bad60cf4e,True,False,IR,1631355710.965617
0,An error occurred while sending the request,Error,/BuildNotice/0,MobileSDK,LGE LG-M700,OpenGLES2,1.0,1.10.2,False,Programmatic1,Programmatic,09/11/2021 10:21:50,611bdadcd4e35d332f3d5e66,611be843d5491c7d0a6ab0ce,com.thg.battleops.shooting.game,1.0,iv,Android OS 8.1.0 / API-27 (OPM1.171019.026/18236164615b9),dba9a37d-c427-4546-a7b1-1015d4fd7de5,True,False,IN,1631355710.971409
0,An error occurred while sending the request,Error,/BuildNotice/0,MobileSDK,HUAWEI BAH2-L09,OpenGLES2,1.0,1.11.0,False,Programmatic1,Programmatic,09/11/2021 10:21:36,6028e36ad1e80652e41054ca,609d69021c511f4b1d4df1c4,com.pregnantcatemma.virtualpet,1.0,iv,Android OS 8.0.0 / API-26 (HUAWEIBAH2-L09/295(OCEC636)),56cf73f6-294b-4dd4-a08c-4545c1eec996,False,False,SN,1631355711.029658
0,could not receive ip address from ipfy,Error,/BuildNotice/0,MobileSDK,HUAWEI BAH2-L09,OpenGLES2,1.0,1.11.0,False,Programmatic1,Programmatic,09/11/2021 10:21:36,6028e36ad1e80652e41054ca,609d69021c511f4b1d4df1c4,com.pregnantcatemma.virtualpet,1.0,iv,Android OS 8.0.0 / API-26 (HUAWEIBAH2-L09/295(OCEC636)),56cf73f6-294b-4dd4-a08c-4545c1eec996,False,False,SN,1631355711.12148
0,An error occurred while sending the request,Error,/BuildNotice/0,MobileSDK,samsung SM-A107F,OpenGLES2,1.0,1.10.2,False,Programmatic1,Programmatic,09/11/2021 10:20:20,611bdadcd4e35d332f3d5e66,611be843d5491c7d0a6ab0ce,com.thg.battleops.shooting.game,1.0,iv,Android OS 10 / API-29 (QP1A.190711.020/A107FXXU8BUF1),66d0be28-32fd-4e83-a682-d524e39f8881,True,False,IN,1631355711.240581
0,An error occurred while sending the request,Error,/BuildNotice/0,MobileSDK,HUAWEI BAH2-L09,OpenGLES2,1.0,1.11.0,False,Programmatic1,Programmatic,09/11/2021 10:21:36,6028e36ad1e80652e41054ca,609d69021c511f4b1d4df1c4,com.pregnantcatemma.virtualpet,1.0,iv,Android OS 8.0.0 / API-26 (HUAWEIBAH2-L09/295(OCEC636)),56cf73f6-294b-4dd4-a08c-4545c1eec996,False,False,SN,1631355711.298582
0,could not receive ip address from ipfy,Error,/BuildNotice/0,MobileSDK,HUAWEI BAH2-L09,OpenGLES2,1.0,1.11.0,False,Programmatic1,Programmatic,09/11/2021 10:21:36,6028e36ad1e80652e41054ca,609d69021c511f4b1d4df1c4,com.pregnantcatemma.virtualpet,1.0,iv,Android OS 8.0.0 / API-26 (HUAWEIBAH2-L09/295(OCEC636)),56cf73f6-294b-4dd4-a08c-4545c1eec996,False,False,SN,1631355711.387548
0,An error occurred while sending the request,Error,/BuildNotice/0,MobileSDK,vivo vivo 1811,OpenGLES2,1.0,1.10.2,False,Programmatic1,Programmatic,09/11/2021 10:21:50,611bdadcd4e35d332f3d5e66,611be843d5491c7d0a6ab0ce,com.thg.battleops.shooting.game,1.0,iv,Android OS 8.1.0 / API-27 (OPM1.171019.026/eng.compil.20200520.160752),07e14eca-f6d1-4636-bf0f-483bad60cf4e,True,False,IR,1631355711.392567
0,An error occurred while sending the request,Error,/BuildNotice/0,MobileSDK,HUAWEI BAH2-L09,OpenGLES2,1.0,1.11.0,False,Programmatic1,Programmatic,09/11/2021 10:21:36,6028e36ad1e80652e41054ca,609d69021c511f4b1d4df1c4,com.pregnantcatemma.virtualpet,1.0,iv,Android OS 8.0.0 / API-26 (HUAWEIBAH2-L09/295(OCEC636)),56cf73f6-294b-4dd4-a08c-4545c1eec996,False,False,SN,1631355711.575678
0,could not receive ip address from ipfy,Error,/BuildNotice/0,MobileSDK,HUAWEI BAH2-L09,OpenGLES2,1.0,1.11.0,False,Programmatic1,Programmatic,09/11/2021 10:21:37,6028e36ad1e80652e41054ca,609d69021c511f4b1d4df1c4,com.pregnantcatemma.virtualpet,1.0,iv,Android OS 8.0.0 / API-26 (HUAWEIBAH2-L09/295(OCEC636)),56cf73f6-294b-4dd4-a08c-4545c1eec996,False,False,SN,1631355711.651119
0,An error occurred while sending the request,Error,/BuildNotice/0,MobileSDK,Xiaomi M2006C3MI,OpenGLES2,1.0,1.10.2,False,Programmatic1,Programmatic,09/11/2021 10:21:52,611bdadcd4e35d332f3d5e66,611be843d5491c7d0a6ab0ce,com.thg.battleops.shooting.game,1.0,iv,Android OS 10 / API-29 (QP1A.190711.020/V12.0.12.0.QCRINXM),14ae072e-a3fc-4aea-9bff-2d9c7a62e5cd,True,False,TH,1631355711.656518
0,could not receive ip address from ipfy,Error,/BuildNotice/0,MobileSDK,Xiaomi M2006C3MI,OpenGLES2,1.0,1.10.2,False,Programmatic1,Programmatic,09/11/2021 10:21:52,611bdadcd4e35d332f3d5e66,611be843d5491c7d0a6ab0ce,com.thg.battleops.shooting.game,1.0,iv,Android OS 10 / API-29 (QP1A.190711.020/V12.0.12.0.QCRINXM),14ae072e-a3fc-4aea-9bff-2d9c7a62e5cd,True,False,TH,1631355711.665496
0,An error occurred while sending the request,Error,/BuildNotice/0,MobileSDK,HUAWEI BAH2-L09,OpenGLES2,1.0,1.11.0,False,Programmatic1,Programmatic,09/11/2021 10:21:37,6028e36ad1e80652e41054ca,609d69021c511f4b1d4df1c4,com.pregnantcatemma.virtualpet,1.0,iv,Android OS 8.0.0 / API-26 (HUAWEIBAH2-L09/295(OCEC636)),56cf73f6-294b-4dd4-a08c-4545c1eec996,False,False,SN,1631355711.847927
0,could not receive ip address from ipfy,Error,/BuildNotice/0,MobileSDK,samsung SM-A107F,OpenGLES2,1.0,1.10.2,False,Programmatic1,Programmatic,09/11/2021 10:20:20,611bdadcd4e35d332f3d5e66,611be843d5491c7d0a6ab0ce,com.thg.battleops.shooting.game,1.0,iv,Android OS 10 / API-29 (QP1A.190711.020/A107FXXU8BUF1),66d0be28-32fd-4e83-a682-d524e39f8881,True,False,IN,1631355711.907937
0,could not receive ip address from ipfy,Error,/BuildNotice/0,MobileSDK,HUAWEI BAH2-L09,OpenGLES2,1.0,1.11.0,False,Programmatic1,Programmatic,09/11/2021 10:21:37,6028e36ad1e80652e41054ca,609d69021c511f4b1d4df1c4,com.pregnantcatemma.virtualpet,1.0,iv,Android OS 8.0.0 / API-26 (HUAWEIBAH2-L09/295(OCEC636)),56cf73f6-294b-4dd4-a08c-4545c1eec996,False,False,SN,1631355711.918359
0,An error occurred while sending the request,Error,/BuildNotice/0,MobileSDK,HUAWEI BAH2-L09,OpenGLES2,1.0,1.11.0,False,Programmatic1,Programmatic,09/11/2021 10:21:37,6028e36ad1e80652e41054ca,609d69021c511f4b1d4df1c4,com.pregnantcatemma.virtualpet,1.0,iv,Android OS 8.0.0 / API-26 (HUAWEIBAH2-L09/295(OCEC636)),56cf73f6-294b-4dd4-a08c-4545c1eec996,False,False,SN,1631355712.122406
0,could not receive ip address from ipfy,Error,/BuildNotice/0,MobileSDK,HUAWEI BAH2-L09,OpenGLES2,1.0,1.11.0,False,Programmatic1,Programmatic,09/11/2021 10:21:37,6028e36ad1e80652e41054ca,609d69021c511f4b1d4df1c4,com.pregnantcatemma.virtualpet,1.0,iv,Android OS 8.0.0 / API-26 (HUAWEIBAH2-L09/295(OCEC636)),56cf73f6-294b-4dd4-a08c-4545c1eec996,False,False,SN,1631355712.187701
0,could not receive ip address from ipfy,Error,/BuildNotice/0,MobileSDK,samsung SM-A025F,OpenGLES2,1.0,1.10.2,False,Programmatic1,Programmatic,09/11/2021 10:21:51,611bdadcd4e35d332f3d5e66,611be843d5491c7d0a6ab0ce,com.thg.battleops.shooting.game,1.0,iv,Android OS 11 / API-30 (RP1A.200720.012/A025FXXS2BUG1),51d96fff-ceff-4e27-a51d-c41ed1608f8c,True,False,BR,1631355712.228832
0,An error occurred while sending the request,Error,/BuildNotice/0,MobileSDK,HUAWEI BAH2-L09,OpenGLES2,1.0,1.11.0,False,Programmatic1,Programmatic,09/11/2021 10:21:37,6028e36ad1e80652e41054ca,609d69021c511f4b1d4df1c4,com.pregnantcatemma.virtualpet,1.0,iv,Android OS 8.0.0 / API-26 (HUAWEIBAH2-L09/295(OCEC636)),56cf73f6-294b-4dd4-a08c-4545c1eec996,False,False,SN,1631355712.393339
0,could not receive ip address from ipfy,Error,/BuildNotice/0,MobileSDK,HUAWEI BAH2-L09,OpenGLES2,1.0,1.11.0,False,Programmatic1,Programmatic,09/11/2021 10:21:37,6028e36ad1e80652e41054ca,609d69021c511f4b1d4df1c4,com.pregnantcatemma.virtualpet,1.0,iv,Android OS 8.0.0 / API-26 (HUAWEIBAH2-L09/295(OCEC636)),56cf73f6-294b-4dd4-a08c-4545c1eec996,False,False,SN,1631355712.456941
0,An error occurred while sending the request,Error,/BuildNotice/0,MobileSDK,samsung SM-A107F,OpenGLES2,1.0,1.10.2,False,Programmatic1,Programmatic,09/11/2021 10:20:20,611bdadcd4e35d332f3d5e66,611be843d5491c7d0a6ab0ce,com.thg.battleops.shooting.game,1.0,iv,Android OS 10 / API-29 (QP1A.190711.020/A107FXXU8BUF1),66d0be28-32fd-4e83-a682-d524e39f8881,True,False,IN,1631355712.483483
0,An error occurred while sending the request,Error,/BuildNotice/0,MobileSDK,HUAWEI BAH2-L09,OpenGLES2,1.0,1.11.0,False,Programmatic1,Programmatic,09/11/2021 10:21:37,6028e36ad1e80652e41054ca,609d69021c511f4b1d4df1c4,com.pregnantcatemma.virtualpet,1.0,iv,Android OS 8.0.0 / API-26 (HUAWEIBAH2-L09/295(OCEC636)),56cf73f6-294b-4dd4-a08c-4545c1eec996,False,False,SN,1631355712.663212
0,An error occurred while sending the request,Error,/BuildNotice/0,MobileSDK,samsung SM-A025F,OpenGLES2,1.0,1.10.2,False,Programmatic1,Programmatic,09/11/2021 10:21:51,611bdadcd4e35d332f3d5e66,611be843d5491c7d0a6ab0ce,com.thg.battleops.shooting.game,1.0,iv,Android OS 11 / API-30 (RP1A.200720.012/A025FXXS2BUG1),51d96fff-ceff-4e27-a51d-c41ed1608f8c,True,False,BR,1631355712.73628
0,could not receive ip address from ipfy,Error,/BuildNotice/0,MobileSDK,HUAWEI BAH2-L09,OpenGLES2,1.0,1.11.0,False,Programmatic1,Programmatic,09/11/2021 10:21:37,6028e36ad1e80652e41054ca,609d69021c511f4b1d4df1c4,com.pregnantcatemma.virtualpet,1.0,iv,Android OS 8.0.0 / API-26 (HUAWEIBAH2-L09/295(OCEC636)),56cf73f6-294b-4dd4-a08c-4545c1eec996,False,False,SN,1631355712.724946
0,An error occurred while sending the request,Error,/BuildNotice/0,MobileSDK,HUAWEI BAH2-L09,OpenGLES2,1.0,1.11.0,False,Programmatic1,Programmatic,09/11/2021 10:21:37,6028e36ad1e80652e41054ca,609d69021c511f4b1d4df1c4,com.pregnantcatemma.virtualpet,1.0,iv,Android OS 8.0.0 / API-26 (HUAWEIBAH2-L09/295(OCEC636)),56cf73f6-294b-4dd4-a08c-4545c1eec996,False,False,SN,1631355712.936275
0,could not receive ip address from ipfy,Error,/BuildNotice/0,MobileSDK,HUAWEI BAH2-L09,OpenGLES2,1.0,1.11.0,False,Programmatic1,Programmatic,09/11/2021 10:21:38,6028e36ad1e80652e41054ca,609d69021c511f4b1d4df1c4,com.pregnantcatemma.virtualpet,1.0,iv,Android OS 8.0.0 / API-26 (HUAWEIBAH2-L09/295(OCEC636)),56cf73f6-294b-4dd4-a08c-4545c1eec996,False,False,SN,1631355713.060078
0,An error occurred while sending the request,Error,/BuildNotice/0,MobileSDK,HUAWEI BAH2-L09,OpenGLES2,1.0,1.11.0,False,Programmatic1,Programmatic,09/11/2021 10:21:38,6028e36ad1e80652e41054ca,609d69021c511f4b1d4df1c4,com.pregnantcatemma.virtualpet,1.0,iv,Android OS 8.0.0 / API-26 (HUAWEIBAH2-L09/295(OCEC636)),56cf73f6-294b-4dd4-a08c-4545c1eec996,False,False,SN,1631355713.20707
0,could not receive ip address from ipfy,Error,/BuildNotice/0,MobileSDK,HUAWEI BAH2-L09,OpenGLES2,1.0,1.11.0,False,Programmatic1,Programmatic,09/11/2021 10:21:38,6028e36ad1e80652e41054ca,609d69021c511f4b1d4df1c4,com.pregnantcatemma.virtualpet,1.0,iv,Android OS 8.0.0 / API-26 (HUAWEIBAH2-L09/295(OCEC636)),56cf73f6-294b-4dd4-a08c-4545c1eec996,False,False,SN,1631355713.329379
0,An error occurred while sending the request,Error,/BuildNotice/0,MobileSDK,HUAWEI BAH2-L09,OpenGLES2,1.0,1.11.0,False,Programmatic1,Programmatic,09/11/2021 10:21:38,6028e36ad1e80652e41054ca,609d69021c511f4b1d4df1c4,com.pregnantcatemma.virtualpet,1.0,iv,Android OS 8.0.0 / API-26 (HUAWEIBAH2-L09/295(OCEC636)),56cf73f6-294b-4dd4-a08c-4545c1eec996,False,False,SN,1631355713.485473
0,could not receive ip address from ipfy,Error,/BuildNotice/0,MobileSDK,HUAWEI BAH2-L09,OpenGLES2,1.0,1.11.0,False,Programmatic1,Programmatic,09/11/2021 10:21:38,6028e36ad1e80652e41054ca,609d69021c511f4b1d4df1c4,com.pregnantcatemma.virtualpet,1.0,iv,Android OS 8.0.0 / API-26 (HUAWEIBAH2-L09/295(OCEC636)),56cf73f6-294b-4dd4-a08c-4545c1eec996,False,False,SN,1631355713.598607
0,An error occurred while sending the request,Error,/BuildNotice/0,MobileSDK,HUAWEI BAH2-L09,OpenGLES2,1.0,1.11.0,False,Programmatic1,Programmatic,09/11/2021 10:21:38,6028e36ad1e80652e41054ca,609d69021c511f4b1d4df1c4,com.pregnantcatemma.virtualpet,1.0,iv,Android OS 8.0.0 / API-26 (HUAWEIBAH2-L09/295(OCEC636)),56cf73f6-294b-4dd4-a08c-4545c1eec996,False,False,SN,1631355713.754923
0,could not receive ip address from ipfy,Error,/BuildNotice/0,MobileSDK,HUAWEI BAH2-L09,OpenGLES2,1.0,1.11.0,False,Programmatic1,Programmatic,09/11/2021 10:21:38,6028e36ad1e80652e41054ca,609d69021c511f4b1d4df1c4,com.pregnantcatemma.virtualpet,1.0,iv,Android OS 8.0.0 / API-26 (HUAWEIBAH2-L09/295(OCEC636)),56cf73f6-294b-4dd4-a08c-4545c1eec996,False,False,SN,1631355713.864379
0,An error occurred while sending the request,Error,/BuildNotice/0,MobileSDK,HUAWEI BAH2-L09,OpenGLES2,1.0,1.11.0,False,Programmatic1,Programmatic,09/11/2021 10:21:38,6028e36ad1e80652e41054ca,609d69021c511f4b1d4df1c4,com.pregnantcatemma.virtualpet,1.0,iv,Android OS 8.0.0 / API-26 (HUAWEIBAH2-L09/295(OCEC636)),56cf73f6-294b-4dd4-a08c-4545c1eec996,False,False,SN,1631355714.031863
0,could not receive ip address from ipfy,Error,/BuildNotice/0,MobileSDK,LGE LG-M700,OpenGLES2,1.0,1.10.2,False,Programmatic1,Programmatic,09/11/2021 10:21:53,611bdadcd4e35d332f3d5e66,611be843d5491c7d0a6ab0ce,com.thg.battleops.shooting.game,1.0,iv,Android OS 8.1.0 / API-27 (OPM1.171019.026/18236164615b9),dba9a37d-c427-4546-a7b1-1015d4fd7de5,True,False,IN,1631355714.031919
0,An error occurred while sending the request,Error,/BuildNotice/0,MobileSDK,LGE LG-M700,OpenGLES2,1.0,1.10.2,False,Programmatic1,Programmatic,09/11/2021 10:21:53,611bdadcd4e35d332f3d5e66,611be843d5491c7d0a6ab0ce,com.thg.battleops.shooting.game,1.0,iv,Android OS 8.1.0 / API-27 (OPM1.171019.026/18236164615b9),dba9a37d-c427-4546-a7b1-1015d4fd7de5,True,False,IN,1631355714.109777
0,could not receive ip address from ipfy,Error,/BuildNotice/0,MobileSDK,HUAWEI BAH2-L09,OpenGLES2,1.0,1.11.0,False,Programmatic1,Programmatic,09/11/2021 10:21:39,6028e36ad1e80652e41054ca,609d69021c511f4b1d4df1c4,com.pregnantcatemma.virtualpet,1.0,iv,Android OS 8.0.0 / API-26 (HUAWEIBAH2-L09/295(OCEC636)),56cf73f6-294b-4dd4-a08c-4545c1eec996,False,False,SN,1631355714.133179
0,could not receive ip address from ipfy,Error,/BuildNotice/0,MobileSDK,vivo vivo 1811,OpenGLES2,1.0,1.10.2,False,Programmatic1,Programmatic,09/11/2021 10:21:53,611bdadcd4e35d332f3d5e66,611be843d5491c7d0a6ab0ce,com.thg.battleops.shooting.game,1.0,iv,Android OS 8.1.0 / API-27 (OPM1.171019.026/eng.compil.20200520.160752),07e14eca-f6d1-4636-bf0f-483bad60cf4e,True,False,IR,1631355714.202367
0,An error occurred while sending the request,Error,/BuildNotice/0,MobileSDK,HUAWEI BAH2-L09,OpenGLES2,1.0,1.11.0,False,Programmatic1,Programmatic,09/11/2021 10:21:39,6028e36ad1e80652e41054ca,609d69021c511f4b1d4df1c4,com.pregnantcatemma.virtualpet,1.0,iv,Android OS 8.0.0 / API-26 (HUAWEIBAH2-L09/295(OCEC636)),56cf73f6-294b-4dd4-a08c-4545c1eec996,False,False,SN,1631355714.301774
0,could not receive ip address from ipfy,Error,/BuildNotice/0,MobileSDK,HUAWEI BAH2-L09,OpenGLES2,1.0,1.11.0,False,Programmatic1,Programmatic,09/11/2021 10:21:39,6028e36ad1e80652e41054ca,609d69021c511f4b1d4df1c4,com.pregnantcatemma.virtualpet,1.0,iv,Android OS 8.0.0 / API-26 (HUAWEIBAH2-L09/295(OCEC636)),56cf73f6-294b-4dd4-a08c-4545c1eec996,False,False,SN,1631355714.400158
0,An error occurred while sending the request,Error,/BuildNotice/0,MobileSDK,HUAWEI BAH2-L09,OpenGLES2,1.0,1.11.0,False,Programmatic1,Programmatic,09/11/2021 10:21:39,6028e36ad1e80652e41054ca,609d69021c511f4b1d4df1c4,com.pregnantcatemma.virtualpet,1.0,iv,Android OS 8.0.0 / API-26 (HUAWEIBAH2-L09/295(OCEC636)),56cf73f6-294b-4dd4-a08c-4545c1eec996,False,False,SN,1631355714.575512
0,could not receive ip address from ipfy,Error,/BuildNotice/0,MobileSDK,HUAWEI BAH2-L09,OpenGLES2,1.0,1.11.0,False,Programmatic1,Programmatic,09/11/2021 10:21:39,6028e36ad1e80652e41054ca,609d69021c511f4b1d4df1c4,com.pregnantcatemma.virtualpet,1.0,iv,Android OS 8.0.0 / API-26 (HUAWEIBAH2-L09/295(OCEC636)),56cf73f6-294b-4dd4-a08c-4545c1eec996,False,False,SN,1631355714.67006
0,could not receive ip address from ipfy,Error,/BuildNotice/0,MobileSDK,Xiaomi M2006C3MI,OpenGLES2,1.0,1.10.2,False,Programmatic1,Programmatic,09/11/2021 10:21:55,611bdadcd4e35d332f3d5e66,611be843d5491c7d0a6ab0ce,com.thg.battleops.shooting.game,1.0,iv,Android OS 10 / API-29 (QP1A.190711.020/V12.0.12.0.QCRINXM),14ae072e-a3fc-4aea-9bff-2d9c7a62e5cd,True,False,TH,1631355714.735452
0,An error occurred while sending the request,Error,/BuildNotice/0,MobileSDK,Xiaomi M2006C3MI,OpenGLES2,1.0,1.10.2,False,Programmatic1,Programmatic,09/11/2021 10:21:55,611bdadcd4e35d332f3d5e66,611be843d5491c7d0a6ab0ce,com.thg.battleops.shooting.game,1.0,iv,Android OS 10 / API-29 (QP1A.190711.020/V12.0.12.0.QCRINXM),14ae072e-a3fc-4aea-9bff-2d9c7a62e5cd,True,False,TH,1631355714.748926
0,An error occurred while sending the request,Error,/BuildNotice/0,MobileSDK,HUAWEI BAH2-L09,OpenGLES2,1.0,1.11.0,False,Programmatic1,Programmatic,09/11/2021 10:21:39,6028e36ad1e80652e41054ca,609d69021c511f4b1d4df1c4,com.pregnantcatemma.virtualpet,1.0,iv,Android OS 8.0.0 / API-26 (HUAWEIBAH2-L09/295(OCEC636)),56cf73f6-294b-4dd4-a08c-4545c1eec996,False,False,SN,1631355714.851994
0,could not receive ip address from ipfy,Error,/BuildNotice/0,MobileSDK,HUAWEI BAH2-L09,OpenGLES2,1.0,1.11.0,False,Programmatic1,Programmatic,09/11/2021 10:21:39,6028e36ad1e80652e41054ca,609d69021c511f4b1d4df1c4,com.pregnantcatemma.virtualpet,1.0,iv,Android OS 8.0.0 / API-26 (HUAWEIBAH2-L09/295(OCEC636)),56cf73f6-294b-4dd4-a08c-4545c1eec996,False,False,SN,1631355714.941201
0,could not receive ip address from ipfy,Error,/BuildNotice/0,MobileSDK,samsung SM-A107F,OpenGLES2,1.0,1.10.2,False,Programmatic1,Programmatic,09/11/2021 10:20:21,611bdadcd4e35d332f3d5e66,611be843d5491c7d0a6ab0ce,com.thg.battleops.shooting.game,1.0,iv,Android OS 10 / API-29 (QP1A.190711.020/A107FXXU8BUF1),66d0be28-32fd-4e83-a682-d524e39f8881,True,False,IN,1631355715.04816
0,An error occurred while sending the request,Error,/BuildNotice/0,MobileSDK,samsung SM-A107F,OpenGLES2,1.0,1.10.2,False,Programmatic1,Programmatic,09/11/2021 10:20:21,611bdadcd4e35d332f3d5e66,611be843d5491c7d0a6ab0ce,com.thg.battleops.shooting.game,1.0,iv,Android OS 10 / API-29 (QP1A.190711.020/A107FXXU8BUF1),66d0be28-32fd-4e83-a682-d524e39f8881,True,False,IN,1631355715.118909
0,An error occurred while sending the request,Error,/BuildNotice/0,MobileSDK,HUAWEI BAH2-L09,OpenGLES2,1.0,1.11.0,False,Programmatic1,Programmatic,09/11/2021 10:21:39,6028e36ad1e80652e41054ca,609d69021c511f4b1d4df1c4,com.pregnantcatemma.virtualpet,1.0,iv,Android OS 8.0.0 / API-26 (HUAWEIBAH2-L09/295(OCEC636)),56cf73f6-294b-4dd4-a08c-4545c1eec996,False,False,SN,1631355715.124744
0,could not receive ip address from ipfy,Error,/BuildNotice/0,MobileSDK,HUAWEI BAH2-L09,OpenGLES2,1.0,1.11.0,False,Programmatic1,Programmatic,09/11/2021 10:21:40,6028e36ad1e80652e41054ca,609d69021c511f4b1d4df1c4,com.pregnantcatemma.virtualpet,1.0,iv,Android OS 8.0.0 / API-26 (HUAWEIBAH2-L09/295(OCEC636)),56cf73f6-294b-4dd4-a08c-4545c1eec996,False,False,SN,1631355715.210276
0,An error occurred while sending the request,Error,/BuildNotice/0,MobileSDK,vivo vivo 1811,OpenGLES2,1.0,1.10.2,False,Programmatic1,Programmatic,09/11/2021 10:21:54,611bdadcd4e35d332f3d5e66,611be843d5491c7d0a6ab0ce,com.thg.battleops.shooting.game,1.0,iv,Android OS 8.1.0 / API-27 (OPM1.171019.026/eng.compil.20200520.160752),07e14eca-f6d1-4636-bf0f-483bad60cf4e,True,False,IR,1631355715.34986
0,An error occurred while sending the request,Error,/BuildNotice/0,MobileSDK,HUAWEI BAH2-L09,OpenGLES2,1.0,1.11.0,False,Programmatic1,Programmatic,09/11/2021 10:21:40,6028e36ad1e80652e41054ca,609d69021c511f4b1d4df1c4,com.pregnantcatemma.virtualpet,1.0,iv,Android OS 8.0.0 / API-26 (HUAWEIBAH2-L09/295(OCEC636)),56cf73f6-294b-4dd4-a08c-4545c1eec996,False,False,SN,1631355715.482614
0,could not receive ip address from ipfy,Error,/BuildNotice/0,MobileSDK,HUAWEI BAH2-L09,OpenGLES2,1.0,1.11.0,False,Programmatic1,Programmatic,09/11/2021 10:21:40,6028e36ad1e80652e41054ca,609d69021c511f4b1d4df1c4,com.pregnantcatemma.virtualpet,1.0,iv,Android OS 8.0.0 / API-26 (HUAWEIBAH2-L09/295(OCEC636)),56cf73f6-294b-4dd4-a08c-4545c1eec996,False,False,SN,1631355715.501689
0,An error occurred while sending the request,Error,/BuildNotice/0,MobileSDK,HUAWEI BAH2-L09,OpenGLES2,1.0,1.11.0,False,Programmatic1,Programmatic,09/11/2021 10:21:40,6028e36ad1e80652e41054ca,609d69021c511f4b1d4df1c4,com.pregnantcatemma.virtualpet,1.0,iv,Android OS 8.0.0 / API-26 (HUAWEIBAH2-L09/295(OCEC636)),56cf73f6-294b-4dd4-a08c-4545c1eec996,False,False,SN,1631355715.761184
0,could not receive ip address from ipfy,Error,/BuildNotice/0,MobileSDK,HUAWEI BAH2-L09,OpenGLES2,1.0,1.11.0,False,Programmatic1,Programmatic,09/11/2021 10:21:40,6028e36ad1e80652e41054ca,609d69021c511f4b1d4df1c4,com.pregnantcatemma.virtualpet,1.0,iv,Android OS 8.0.0 / API-26 (HUAWEIBAH2-L09/295(OCEC636)),56cf73f6-294b-4dd4-a08c-4545c1eec996,False,False,SN,1631355715.777608
0,An error occurred while sending the request,Error,/BuildNotice/0,MobileSDK,HUAWEI BAH2-L09,OpenGLES2,1.0,1.11.0,False,Programmatic1,Programmatic,09/11/2021 10:21:40,6028e36ad1e80652e41054ca,609d69021c511f4b1d4df1c4,com.pregnantcatemma.virtualpet,1.0,iv,Android OS 8.0.0 / API-26 (HUAWEIBAH2-L09/295(OCEC636)),56cf73f6-294b-4dd4-a08c-4545c1eec996,False,False,SN,1631355716.034639
0,could not receive ip address from ipfy,Error,/BuildNotice/0,MobileSDK,HUAWEI BAH2-L09,OpenGLES2,1.0,1.11.0,False,Programmatic1,Programmatic,09/11/2021 10:21:40,6028e36ad1e80652e41054ca,609d69021c511f4b1d4df1c4,com.pregnantcatemma.virtualpet,1.0,iv,Android OS 8.0.0 / API-26 (HUAWEIBAH2-L09/295(OCEC636)),56cf73f6-294b-4dd4-a08c-4545c1eec996,False,False,SN,1631355716.04927
0,An error occurred while sending the request,Error,/BuildNotice/0,MobileSDK,HUAWEI BAH2-L09,OpenGLES2,1.0,1.11.0,False,Programmatic1,Programmatic,09/11/2021 10:21:40,6028e36ad1e80652e41054ca,609d69021c511f4b1d4df1c4,com.pregnantcatemma.virtualpet,1.0,iv,Android OS 8.0.0 / API-26 (HUAWEIBAH2-L09/295(OCEC636)),56cf73f6-294b-4dd4-a08c-4545c1eec996,False,False,SN,1631355716.306716
0,could not receive ip address from ipfy,Error,/BuildNotice/0,MobileSDK,HUAWEI BAH2-L09,OpenGLES2,1.0,1.11.0,False,Programmatic1,Programmatic,09/11/2021 10:21:41,6028e36ad1e80652e41054ca,609d69021c511f4b1d4df1c4,com.pregnantcatemma.virtualpet,1.0,iv,Android OS 8.0.0 / API-26 (HUAWEIBAH2-L09/295(OCEC636)),56cf73f6-294b-4dd4-a08c-4545c1eec996,False,False,SN,1631355716.321959
0,could not receive ip address from ipfy,Error,/BuildNotice/0,MobileSDK,vivo vivo 1811,OpenGLES2,1.0,1.10.2,False,Programmatic1,Programmatic,09/11/2021 10:21:55,611bdadcd4e35d332f3d5e66,611be843d5491c7d0a6ab0ce,com.thg.battleops.shooting.game,1.0,iv,Android OS 8.1.0 / API-27 (OPM1.171019.026/eng.compil.20200520.160752),07e14eca-f6d1-4636-bf0f-483bad60cf4e,True,False,IR,1631355716.467167
0,An error occurred while sending the request,Error,/BuildNotice/0,MobileSDK,HUAWEI BAH2-L09,OpenGLES2,1.0,1.11.0,False,Programmatic1,Programmatic,09/11/2021 10:21:41,6028e36ad1e80652e41054ca,609d69021c511f4b1d4df1c4,com.pregnantcatemma.virtualpet,1.0,iv,Android OS 8.0.0 / API-26 (HUAWEIBAH2-L09/295(OCEC636)),56cf73f6-294b-4dd4-a08c-4545c1eec996,False,False,SN,1631355716.576749
0,could not receive ip address from ipfy,Error,/BuildNotice/0,MobileSDK,HUAWEI BAH2-L09,OpenGLES2,1.0,1.11.0,False,Programmatic1,Programmatic,09/11/2021 10:21:41,6028e36ad1e80652e41054ca,609d69021c511f4b1d4df1c4,com.pregnantcatemma.virtualpet,1.0,iv,Android OS 8.0.0 / API-26 (HUAWEIBAH2-L09/295(OCEC636)),56cf73f6-294b-4dd4-a08c-4545c1eec996,False,False,SN,1631355716.593378
0,could not receive ip address from ipfy,Error,/BuildNotice/0,MobileSDK,samsung SM-A107F,OpenGLES2,1.0,1.10.2,False,Programmatic1,Programmatic,09/11/2021 10:20:25,611bdadcd4e35d332f3d5e66,611be843d5491c7d0a6ab0ce,com.thg.battleops.shooting.game,1.0,iv,Android OS 10 / API-29 (QP1A.190711.020/A107FXXU8BUF1),66d0be28-32fd-4e83-a682-d524e39f8881,True,False,IN,1631355716.692553
0,An error occurred while sending the request,Error,/BuildNotice/0,MobileSDK,HUAWEI BAH2-L09,OpenGLES2,1.0,1.11.0,False,Programmatic1,Programmatic,09/11/2021 10:21:41,6028e36ad1e80652e41054ca,609d69021c511f4b1d4df1c4,com.pregnantcatemma.virtualpet,1.0,iv,Android OS 8.0.0 / API-26 (HUAWEIBAH2-L09/295(OCEC636)),56cf73f6-294b-4dd4-a08c-4545c1eec996,False,False,SN,1631355716.851725
0,could not receive ip address from ipfy,Error,/BuildNotice/0,MobileSDK,HUAWEI BAH2-L09,OpenGLES2,1.0,1.11.0,False,Programmatic1,Programmatic,09/11/2021 10:21:41,6028e36ad1e80652e41054ca,609d69021c511f4b1d4df1c4,com.pregnantcatemma.virtualpet,1.0,iv,Android OS 8.0.0 / API-26 (HUAWEIBAH2-L09/295(OCEC636)),56cf73f6-294b-4dd4-a08c-4545c1eec996,False,False,SN,1631355716.86943
0,An error occurred while sending the request,Error,/BuildNotice/0,MobileSDK,HUAWEI BAH2-L09,OpenGLES2,1.0,1.11.0,False,Programmatic1,Programmatic,09/11/2021 10:21:41,6028e36ad1e80652e41054ca,609d69021c511f4b1d4df1c4,com.pregnantcatemma.virtualpet,1.0,iv,Android OS 8.0.0 / API-26 (HUAWEIBAH2-L09/295(OCEC636)),56cf73f6-294b-4dd4-a08c-4545c1eec996,False,False,SN,1631355717.127974
0,could not receive ip address from ipfy,Error,/BuildNotice/0,MobileSDK,HUAWEI BAH2-L09,OpenGLES2,1.0,1.11.0,False,Programmatic1,Programmatic,09/11/2021 10:21:41,6028e36ad1e80652e41054ca,609d69021c511f4b1d4df1c4,com.pregnantcatemma.virtualpet,1.0,iv,Android OS 8.0.0 / API-26 (HUAWEIBAH2-L09/295(OCEC636)),56cf73f6-294b-4dd4-a08c-4545c1eec996,False,False,SN,1631355717.141079
0,could not receive ip address from ipfy,Error,/BuildNotice/0,MobileSDK,LGE LG-M700,OpenGLES2,1.0,1.10.2,False,Programmatic1,Programmatic,09/11/2021 10:21:56,611bdadcd4e35d332f3d5e66,611be843d5491c7d0a6ab0ce,com.thg.battleops.shooting.game,1.0,iv,Android OS 8.1.0 / API-27 (OPM1.171019.026/18236164615b9),dba9a37d-c427-4546-a7b1-1015d4fd7de5,True,False,IN,1631355717.165521
0,An error occurred while sending the request,Error,/BuildNotice/0,MobileSDK,LGE LG-M700,OpenGLES2,1.0,1.10.2,False,Programmatic1,Programmatic,09/11/2021 10:21:56,611bdadcd4e35d332f3d5e66,611be843d5491c7d0a6ab0ce,com.thg.battleops.shooting.game,1.0,iv,Android OS 8.1.0 / API-27 (OPM1.171019.026/18236164615b9),dba9a37d-c427-4546-a7b1-1015d4fd7de5,True,False,IN,1631355717.342453
0,An error occurred while sending the request,Error,/BuildNotice/0,MobileSDK,HUAWEI BAH2-L09,OpenGLES2,1.0,1.11.0,False,Programmatic1,Programmatic,09/11/2021 10:21:41,6028e36ad1e80652e41054ca,609d69021c511f4b1d4df1c4,com.pregnantcatemma.virtualpet,1.0,iv,Android OS 8.0.0 / API-26 (HUAWEIBAH2-L09/295(OCEC636)),56cf73f6-294b-4dd4-a08c-4545c1eec996,False,False,SN,1631355717.398371
0,An error occurred while sending the request,Error,/BuildNotice/0,MobileSDK,Xiaomi M2006C3MI,OpenGLES2,1.0,1.10.2,False,Programmatic1,Programmatic,09/11/2021 10:21:58,611bdadcd4e35d332f3d5e66,611be843d5491c7d0a6ab0ce,com.thg.battleops.shooting.game,1.0,iv,Android OS 10 / API-29 (QP1A.190711.020/V12.0.12.0.QCRINXM),14ae072e-a3fc-4aea-9bff-2d9c7a62e5cd,True,False,TH,1631355717.408304
0,could not receive ip address from ipfy,Error,/BuildNotice/0,MobileSDK,HUAWEI BAH2-L09,OpenGLES2,1.0,1.11.0,False,Programmatic1,Programmatic,09/11/2021 10:21:42,6028e36ad1e80652e41054ca,609d69021c511f4b1d4df1c4,com.pregnantcatemma.virtualpet,1.0,iv,Android OS 8.0.0 / API-26 (HUAWEIBAH2-L09/295(OCEC636)),56cf73f6-294b-4dd4-a08c-4545c1eec996,False,False,SN,1631355717.412488
0,An error occurred while sending the request,Error,/BuildNotice/0,MobileSDK,HUAWEI BAH2-L09,OpenGLES2,1.0,1.11.0,False,Programmatic1,Programmatic,09/11/2021 10:21:42,6028e36ad1e80652e41054ca,609d69021c511f4b1d4df1c4,com.pregnantcatemma.virtualpet,1.0,iv,Android OS 8.0.0 / API-26 (HUAWEIBAH2-L09/295(OCEC636)),56cf73f6-294b-4dd4-a08c-4545c1eec996,False,False,SN,1631355717.668869
0,could not receive ip address from ipfy,Error,/BuildNotice/0,MobileSDK,HUAWEI BAH2-L09,OpenGLES2,1.0,1.11.0,False,Programmatic1,Programmatic,09/11/2021 10:21:42,6028e36ad1e80652e41054ca,609d69021c511f4b1d4df1c4,com.pregnantcatemma.virtualpet,1.0,iv,Android OS 8.0.0 / API-26 (HUAWEIBAH2-L09/295(OCEC636)),56cf73f6-294b-4dd4-a08c-4545c1eec996,False,False,SN,1631355717.692415
0,could not receive ip address from ipfy,Error,/BuildNotice/0,MobileSDK,Xiaomi M2006C3MI,OpenGLES2,1.0,1.10.2,False,Programmatic1,Programmatic,09/11/2021 10:21:58,611bdadcd4e35d332f3d5e66,611be843d5491c7d0a6ab0ce,com.thg.battleops.shooting.game,1.0,iv,Android OS 10 / API-29 (QP1A.190711.020/V12.0.12.0.QCRINXM),14ae072e-a3fc-4aea-9bff-2d9c7a62e5cd,True,False,TH,1631355717.713526
0,An error occurred while sending the request,Error,/BuildNotice/0,MobileSDK,vivo vivo 1811,OpenGLES2,1.0,1.10.2,False,Programmatic1,Programmatic,09/11/2021 10:21:56,611bdadcd4e35d332f3d5e66,611be843d5491c7d0a6ab0ce,com.thg.battleops.shooting.game,1.0,iv,Android OS 8.1.0 / API-27 (OPM1.171019.026/eng.compil.20200520.160752),07e14eca-f6d1-4636-bf0f-483bad60cf4e,True,False,IR,1631355717.897313
0,An error occurred while sending the request,Error,/BuildNotice/0,MobileSDK,HUAWEI BAH2-L09,OpenGLES2,1.0,1.11.0,False,Programmatic1,Programmatic,09/11/2021 10:21:42,6028e36ad1e80652e41054ca,609d69021c511f4b1d4df1c4,com.pregnantcatemma.virtualpet,1.0,iv,Android OS 8.0.0 / API-26 (HUAWEIBAH2-L09/295(OCEC636)),56cf73f6-294b-4dd4-a08c-4545c1eec996,False,False,SN,1631355717.948609
0,could not receive ip address from ipfy,Error,/BuildNotice/0,MobileSDK,HUAWEI BAH2-L09,OpenGLES2,1.0,1.11.0,False,Programmatic1,Programmatic,09/11/2021 10:21:42,6028e36ad1e80652e41054ca,609d69021c511f4b1d4df1c4,com.pregnantcatemma.virtualpet,1.0,iv,Android OS 8.0.0 / API-26 (HUAWEIBAH2-L09/295(OCEC636)),56cf73f6-294b-4dd4-a08c-4545c1eec996,False,False,SN,1631355717.965601
0,An error occurred while sending the request,Error,/BuildNotice/0,MobileSDK,HUAWEI BAH2-L09,OpenGLES2,1.0,1.11.0,False,Programmatic1,Programmatic,09/11/2021 10:21:42,6028e36ad1e80652e41054ca,609d69021c511f4b1d4df1c4,com.pregnantcatemma.virtualpet,1.0,iv,Android OS 8.0.0 / API-26 (HUAWEIBAH2-L09/295(OCEC636)),56cf73f6-294b-4dd4-a08c-4545c1eec996,False,False,SN,1631355718.221356
0,could not receive ip address from ipfy,Error,/BuildNotice/0,MobileSDK,HUAWEI BAH2-L09,OpenGLES2,1.0,1.11.0,False,Programmatic1,Programmatic,09/11/2021 10:21:42,6028e36ad1e80652e41054ca,609d69021c511f4b1d4df1c4,com.pregnantcatemma.virtualpet,1.0,iv,Android OS 8.0.0 / API-26 (HUAWEIBAH2-L09/295(OCEC636)),56cf73f6-294b-4dd4-a08c-4545c1eec996,False,False,SN,1631355718.235016
0,An error occurred while sending the request,Error,/BuildNotice/0,MobileSDK,HUAWEI BAH2-L09,OpenGLES2,1.0,1.11.0,False,Programmatic1,Programmatic,09/11/2021 10:21:42,6028e36ad1e80652e41054ca,609d69021c511f4b1d4df1c4,com.pregnantcatemma.virtualpet,1.0,iv,Android OS 8.0.0 / API-26 (HUAWEIBAH2-L09/295(OCEC636)),56cf73f6-294b-4dd4-a08c-4545c1eec996,False,False,SN,1631355718.491026
0,could not receive ip address from ipfy,Error,/BuildNotice/0,MobileSDK,HUAWEI BAH2-L09,OpenGLES2,1.0,1.11.0,False,Programmatic1,Programmatic,09/11/2021 10:21:42,6028e36ad1e80652e41054ca,609d69021c511f4b1d4df1c4,com.pregnantcatemma.virtualpet,1.0,iv,Android OS 8.0.0 / API-26 (HUAWEIBAH2-L09/295(OCEC636)),56cf73f6-294b-4dd4-a08c-4545c1eec996,False,False,SN,1631355718.505547
0,An error occurred while sending the request,Error,/BuildNotice/0,MobileSDK,samsung SM-A107F,OpenGLES2,1.0,1.10.2,False,Programmatic1,Programmatic,09/11/2021 10:20:25,611bdadcd4e35d332f3d5e66,611be843d5491c7d0a6ab0ce,com.thg.battleops.shooting.game,1.0,iv,Android OS 10 / API-29 (QP1A.190711.020/A107FXXU8BUF1),66d0be28-32fd-4e83-a682-d524e39f8881,True,False,IN,1631355718.681191
203,fail to get access token,Error,/Throw/0,MobileSDK,samsung SM-A325F,OpenGLES2,1.0,1.11.0,False,Programmatic1,Programmatic,09/11/2021 10:21:46,6028e36ad1e80652e41054ca,609d69021c511f4b1d4df1c4,com.pregnantcatemma.virtualpet,1.0,iv,Android OS 11 / API-30 (RP1A.200720.012/A325FXXU1AUH2),cf69dbd4-51d3-49eb-805b-f51da43b48ad,False,False,UA,1631355718.722392
0,An error occurred while sending the request,Error,/BuildNotice/0,MobileSDK,HUAWEI BAH2-L09,OpenGLES2,1.0,1.11.0,False,Programmatic1,Programmatic,09/11/2021 10:21:42,6028e36ad1e80652e41054ca,609d69021c511f4b1d4df1c4,com.pregnantcatemma.virtualpet,1.0,iv,Android OS 8.0.0 / API-26 (HUAWEIBAH2-L09/295(OCEC636)),56cf73f6-294b-4dd4-a08c-4545c1eec996,False,False,SN,1631355718.761617
0,could not receive ip address from ipfy,Error,/BuildNotice/0,MobileSDK,HUAWEI BAH2-L09,OpenGLES2,1.0,1.11.0,False,Programmatic1,Programmatic,09/11/2021 10:21:43,6028e36ad1e80652e41054ca,609d69021c511f4b1d4df1c4,com.pregnantcatemma.virtualpet,1.0,iv,Android OS 8.0.0 / API-26 (HUAWEIBAH2-L09/295(OCEC636)),56cf73f6-294b-4dd4-a08c-4545c1eec996,False,False,SN,1631355718.779318
0,An error occurred while sending the request,Error,/BuildNotice/0,MobileSDK,HUAWEI BAH2-L09,OpenGLES2,1.0,1.11.0,False,Programmatic1,Programmatic,09/11/2021 10:21:43,6028e36ad1e80652e41054ca,609d69021c511f4b1d4df1c4,com.pregnantcatemma.virtualpet,1.0,iv,Android OS 8.0.0 / API-26 (HUAWEIBAH2-L09/295(OCEC636)),56cf73f6-294b-4dd4-a08c-4545c1eec996,False,False,SN,1631355719.037669
0,could not receive ip address from ipfy,Error,/BuildNotice/0,MobileSDK,HUAWEI BAH2-L09,OpenGLES2,1.0,1.11.0,False,Programmatic1,Programmatic,09/11/2021 10:21:43,6028e36ad1e80652e41054ca,609d69021c511f4b1d4df1c4,com.pregnantcatemma.virtualpet,1.0,iv,Android OS 8.0.0 / API-26 (HUAWEIBAH2-L09/295(OCEC636)),56cf73f6-294b-4dd4-a08c-4545c1eec996,False,False,SN,1631355719.053451
0,could not receive ip address from ipfy,Error,/BuildNotice/0,MobileSDK,vivo vivo 1811,OpenGLES2,1.0,1.10.2,False,Programmatic1,Programmatic,09/11/2021 10:21:58,611bdadcd4e35d332f3d5e66,611be843d5491c7d0a6ab0ce,com.thg.battleops.shooting.game,1.0,iv,Android OS 8.1.0 / API-27 (OPM1.171019.026/eng.compil.20200520.160752),07e14eca-f6d1-4636-bf0f-483bad60cf4e,True,False,IR,1631355719.266438
0,An error occurred while sending the request,Error,/BuildNotice/0,MobileSDK,HUAWEI BAH2-L09,OpenGLES2,1.0,1.11.0,False,Programmatic1,Programmatic,09/11/2021 10:21:43,6028e36ad1e80652e41054ca,609d69021c511f4b1d4df1c4,com.pregnantcatemma.virtualpet,1.0,iv,Android OS 8.0.0 / API-26 (HUAWEIBAH2-L09/295(OCEC636)),56cf73f6-294b-4dd4-a08c-4545c1eec996,False,False,SN,1631355719.310453
0,could not receive ip address from ipfy,Error,/BuildNotice/0,MobileSDK,HUAWEI BAH2-L09,OpenGLES2,1.0,1.11.0,False,Programmatic1,Programmatic,09/11/2021 10:21:43,6028e36ad1e80652e41054ca,609d69021c511f4b1d4df1c4,com.pregnantcatemma.virtualpet,1.0,iv,Android OS 8.0.0 / API-26 (HUAWEIBAH2-L09/295(OCEC636)),56cf73f6-294b-4dd4-a08c-4545c1eec996,False,False,SN,1631355719.326439
0,An error occurred while sending the request,Error,/BuildNotice/0,MobileSDK,HUAWEI BAH2-L09,OpenGLES2,1.0,1.11.0,False,Programmatic1,Programmatic,09/11/2021 10:21:43,6028e36ad1e80652e41054ca,609d69021c511f4b1d4df1c4,com.pregnantcatemma.virtualpet,1.0,iv,Android OS 8.0.0 / API-26 (HUAWEIBAH2-L09/295(OCEC636)),56cf73f6-294b-4dd4-a08c-4545c1eec996,False,False,SN,1631355719.582101
0,could not receive ip address from ipfy,Error,/BuildNotice/0,MobileSDK,HUAWEI BAH2-L09,OpenGLES2,1.0,1.11.0,False,Programmatic1,Programmatic,09/11/2021 10:21:43,6028e36ad1e80652e41054ca,609d69021c511f4b1d4df1c4,com.pregnantcatemma.virtualpet,1.0,iv,Android OS 8.0.0 / API-26 (HUAWEIBAH2-L09/295(OCEC636)),56cf73f6-294b-4dd4-a08c-4545c1eec996,False,False,SN,1631355719.597436
0,could not receive ip address from ipfy,Error,/BuildNotice/0,MobileSDK,samsung SM-A107F,OpenGLES2,1.0,1.10.2,False,Programmatic1,Programmatic,09/11/2021 10:20:26,611bdadcd4e35d332f3d5e66,611be843d5491c7d0a6ab0ce,com.thg.battleops.shooting.game,1.0,iv,Android OS 10 / API-29 (QP1A.190711.020/A107FXXU8BUF1),66d0be28-32fd-4e83-a682-d524e39f8881,True,False,IN,1631355719.741227
0,An error occurred while sending the request,Error,/BuildNotice/0,MobileSDK,HUAWEI BAH2-L09,OpenGLES2,1.0,1.11.0,False,Programmatic1,Programmatic,09/11/2021 10:21:43,6028e36ad1e80652e41054ca,609d69021c511f4b1d4df1c4,com.pregnantcatemma.virtualpet,1.0,iv,Android OS 8.0.0 / API-26 (HUAWEIBAH2-L09/295(OCEC636)),56cf73f6-294b-4dd4-a08c-4545c1eec996,False,False,SN,1631355719.853185
0,could not receive ip address from ipfy,Error,/BuildNotice/0,MobileSDK,HUAWEI BAH2-L09,OpenGLES2,1.0,1.11.0,False,Programmatic1,Programmatic,09/11/2021 10:21:44,6028e36ad1e80652e41054ca,609d69021c511f4b1d4df1c4,com.pregnantcatemma.virtualpet,1.0,iv,Android OS 8.0.0 / API-26 (HUAWEIBAH2-L09/295(OCEC636)),56cf73f6-294b-4dd4-a08c-4545c1eec996,False,False,SN,1631355719.868882
0,An error occurred while sending the request,Error,/BuildNotice/0,MobileSDK,HUAWEI BAH2-L09,OpenGLES2,1.0,1.11.0,False,Programmatic1,Programmatic,09/11/2021 10:21:44,6028e36ad1e80652e41054ca,609d69021c511f4b1d4df1c4,com.pregnantcatemma.virtualpet,1.0,iv,Android OS 8.0.0 / API-26 (HUAWEIBAH2-L09/295(OCEC636)),56cf73f6-294b-4dd4-a08c-4545c1eec996,False,False,SN,1631355720.125722
0,could not receive ip address from ipfy,Error,/BuildNotice/0,MobileSDK,HUAWEI BAH2-L09,OpenGLES2,1.0,1.11.0,False,Programmatic1,Programmatic,09/11/2021 10:21:44,6028e36ad1e80652e41054ca,609d69021c511f4b1d4df1c4,com.pregnantcatemma.virtualpet,1.0,iv,Android OS 8.0.0 / API-26 (HUAWEIBAH2-L09/295(OCEC636)),56cf73f6-294b-4dd4-a08c-4545c1eec996,False,False,SN,1631355720.143035
0,An error occurred while sending the request,Error,/BuildNotice/0,MobileSDK,vivo vivo 1811,OpenGLES2,1.0,1.10.2,False,Programmatic1,Programmatic,09/11/2021 10:21:59,611bdadcd4e35d332f3d5e66,611be843d5491c7d0a6ab0ce,com.thg.battleops.shooting.game,1.0,iv,Android OS 8.1.0 / API-27 (OPM1.171019.026/eng.compil.20200520.160752),07e14eca-f6d1-4636-bf0f-483bad60cf4e,True,False,IR,1631355720.2472
0,An error occurred while sending the request,Error,/BuildNotice/0,MobileSDK,HUAWEI BAH2-L09,OpenGLES2,1.0,1.11.0,False,Programmatic1,Programmatic,09/11/2021 10:21:44,6028e36ad1e80652e41054ca,609d69021c511f4b1d4df1c4,com.pregnantcatemma.virtualpet,1.0,iv,Android OS 8.0.0 / API-26 (HUAWEIBAH2-L09/295(OCEC636)),56cf73f6-294b-4dd4-a08c-4545c1eec996,False,False,SN,1631355720.404881
0,could not receive ip address from ipfy,Error,/BuildNotice/0,MobileSDK,HUAWEI BAH2-L09,OpenGLES2,1.0,1.11.0,False,Programmatic1,Programmatic,09/11/2021 10:21:44,6028e36ad1e80652e41054ca,609d69021c511f4b1d4df1c4,com.pregnantcatemma.virtualpet,1.0,iv,Android OS 8.0.0 / API-26 (HUAWEIBAH2-L09/295(OCEC636)),56cf73f6-294b-4dd4-a08c-4545c1eec996,False,False,SN,1631355720.41922
0,could not receive ip address from ipfy,Error,/BuildNotice/0,MobileSDK,LGE LG-M700,OpenGLES2,1.0,1.10.2,False,Programmatic1,Programmatic,09/11/2021 10:22:00,611bdadcd4e35d332f3d5e66,611be843d5491c7d0a6ab0ce,com.thg.battleops.shooting.game,1.0,iv,Android OS 8.1.0 / API-27 (OPM1.171019.026/18236164615b9),dba9a37d-c427-4546-a7b1-1015d4fd7de5,True,False,IN,1631355720.483221
0,An error occurred while sending the request,Error,/BuildNotice/0,MobileSDK,LGE LG-M700,OpenGLES2,1.0,1.10.2,False,Programmatic1,Programmatic,09/11/2021 10:22:00,611bdadcd4e35d332f3d5e66,611be843d5491c7d0a6ab0ce,com.thg.battleops.shooting.game,1.0,iv,Android OS 8.1.0 / API-27 (OPM1.171019.026/18236164615b9),dba9a37d-c427-4546-a7b1-1015d4fd7de5,True,False,IN,1631355720.55894
0,An error occurred while sending the request,Error,/BuildNotice/0,MobileSDK,HUAWEI BAH2-L09,OpenGLES2,1.0,1.11.0,False,Programmatic1,Programmatic,09/11/2021 10:21:44,6028e36ad1e80652e41054ca,609d69021c511f4b1d4df1c4,com.pregnantcatemma.virtualpet,1.0,iv,Android OS 8.0.0 / API-26 (HUAWEIBAH2-L09/295(OCEC636)),56cf73f6-294b-4dd4-a08c-4545c1eec996,False,False,SN,1631355720.674981
0,could not receive ip address from ipfy,Error,/BuildNotice/0,MobileSDK,HUAWEI BAH2-L09,OpenGLES2,1.0,1.11.0,False,Programmatic1,Programmatic,09/11/2021 10:21:44,6028e36ad1e80652e41054ca,609d69021c511f4b1d4df1c4,com.pregnantcatemma.virtualpet,1.0,iv,Android OS 8.0.0 / API-26 (HUAWEIBAH2-L09/295(OCEC636)),56cf73f6-294b-4dd4-a08c-4545c1eec996,False,False,SN,1631355720.696165
0,An error occurred while sending the request,Error,/BuildNotice/0,MobileSDK,HUAWEI BAH2-L09,OpenGLES2,1.0,1.11.0,False,Programmatic1,Programmatic,09/11/2021 10:21:44,6028e36ad1e80652e41054ca,609d69021c511f4b1d4df1c4,com.pregnantcatemma.virtualpet,1.0,iv,Android OS 8.0.0 / API-26 (HUAWEIBAH2-L09/295(OCEC636)),56cf73f6-294b-4dd4-a08c-4545c1eec996,False,False,SN,1631355720.946516
0,could not receive ip address from ipfy,Error,/BuildNotice/0,MobileSDK,HUAWEI BAH2-L09,OpenGLES2,1.0,1.11.0,False,Programmatic1,Programmatic,09/11/2021 10:21:44,6028e36ad1e80652e41054ca,609d69021c511f4b1d4df1c4,com.pregnantcatemma.virtualpet,1.0,iv,Android OS 8.0.0 / API-26 (HUAWEIBAH2-L09/295(OCEC636)),56cf73f6-294b-4dd4-a08c-4545c1eec996,False,False,SN,1631355720.966457
0,could not receive ip address from ipfy,Error,/BuildNotice/0,MobileSDK,Xiaomi M2006C3MI,OpenGLES2,1.0,1.10.2,False,Programmatic1,Programmatic,09/11/2021 10:22:01,611bdadcd4e35d332f3d5e66,611be843d5491c7d0a6ab0ce,com.thg.battleops.shooting.game,1.0,iv,Android OS 10 / API-29 (QP1A.190711.020/V12.0.12.0.QCRINXM),14ae072e-a3fc-4aea-9bff-2d9c7a62e5cd,True,False,TH,1631355721.016257
0,An error occurred while sending the request,Error,/BuildNotice/0,MobileSDK,Xiaomi M2006C3MI,OpenGLES2,1.0,1.10.2,False,Programmatic1,Programmatic,09/11/2021 10:22:01,611bdadcd4e35d332f3d5e66,611be843d5491c7d0a6ab0ce,com.thg.battleops.shooting.game,1.0,iv,Android OS 10 / API-29 (QP1A.190711.020/V12.0.12.0.QCRINXM),14ae072e-a3fc-4aea-9bff-2d9c7a62e5cd,True,False,TH,1631355721.101489
0,An error occurred while sending the request,Error,/BuildNotice/0,MobileSDK,HUAWEI BAH2-L09,OpenGLES2,1.0,1.11.0,False,Programmatic1,Programmatic,09/11/2021 10:21:44,6028e36ad1e80652e41054ca,609d69021c511f4b1d4df1c4,com.pregnantcatemma.virtualpet,1.0,iv,Android OS 8.0.0 / API-26 (HUAWEIBAH2-L09/295(OCEC636)),56cf73f6-294b-4dd4-a08c-4545c1eec996,False,False,SN,1631355721.223181
0,could not receive ip address from ipfy,Error,/BuildNotice/0,MobileSDK,HUAWEI BAH2-L09,OpenGLES2,1.0,1.11.0,False,Programmatic1,Programmatic,09/11/2021 10:21:45,6028e36ad1e80652e41054ca,609d69021c511f4b1d4df1c4,com.pregnantcatemma.virtualpet,1.0,iv,Android OS 8.0.0 / API-26 (HUAWEIBAH2-L09/295(OCEC636)),56cf73f6-294b-4dd4-a08c-4545c1eec996,False,False,SN,1631355721.237109
0,An error occurred while sending the request,Error,/BuildNotice/0,MobileSDK,samsung SM-A107F,OpenGLES2,1.0,1.10.2,False,Programmatic1,Programmatic,09/11/2021 10:20:26,611bdadcd4e35d332f3d5e66,611be843d5491c7d0a6ab0ce,com.thg.battleops.shooting.game,1.0,iv,Android OS 10 / API-29 (QP1A.190711.020/A107FXXU8BUF1),66d0be28-32fd-4e83-a682-d524e39f8881,True,False,IN,1631355721.382374
0,An error occurred while sending the request,Error,/BuildNotice/0,MobileSDK,HUAWEI BAH2-L09,OpenGLES2,1.0,1.11.0,False,Programmatic1,Programmatic,09/11/2021 10:21:45,6028e36ad1e80652e41054ca,609d69021c511f4b1d4df1c4,com.pregnantcatemma.virtualpet,1.0,iv,Android OS 8.0.0 / API-26 (HUAWEIBAH2-L09/295(OCEC636)),56cf73f6-294b-4dd4-a08c-4545c1eec996,False,False,SN,1631355721.492587
0,could not receive ip address from ipfy,Error,/BuildNotice/0,MobileSDK,HUAWEI BAH2-L09,OpenGLES2,1.0,1.11.0,False,Programmatic1,Programmatic,09/11/2021 10:21:45,6028e36ad1e80652e41054ca,609d69021c511f4b1d4df1c4,com.pregnantcatemma.virtualpet,1.0,iv,Android OS 8.0.0 / API-26 (HUAWEIBAH2-L09/295(OCEC636)),56cf73f6-294b-4dd4-a08c-4545c1eec996,False,False,SN,1631355721.507371
0,An error occurred while sending the request,Error,/BuildNotice/0,MobileSDK,HUAWEI BAH2-L09,OpenGLES2,1.0,1.11.0,False,Programmatic1,Programmatic,09/11/2021 10:21:45,6028e36ad1e80652e41054ca,609d69021c511f4b1d4df1c4,com.pregnantcatemma.virtualpet,1.0,iv,Android OS 8.0.0 / API-26 (HUAWEIBAH2-L09/295(OCEC636)),56cf73f6-294b-4dd4-a08c-4545c1eec996,False,False,SN,1631355721.764098
0,could not receive ip address from ipfy,Error,/BuildNotice/0,MobileSDK,HUAWEI BAH2-L09,OpenGLES2,1.0,1.11.0,False,Programmatic1,Programmatic,09/11/2021 10:21:45,6028e36ad1e80652e41054ca,609d69021c511f4b1d4df1c4,com.pregnantcatemma.virtualpet,1.0,iv,Android OS 8.0.0 / API-26 (HUAWEIBAH2-L09/295(OCEC636)),56cf73f6-294b-4dd4-a08c-4545c1eec996,False,False,SN,1631355721.784442
0,could not receive ip address from ipfy,Error,/BuildNotice/0,MobileSDK,vivo vivo 1811,OpenGLES2,1.0,1.10.2,False,Programmatic1,Programmatic,09/11/2021 10:22:00,611bdadcd4e35d332f3d5e66,611be843d5491c7d0a6ab0ce,com.thg.battleops.shooting.game,1.0,iv,Android OS 8.1.0 / API-27 (OPM1.171019.026/eng.compil.20200520.160752),07e14eca-f6d1-4636-bf0f-483bad60cf4e,True,False,IR,1631355721.839317
0,An error occurred while sending the request,Error,/BuildNotice/0,MobileSDK,HUAWEI BAH2-L09,OpenGLES2,1.0,1.11.0,False,Programmatic1,Programmatic,09/11/2021 10:21:45,6028e36ad1e80652e41054ca,609d69021c511f4b1d4df1c4,com.pregnantcatemma.virtualpet,1.0,iv,Android OS 8.0.0 / API-26 (HUAWEIBAH2-L09/295(OCEC636)),56cf73f6-294b-4dd4-a08c-4545c1eec996,False,False,SN,1631355722.036704
0,could not receive ip address from ipfy,Error,/BuildNotice/0,MobileSDK,HUAWEI BAH2-L09,OpenGLES2,1.0,1.11.0,False,Programmatic1,Programmatic,09/11/2021 10:21:45,6028e36ad1e80652e41054ca,609d69021c511f4b1d4df1c4,com.pregnantcatemma.virtualpet,1.0,iv,Android OS 8.0.0 / API-26 (HUAWEIBAH2-L09/295(OCEC636)),56cf73f6-294b-4dd4-a08c-4545c1eec996,False,False,SN,1631355722.055323
0,could not receive ip address from ipfy,Error,/BuildNotice/0,MobileSDK,HUAWEI STK-L21,OpenGLES2,1.0,1.10.2,False,LowRevenueCountryBlock,LowRevenueCountryBlock,09/11/2021 10:21:59,611bdadcd4e35d332f3d5e66,611be843d5491c7d0a6ab0ce,com.thg.battleops.shooting.game,1.0,iv,Android OS 10 / API-29 (HUAWEISTK-L21/10.0.0.274C185),99a8c3e5-f662-44bc-8e4e-e208d438a420,True,False,BD,1631355722.12949
0,An error occurred while sending the request,Error,/BuildNotice/0,MobileSDK,HUAWEI BAH2-L09,OpenGLES2,1.0,1.11.0,False,Programmatic1,Programmatic,09/11/2021 10:21:45,6028e36ad1e80652e41054ca,609d69021c511f4b1d4df1c4,com.pregnantcatemma.virtualpet,1.0,iv,Android OS 8.0.0 / API-26 (HUAWEIBAH2-L09/295(OCEC636)),56cf73f6-294b-4dd4-a08c-4545c1eec996,False,False,SN,1631355722.305804
0,could not receive ip address from ipfy,Error,/BuildNotice/0,MobileSDK,HUAWEI BAH2-L09,OpenGLES2,1.0,1.11.0,False,Programmatic1,Programmatic,09/11/2021 10:21:46,6028e36ad1e80652e41054ca,609d69021c511f4b1d4df1c4,com.pregnantcatemma.virtualpet,1.0,iv,Android OS 8.0.0 / API-26 (HUAWEIBAH2-L09/295(OCEC636)),56cf73f6-294b-4dd4-a08c-4545c1eec996,False,False,SN,1631355722.323285
0,An error occurred while sending the request,Error,/BuildNotice/0,MobileSDK,HUAWEI BAH2-L09,OpenGLES2,1.0,1.11.0,False,Programmatic1,Programmatic,09/11/2021 10:21:46,6028e36ad1e80652e41054ca,609d69021c511f4b1d4df1c4,com.pregnantcatemma.virtualpet,1.0,iv,Android OS 8.0.0 / API-26 (HUAWEIBAH2-L09/295(OCEC636)),56cf73f6-294b-4dd4-a08c-4545c1eec996,False,False,SN,1631355722.578554
0,could not receive ip address from ipfy,Error,/BuildNotice/0,MobileSDK,HUAWEI BAH2-L09,OpenGLES2,1.0,1.11.0,False,Programmatic1,Programmatic,09/11/2021 10:21:46,6028e36ad1e80652e41054ca,609d69021c511f4b1d4df1c4,com.pregnantcatemma.virtualpet,1.0,iv,Android OS 8.0.0 / API-26 (HUAWEIBAH2-L09/295(OCEC636)),56cf73f6-294b-4dd4-a08c-4545c1eec996,False,False,SN,1631355722.593384
0,An error occurred while sending the request,Error,/BuildNotice/0,MobileSDK,HUAWEI BAH2-L09,OpenGLES2,1.0,1.11.0,False,Programmatic1,Programmatic,09/11/2021 10:21:46,6028e36ad1e80652e41054ca,609d69021c511f4b1d4df1c4,com.pregnantcatemma.virtualpet,1.0,iv,Android OS 8.0.0 / API-26 (HUAWEIBAH2-L09/295(OCEC636)),56cf73f6-294b-4dd4-a08c-4545c1eec996,False,False,SN,1631355722.852309
0,could not receive ip address from ipfy,Error,/BuildNotice/0,MobileSDK,samsung SM-A107F,OpenGLES2,1.0,1.10.2,False,Programmatic1,Programmatic,09/11/2021 10:20:27,611bdadcd4e35d332f3d5e66,611be843d5491c7d0a6ab0ce,com.thg.battleops.shooting.game,1.0,iv,Android OS 10 / API-29 (QP1A.190711.020/A107FXXU8BUF1),66d0be28-32fd-4e83-a682-d524e39f8881,True,False,IN,1631355722.857714
0,could not receive ip address from ipfy,Error,/BuildNotice/0,MobileSDK,HUAWEI BAH2-L09,OpenGLES2,1.0,1.11.0,False,Programmatic1,Programmatic,09/11/2021 10:21:46,6028e36ad1e80652e41054ca,609d69021c511f4b1d4df1c4,com.pregnantcatemma.virtualpet,1.0,iv,Android OS 8.0.0 / API-26 (HUAWEIBAH2-L09/295(OCEC636)),56cf73f6-294b-4dd4-a08c-4545c1eec996,False,False,SN,1631355722.86791
0,An error occurred while sending the request,Error,/BuildNotice/0,MobileSDK,vivo vivo 1811,OpenGLES2,1.0,1.10.2,False,Programmatic1,Programmatic,09/11/2021 10:22:01,611bdadcd4e35d332f3d5e66,611be843d5491c7d0a6ab0ce,com.thg.battleops.shooting.game,1.0,iv,Android OS 8.1.0 / API-27 (OPM1.171019.026/eng.compil.20200520.160752),07e14eca-f6d1-4636-bf0f-483bad60cf4e,True,False,IR,1631355722.950723
0,An error occurred while sending the request,Error,/BuildNotice/0,MobileSDK,HUAWEI BAH2-L09,OpenGLES2,1.0,1.11.0,False,Programmatic1,Programmatic,09/11/2021 10:21:46,6028e36ad1e80652e41054ca,609d69021c511f4b1d4df1c4,com.pregnantcatemma.virtualpet,1.0,iv,Android OS 8.0.0 / API-26 (HUAWEIBAH2-L09/295(OCEC636)),56cf73f6-294b-4dd4-a08c-4545c1eec996,False,False,SN,1631355723.123958
0,could not receive ip address from ipfy,Error,/BuildNotice/0,MobileSDK,HUAWEI BAH2-L09,OpenGLES2,1.0,1.11.0,False,Programmatic1,Programmatic,09/11/2021 10:21:46,6028e36ad1e80652e41054ca,609d69021c511f4b1d4df1c4,com.pregnantcatemma.virtualpet,1.0,iv,Android OS 8.0.0 / API-26 (HUAWEIBAH2-L09/295(OCEC636)),56cf73f6-294b-4dd4-a08c-4545c1eec996,False,False,SN,1631355723.143059
0,An error occurred while sending the request,Error,/BuildNotice/0,MobileSDK,HUAWEI BAH2-L09,OpenGLES2,1.0,1.11.0,False,Programmatic1,Programmatic,09/11/2021 10:21:46,6028e36ad1e80652e41054ca,609d69021c511f4b1d4df1c4,com.pregnantcatemma.virtualpet,1.0,iv,Android OS 8.0.0 / API-26 (HUAWEIBAH2-L09/295(OCEC636)),56cf73f6-294b-4dd4-a08c-4545c1eec996,False,False,SN,1631355723.398674
0,could not receive ip address from ipfy,Error,/BuildNotice/0,MobileSDK,HUAWEI BAH2-L09,OpenGLES2,1.0,1.11.0,False,Programmatic1,Programmatic,09/11/2021 10:21:47,6028e36ad1e80652e41054ca,609d69021c511f4b1d4df1c4,com.pregnantcatemma.virtualpet,1.0,iv,Android OS 8.0.0 / API-26 (HUAWEIBAH2-L09/295(OCEC636)),56cf73f6-294b-4dd4-a08c-4545c1eec996,False,False,SN,1631355723.417452
0,An error occurred while sending the request,Error,/BuildNotice/0,MobileSDK,HUAWEI BAH2-L09,OpenGLES2,1.0,1.11.0,False,Programmatic1,Programmatic,09/11/2021 10:21:47,6028e36ad1e80652e41054ca,609d69021c511f4b1d4df1c4,com.pregnantcatemma.virtualpet,1.0,iv,Android OS 8.0.0 / API-26 (HUAWEIBAH2-L09/295(OCEC636)),56cf73f6-294b-4dd4-a08c-4545c1eec996,False,False,SN,1631355723.671329
0,could not receive ip address from ipfy,Error,/BuildNotice/0,MobileSDK,HUAWEI BAH2-L09,OpenGLES2,1.0,1.11.0,False,Programmatic1,Programmatic,09/11/2021 10:21:47,6028e36ad1e80652e41054ca,609d69021c511f4b1d4df1c4,com.pregnantcatemma.virtualpet,1.0,iv,Android OS 8.0.0 / API-26 (HUAWEIBAH2-L09/295(OCEC636)),56cf73f6-294b-4dd4-a08c-4545c1eec996,False,False,SN,1631355723.686698
0,could not receive ip address from ipfy,Error,/BuildNotice/0,MobileSDK,LGE LG-M700,OpenGLES2,1.0,1.10.2,False,Programmatic1,Programmatic,09/11/2021 10:22:03,611bdadcd4e35d332f3d5e66,611be843d5491c7d0a6ab0ce,com.thg.battleops.shooting.game,1.0,iv,Android OS 8.1.0 / API-27 (OPM1.171019.026/18236164615b9),dba9a37d-c427-4546-a7b1-1015d4fd7de5,True,False,IN,1631355723.727564
0,An error occurred while sending the request,Error,/BuildNotice/0,MobileSDK,samsung SM-A107F,OpenGLES2,1.0,1.10.2,False,Programmatic1,Programmatic,09/11/2021 10:20:27,611bdadcd4e35d332f3d5e66,611be843d5491c7d0a6ab0ce,com.thg.battleops.shooting.game,1.0,iv,Android OS 10 / API-29 (QP1A.190711.020/A107FXXU8BUF1),66d0be28-32fd-4e83-a682-d524e39f8881,True,False,IN,1631355723.764584
0,An error occurred while sending the request,Error,/BuildNotice/0,MobileSDK,LGE LG-M700,OpenGLES2,1.0,1.10.2,False,Programmatic1,Programmatic,09/11/2021 10:22:03,611bdadcd4e35d332f3d5e66,611be843d5491c7d0a6ab0ce,com.thg.battleops.shooting.game,1.0,iv,Android OS 8.1.0 / API-27 (OPM1.171019.026/18236164615b9),dba9a37d-c427-4546-a7b1-1015d4fd7de5,True,False,IN,1631355723.796792
0,An error occurred while sending the request,Error,/BuildNotice/0,MobileSDK,HUAWEI BAH2-L09,OpenGLES2,1.0,1.11.0,False,Programmatic1,Programmatic,09/11/2021 10:21:47,6028e36ad1e80652e41054ca,609d69021c511f4b1d4df1c4,com.pregnantcatemma.virtualpet,1.0,iv,Android OS 8.0.0 / API-26 (HUAWEIBAH2-L09/295(OCEC636)),56cf73f6-294b-4dd4-a08c-4545c1eec996,False,False,SN,1631355723.941472
0,could not receive ip address from ipfy,Error,/BuildNotice/0,MobileSDK,HUAWEI BAH2-L09,OpenGLES2,1.0,1.11.0,False,Programmatic1,Programmatic,09/11/2021 10:21:47,6028e36ad1e80652e41054ca,609d69021c511f4b1d4df1c4,com.pregnantcatemma.virtualpet,1.0,iv,Android OS 8.0.0 / API-26 (HUAWEIBAH2-L09/295(OCEC636)),56cf73f6-294b-4dd4-a08c-4545c1eec996,False,False,SN,1631355723.960868
0,could not receive ip address from ipfy,Error,/BuildNotice/0,MobileSDK,samsung SM-A025F,OpenGLES2,1.0,1.10.2,False,Programmatic1,Programmatic,09/11/2021 10:22:03,611bdadcd4e35d332f3d5e66,611be843d5491c7d0a6ab0ce,com.thg.battleops.shooting.game,1.0,iv,Android OS 11 / API-30 (RP1A.200720.012/A025FXXS2BUG1),51d96fff-ceff-4e27-a51d-c41ed1608f8c,True,False,BR,1631355723.963076
0,An error occurred while sending the request,Error,/BuildNotice/0,MobileSDK,samsung SM-A025F,OpenGLES2,1.0,1.10.2,False,Programmatic1,Programmatic,09/11/2021 10:22:03,611bdadcd4e35d332f3d5e66,611be843d5491c7d0a6ab0ce,com.thg.battleops.shooting.game,1.0,iv,Android OS 11 / API-30 (RP1A.200720.012/A025FXXS2BUG1),51d96fff-ceff-4e27-a51d-c41ed1608f8c,True,False,BR,1631355724.003342
0,could not receive ip address from ipfy,Error,/BuildNotice/0,MobileSDK,Xiaomi M2006C3MI,OpenGLES2,1.0,1.10.2,False,Programmatic1,Programmatic,09/11/2021 10:22:04,611bdadcd4e35d332f3d5e66,611be843d5491c7d0a6ab0ce,com.thg.battleops.shooting.game,1.0,iv,Android OS 10 / API-29 (QP1A.190711.020/V12.0.12.0.QCRINXM),14ae072e-a3fc-4aea-9bff-2d9c7a62e5cd,True,False,TH,1631355724.078543
0,An error occurred while sending the request,Error,/BuildNotice/0,MobileSDK,Xiaomi M2006C3MI,OpenGLES2,1.0,1.10.2,False,Programmatic1,Programmatic,09/11/2021 10:22:04,611bdadcd4e35d332f3d5e66,611be843d5491c7d0a6ab0ce,com.thg.battleops.shooting.game,1.0,iv,Android OS 10 / API-29 (QP1A.190711.020/V12.0.12.0.QCRINXM),14ae072e-a3fc-4aea-9bff-2d9c7a62e5cd,True,False,TH,1631355724.194098
0,An error occurred while sending the request,Error,/BuildNotice/0,MobileSDK,HUAWEI BAH2-L09,OpenGLES2,1.0,1.11.0,False,Programmatic1,Programmatic,09/11/2021 10:21:47,6028e36ad1e80652e41054ca,609d69021c511f4b1d4df1c4,com.pregnantcatemma.virtualpet,1.0,iv,Android OS 8.0.0 / API-26 (HUAWEIBAH2-L09/295(OCEC636)),56cf73f6-294b-4dd4-a08c-4545c1eec996,False,False,SN,1631355724.215964
0,could not receive ip address from ipfy,Error,/BuildNotice/0,MobileSDK,HUAWEI BAH2-L09,OpenGLES2,1.0,1.11.0,False,Programmatic1,Programmatic,09/11/2021 10:21:47,6028e36ad1e80652e41054ca,609d69021c511f4b1d4df1c4,com.pregnantcatemma.virtualpet,1.0,iv,Android OS 8.0.0 / API-26 (HUAWEIBAH2-L09/295(OCEC636)),56cf73f6-294b-4dd4-a08c-4545c1eec996,False,False,SN,1631355724.231253
0,An error occurred while sending the request,Error,/BuildNotice/0,MobileSDK,HUAWEI BAH2-L09,OpenGLES2,1.0,1.11.0,False,Programmatic1,Programmatic,09/11/2021 10:21:47,6028e36ad1e80652e41054ca,609d69021c511f4b1d4df1c4,com.pregnantcatemma.virtualpet,1.0,iv,Android OS 8.0.0 / API-26 (HUAWEIBAH2-L09/295(OCEC636)),56cf73f6-294b-4dd4-a08c-4545c1eec996,False,False,SN,1631355724.484255
0,could not receive ip address from ipfy,Error,/BuildNotice/0,MobileSDK,HUAWEI BAH2-L09,OpenGLES2,1.0,1.11.0,False,Programmatic1,Programmatic,09/11/2021 10:21:47,6028e36ad1e80652e41054ca,609d69021c511f4b1d4df1c4,com.pregnantcatemma.virtualpet,1.0,iv,Android OS 8.0.0 / API-26 (HUAWEIBAH2-L09/295(OCEC636)),56cf73f6-294b-4dd4-a08c-4545c1eec996,False,False,SN,1631355724.503837
0,An error occurred while sending the request,Error,/BuildNotice/0,MobileSDK,HUAWEI BAH2-L09,OpenGLES2,1.0,1.11.0,False,Programmatic1,Programmatic,09/11/2021 10:21:47,6028e36ad1e80652e41054ca,609d69021c511f4b1d4df1c4,com.pregnantcatemma.virtualpet,1.0,iv,Android OS 8.0.0 / API-26 (HUAWEIBAH2-L09/295(OCEC636)),56cf73f6-294b-4dd4-a08c-4545c1eec996,False,False,SN,1631355724.756267
0,could not receive ip address from ipfy,Error,/BuildNotice/0,MobileSDK,HUAWEI BAH2-L09,OpenGLES2,1.0,1.11.0,False,Programmatic1,Programmatic,09/11/2021 10:21:48,6028e36ad1e80652e41054ca,609d69021c511f4b1d4df1c4,com.pregnantcatemma.virtualpet,1.0,iv,Android OS 8.0.0 / API-26 (HUAWEIBAH2-L09/295(OCEC636)),56cf73f6-294b-4dd4-a08c-4545c1eec996,False,False,SN,1631355724.772883
0,An error occurred while sending the request,Error,/BuildNotice/0,MobileSDK,HUAWEI BAH2-L09,OpenGLES2,1.0,1.11.0,False,Programmatic1,Programmatic,09/11/2021 10:21:48,6028e36ad1e80652e41054ca,609d69021c511f4b1d4df1c4,com.pregnantcatemma.virtualpet,1.0,iv,Android OS 8.0.0 / API-26 (HUAWEIBAH2-L09/295(OCEC636)),56cf73f6-294b-4dd4-a08c-4545c1eec996,False,False,SN,1631355725.027831
0,could not receive ip address from ipfy,Error,/BuildNotice/0,MobileSDK,HUAWEI BAH2-L09,OpenGLES2,1.0,1.11.0,False,Programmatic1,Programmatic,09/11/2021 10:21:48,6028e36ad1e80652e41054ca,609d69021c511f4b1d4df1c4,com.pregnantcatemma.virtualpet,1.0,iv,Android OS 8.0.0 / API-26 (HUAWEIBAH2-L09/295(OCEC636)),56cf73f6-294b-4dd4-a08c-4545c1eec996,False,False,SN,1631355725.041235
0,An error occurred while sending the request,Error,/BuildNotice/0,MobileSDK,HUAWEI BAH2-L09,OpenGLES2,1.0,1.11.0,False,Programmatic1,Programmatic,09/11/2021 10:21:48,6028e36ad1e80652e41054ca,609d69021c511f4b1d4df1c4,com.pregnantcatemma.virtualpet,1.0,iv,Android OS 8.0.0 / API-26 (HUAWEIBAH2-L09/295(OCEC636)),56cf73f6-294b-4dd4-a08c-4545c1eec996,False,False,SN,1631355725.296639
0,could not receive ip address from ipfy,Error,/BuildNotice/0,MobileSDK,HUAWEI BAH2-L09,OpenGLES2,1.0,1.11.0,False,Programmatic1,Programmatic,09/11/2021 10:21:48,6028e36ad1e80652e41054ca,609d69021c511f4b1d4df1c4,com.pregnantcatemma.virtualpet,1.0,iv,Android OS 8.0.0 / API-26 (HUAWEIBAH2-L09/295(OCEC636)),56cf73f6-294b-4dd4-a08c-4545c1eec996,False,False,SN,1631355725.314979
0,An error occurred while sending the request,Error,/BuildNotice/0,MobileSDK,HUAWEI STK-L21,OpenGLES2,1.0,1.10.2,False,LowRevenueCountryBlock,LowRevenueCountryBlock,09/11/2021 10:22:03,611bdadcd4e35d332f3d5e66,611be843d5491c7d0a6ab0ce,com.thg.battleops.shooting.game,1.0,iv,Android OS 10 / API-29 (HUAWEISTK-L21/10.0.0.274C185),99a8c3e5-f662-44bc-8e4e-e208d438a420,True,False,BD,1631355725.52133
0,could not receive ip address from ipfy,Error,/BuildNotice/0,MobileSDK,samsung SM-A107F,OpenGLES2,1.0,1.10.2,False,Programmatic1,Programmatic,09/11/2021 10:20:27,611bdadcd4e35d332f3d5e66,611be843d5491c7d0a6ab0ce,com.thg.battleops.shooting.game,1.0,iv,Android OS 10 / API-29 (QP1A.190711.020/A107FXXU8BUF1),66d0be28-32fd-4e83-a682-d524e39f8881,True,False,IN,1631355725.570214
0,An error occurred while sending the request,Error,/BuildNotice/0,MobileSDK,HUAWEI BAH2-L09,OpenGLES2,1.0,1.11.0,False,Programmatic1,Programmatic,09/11/2021 10:21:48,6028e36ad1e80652e41054ca,609d69021c511f4b1d4df1c4,com.pregnantcatemma.virtualpet,1.0,iv,Android OS 8.0.0 / API-26 (HUAWEIBAH2-L09/295(OCEC636)),56cf73f6-294b-4dd4-a08c-4545c1eec996,False,False,SN,1631355725.581032
0,could not receive ip address from ipfy,Error,/BuildNotice/0,MobileSDK,HUAWEI BAH2-L09,OpenGLES2,1.0,1.11.0,False,Programmatic1,Programmatic,09/11/2021 10:21:48,6028e36ad1e80652e41054ca,609d69021c511f4b1d4df1c4,com.pregnantcatemma.virtualpet,1.0,iv,Android OS 8.0.0 / API-26 (HUAWEIBAH2-L09/295(OCEC636)),56cf73f6-294b-4dd4-a08c-4545c1eec996,False,False,SN,1631355725.597861
0,An error occurred while sending the request,Error,/BuildNotice/0,MobileSDK,HUAWEI BAH2-L09,OpenGLES2,1.0,1.11.0,False,Programmatic1,Programmatic,09/11/2021 10:21:48,6028e36ad1e80652e41054ca,609d69021c511f4b1d4df1c4,com.pregnantcatemma.virtualpet,1.0,iv,Android OS 8.0.0 / API-26 (HUAWEIBAH2-L09/295(OCEC636)),56cf73f6-294b-4dd4-a08c-4545c1eec996,False,False,SN,1631355725.857373
0,could not receive ip address from ipfy,Error,/BuildNotice/0,MobileSDK,HUAWEI BAH2-L09,OpenGLES2,1.0,1.11.0,False,Programmatic1,Programmatic,09/11/2021 10:21:49,6028e36ad1e80652e41054ca,609d69021c511f4b1d4df1c4,com.pregnantcatemma.virtualpet,1.0,iv,Android OS 8.0.0 / API-26 (HUAWEIBAH2-L09/295(OCEC636)),56cf73f6-294b-4dd4-a08c-4545c1eec996,False,False,SN,1631355725.870926
0,An error occurred while sending the request,Error,/BuildNotice/0,MobileSDK,HUAWEI BAH2-L09,OpenGLES2,1.0,1.11.0,False,Programmatic1,Programmatic,09/11/2021 10:21:49,6028e36ad1e80652e41054ca,609d69021c511f4b1d4df1c4,com.pregnantcatemma.virtualpet,1.0,iv,Android OS 8.0.0 / API-26 (HUAWEIBAH2-L09/295(OCEC636)),56cf73f6-294b-4dd4-a08c-4545c1eec996,False,False,SN,1631355726.129104
0,could not receive ip address from ipfy,Error,/BuildNotice/0,MobileSDK,HUAWEI BAH2-L09,OpenGLES2,1.0,1.11.0,False,Programmatic1,Programmatic,09/11/2021 10:21:49,6028e36ad1e80652e41054ca,609d69021c511f4b1d4df1c4,com.pregnantcatemma.virtualpet,1.0,iv,Android OS 8.0.0 / API-26 (HUAWEIBAH2-L09/295(OCEC636)),56cf73f6-294b-4dd4-a08c-4545c1eec996,False,False,SN,1631355726.157274
0,could not receive ip address from ipfy,Error,/BuildNotice/0,MobileSDK,vivo vivo 1811,OpenGLES2,1.0,1.10.2,False,Programmatic1,Programmatic,09/11/2021 10:22:03,611bdadcd4e35d332f3d5e66,611be843d5491c7d0a6ab0ce,com.thg.battleops.shooting.game,1.0,iv,Android OS 8.1.0 / API-27 (OPM1.171019.026/eng.compil.20200520.160752),07e14eca-f6d1-4636-bf0f-483bad60cf4e,True,False,IR,1631355726.382341
0,An error occurred while sending the request,Error,/BuildNotice/0,MobileSDK,HUAWEI BAH2-L09,OpenGLES2,1.0,1.11.0,False,Programmatic1,Programmatic,09/11/2021 10:21:49,6028e36ad1e80652e41054ca,609d69021c511f4b1d4df1c4,com.pregnantcatemma.virtualpet,1.0,iv,Android OS 8.0.0 / API-26 (HUAWEIBAH2-L09/295(OCEC636)),56cf73f6-294b-4dd4-a08c-4545c1eec996,False,False,SN,1631355726.413712
0,could not receive ip address from ipfy,Error,/BuildNotice/0,MobileSDK,HUAWEI BAH2-L09,OpenGLES2,1.0,1.11.0,False,Programmatic1,Programmatic,09/11/2021 10:21:49,6028e36ad1e80652e41054ca,609d69021c511f4b1d4df1c4,com.pregnantcatemma.virtualpet,1.0,iv,Android OS 8.0.0 / API-26 (HUAWEIBAH2-L09/295(OCEC636)),56cf73f6-294b-4dd4-a08c-4545c1eec996,False,False,SN,1631355726.5113
0,An error occurred while sending the request,Error,/BuildNotice/0,MobileSDK,HUAWEI BAH2-L09,OpenGLES2,1.0,1.11.0,False,Programmatic1,Programmatic,09/11/2021 10:21:49,6028e36ad1e80652e41054ca,609d69021c511f4b1d4df1c4,com.pregnantcatemma.virtualpet,1.0,iv,Android OS 8.0.0 / API-26 (HUAWEIBAH2-L09/295(OCEC636)),56cf73f6-294b-4dd4-a08c-4545c1eec996,False,False,SN,1631355726.768623
0,could not receive ip address from ipfy,Error,/BuildNotice/0,MobileSDK,HUAWEI BAH2-L09,OpenGLES2,1.0,1.11.0,False,Programmatic1,Programmatic,09/11/2021 10:21:49,6028e36ad1e80652e41054ca,609d69021c511f4b1d4df1c4,com.pregnantcatemma.virtualpet,1.0,iv,Android OS 8.0.0 / API-26 (HUAWEIBAH2-L09/295(OCEC636)),56cf73f6-294b-4dd4-a08c-4545c1eec996,False,False,SN,1631355726.781657
0,could not receive ip address from ipfy,Error,/BuildNotice/0,MobileSDK,LGE LG-M700,OpenGLES2,1.0,1.10.2,False,Programmatic1,Programmatic,09/11/2021 10:22:06,611bdadcd4e35d332f3d5e66,611be843d5491c7d0a6ab0ce,com.thg.battleops.shooting.game,1.0,iv,Android OS 8.1.0 / API-27 (OPM1.171019.026/18236164615b9),dba9a37d-c427-4546-a7b1-1015d4fd7de5,True,False,IN,1631355726.813582
0,An error occurred while sending the request,Error,/BuildNotice/0,MobileSDK,vivo vivo 1811,OpenGLES2,1.0,1.10.2,False,Programmatic1,Programmatic,09/11/2021 10:22:05,611bdadcd4e35d332f3d5e66,611be843d5491c7d0a6ab0ce,com.thg.battleops.shooting.game,1.0,iv,Android OS 8.1.0 / API-27 (OPM1.171019.026/eng.compil.20200520.160752),07e14eca-f6d1-4636-bf0f-483bad60cf4e,True,False,IR,1631355726.884318
0,An error occurred while sending the request,Error,/BuildNotice/0,MobileSDK,LGE LG-M700,OpenGLES2,1.0,1.10.2,False,Programmatic1,Programmatic,09/11/2021 10:22:06,611bdadcd4e35d332f3d5e66,611be843d5491c7d0a6ab0ce,com.thg.battleops.shooting.game,1.0,iv,Android OS 8.1.0 / API-27 (OPM1.171019.026/18236164615b9),dba9a37d-c427-4546-a7b1-1015d4fd7de5,True,False,IN,1631355726.884051
0,An error occurred while sending the request,Error,/BuildNotice/0,MobileSDK,HUAWEI BAH2-L09,OpenGLES2,1.0,1.11.0,False,Programmatic1,Programmatic,09/11/2021 10:21:49,6028e36ad1e80652e41054ca,609d69021c511f4b1d4df1c4,com.pregnantcatemma.virtualpet,1.0,iv,Android OS 8.0.0 / API-26 (HUAWEIBAH2-L09/295(OCEC636)),56cf73f6-294b-4dd4-a08c-4545c1eec996,False,False,SN,1631355727.036922
0,could not receive ip address from ipfy,Error,/BuildNotice/0,MobileSDK,HUAWEI BAH2-L09,OpenGLES2,1.0,1.11.0,False,Programmatic1,Programmatic,09/11/2021 10:21:49,6028e36ad1e80652e41054ca,609d69021c511f4b1d4df1c4,com.pregnantcatemma.virtualpet,1.0,iv,Android OS 8.0.0 / API-26 (HUAWEIBAH2-L09/295(OCEC636)),56cf73f6-294b-4dd4-a08c-4545c1eec996,False,False,SN,1631355727.055129
0,could not receive ip address from ipfy,Error,/BuildNotice/0,MobileSDK,Xiaomi M2006C3MI,OpenGLES2,1.0,1.10.2,False,Programmatic1,Programmatic,09/11/2021 10:22:07,611bdadcd4e35d332f3d5e66,611be843d5491c7d0a6ab0ce,com.thg.battleops.shooting.game,1.0,iv,Android OS 10 / API-29 (QP1A.190711.020/V12.0.12.0.QCRINXM),14ae072e-a3fc-4aea-9bff-2d9c7a62e5cd,True,False,TH,1631355727.277369
0,An error occurred while sending the request,Error,/BuildNotice/0,MobileSDK,Xiaomi M2006C3MI,OpenGLES2,1.0,1.10.2,False,Programmatic1,Programmatic,09/11/2021 10:22:07,611bdadcd4e35d332f3d5e66,611be843d5491c7d0a6ab0ce,com.thg.battleops.shooting.game,1.0,iv,Android OS 10 / API-29 (QP1A.190711.020/V12.0.12.0.QCRINXM),14ae072e-a3fc-4aea-9bff-2d9c7a62e5cd,True,False,TH,1631355727.288417
0,An error occurred while sending the request,Error,/BuildNotice/0,MobileSDK,HUAWEI BAH2-L09,OpenGLES2,1.0,1.11.0,False,Programmatic1,Programmatic,09/11/2021 10:21:49,6028e36ad1e80652e41054ca,609d69021c511f4b1d4df1c4,com.pregnantcatemma.virtualpet,1.0,iv,Android OS 8.0.0 / API-26 (HUAWEIBAH2-L09/295(OCEC636)),56cf73f6-294b-4dd4-a08c-4545c1eec996,False,False,SN,1631355727.310384
0,could not receive ip address from ipfy,Error,/BuildNotice/0,MobileSDK,HUAWEI BAH2-L09,OpenGLES2,1.0,1.11.0,False,Programmatic1,Programmatic,09/11/2021 10:21:50,6028e36ad1e80652e41054ca,609d69021c511f4b1d4df1c4,com.pregnantcatemma.virtualpet,1.0,iv,Android OS 8.0.0 / API-26 (HUAWEIBAH2-L09/295(OCEC636)),56cf73f6-294b-4dd4-a08c-4545c1eec996,False,False,SN,1631355727.325767
0,An error occurred while sending the request,Error,/BuildNotice/0,MobileSDK,HUAWEI BAH2-L09,OpenGLES2,1.0,1.11.0,False,Programmatic1,Programmatic,09/11/2021 10:21:50,6028e36ad1e80652e41054ca,609d69021c511f4b1d4df1c4,com.pregnantcatemma.virtualpet,1.0,iv,Android OS 8.0.0 / API-26 (HUAWEIBAH2-L09/295(OCEC636)),56cf73f6-294b-4dd4-a08c-4545c1eec996,False,False,SN,1631355727.583186
0,could not receive ip address from ipfy,Error,/BuildNotice/0,MobileSDK,HUAWEI BAH2-L09,OpenGLES2,1.0,1.11.0,False,Programmatic1,Programmatic,09/11/2021 10:21:50,6028e36ad1e80652e41054ca,609d69021c511f4b1d4df1c4,com.pregnantcatemma.virtualpet,1.0,iv,Android OS 8.0.0 / API-26 (HUAWEIBAH2-L09/295(OCEC636)),56cf73f6-294b-4dd4-a08c-4545c1eec996,False,False,SN,1631355727.599642
0,An error occurred while sending the request,Error,/BuildNotice/0,MobileSDK,HUAWEI BAH2-L09,OpenGLES2,1.0,1.11.0,False,Programmatic1,Programmatic,09/11/2021 10:21:50,6028e36ad1e80652e41054ca,609d69021c511f4b1d4df1c4,com.pregnantcatemma.virtualpet,1.0,iv,Android OS 8.0.0 / API-26 (HUAWEIBAH2-L09/295(OCEC636)),56cf73f6-294b-4dd4-a08c-4545c1eec996,False,False,SN,1631355727.857107
0,could not receive ip address from ipfy,Error,/BuildNotice/0,MobileSDK,HUAWEI BAH2-L09,OpenGLES2,1.0,1.11.0,False,Programmatic1,Programmatic,09/11/2021 10:21:50,6028e36ad1e80652e41054ca,609d69021c511f4b1d4df1c4,com.pregnantcatemma.virtualpet,1.0,iv,Android OS 8.0.0 / API-26 (HUAWEIBAH2-L09/295(OCEC636)),56cf73f6-294b-4dd4-a08c-4545c1eec996,False,False,SN,1631355727.873744
0,could not receive ip address from ipfy,Error,/BuildNotice/0,MobileSDK,samsung SM-A125F,OpenGLES2,1.0,1.11.0,False,LowRevenueCountryBlock,LowRevenueCountryBlock,11/09/2021 10:22:08,6028e36ad1e80652e41054ca,6028e407a1ba2a0d3d760566,com.mytalkingcatemma.ballerinagames,1.0,en,Android OS 11 / API-30 (RP1A.200720.012/A125FXXU1BUE3),eda1b41f-6c91-4785-b8d5-0b8ff62c61cd,False,False,IQ,1631355728.125171
0,An error occurred while sending the request,Error,/BuildNotice/0,MobileSDK,samsung SM-A125F,OpenGLES2,1.0,1.11.0,False,LowRevenueCountryBlock,LowRevenueCountryBlock,11/09/2021 10:22:08,6028e36ad1e80652e41054ca,6028e407a1ba2a0d3d760566,com.mytalkingcatemma.ballerinagames,1.0,en,Android OS 11 / API-30 (RP1A.200720.012/A125FXXU1BUE3),eda1b41f-6c91-4785-b8d5-0b8ff62c61cd,False,False,IQ,1631355728.141016
0,An error occurred while sending the request,Error,/BuildNotice/0,MobileSDK,samsung SM-A107F,OpenGLES2,1.0,1.10.2,False,Programmatic1,Programmatic,09/11/2021 10:20:27,611bdadcd4e35d332f3d5e66,611be843d5491c7d0a6ab0ce,com.thg.battleops.shooting.game,1.0,iv,Android OS 10 / API-29 (QP1A.190711.020/A107FXXU8BUF1),66d0be28-32fd-4e83-a682-d524e39f8881,True,False,IN,1631355728.150286
0,An error occurred while sending the request,Error,/BuildNotice/0,MobileSDK,HUAWEI BAH2-L09,OpenGLES2,1.0,1.11.0,False,Programmatic1,Programmatic,09/11/2021 10:21:50,6028e36ad1e80652e41054ca,609d69021c511f4b1d4df1c4,com.pregnantcatemma.virtualpet,1.0,iv,Android OS 8.0.0 / API-26 (HUAWEIBAH2-L09/295(OCEC636)),56cf73f6-294b-4dd4-a08c-4545c1eec996,False,False,SN,1631355728.159486
0,could not receive ip address from ipfy,Error,/BuildNotice/0,MobileSDK,HUAWEI BAH2-L09,OpenGLES2,1.0,1.11.0,False,Programmatic1,Programmatic,09/11/2021 10:21:50,6028e36ad1e80652e41054ca,609d69021c511f4b1d4df1c4,com.pregnantcatemma.virtualpet,1.0,iv,Android OS 8.0.0 / API-26 (HUAWEIBAH2-L09/295(OCEC636)),56cf73f6-294b-4dd4-a08c-4545c1eec996,False,False,SN,1631355728.182947
0,could not receive ip address from ipfy,Error,/BuildNotice/0,MobileSDK,samsung SM-A107F,OpenGLES2,1.0,1.10.2,False,Programmatic1,Programmatic,09/11/2021 10:20:28,611bdadcd4e35d332f3d5e66,611be843d5491c7d0a6ab0ce,com.thg.battleops.shooting.game,1.0,iv,Android OS 10 / API-29 (QP1A.190711.020/A107FXXU8BUF1),66d0be28-32fd-4e83-a682-d524e39f8881,True,False,IN,1631355728.323362
0,could not receive ip address from ipfy,Error,/BuildNotice/0,MobileSDK,HUAWEI BAH2-L09,OpenGLES2,1.0,1.11.0,False,Programmatic1,Programmatic,09/11/2021 10:21:51,6028e36ad1e80652e41054ca,609d69021c511f4b1d4df1c4,com.pregnantcatemma.virtualpet,1.0,iv,Android OS 8.0.0 / API-26 (HUAWEIBAH2-L09/295(OCEC636)),56cf73f6-294b-4dd4-a08c-4545c1eec996,False,False,SN,1631355728.452859
0,An error occurred while sending the request,Error,/BuildNotice/0,MobileSDK,HUAWEI BAH2-L09,OpenGLES2,1.0,1.11.0,False,Programmatic1,Programmatic,09/11/2021 10:21:50,6028e36ad1e80652e41054ca,609d69021c511f4b1d4df1c4,com.pregnantcatemma.virtualpet,1.0,iv,Android OS 8.0.0 / API-26 (HUAWEIBAH2-L09/295(OCEC636)),56cf73f6-294b-4dd4-a08c-4545c1eec996,False,False,SN,1631355728.468392
0,An error occurred while sending the request,Error,/BuildNotice/0,MobileSDK,HUAWEI BAH2-L09,OpenGLES2,1.0,1.11.0,False,Programmatic1,Programmatic,09/11/2021 10:21:51,6028e36ad1e80652e41054ca,609d69021c511f4b1d4df1c4,com.pregnantcatemma.virtualpet,1.0,iv,Android OS 8.0.0 / API-26 (HUAWEIBAH2-L09/295(OCEC636)),56cf73f6-294b-4dd4-a08c-4545c1eec996,False,False,SN,1631355728.71909
0,could not receive ip address from ipfy,Error,/BuildNotice/0,MobileSDK,HUAWEI BAH2-L09,OpenGLES2,1.0,1.11.0,False,Programmatic1,Programmatic,09/11/2021 10:21:51,6028e36ad1e80652e41054ca,609d69021c511f4b1d4df1c4,com.pregnantcatemma.virtualpet,1.0,iv,Android OS 8.0.0 / API-26 (HUAWEIBAH2-L09/295(OCEC636)),56cf73f6-294b-4dd4-a08c-4545c1eec996,False,False,SN,1631355728.739098
0,An error occurred while sending the request,Error,/BuildNotice/0,MobileSDK,HUAWEI BAH2-L09,OpenGLES2,1.0,1.11.0,False,Programmatic1,Programmatic,09/11/2021 10:21:51,6028e36ad1e80652e41054ca,609d69021c511f4b1d4df1c4,com.pregnantcatemma.virtualpet,1.0,iv,Android OS 8.0.0 / API-26 (HUAWEIBAH2-L09/295(OCEC636)),56cf73f6-294b-4dd4-a08c-4545c1eec996,False,False,SN,1631355728.993671
0,could not receive ip address from ipfy,Error,/BuildNotice/0,MobileSDK,HUAWEI BAH2-L09,OpenGLES2,1.0,1.11.0,False,Programmatic1,Programmatic,09/11/2021 10:21:51,6028e36ad1e80652e41054ca,609d69021c511f4b1d4df1c4,com.pregnantcatemma.virtualpet,1.0,iv,Android OS 8.0.0 / API-26 (HUAWEIBAH2-L09/295(OCEC636)),56cf73f6-294b-4dd4-a08c-4545c1eec996,False,False,SN,1631355729.014635
0,could not receive ip address from ipfy,Error,/BuildNotice/0,MobileSDK,vivo vivo 1811,OpenGLES2,1.0,1.10.2,False,Programmatic1,Programmatic,09/11/2021 10:22:07,611bdadcd4e35d332f3d5e66,611be843d5491c7d0a6ab0ce,com.thg.battleops.shooting.game,1.0,iv,Android OS 8.1.0 / API-27 (OPM1.171019.026/eng.compil.20200520.160752),07e14eca-f6d1-4636-bf0f-483bad60cf4e,True,False,IR,1631355729.233687
0,An error occurred while sending the request,Error,/BuildNotice/0,MobileSDK,HUAWEI BAH2-L09,OpenGLES2,1.0,1.11.0,False,Programmatic1,Programmatic,09/11/2021 10:21:51,6028e36ad1e80652e41054ca,609d69021c511f4b1d4df1c4,com.pregnantcatemma.virtualpet,1.0,iv,Android OS 8.0.0 / API-26 (HUAWEIBAH2-L09/295(OCEC636)),56cf73f6-294b-4dd4-a08c-4545c1eec996,False,False,SN,1631355729.261437
0,could not receive ip address from ipfy,Error,/BuildNotice/0,MobileSDK,HUAWEI BAH2-L09,OpenGLES2,1.0,1.11.0,False,Programmatic1,Programmatic,09/11/2021 10:21:51,6028e36ad1e80652e41054ca,609d69021c511f4b1d4df1c4,com.pregnantcatemma.virtualpet,1.0,iv,Android OS 8.0.0 / API-26 (HUAWEIBAH2-L09/295(OCEC636)),56cf73f6-294b-4dd4-a08c-4545c1eec996,False,False,SN,1631355729.292283
0,An error occurred while sending the request,Error,/BuildNotice/0,MobileSDK,HUAWEI BAH2-L09,OpenGLES2,1.0,1.11.0,False,Programmatic1,Programmatic,09/11/2021 10:21:51,6028e36ad1e80652e41054ca,609d69021c511f4b1d4df1c4,com.pregnantcatemma.virtualpet,1.0,iv,Android OS 8.0.0 / API-26 (HUAWEIBAH2-L09/295(OCEC636)),56cf73f6-294b-4dd4-a08c-4545c1eec996,False,False,SN,1631355729.532674
0,could not receive ip address from ipfy,Error,/BuildNotice/0,MobileSDK,HUAWEI BAH2-L09,OpenGLES2,1.0,1.11.0,False,Programmatic1,Programmatic,09/11/2021 10:21:51,6028e36ad1e80652e41054ca,609d69021c511f4b1d4df1c4,com.pregnantcatemma.virtualpet,1.0,iv,Android OS 8.0.0 / API-26 (HUAWEIBAH2-L09/295(OCEC636)),56cf73f6-294b-4dd4-a08c-4545c1eec996,False,False,SN,1631355729.564397
0,An error occurred while sending the request,Error,/BuildNotice/0,MobileSDK,HUAWEI BAH2-L09,OpenGLES2,1.0,1.11.0,False,Programmatic1,Programmatic,09/11/2021 10:21:52,6028e36ad1e80652e41054ca,609d69021c511f4b1d4df1c4,com.pregnantcatemma.virtualpet,1.0,iv,Android OS 8.0.0 / API-26 (HUAWEIBAH2-L09/295(OCEC636)),56cf73f6-294b-4dd4-a08c-4545c1eec996,False,False,SN,1631355729.797964
0,could not receive ip address from ipfy,Error,/BuildNotice/0,MobileSDK,HUAWEI BAH2-L09,OpenGLES2,1.0,1.11.0,False,Programmatic1,Programmatic,09/11/2021 10:21:52,6028e36ad1e80652e41054ca,609d69021c511f4b1d4df1c4,com.pregnantcatemma.virtualpet,1.0,iv,Android OS 8.0.0 / API-26 (HUAWEIBAH2-L09/295(OCEC636)),56cf73f6-294b-4dd4-a08c-4545c1eec996,False,False,SN,1631355729.835711
0,could not receive ip address from ipfy,Error,/BuildNotice/0,MobileSDK,LGE LG-M700,OpenGLES2,1.0,1.10.2,False,Programmatic1,Programmatic,09/11/2021 10:22:09,611bdadcd4e35d332f3d5e66,611be843d5491c7d0a6ab0ce,com.thg.battleops.shooting.game,1.0,iv,Android OS 8.1.0 / API-27 (OPM1.171019.026/18236164615b9),dba9a37d-c427-4546-a7b1-1015d4fd7de5,True,False,IN,1631355730.000488
0,could not receive ip address from ipfy,Error,/BuildNotice/0,MobileSDK,Xiaomi M2006C3MI,OpenGLES2,1.0,1.10.2,False,Programmatic1,Programmatic,09/11/2021 10:22:10,611bdadcd4e35d332f3d5e66,611be843d5491c7d0a6ab0ce,com.thg.battleops.shooting.game,1.0,iv,Android OS 10 / API-29 (QP1A.190711.020/V12.0.12.0.QCRINXM),14ae072e-a3fc-4aea-9bff-2d9c7a62e5cd,True,False,TH,1631355730.061206
0,An error occurred while sending the request,Error,/BuildNotice/0,MobileSDK,LGE LG-M700,OpenGLES2,1.0,1.10.2,False,Programmatic1,Programmatic,09/11/2021 10:22:09,611bdadcd4e35d332f3d5e66,611be843d5491c7d0a6ab0ce,com.thg.battleops.shooting.game,1.0,iv,Android OS 8.1.0 / API-27 (OPM1.171019.026/18236164615b9),dba9a37d-c427-4546-a7b1-1015d4fd7de5,True,False,IN,1631355730.068033
0,An error occurred while sending the request,Error,/BuildNotice/0,MobileSDK,HUAWEI BAH2-L09,OpenGLES2,1.0,1.11.0,False,Programmatic1,Programmatic,09/11/2021 10:21:52,6028e36ad1e80652e41054ca,609d69021c511f4b1d4df1c4,com.pregnantcatemma.virtualpet,1.0,iv,Android OS 8.0.0 / API-26 (HUAWEIBAH2-L09/295(OCEC636)),56cf73f6-294b-4dd4-a08c-4545c1eec996,False,False,SN,1631355730.089776
0,could not receive ip address from ipfy,Error,/BuildNotice/0,MobileSDK,HUAWEI BAH2-L09,OpenGLES2,1.0,1.11.0,False,Programmatic1,Programmatic,09/11/2021 10:21:52,6028e36ad1e80652e41054ca,609d69021c511f4b1d4df1c4,com.pregnantcatemma.virtualpet,1.0,iv,Android OS 8.0.0 / API-26 (HUAWEIBAH2-L09/295(OCEC636)),56cf73f6-294b-4dd4-a08c-4545c1eec996,False,False,SN,1631355730.110516
0,An error occurred while sending the request,Error,/BuildNotice/0,MobileSDK,Xiaomi M2006C3MI,OpenGLES2,1.0,1.10.2,False,Programmatic1,Programmatic,09/11/2021 10:22:10,611bdadcd4e35d332f3d5e66,611be843d5491c7d0a6ab0ce,com.thg.battleops.shooting.game,1.0,iv,Android OS 10 / API-29 (QP1A.190711.020/V12.0.12.0.QCRINXM),14ae072e-a3fc-4aea-9bff-2d9c7a62e5cd,True,False,TH,1631355730.123116
0,An error occurred while sending the request,Error,/BuildNotice/0,MobileSDK,samsung SM-A107F,OpenGLES2,1.0,1.10.2,False,Programmatic1,Programmatic,09/11/2021 10:20:28,611bdadcd4e35d332f3d5e66,611be843d5491c7d0a6ab0ce,com.thg.battleops.shooting.game,1.0,iv,Android OS 10 / API-29 (QP1A.190711.020/A107FXXU8BUF1),66d0be28-32fd-4e83-a682-d524e39f8881,True,False,IN,1631355730.190888
0,An error occurred while sending the request,Error,/BuildNotice/0,MobileSDK,HUAWEI BAH2-L09,OpenGLES2,1.0,1.11.0,False,Programmatic1,Programmatic,09/11/2021 10:21:52,6028e36ad1e80652e41054ca,609d69021c511f4b1d4df1c4,com.pregnantcatemma.virtualpet,1.0,iv,Android OS 8.0.0 / API-26 (HUAWEIBAH2-L09/295(OCEC636)),56cf73f6-294b-4dd4-a08c-4545c1eec996,False,False,SN,1631355730.363352
0,could not receive ip address from ipfy,Error,/BuildNotice/0,MobileSDK,HUAWEI BAH2-L09,OpenGLES2,1.0,1.11.0,False,Programmatic1,Programmatic,09/11/2021 10:21:52,6028e36ad1e80652e41054ca,609d69021c511f4b1d4df1c4,com.pregnantcatemma.virtualpet,1.0,iv,Android OS 8.0.0 / API-26 (HUAWEIBAH2-L09/295(OCEC636)),56cf73f6-294b-4dd4-a08c-4545c1eec996,False,False,SN,1631355730.419778
0,An error occurred while sending the request,Error,/BuildNotice/0,MobileSDK,vivo vivo 1811,OpenGLES2,1.0,1.10.2,False,Programmatic1,Programmatic,09/11/2021 10:22:09,611bdadcd4e35d332f3d5e66,611be843d5491c7d0a6ab0ce,com.thg.battleops.shooting.game,1.0,iv,Android OS 8.1.0 / API-27 (OPM1.171019.026/eng.compil.20200520.160752),07e14eca-f6d1-4636-bf0f-483bad60cf4e,True,False,IR,1631355730.595839
0,An error occurred while sending the request,Error,/BuildNotice/0,MobileSDK,HUAWEI BAH2-L09,OpenGLES2,1.0,1.11.0,False,Programmatic1,Programmatic,09/11/2021 10:21:52,6028e36ad1e80652e41054ca,609d69021c511f4b1d4df1c4,com.pregnantcatemma.virtualpet,1.0,iv,Android OS 8.0.0 / API-26 (HUAWEIBAH2-L09/295(OCEC636)),56cf73f6-294b-4dd4-a08c-4545c1eec996,False,False,SN,1631355730.676423
0,could not receive ip address from ipfy,Error,/BuildNotice/0,MobileSDK,HUAWEI BAH2-L09,OpenGLES2,1.0,1.11.0,False,Programmatic1,Programmatic,09/11/2021 10:21:52,6028e36ad1e80652e41054ca,609d69021c511f4b1d4df1c4,com.pregnantcatemma.virtualpet,1.0,iv,Android OS 8.0.0 / API-26 (HUAWEIBAH2-L09/295(OCEC636)),56cf73f6-294b-4dd4-a08c-4545c1eec996,False,False,SN,1631355730.691432
0,An error occurred while sending the request,Error,/BuildNotice/0,MobileSDK,HUAWEI BAH2-L09,OpenGLES2,1.0,1.11.0,False,Programmatic1,Programmatic,09/11/2021 10:21:52,6028e36ad1e80652e41054ca,609d69021c511f4b1d4df1c4,com.pregnantcatemma.virtualpet,1.0,iv,Android OS 8.0.0 / API-26 (HUAWEIBAH2-L09/295(OCEC636)),56cf73f6-294b-4dd4-a08c-4545c1eec996,False,False,SN,1631355730.94455
0,could not receive ip address from ipfy,Error,/BuildNotice/0,MobileSDK,HUAWEI BAH2-L09,OpenGLES2,1.0,1.11.0,False,Programmatic1,Programmatic,09/11/2021 10:21:53,6028e36ad1e80652e41054ca,609d69021c511f4b1d4df1c4,com.pregnantcatemma.virtualpet,1.0,iv,Android OS 8.0.0 / API-26 (HUAWEIBAH2-L09/295(OCEC636)),56cf73f6-294b-4dd4-a08c-4545c1eec996,False,False,SN,1631355730.964426
0,An error occurred while sending the request,Error,/BuildNotice/0,MobileSDK,HUAWEI BAH2-L09,OpenGLES2,1.0,1.11.0,False,Programmatic1,Programmatic,09/11/2021 10:21:53,6028e36ad1e80652e41054ca,609d69021c511f4b1d4df1c4,com.pregnantcatemma.virtualpet,1.0,iv,Android OS 8.0.0 / API-26 (HUAWEIBAH2-L09/295(OCEC636)),56cf73f6-294b-4dd4-a08c-4545c1eec996,False,False,SN,1631355731.215533
0,could not receive ip address from ipfy,Error,/BuildNotice/0,MobileSDK,HUAWEI BAH2-L09,OpenGLES2,1.0,1.11.0,False,Programmatic1,Programmatic,09/11/2021 10:21:53,6028e36ad1e80652e41054ca,609d69021c511f4b1d4df1c4,com.pregnantcatemma.virtualpet,1.0,iv,Android OS 8.0.0 / API-26 (HUAWEIBAH2-L09/295(OCEC636)),56cf73f6-294b-4dd4-a08c-4545c1eec996,False,False,SN,1631355731.240134
0,could not receive ip address from ipfy,Error,/BuildNotice/0,MobileSDK,samsung SM-A107F,OpenGLES2,1.0,1.10.2,False,Programmatic1,Programmatic,09/11/2021 10:20:29,611bdadcd4e35d332f3d5e66,611be843d5491c7d0a6ab0ce,com.thg.battleops.shooting.game,1.0,iv,Android OS 10 / API-29 (QP1A.190711.020/A107FXXU8BUF1),66d0be28-32fd-4e83-a682-d524e39f8881,True,False,IN,1631355731.439285
0,An error occurred while sending the request,Error,/BuildNotice/0,MobileSDK,HUAWEI BAH2-L09,OpenGLES2,1.0,1.11.0,False,Programmatic1,Programmatic,09/11/2021 10:21:53,6028e36ad1e80652e41054ca,609d69021c511f4b1d4df1c4,com.pregnantcatemma.virtualpet,1.0,iv,Android OS 8.0.0 / API-26 (HUAWEIBAH2-L09/295(OCEC636)),56cf73f6-294b-4dd4-a08c-4545c1eec996,False,False,SN,1631355731.484769
0,could not receive ip address from ipfy,Error,/BuildNotice/0,MobileSDK,HUAWEI BAH2-L09,OpenGLES2,1.0,1.11.0,False,Programmatic1,Programmatic,09/11/2021 10:21:53,6028e36ad1e80652e41054ca,609d69021c511f4b1d4df1c4,com.pregnantcatemma.virtualpet,1.0,iv,Android OS 8.0.0 / API-26 (HUAWEIBAH2-L09/295(OCEC636)),56cf73f6-294b-4dd4-a08c-4545c1eec996,False,False,SN,1631355731.514673
0,An error occurred while sending the request,Error,/BuildNotice/0,MobileSDK,HUAWEI BAH2-L09,OpenGLES2,1.0,1.11.0,False,Programmatic1,Programmatic,09/11/2021 10:21:53,6028e36ad1e80652e41054ca,609d69021c511f4b1d4df1c4,com.pregnantcatemma.virtualpet,1.0,iv,Android OS 8.0.0 / API-26 (HUAWEIBAH2-L09/295(OCEC636)),56cf73f6-294b-4dd4-a08c-4545c1eec996,False,False,SN,1631355731.755078
0,could not receive ip address from ipfy,Error,/BuildNotice/0,MobileSDK,HUAWEI BAH2-L09,OpenGLES2,1.0,1.11.0,False,Programmatic1,Programmatic,09/11/2021 10:21:53,6028e36ad1e80652e41054ca,609d69021c511f4b1d4df1c4,com.pregnantcatemma.virtualpet,1.0,iv,Android OS 8.0.0 / API-26 (HUAWEIBAH2-L09/295(OCEC636)),56cf73f6-294b-4dd4-a08c-4545c1eec996,False,False,SN,1631355731.787239
0,An error occurred while sending the request,Error,/BuildNotice/0,MobileSDK,HUAWEI BAH2-L09,OpenGLES2,1.0,1.11.0,False,Programmatic1,Programmatic,09/11/2021 10:21:53,6028e36ad1e80652e41054ca,609d69021c511f4b1d4df1c4,com.pregnantcatemma.virtualpet,1.0,iv,Android OS 8.0.0 / API-26 (HUAWEIBAH2-L09/295(OCEC636)),56cf73f6-294b-4dd4-a08c-4545c1eec996,False,False,SN,1631355732.023209
0,could not receive ip address from ipfy,Error,/BuildNotice/0,MobileSDK,HUAWEI BAH2-L09,OpenGLES2,1.0,1.11.0,False,Programmatic1,Programmatic,09/11/2021 10:21:54,6028e36ad1e80652e41054ca,609d69021c511f4b1d4df1c4,com.pregnantcatemma.virtualpet,1.0,iv,Android OS 8.0.0 / API-26 (HUAWEIBAH2-L09/295(OCEC636)),56cf73f6-294b-4dd4-a08c-4545c1eec996,False,False,SN,1631355732.060087
0,A task was canceled.,Error,/BuildNotice/0,MobileSDK,samsung SM-A525F,OpenGLES2,1.0,1.11.0,False,Programmatic1,Programmatic,09/11/2021 10:22:09,6028e36ad1e80652e41054ca,609d69021c511f4b1d4df1c4,com.pregnantcatemma.virtualpet,1.0,iv,Android OS 11 / API-30 (RP1A.200720.012/A525FXXU3AUG4),3e4a0c62-1cd0-4a07-b655-6bb31c66acc4,False,False,BE,1631355732.260226
0,could not receive ip address from ipfy,Error,/BuildNotice/0,MobileSDK,samsung SM-A525F,OpenGLES2,1.0,1.11.0,False,Programmatic1,Programmatic,09/11/2021 10:22:09,6028e36ad1e80652e41054ca,609d69021c511f4b1d4df1c4,com.pregnantcatemma.virtualpet,1.0,iv,Android OS 11 / API-30 (RP1A.200720.012/A525FXXU3AUG4),3e4a0c62-1cd0-4a07-b655-6bb31c66acc4,False,False,BE,1631355732.273792
0,An error occurred while sending the request,Error,/BuildNotice/0,MobileSDK,HUAWEI BAH2-L09,OpenGLES2,1.0,1.11.0,False,Programmatic1,Programmatic,09/11/2021 10:21:54,6028e36ad1e80652e41054ca,609d69021c511f4b1d4df1c4,com.pregnantcatemma.virtualpet,1.0,iv,Android OS 8.0.0 / API-26 (HUAWEIBAH2-L09/295(OCEC636)),56cf73f6-294b-4dd4-a08c-4545c1eec996,False,False,SN,1631355732.290147
0,could not receive ip address from ipfy,Error,/BuildNotice/0,MobileSDK,HUAWEI BAH2-L09,OpenGLES2,1.0,1.11.0,False,Programmatic1,Programmatic,09/11/2021 10:21:54,6028e36ad1e80652e41054ca,609d69021c511f4b1d4df1c4,com.pregnantcatemma.virtualpet,1.0,iv,Android OS 8.0.0 / API-26 (HUAWEIBAH2-L09/295(OCEC636)),56cf73f6-294b-4dd4-a08c-4545c1eec996,False,False,SN,1631355732.330922
0,An error occurred while sending the request,Error,/BuildNotice/0,MobileSDK,samsung SM-A107F,OpenGLES2,1.0,1.10.2,False,Programmatic1,Programmatic,09/11/2021 10:20:29,611bdadcd4e35d332f3d5e66,611be843d5491c7d0a6ab0ce,com.thg.battleops.shooting.game,1.0,iv,Android OS 10 / API-29 (QP1A.190711.020/A107FXXU8BUF1),66d0be28-32fd-4e83-a682-d524e39f8881,True,False,IN,1631355732.345775
0,An error occurred while sending the request,Error,/BuildNotice/0,MobileSDK,HUAWEI BAH2-L09,OpenGLES2,1.0,1.11.0,False,Programmatic1,Programmatic,09/11/2021 10:21:54,6028e36ad1e80652e41054ca,609d69021c511f4b1d4df1c4,com.pregnantcatemma.virtualpet,1.0,iv,Android OS 8.0.0 / API-26 (HUAWEIBAH2-L09/295(OCEC636)),56cf73f6-294b-4dd4-a08c-4545c1eec996,False,False,SN,1631355732.555626
0,could not receive ip address from ipfy,Error,/BuildNotice/0,MobileSDK,HUAWEI BAH2-L09,OpenGLES2,1.0,1.11.0,False,Programmatic1,Programmatic,09/11/2021 10:21:54,6028e36ad1e80652e41054ca,609d69021c511f4b1d4df1c4,com.pregnantcatemma.virtualpet,1.0,iv,Android OS 8.0.0 / API-26 (HUAWEIBAH2-L09/295(OCEC636)),56cf73f6-294b-4dd4-a08c-4545c1eec996,False,False,SN,1631355732.603323
0,could not receive ip address from ipfy,Error,/BuildNotice/0,MobileSDK,vivo vivo 1811,OpenGLES2,1.0,1.10.2,False,Programmatic1,Programmatic,09/11/2021 10:22:11,611bdadcd4e35d332f3d5e66,611be843d5491c7d0a6ab0ce,com.thg.battleops.shooting.game,1.0,iv,Android OS 8.1.0 / API-27 (OPM1.171019.026/eng.compil.20200520.160752),07e14eca-f6d1-4636-bf0f-483bad60cf4e,True,False,IR,1631355732.713346
0,An error occurred while sending the request,Error,/BuildNotice/0,MobileSDK,HUAWEI BAH2-L09,OpenGLES2,1.0,1.11.0,False,Programmatic1,Programmatic,09/11/2021 10:21:54,6028e36ad1e80652e41054ca,609d69021c511f4b1d4df1c4,com.pregnantcatemma.virtualpet,1.0,iv,Android OS 8.0.0 / API-26 (HUAWEIBAH2-L09/295(OCEC636)),56cf73f6-294b-4dd4-a08c-4545c1eec996,False,False,SN,1631355732.826295
0,could not receive ip address from ipfy,Error,/BuildNotice/0,MobileSDK,HUAWEI BAH2-L09,OpenGLES2,1.0,1.11.0,False,Programmatic1,Programmatic,09/11/2021 10:21:54,6028e36ad1e80652e41054ca,609d69021c511f4b1d4df1c4,com.pregnantcatemma.virtualpet,1.0,iv,Android OS 8.0.0 / API-26 (HUAWEIBAH2-L09/295(OCEC636)),56cf73f6-294b-4dd4-a08c-4545c1eec996,False,False,SN,1631355732.876823
0,An error occurred while sending the request,Error,/BuildNotice/0,MobileSDK,HUAWEI BAH2-L09,OpenGLES2,1.0,1.11.0,False,Programmatic1,Programmatic,09/11/2021 10:21:54,6028e36ad1e80652e41054ca,609d69021c511f4b1d4df1c4,com.pregnantcatemma.virtualpet,1.0,iv,Android OS 8.0.0 / API-26 (HUAWEIBAH2-L09/295(OCEC636)),56cf73f6-294b-4dd4-a08c-4545c1eec996,False,False,SN,1631355733.100141
0,could not receive ip address from ipfy,Error,/BuildNotice/0,MobileSDK,Xiaomi M2006C3MI,OpenGLES2,1.0,1.10.2,False,Programmatic1,Programmatic,09/11/2021 10:22:13,611bdadcd4e35d332f3d5e66,611be843d5491c7d0a6ab0ce,com.thg.battleops.shooting.game,1.0,iv,Android OS 10 / API-29 (QP1A.190711.020/V12.0.12.0.QCRINXM),14ae072e-a3fc-4aea-9bff-2d9c7a62e5cd,True,False,TH,1631355733.098771
0,could not receive ip address from ipfy,Error,/BuildNotice/0,MobileSDK,HUAWEI BAH2-L09,OpenGLES2,1.0,1.11.0,False,Programmatic1,Programmatic,09/11/2021 10:21:54,6028e36ad1e80652e41054ca,609d69021c511f4b1d4df1c4,com.pregnantcatemma.virtualpet,1.0,iv,Android OS 8.0.0 / API-26 (HUAWEIBAH2-L09/295(OCEC636)),56cf73f6-294b-4dd4-a08c-4545c1eec996,False,False,SN,1631355733.148407
0,could not receive ip address from ipfy,Error,/BuildNotice/0,MobileSDK,LGE LG-M700,OpenGLES2,1.0,1.10.2,False,Programmatic1,Programmatic,09/11/2021 10:22:12,611bdadcd4e35d332f3d5e66,611be843d5491c7d0a6ab0ce,com.thg.battleops.shooting.game,1.0,iv,Android OS 8.1.0 / API-27 (OPM1.171019.026/18236164615b9),dba9a37d-c427-4546-a7b1-1015d4fd7de5,True,False,IN,1631355733.167031
0,An error occurred while sending the request,Error,/BuildNotice/0,MobileSDK,Xiaomi M2006C3MI,OpenGLES2,1.0,1.10.2,False,Programmatic1,Programmatic,09/11/2021 10:22:13,611bdadcd4e35d332f3d5e66,611be843d5491c7d0a6ab0ce,com.thg.battleops.shooting.game,1.0,iv,Android OS 10 / API-29 (QP1A.190711.020/V12.0.12.0.QCRINXM),14ae072e-a3fc-4aea-9bff-2d9c7a62e5cd,True,False,TH,1631355733.169906
0,An error occurred while sending the request,Error,/BuildNotice/0,MobileSDK,LGE LG-M700,OpenGLES2,1.0,1.10.2,False,Programmatic1,Programmatic,09/11/2021 10:22:12,611bdadcd4e35d332f3d5e66,611be843d5491c7d0a6ab0ce,com.thg.battleops.shooting.game,1.0,iv,Android OS 8.1.0 / API-27 (OPM1.171019.026/18236164615b9),dba9a37d-c427-4546-a7b1-1015d4fd7de5,True,False,IN,1631355733.2498
0,An error occurred while sending the request,Error,/BuildNotice/0,MobileSDK,HUAWEI BAH2-L09,OpenGLES2,1.0,1.11.0,False,Programmatic1,Programmatic,09/11/2021 10:21:54,6028e36ad1e80652e41054ca,609d69021c511f4b1d4df1c4,com.pregnantcatemma.virtualpet,1.0,iv,Android OS 8.0.0 / API-26 (HUAWEIBAH2-L09/295(OCEC636)),56cf73f6-294b-4dd4-a08c-4545c1eec996,False,False,SN,1631355733.367589
0,could not receive ip address from ipfy,Error,/BuildNotice/0,MobileSDK,HUAWEI BAH2-L09,OpenGLES2,1.0,1.11.0,False,Programmatic1,Programmatic,09/11/2021 10:21:55,6028e36ad1e80652e41054ca,609d69021c511f4b1d4df1c4,com.pregnantcatemma.virtualpet,1.0,iv,Android OS 8.0.0 / API-26 (HUAWEIBAH2-L09/295(OCEC636)),56cf73f6-294b-4dd4-a08c-4545c1eec996,False,False,SN,1631355733.422871
0,An error occurred while sending the request,Error,/BuildNotice/0,MobileSDK,HUAWEI BAH2-L09,OpenGLES2,1.0,1.11.0,False,Programmatic1,Programmatic,09/11/2021 10:21:55,6028e36ad1e80652e41054ca,609d69021c511f4b1d4df1c4,com.pregnantcatemma.virtualpet,1.0,iv,Android OS 8.0.0 / API-26 (HUAWEIBAH2-L09/295(OCEC636)),56cf73f6-294b-4dd4-a08c-4545c1eec996,False,False,SN,1631355733.635435
0,could not receive ip address from ipfy,Error,/BuildNotice/0,MobileSDK,HUAWEI BAH2-L09,OpenGLES2,1.0,1.11.0,False,Programmatic1,Programmatic,09/11/2021 10:21:55,6028e36ad1e80652e41054ca,609d69021c511f4b1d4df1c4,com.pregnantcatemma.virtualpet,1.0,iv,Android OS 8.0.0 / API-26 (HUAWEIBAH2-L09/295(OCEC636)),56cf73f6-294b-4dd4-a08c-4545c1eec996,False,False,SN,1631355733.694946
0,An error occurred while sending the request,Error,/BuildNotice/0,MobileSDK,vivo vivo 1811,OpenGLES2,1.0,1.10.2,False,Programmatic1,Programmatic,09/11/2021 10:22:12,611bdadcd4e35d332f3d5e66,611be843d5491c7d0a6ab0ce,com.thg.battleops.shooting.game,1.0,iv,Android OS 8.1.0 / API-27 (OPM1.171019.026/eng.compil.20200520.160752),07e14eca-f6d1-4636-bf0f-483bad60cf4e,True,False,IR,1631355733.826991
0,An error occurred while sending the request,Error,/BuildNotice/0,MobileSDK,HUAWEI BAH2-L09,OpenGLES2,1.0,1.11.0,False,Programmatic1,Programmatic,09/11/2021 10:21:55,6028e36ad1e80652e41054ca,609d69021c511f4b1d4df1c4,com.pregnantcatemma.virtualpet,1.0,iv,Android OS 8.0.0 / API-26 (HUAWEIBAH2-L09/295(OCEC636)),56cf73f6-294b-4dd4-a08c-4545c1eec996,False,False,SN,1631355733.906062
0,could not receive ip address from ipfy,Error,/BuildNotice/0,MobileSDK,HUAWEI BAH2-L09,OpenGLES2,1.0,1.11.0,False,Programmatic1,Programmatic,09/11/2021 10:21:55,6028e36ad1e80652e41054ca,609d69021c511f4b1d4df1c4,com.pregnantcatemma.virtualpet,1.0,iv,Android OS 8.0.0 / API-26 (HUAWEIBAH2-L09/295(OCEC636)),56cf73f6-294b-4dd4-a08c-4545c1eec996,False,False,SN,1631355733.968842
0,An error occurred while sending the request,Error,/BuildNotice/0,MobileSDK,HUAWEI BAH2-L09,OpenGLES2,1.0,1.11.0,False,Programmatic1,Programmatic,09/11/2021 10:21:55,6028e36ad1e80652e41054ca,609d69021c511f4b1d4df1c4,com.pregnantcatemma.virtualpet,1.0,iv,Android OS 8.0.0 / API-26 (HUAWEIBAH2-L09/295(OCEC636)),56cf73f6-294b-4dd4-a08c-4545c1eec996,False,False,SN,1631355734.173334
0,could not receive ip address from ipfy,Error,/BuildNotice/0,MobileSDK,HUAWEI BAH2-L09,OpenGLES2,1.0,1.11.0,False,Programmatic1,Programmatic,09/11/2021 10:21:55,6028e36ad1e80652e41054ca,609d69021c511f4b1d4df1c4,com.pregnantcatemma.virtualpet,1.0,iv,Android OS 8.0.0 / API-26 (HUAWEIBAH2-L09/295(OCEC636)),56cf73f6-294b-4dd4-a08c-4545c1eec996,False,False,SN,1631355734.240338
0,An error occurred while sending the request,Error,/BuildNotice/0,MobileSDK,HUAWEI BAH2-L09,OpenGLES2,1.0,1.11.0,False,Programmatic1,Programmatic,09/11/2021 10:21:55,6028e36ad1e80652e41054ca,609d69021c511f4b1d4df1c4,com.pregnantcatemma.virtualpet,1.0,iv,Android OS 8.0.0 / API-26 (HUAWEIBAH2-L09/295(OCEC636)),56cf73f6-294b-4dd4-a08c-4545c1eec996,False,False,SN,1631355734.446048
0,could not receive ip address from ipfy,Error,/BuildNotice/0,MobileSDK,HUAWEI BAH2-L09,OpenGLES2,1.0,1.11.0,False,Programmatic1,Programmatic,09/11/2021 10:21:56,6028e36ad1e80652e41054ca,609d69021c511f4b1d4df1c4,com.pregnantcatemma.virtualpet,1.0,iv,Android OS 8.0.0 / API-26 (HUAWEIBAH2-L09/295(OCEC636)),56cf73f6-294b-4dd4-a08c-4545c1eec996,False,False,SN,1631355734.514313
0,could not receive ip address from ipfy,Error,/BuildNotice/0,MobileSDK,samsung SM-A025F,OpenGLES2,1.0,1.10.2,False,Programmatic1,Programmatic,09/11/2021 10:22:13,611bdadcd4e35d332f3d5e66,611be843d5491c7d0a6ab0ce,com.thg.battleops.shooting.game,1.0,iv,Android OS 11 / API-30 (RP1A.200720.012/A025FXXS2BUG1),51d96fff-ceff-4e27-a51d-c41ed1608f8c,True,False,BR,1631355734.653637
0,An error occurred while sending the request,Error,/BuildNotice/0,MobileSDK,samsung SM-A025F,OpenGLES2,1.0,1.10.2,False,Programmatic1,Programmatic,09/11/2021 10:22:13,611bdadcd4e35d332f3d5e66,611be843d5491c7d0a6ab0ce,com.thg.battleops.shooting.game,1.0,iv,Android OS 11 / API-30 (RP1A.200720.012/A025FXXS2BUG1),51d96fff-ceff-4e27-a51d-c41ed1608f8c,True,False,BR,1631355734.704961
0,An error occurred while sending the request,Error,/BuildNotice/0,MobileSDK,HUAWEI BAH2-L09,OpenGLES2,1.0,1.11.0,False,Programmatic1,Programmatic,09/11/2021 10:21:56,6028e36ad1e80652e41054ca,609d69021c511f4b1d4df1c4,com.pregnantcatemma.virtualpet,1.0,iv,Android OS 8.0.0 / API-26 (HUAWEIBAH2-L09/295(OCEC636)),56cf73f6-294b-4dd4-a08c-4545c1eec996,False,False,SN,1631355734.715035
0,could not receive ip address from ipfy,Error,/BuildNotice/0,MobileSDK,HUAWEI BAH2-L09,OpenGLES2,1.0,1.11.0,False,Programmatic1,Programmatic,09/11/2021 10:21:56,6028e36ad1e80652e41054ca,609d69021c511f4b1d4df1c4,com.pregnantcatemma.virtualpet,1.0,iv,Android OS 8.0.0 / API-26 (HUAWEIBAH2-L09/295(OCEC636)),56cf73f6-294b-4dd4-a08c-4545c1eec996,False,False,SN,1631355734.788613
0,An error occurred while sending the request,Error,/BuildNotice/0,MobileSDK,HUAWEI BAH2-L09,OpenGLES2,1.0,1.11.0,False,Programmatic1,Programmatic,09/11/2021 10:21:56,6028e36ad1e80652e41054ca,609d69021c511f4b1d4df1c4,com.pregnantcatemma.virtualpet,1.0,iv,Android OS 8.0.0 / API-26 (HUAWEIBAH2-L09/295(OCEC636)),56cf73f6-294b-4dd4-a08c-4545c1eec996,False,False,SN,1631355734.984885
0,could not receive ip address from ipfy,Error,/BuildNotice/0,MobileSDK,HUAWEI BAH2-L09,OpenGLES2,1.0,1.11.0,False,Programmatic1,Programmatic,09/11/2021 10:21:56,6028e36ad1e80652e41054ca,609d69021c511f4b1d4df1c4,com.pregnantcatemma.virtualpet,1.0,iv,Android OS 8.0.0 / API-26 (HUAWEIBAH2-L09/295(OCEC636)),56cf73f6-294b-4dd4-a08c-4545c1eec996,False,False,SN,1631355735.061492
0,An error occurred while sending the request,Error,/BuildNotice/0,MobileSDK,HUAWEI BAH2-L09,OpenGLES2,1.0,1.11.0,False,Programmatic1,Programmatic,09/11/2021 10:21:56,6028e36ad1e80652e41054ca,609d69021c511f4b1d4df1c4,com.pregnantcatemma.virtualpet,1.0,iv,Android OS 8.0.0 / API-26 (HUAWEIBAH2-L09/295(OCEC636)),56cf73f6-294b-4dd4-a08c-4545c1eec996,False,False,SN,1631355735.261411
0,could not receive ip address from ipfy,Error,/BuildNotice/0,MobileSDK,HUAWEI BAH2-L09,OpenGLES2,1.0,1.11.0,False,Programmatic1,Programmatic,09/11/2021 10:21:56,6028e36ad1e80652e41054ca,609d69021c511f4b1d4df1c4,com.pregnantcatemma.virtualpet,1.0,iv,Android OS 8.0.0 / API-26 (HUAWEIBAH2-L09/295(OCEC636)),56cf73f6-294b-4dd4-a08c-4545c1eec996,False,False,SN,1631355735.333764
0,An error occurred while sending the request,Error,/BuildNotice/0,MobileSDK,HUAWEI BAH2-L09,OpenGLES2,1.0,1.11.0,False,Programmatic1,Programmatic,09/11/2021 10:21:56,6028e36ad1e80652e41054ca,609d69021c511f4b1d4df1c4,com.pregnantcatemma.virtualpet,1.0,iv,Android OS 8.0.0 / API-26 (HUAWEIBAH2-L09/295(OCEC636)),56cf73f6-294b-4dd4-a08c-4545c1eec996,False,False,SN,1631355735.530627
0,could not receive ip address from ipfy,Error,/BuildNotice/0,MobileSDK,vivo vivo 1811,OpenGLES2,1.0,1.10.2,False,Programmatic1,Programmatic,09/11/2021 10:22:14,611bdadcd4e35d332f3d5e66,611be843d5491c7d0a6ab0ce,com.thg.battleops.shooting.game,1.0,iv,Android OS 8.1.0 / API-27 (OPM1.171019.026/eng.compil.20200520.160752),07e14eca-f6d1-4636-bf0f-483bad60cf4e,True,False,IR,1631355735.582401
0,could not receive ip address from ipfy,Error,/BuildNotice/0,MobileSDK,HUAWEI BAH2-L09,OpenGLES2,1.0,1.11.0,False,Programmatic1,Programmatic,09/11/2021 10:21:57,6028e36ad1e80652e41054ca,609d69021c511f4b1d4df1c4,com.pregnantcatemma.virtualpet,1.0,iv,Android OS 8.0.0 / API-26 (HUAWEIBAH2-L09/295(OCEC636)),56cf73f6-294b-4dd4-a08c-4545c1eec996,False,False,SN,1631355735.607867
0,An error occurred while sending the request,Error,/BuildNotice/0,MobileSDK,HUAWEI BAH2-L09,OpenGLES2,1.0,1.11.0,False,Programmatic1,Programmatic,09/11/2021 10:21:57,6028e36ad1e80652e41054ca,609d69021c511f4b1d4df1c4,com.pregnantcatemma.virtualpet,1.0,iv,Android OS 8.0.0 / API-26 (HUAWEIBAH2-L09/295(OCEC636)),56cf73f6-294b-4dd4-a08c-4545c1eec996,False,False,SN,1631355735.799466
0,could not receive ip address from ipfy,Error,/BuildNotice/0,MobileSDK,HUAWEI BAH2-L09,OpenGLES2,1.0,1.11.0,False,Programmatic1,Programmatic,09/11/2021 10:21:57,6028e36ad1e80652e41054ca,609d69021c511f4b1d4df1c4,com.pregnantcatemma.virtualpet,1.0,iv,Android OS 8.0.0 / API-26 (HUAWEIBAH2-L09/295(OCEC636)),56cf73f6-294b-4dd4-a08c-4545c1eec996,False,False,SN,1631355735.879117
0,An error occurred while sending the request,Error,/BuildNotice/0,MobileSDK,HUAWEI BAH2-L09,OpenGLES2,1.0,1.11.0,False,Programmatic1,Programmatic,09/11/2021 10:21:57,6028e36ad1e80652e41054ca,609d69021c511f4b1d4df1c4,com.pregnantcatemma.virtualpet,1.0,iv,Android OS 8.0.0 / API-26 (HUAWEIBAH2-L09/295(OCEC636)),56cf73f6-294b-4dd4-a08c-4545c1eec996,False,False,SN,1631355736.068786
0,could not receive ip address from ipfy,Error,/BuildNotice/0,MobileSDK,HUAWEI BAH2-L09,OpenGLES2,1.0,1.11.0,False,Programmatic1,Programmatic,09/11/2021 10:21:57,6028e36ad1e80652e41054ca,609d69021c511f4b1d4df1c4,com.pregnantcatemma.virtualpet,1.0,iv,Android OS 8.0.0 / API-26 (HUAWEIBAH2-L09/295(OCEC636)),56cf73f6-294b-4dd4-a08c-4545c1eec996,False,False,SN,1631355736.150876
0,An error occurred while sending the request,Error,/BuildNotice/0,MobileSDK,HUAWEI BAH2-L09,OpenGLES2,1.0,1.11.0,False,Programmatic1,Programmatic,09/11/2021 10:21:57,6028e36ad1e80652e41054ca,609d69021c511f4b1d4df1c4,com.pregnantcatemma.virtualpet,1.0,iv,Android OS 8.0.0 / API-26 (HUAWEIBAH2-L09/295(OCEC636)),56cf73f6-294b-4dd4-a08c-4545c1eec996,False,False,SN,1631355736.336654
0,could not receive ip address from ipfy,Error,/BuildNotice/0,MobileSDK,HUAWEI BAH2-L09,OpenGLES2,1.0,1.11.0,False,Programmatic1,Programmatic,09/11/2021 10:21:57,6028e36ad1e80652e41054ca,609d69021c511f4b1d4df1c4,com.pregnantcatemma.virtualpet,1.0,iv,Android OS 8.0.0 / API-26 (HUAWEIBAH2-L09/295(OCEC636)),56cf73f6-294b-4dd4-a08c-4545c1eec996,False,False,SN,1631355736.422044
0,could not receive ip address from ipfy,Error,/BuildNotice/0,MobileSDK,LGE LG-M700,OpenGLES2,1.0,1.10.2,False,Programmatic1,Programmatic,09/11/2021 10:22:16,611bdadcd4e35d332f3d5e66,611be843d5491c7d0a6ab0ce,com.thg.battleops.shooting.game,1.0,iv,Android OS 8.1.0 / API-27 (OPM1.171019.026/18236164615b9),dba9a37d-c427-4546-a7b1-1015d4fd7de5,True,False,IN,1631355736.422724
0,An error occurred while sending the request,Error,/BuildNotice/0,MobileSDK,LGE LG-M700,OpenGLES2,1.0,1.10.2,False,Programmatic1,Programmatic,09/11/2021 10:22:16,611bdadcd4e35d332f3d5e66,611be843d5491c7d0a6ab0ce,com.thg.battleops.shooting.game,1.0,iv,Android OS 8.1.0 / API-27 (OPM1.171019.026/18236164615b9),dba9a37d-c427-4546-a7b1-1015d4fd7de5,True,False,IN,1631355736.487876
0,could not receive ip address from ipfy,Error,/BuildNotice/0,MobileSDK,Xiaomi M2006C3MI,OpenGLES2,1.0,1.10.2,False,Programmatic1,Programmatic,09/11/2021 10:22:17,611bdadcd4e35d332f3d5e66,611be843d5491c7d0a6ab0ce,com.thg.battleops.shooting.game,1.0,iv,Android OS 10 / API-29 (QP1A.190711.020/V12.0.12.0.QCRINXM),14ae072e-a3fc-4aea-9bff-2d9c7a62e5cd,True,False,TH,1631355736.589149
0,An error occurred while sending the request,Error,/BuildNotice/0,MobileSDK,HUAWEI BAH2-L09,OpenGLES2,1.0,1.11.0,False,Programmatic1,Programmatic,09/11/2021 10:21:57,6028e36ad1e80652e41054ca,609d69021c511f4b1d4df1c4,com.pregnantcatemma.virtualpet,1.0,iv,Android OS 8.0.0 / API-26 (HUAWEIBAH2-L09/295(OCEC636)),56cf73f6-294b-4dd4-a08c-4545c1eec996,False,False,SN,1631355736.610672
0,An error occurred while sending the request,Error,/BuildNotice/0,MobileSDK,vivo vivo 1811,OpenGLES2,1.0,1.10.2,False,Programmatic1,Programmatic,09/11/2021 10:22:15,611bdadcd4e35d332f3d5e66,611be843d5491c7d0a6ab0ce,com.thg.battleops.shooting.game,1.0,iv,Android OS 8.1.0 / API-27 (OPM1.171019.026/eng.compil.20200520.160752),07e14eca-f6d1-4636-bf0f-483bad60cf4e,True,False,IR,1631355736.649681
0,An error occurred while sending the request,Error,/BuildNotice/0,MobileSDK,Xiaomi M2006C3MI,OpenGLES2,1.0,1.10.2,False,Programmatic1,Programmatic,09/11/2021 10:22:17,611bdadcd4e35d332f3d5e66,611be843d5491c7d0a6ab0ce,com.thg.battleops.shooting.game,1.0,iv,Android OS 10 / API-29 (QP1A.190711.020/V12.0.12.0.QCRINXM),14ae072e-a3fc-4aea-9bff-2d9c7a62e5cd,True,False,TH,1631355736.651886
0,could not receive ip address from ipfy,Error,/BuildNotice/0,MobileSDK,HUAWEI BAH2-L09,OpenGLES2,1.0,1.11.0,False,Programmatic1,Programmatic,09/11/2021 10:21:57,6028e36ad1e80652e41054ca,609d69021c511f4b1d4df1c4,com.pregnantcatemma.virtualpet,1.0,iv,Android OS 8.0.0 / API-26 (HUAWEIBAH2-L09/295(OCEC636)),56cf73f6-294b-4dd4-a08c-4545c1eec996,False,False,SN,1631355736.696647
0,An error occurred while sending the request,Error,/BuildNotice/0,MobileSDK,HUAWEI BAH2-L09,OpenGLES2,1.0,1.11.0,False,Programmatic1,Programmatic,09/11/2021 10:21:57,6028e36ad1e80652e41054ca,609d69021c511f4b1d4df1c4,com.pregnantcatemma.virtualpet,1.0,iv,Android OS 8.0.0 / API-26 (HUAWEIBAH2-L09/295(OCEC636)),56cf73f6-294b-4dd4-a08c-4545c1eec996,False,False,SN,1631355736.884398
0,could not receive ip address from ipfy,Error,/BuildNotice/0,MobileSDK,HUAWEI BAH2-L09,OpenGLES2,1.0,1.11.0,False,Programmatic1,Programmatic,09/11/2021 10:21:58,6028e36ad1e80652e41054ca,609d69021c511f4b1d4df1c4,com.pregnantcatemma.virtualpet,1.0,iv,Android OS 8.0.0 / API-26 (HUAWEIBAH2-L09/295(OCEC636)),56cf73f6-294b-4dd4-a08c-4545c1eec996,False,False,SN,1631355736.977603
0,An error occurred while sending the request,Error,/BuildNotice/0,MobileSDK,HUAWEI BAH2-L09,OpenGLES2,1.0,1.11.0,False,Programmatic1,Programmatic,09/11/2021 10:21:58,6028e36ad1e80652e41054ca,609d69021c511f4b1d4df1c4,com.pregnantcatemma.virtualpet,1.0,iv,Android OS 8.0.0 / API-26 (HUAWEIBAH2-L09/295(OCEC636)),56cf73f6-294b-4dd4-a08c-4545c1eec996,False,False,SN,1631355737.154108
0,could not receive ip address from ipfy,Error,/BuildNotice/0,MobileSDK,HUAWEI BAH2-L09,OpenGLES2,1.0,1.11.0,False,Programmatic1,Programmatic,09/11/2021 10:21:58,6028e36ad1e80652e41054ca,609d69021c511f4b1d4df1c4,com.pregnantcatemma.virtualpet,1.0,iv,Android OS 8.0.0 / API-26 (HUAWEIBAH2-L09/295(OCEC636)),56cf73f6-294b-4dd4-a08c-4545c1eec996,False,False,SN,1631355737.253807
0,An error occurred while sending the request,Error,/BuildNotice/0,MobileSDK,HUAWEI BAH2-L09,OpenGLES2,1.0,1.11.0,False,Programmatic1,Programmatic,09/11/2021 10:21:58,6028e36ad1e80652e41054ca,609d69021c511f4b1d4df1c4,com.pregnantcatemma.virtualpet,1.0,iv,Android OS 8.0.0 / API-26 (HUAWEIBAH2-L09/295(OCEC636)),56cf73f6-294b-4dd4-a08c-4545c1eec996,False,False,SN,1631355737.433306
0,could not receive ip address from ipfy,Error,/BuildNotice/0,MobileSDK,HUAWEI BAH2-L09,OpenGLES2,1.0,1.11.0,False,Programmatic1,Programmatic,09/11/2021 10:21:58,6028e36ad1e80652e41054ca,609d69021c511f4b1d4df1c4,com.pregnantcatemma.virtualpet,1.0,iv,Android OS 8.0.0 / API-26 (HUAWEIBAH2-L09/295(OCEC636)),56cf73f6-294b-4dd4-a08c-4545c1eec996,False,False,SN,1631355737.525904
0,An error occurred while sending the request,Error,/BuildNotice/0,MobileSDK,HUAWEI BAH2-L09,OpenGLES2,1.0,1.11.0,False,Programmatic1,Programmatic,09/11/2021 10:21:58,6028e36ad1e80652e41054ca,609d69021c511f4b1d4df1c4,com.pregnantcatemma.virtualpet,1.0,iv,Android OS 8.0.0 / API-26 (HUAWEIBAH2-L09/295(OCEC636)),56cf73f6-294b-4dd4-a08c-4545c1eec996,False,False,SN,1631355737.703229
0,could not receive ip address from ipfy,Error,/BuildNotice/0,MobileSDK,HUAWEI BAH2-L09,OpenGLES2,1.0,1.11.0,False,Programmatic1,Programmatic,09/11/2021 10:21:58,6028e36ad1e80652e41054ca,609d69021c511f4b1d4df1c4,com.pregnantcatemma.virtualpet,1.0,iv,Android OS 8.0.0 / API-26 (HUAWEIBAH2-L09/295(OCEC636)),56cf73f6-294b-4dd4-a08c-4545c1eec996,False,False,SN,1631355737.80819
0,An error occurred while sending the request,Error,/BuildNotice/0,MobileSDK,HUAWEI BAH2-L09,OpenGLES2,1.0,1.11.0,False,Programmatic1,Programmatic,09/11/2021 10:21:58,6028e36ad1e80652e41054ca,609d69021c511f4b1d4df1c4,com.pregnantcatemma.virtualpet,1.0,iv,Android OS 8.0.0 / API-26 (HUAWEIBAH2-L09/295(OCEC636)),56cf73f6-294b-4dd4-a08c-4545c1eec996,False,False,SN,1631355737.969755
0,could not receive ip address from ipfy,Error,/BuildNotice/0,MobileSDK,HUAWEI BAH2-L09,OpenGLES2,1.0,1.11.0,False,Programmatic1,Programmatic,09/11/2021 10:21:59,6028e36ad1e80652e41054ca,609d69021c511f4b1d4df1c4,com.pregnantcatemma.virtualpet,1.0,iv,Android OS 8.0.0 / API-26 (HUAWEIBAH2-L09/295(OCEC636)),56cf73f6-294b-4dd4-a08c-4545c1eec996,False,False,SN,1631355738.078228
0,An error occurred while sending the request,Error,/BuildNotice/0,MobileSDK,HUAWEI BAH2-L09,OpenGLES2,1.0,1.11.0,False,Programmatic1,Programmatic,09/11/2021 10:21:59,6028e36ad1e80652e41054ca,609d69021c511f4b1d4df1c4,com.pregnantcatemma.virtualpet,1.0,iv,Android OS 8.0.0 / API-26 (HUAWEIBAH2-L09/295(OCEC636)),56cf73f6-294b-4dd4-a08c-4545c1eec996,False,False,SN,1631355738.23574
0,could not receive ip address from ipfy,Error,/BuildNotice/0,MobileSDK,HUAWEI BAH2-L09,OpenGLES2,1.0,1.11.0,False,Programmatic1,Programmatic,09/11/2021 10:21:59,6028e36ad1e80652e41054ca,609d69021c511f4b1d4df1c4,com.pregnantcatemma.virtualpet,1.0,iv,Android OS 8.0.0 / API-26 (HUAWEIBAH2-L09/295(OCEC636)),56cf73f6-294b-4dd4-a08c-4545c1eec996,False,False,SN,1631355738.348944
0,An error occurred while sending the request,Error,/BuildNotice/0,MobileSDK,HUAWEI BAH2-L09,OpenGLES2,1.0,1.11.0,False,Programmatic1,Programmatic,09/11/2021 10:21:59,6028e36ad1e80652e41054ca,609d69021c511f4b1d4df1c4,com.pregnantcatemma.virtualpet,1.0,iv,Android OS 8.0.0 / API-26 (HUAWEIBAH2-L09/295(OCEC636)),56cf73f6-294b-4dd4-a08c-4545c1eec996,False,False,SN,1631355738.501057
0,could not receive ip address from ipfy,Error,/BuildNotice/0,MobileSDK,vivo vivo 1811,OpenGLES2,1.0,1.10.2,False,Programmatic1,Programmatic,09/11/2021 10:22:17,611bdadcd4e35d332f3d5e66,611be843d5491c7d0a6ab0ce,com.thg.battleops.shooting.game,1.0,iv,Android OS 8.1.0 / API-27 (OPM1.171019.026/eng.compil.20200520.160752),07e14eca-f6d1-4636-bf0f-483bad60cf4e,True,False,IR,1631355738.561007
0,could not receive ip address from ipfy,Error,/BuildNotice/0,MobileSDK,HUAWEI BAH2-L09,OpenGLES2,1.0,1.11.0,False,Programmatic1,Programmatic,09/11/2021 10:21:59,6028e36ad1e80652e41054ca,609d69021c511f4b1d4df1c4,com.pregnantcatemma.virtualpet,1.0,iv,Android OS 8.0.0 / API-26 (HUAWEIBAH2-L09/295(OCEC636)),56cf73f6-294b-4dd4-a08c-4545c1eec996,False,False,SN,1631355738.628345
0,An error occurred while sending the request,Error,/BuildNotice/0,MobileSDK,HUAWEI BAH2-L09,OpenGLES2,1.0,1.11.0,False,Programmatic1,Programmatic,09/11/2021 10:21:59,6028e36ad1e80652e41054ca,609d69021c511f4b1d4df1c4,com.pregnantcatemma.virtualpet,1.0,iv,Android OS 8.0.0 / API-26 (HUAWEIBAH2-L09/295(OCEC636)),56cf73f6-294b-4dd4-a08c-4545c1eec996,False,False,SN,1631355738.789791
0,could not receive ip address from ipfy,Error,/BuildNotice/0,MobileSDK,HUAWEI BAH2-L09,OpenGLES2,1.0,1.11.0,False,Programmatic1,Programmatic,09/11/2021 10:21:59,6028e36ad1e80652e41054ca,609d69021c511f4b1d4df1c4,com.pregnantcatemma.virtualpet,1.0,iv,Android OS 8.0.0 / API-26 (HUAWEIBAH2-L09/295(OCEC636)),56cf73f6-294b-4dd4-a08c-4545c1eec996,False,False,SN,1631355738.935989
0,An error occurred while sending the request,Error,/BuildNotice/0,MobileSDK,HUAWEI BAH2-L09,OpenGLES2,1.0,1.11.0,False,Programmatic1,Programmatic,09/11/2021 10:21:59,6028e36ad1e80652e41054ca,609d69021c511f4b1d4df1c4,com.pregnantcatemma.virtualpet,1.0,iv,Android OS 8.0.0 / API-26 (HUAWEIBAH2-L09/295(OCEC636)),56cf73f6-294b-4dd4-a08c-4545c1eec996,False,False,SN,1631355739.05885
0,could not receive ip address from ipfy,Error,/BuildNotice/0,MobileSDK,Xiaomi M2006C3MI,OpenGLES2,1.0,1.10.2,False,Programmatic1,Programmatic,09/11/2021 10:22:20,611bdadcd4e35d332f3d5e66,611be843d5491c7d0a6ab0ce,com.thg.battleops.shooting.game,1.0,iv,Android OS 10 / API-29 (QP1A.190711.020/V12.0.12.0.QCRINXM),14ae072e-a3fc-4aea-9bff-2d9c7a62e5cd,True,False,TH,1631355739.204349
0,could not receive ip address from ipfy,Error,/BuildNotice/0,MobileSDK,HUAWEI BAH2-L09,OpenGLES2,1.0,1.11.0,False,Programmatic1,Programmatic,09/11/2021 10:22:00,6028e36ad1e80652e41054ca,609d69021c511f4b1d4df1c4,com.pregnantcatemma.virtualpet,1.0,iv,Android OS 8.0.0 / API-26 (HUAWEIBAH2-L09/295(OCEC636)),56cf73f6-294b-4dd4-a08c-4545c1eec996,False,False,SN,1631355739.217547
0,An error occurred while sending the request,Error,/BuildNotice/0,MobileSDK,HUAWEI BAH2-L09,OpenGLES2,1.0,1.11.0,False,Programmatic1,Programmatic,09/11/2021 10:22:00,6028e36ad1e80652e41054ca,609d69021c511f4b1d4df1c4,com.pregnantcatemma.virtualpet,1.0,iv,Android OS 8.0.0 / API-26 (HUAWEIBAH2-L09/295(OCEC636)),56cf73f6-294b-4dd4-a08c-4545c1eec996,False,False,SN,1631355739.327309
0,could not receive ip address from ipfy,Error,/BuildNotice/0,MobileSDK,LGE LG-M700,OpenGLES2,1.0,1.10.2,False,Programmatic1,Programmatic,09/11/2021 10:22:19,611bdadcd4e35d332f3d5e66,611be843d5491c7d0a6ab0ce,com.thg.battleops.shooting.game,1.0,iv,Android OS 8.1.0 / API-27 (OPM1.171019.026/18236164615b9),dba9a37d-c427-4546-a7b1-1015d4fd7de5,True,False,IN,1631355739.335801
0,could not receive ip address from ipfy,Error,/BuildNotice/0,MobileSDK,HUAWEI BAH2-L09,OpenGLES2,1.0,1.11.0,False,Programmatic1,Programmatic,09/11/2021 10:22:00,6028e36ad1e80652e41054ca,609d69021c511f4b1d4df1c4,com.pregnantcatemma.virtualpet,1.0,iv,Android OS 8.0.0 / API-26 (HUAWEIBAH2-L09/295(OCEC636)),56cf73f6-294b-4dd4-a08c-4545c1eec996,False,False,SN,1631355739.487837
0,An error occurred while sending the request,Error,/BuildNotice/0,MobileSDK,Xiaomi M2006C3MI,OpenGLES2,1.0,1.10.2,False,Programmatic1,Programmatic,09/11/2021 10:22:20,611bdadcd4e35d332f3d5e66,611be843d5491c7d0a6ab0ce,com.thg.battleops.shooting.game,1.0,iv,Android OS 10 / API-29 (QP1A.190711.020/V12.0.12.0.QCRINXM),14ae072e-a3fc-4aea-9bff-2d9c7a62e5cd,True,False,TH,1631355739.59925
0,An error occurred while sending the request,Error,/BuildNotice/0,MobileSDK,LGE LG-M700,OpenGLES2,1.0,1.10.2,False,Programmatic1,Programmatic,09/11/2021 10:22:19,611bdadcd4e35d332f3d5e66,611be843d5491c7d0a6ab0ce,com.thg.battleops.shooting.game,1.0,iv,Android OS 8.1.0 / API-27 (OPM1.171019.026/18236164615b9),dba9a37d-c427-4546-a7b1-1015d4fd7de5,True,False,IN,1631355739.602737
0,An error occurred while sending the request,Error,/BuildNotice/0,MobileSDK,HUAWEI BAH2-L09,OpenGLES2,1.0,1.11.0,False,Programmatic1,Programmatic,09/11/2021 10:22:00,6028e36ad1e80652e41054ca,609d69021c511f4b1d4df1c4,com.pregnantcatemma.virtualpet,1.0,iv,Android OS 8.0.0 / API-26 (HUAWEIBAH2-L09/295(OCEC636)),56cf73f6-294b-4dd4-a08c-4545c1eec996,False,False,SN,1631355739.593989
0,could not receive ip address from ipfy,Error,/BuildNotice/0,MobileSDK,HUAWEI BAH2-L09,OpenGLES2,1.0,1.11.0,False,Programmatic1,Programmatic,09/11/2021 10:22:00,6028e36ad1e80652e41054ca,609d69021c511f4b1d4df1c4,com.pregnantcatemma.virtualpet,1.0,iv,Android OS 8.0.0 / API-26 (HUAWEIBAH2-L09/295(OCEC636)),56cf73f6-294b-4dd4-a08c-4545c1eec996,False,False,SN,1631355739.762601
0,An error occurred while sending the request,Error,/BuildNotice/0,MobileSDK,HUAWEI BAH2-L09,OpenGLES2,1.0,1.11.0,False,Programmatic1,Programmatic,09/11/2021 10:22:00,6028e36ad1e80652e41054ca,609d69021c511f4b1d4df1c4,com.pregnantcatemma.virtualpet,1.0,iv,Android OS 8.0.0 / API-26 (HUAWEIBAH2-L09/295(OCEC636)),56cf73f6-294b-4dd4-a08c-4545c1eec996,False,False,SN,1631355739.968204
0,An error occurred while sending the request,Error,/BuildNotice/0,MobileSDK,vivo vivo 1811,OpenGLES2,1.0,1.10.2,False,Programmatic1,Programmatic,09/11/2021 10:22:18,611bdadcd4e35d332f3d5e66,611be843d5491c7d0a6ab0ce,com.thg.battleops.shooting.game,1.0,iv,Android OS 8.1.0 / API-27 (OPM1.171019.026/eng.compil.20200520.160752),07e14eca-f6d1-4636-bf0f-483bad60cf4e,True,False,IR,1631355740.023693
0,could not receive ip address from ipfy,Error,/BuildNotice/0,MobileSDK,HUAWEI BAH2-L09,OpenGLES2,1.0,1.11.0,False,Programmatic1,Programmatic,09/11/2021 10:22:00,6028e36ad1e80652e41054ca,609d69021c511f4b1d4df1c4,com.pregnantcatemma.virtualpet,1.0,iv,Android OS 8.0.0 / API-26 (HUAWEIBAH2-L09/295(OCEC636)),56cf73f6-294b-4dd4-a08c-4545c1eec996,False,False,SN,1631355740.030544
0,An error occurred while sending the request,Error,/BuildNotice/0,MobileSDK,HUAWEI BAH2-L09,OpenGLES2,1.0,1.11.0,False,Programmatic1,Programmatic,09/11/2021 10:22:00,6028e36ad1e80652e41054ca,609d69021c511f4b1d4df1c4,com.pregnantcatemma.virtualpet,1.0,iv,Android OS 8.0.0 / API-26 (HUAWEIBAH2-L09/295(OCEC636)),56cf73f6-294b-4dd4-a08c-4545c1eec996,False,False,SN,1631355740.233263
0,could not receive ip address from ipfy,Error,/BuildNotice/0,MobileSDK,HUAWEI BAH2-L09,OpenGLES2,1.0,1.11.0,False,Programmatic1,Programmatic,09/11/2021 10:22:00,6028e36ad1e80652e41054ca,609d69021c511f4b1d4df1c4,com.pregnantcatemma.virtualpet,1.0,iv,Android OS 8.0.0 / API-26 (HUAWEIBAH2-L09/295(OCEC636)),56cf73f6-294b-4dd4-a08c-4545c1eec996,False,False,SN,1631355740.307156
0,An error occurred while sending the request,Error,/BuildNotice/0,MobileSDK,HUAWEI BAH2-L09,OpenGLES2,1.0,1.11.0,False,Programmatic1,Programmatic,09/11/2021 10:22:00,6028e36ad1e80652e41054ca,609d69021c511f4b1d4df1c4,com.pregnantcatemma.virtualpet,1.0,iv,Android OS 8.0.0 / API-26 (HUAWEIBAH2-L09/295(OCEC636)),56cf73f6-294b-4dd4-a08c-4545c1eec996,False,False,SN,1631355740.498921
0,could not receive ip address from ipfy,Error,/BuildNotice/0,MobileSDK,HUAWEI BAH2-L09,OpenGLES2,1.0,1.11.0,False,Programmatic1,Programmatic,09/11/2021 10:22:01,6028e36ad1e80652e41054ca,609d69021c511f4b1d4df1c4,com.pregnantcatemma.virtualpet,1.0,iv,Android OS 8.0.0 / API-26 (HUAWEIBAH2-L09/295(OCEC636)),56cf73f6-294b-4dd4-a08c-4545c1eec996,False,False,SN,1631355740.57706
0,An error occurred while sending the request,Error,/BuildNotice/0,MobileSDK,HUAWEI BAH2-L09,OpenGLES2,1.0,1.11.0,False,Programmatic1,Programmatic,09/11/2021 10:22:01,6028e36ad1e80652e41054ca,609d69021c511f4b1d4df1c4,com.pregnantcatemma.virtualpet,1.0,iv,Android OS 8.0.0 / API-26 (HUAWEIBAH2-L09/295(OCEC636)),56cf73f6-294b-4dd4-a08c-4545c1eec996,False,False,SN,1631355740.765963
0,could not receive ip address from ipfy,Error,/BuildNotice/0,MobileSDK,HUAWEI BAH2-L09,OpenGLES2,1.0,1.11.0,False,Programmatic1,Programmatic,09/11/2021 10:22:01,6028e36ad1e80652e41054ca,609d69021c511f4b1d4df1c4,com.pregnantcatemma.virtualpet,1.0,iv,Android OS 8.0.0 / API-26 (HUAWEIBAH2-L09/295(OCEC636)),56cf73f6-294b-4dd4-a08c-4545c1eec996,False,False,SN,1631355740.845948
0,An error occurred while sending the request,Error,/BuildNotice/0,MobileSDK,HUAWEI BAH2-L09,OpenGLES2,1.0,1.11.0,False,Programmatic1,Programmatic,09/11/2021 10:22:01,6028e36ad1e80652e41054ca,609d69021c511f4b1d4df1c4,com.pregnantcatemma.virtualpet,1.0,iv,Android OS 8.0.0 / API-26 (HUAWEIBAH2-L09/295(OCEC636)),56cf73f6-294b-4dd4-a08c-4545c1eec996,False,False,SN,1631355741.035671
0,could not receive ip address from ipfy,Error,/BuildNotice/0,MobileSDK,HUAWEI BAH2-L09,OpenGLES2,1.0,1.11.0,False,Programmatic1,Programmatic,09/11/2021 10:22:01,6028e36ad1e80652e41054ca,609d69021c511f4b1d4df1c4,com.pregnantcatemma.virtualpet,1.0,iv,Android OS 8.0.0 / API-26 (HUAWEIBAH2-L09/295(OCEC636)),56cf73f6-294b-4dd4-a08c-4545c1eec996,False,False,SN,1631355741.114754
0,An error occurred while sending the request,Error,/BuildNotice/0,MobileSDK,HUAWEI BAH2-L09,OpenGLES2,1.0,1.11.0,False,Programmatic1,Programmatic,09/11/2021 10:22:01,6028e36ad1e80652e41054ca,609d69021c511f4b1d4df1c4,com.pregnantcatemma.virtualpet,1.0,iv,Android OS 8.0.0 / API-26 (HUAWEIBAH2-L09/295(OCEC636)),56cf73f6-294b-4dd4-a08c-4545c1eec996,False,False,SN,1631355741.303958
0,could not receive ip address from ipfy,Error,/BuildNotice/0,MobileSDK,HUAWEI BAH2-L09,OpenGLES2,1.0,1.11.0,False,Programmatic1,Programmatic,09/11/2021 10:22:01,6028e36ad1e80652e41054ca,609d69021c511f4b1d4df1c4,com.pregnantcatemma.virtualpet,1.0,iv,Android OS 8.0.0 / API-26 (HUAWEIBAH2-L09/295(OCEC636)),56cf73f6-294b-4dd4-a08c-4545c1eec996,False,False,SN,1631355741.387766
0,An error occurred while sending the request,Error,/BuildNotice/0,MobileSDK,HUAWEI BAH2-L09,OpenGLES2,1.0,1.11.0,False,Programmatic1,Programmatic,09/11/2021 10:22:01,6028e36ad1e80652e41054ca,609d69021c511f4b1d4df1c4,com.pregnantcatemma.virtualpet,1.0,iv,Android OS 8.0.0 / API-26 (HUAWEIBAH2-L09/295(OCEC636)),56cf73f6-294b-4dd4-a08c-4545c1eec996,False,False,SN,1631355741.571527
0,could not receive ip address from ipfy,Error,/BuildNotice/0,MobileSDK,vivo vivo 1811,OpenGLES2,1.0,1.10.2,False,Programmatic1,Programmatic,09/11/2021 10:22:20,611bdadcd4e35d332f3d5e66,611be843d5491c7d0a6ab0ce,com.thg.battleops.shooting.game,1.0,iv,Android OS 8.1.0 / API-27 (OPM1.171019.026/eng.compil.20200520.160752),07e14eca-f6d1-4636-bf0f-483bad60cf4e,True,False,IR,1631355741.607804
0,could not receive ip address from ipfy,Error,/BuildNotice/0,MobileSDK,HUAWEI STK-L21,OpenGLES2,1.0,1.10.2,False,LowRevenueCountryBlock,LowRevenueCountryBlock,09/11/2021 10:22:19,611bdadcd4e35d332f3d5e66,611be843d5491c7d0a6ab0ce,com.thg.battleops.shooting.game,1.0,iv,Android OS 10 / API-29 (HUAWEISTK-L21/10.0.0.274C185),99a8c3e5-f662-44bc-8e4e-e208d438a420,True,False,BD,1631355741.621218
0,could not receive ip address from ipfy,Error,/BuildNotice/0,MobileSDK,HUAWEI BAH2-L09,OpenGLES2,1.0,1.11.0,False,Programmatic1,Programmatic,09/11/2021 10:22:02,6028e36ad1e80652e41054ca,609d69021c511f4b1d4df1c4,com.pregnantcatemma.virtualpet,1.0,iv,Android OS 8.0.0 / API-26 (HUAWEIBAH2-L09/295(OCEC636)),56cf73f6-294b-4dd4-a08c-4545c1eec996,False,False,SN,1631355741.659333
0,An error occurred while sending the request,Error,/BuildNotice/0,MobileSDK,HUAWEI BAH2-L09,OpenGLES2,1.0,1.11.0,False,Programmatic1,Programmatic,09/11/2021 10:22:02,6028e36ad1e80652e41054ca,609d69021c511f4b1d4df1c4,com.pregnantcatemma.virtualpet,1.0,iv,Android OS 8.0.0 / API-26 (HUAWEIBAH2-L09/295(OCEC636)),56cf73f6-294b-4dd4-a08c-4545c1eec996,False,False,SN,1631355741.840801
0,could not receive ip address from ipfy,Error,/BuildNotice/0,MobileSDK,samsung SM-A022F,OpenGLES2,1.0,1.10.2,False,LowRevenueCountryBlock,LowRevenueCountryBlock,09/13/2021 10:26:06,611bdadcd4e35d332f3d5e66,611be843d5491c7d0a6ab0ce,com.thg.battleops.shooting.game,1.0,iv,Android OS 10 / API-29 (QP1A.190711.020/A022FXXU2AUF1),b382f22c-6d88-4ca8-8432-4b4fe229aaa8,True,False,IQ,1631528771.087997
0,An error occurred while sending the request,Error,/BuildNotice/0,MobileSDK,samsung SM-A022F,OpenGLES2,1.0,1.10.2,False,LowRevenueCountryBlock,LowRevenueCountryBlock,09/13/2021 10:26:07,611bdadcd4e35d332f3d5e66,611be843d5491c7d0a6ab0ce,com.thg.battleops.shooting.game,1.0,iv,Android OS 10 / API-29 (QP1A.190711.020/A022FXXU2AUF1),b382f22c-6d88-4ca8-8432-4b4fe229aaa8,True,False,IQ,1631528771.198872
0,could not receive ip address from ipfy,Error,/BuildNotice/0,MobileSDK,samsung SM-A022F,OpenGLES2,1.0,1.10.2,False,LowRevenueCountryBlock,LowRevenueCountryBlock,09/13/2021 10:26:07,611bdadcd4e35d332f3d5e66,611be843d5491c7d0a6ab0ce,com.thg.battleops.shooting.game,1.0,iv,Android OS 10 / API-29 (QP1A.190711.020/A022FXXU2AUF1),b382f22c-6d88-4ca8-8432-4b4fe229aaa8,True,False,IQ,1631528771.530697
0,An error occurred while sending the request,Error,/BuildNotice/0,MobileSDK,samsung SM-A022F,OpenGLES2,1.0,1.10.2,False,LowRevenueCountryBlock,LowRevenueCountryBlock,09/13/2021 10:26:07,611bdadcd4e35d332f3d5e66,611be843d5491c7d0a6ab0ce,com.thg.battleops.shooting.game,1.0,iv,Android OS 10 / API-29 (QP1A.190711.020/A022FXXU2AUF1),b382f22c-6d88-4ca8-8432-4b4fe229aaa8,True,False,IQ,1631528771.614434
0,could not receive ip address from ipfy,Error,/BuildNotice/0,MobileSDK,samsung SM-A022F,OpenGLES2,1.0,1.10.2,False,LowRevenueCountryBlock,LowRevenueCountryBlock,09/13/2021 10:26:07,611bdadcd4e35d332f3d5e66,611be843d5491c7d0a6ab0ce,com.thg.battleops.shooting.game,1.0,iv,Android OS 10 / API-29 (QP1A.190711.020/A022FXXU2AUF1),b382f22c-6d88-4ca8-8432-4b4fe229aaa8,True,False,IQ,1631528771.94863
0,could not receive ip address from ipfy,Error,/BuildNotice/0,MobileSDK,Xiaomi Redmi Note 4,OpenGLES2,1.0,1.11.0,False,Programmatic1,Programmatic,09/13/2021 10:26:11,6028e36ad1e80652e41054ca,609d69021c511f4b1d4df1c4,com.pregnantcatemma.virtualpet,1.0,iv,Android OS 7.0 / API-24 (NRD90M/V9.0.5.0.NCFMIEI),bd6bb140-65e5-4605-99e4-90e70223fe17,False,False,RU,1631528771.988288
0,An error occurred while sending the request,Error,/BuildNotice/0,MobileSDK,Xiaomi Redmi Note 4,OpenGLES2,1.0,1.11.0,False,Programmatic1,Programmatic,09/13/2021 10:26:11,6028e36ad1e80652e41054ca,609d69021c511f4b1d4df1c4,com.pregnantcatemma.virtualpet,1.0,iv,Android OS 7.0 / API-24 (NRD90M/V9.0.5.0.NCFMIEI),bd6bb140-65e5-4605-99e4-90e70223fe17,False,False,RU,1631528772.010071
0,An error occurred while sending the request,Error,/BuildNotice/0,MobileSDK,samsung SM-A022F,OpenGLES2,1.0,1.10.2,False,LowRevenueCountryBlock,LowRevenueCountryBlock,09/13/2021 10:26:07,611bdadcd4e35d332f3d5e66,611be843d5491c7d0a6ab0ce,com.thg.battleops.shooting.game,1.0,iv,Android OS 10 / API-29 (QP1A.190711.020/A022FXXU2AUF1),b382f22c-6d88-4ca8-8432-4b4fe229aaa8,True,False,IQ,1631528772.043646
0,could not receive ip address from ipfy,Error,/BuildNotice/0,MobileSDK,samsung SM-A022F,OpenGLES2,1.0,1.10.2,False,LowRevenueCountryBlock,LowRevenueCountryBlock,09/13/2021 10:26:08,611bdadcd4e35d332f3d5e66,611be843d5491c7d0a6ab0ce,com.thg.battleops.shooting.game,1.0,iv,Android OS 10 / API-29 (QP1A.190711.020/A022FXXU2AUF1),b382f22c-6d88-4ca8-8432-4b4fe229aaa8,True,False,IQ,1631528772.776005
0,could not receive ip address from ipfy,Error,/BuildNotice/0,MobileSDK,samsung SM-A022F,OpenGLES2,1.0,1.10.2,False,LowRevenueCountryBlock,LowRevenueCountryBlock,09/13/2021 10:26:09,611bdadcd4e35d332f3d5e66,611be843d5491c7d0a6ab0ce,com.thg.battleops.shooting.game,1.0,iv,Android OS 10 / API-29 (QP1A.190711.020/A022FXXU2AUF1),b382f22c-6d88-4ca8-8432-4b4fe229aaa8,True,False,IQ,1631528773.234515
0,could not receive ip address from ipfy,Error,/BuildNotice/0,MobileSDK,Xiaomi Redmi Note 4,OpenGLES2,1.0,1.11.0,False,Programmatic1,Programmatic,09/13/2021 10:26:13,6028e36ad1e80652e41054ca,609d69021c511f4b1d4df1c4,com.pregnantcatemma.virtualpet,1.0,iv,Android OS 7.0 / API-24 (NRD90M/V9.0.5.0.NCFMIEI),bd6bb140-65e5-4605-99e4-90e70223fe17,False,False,RU,1631528773.26474
0,An error occurred while sending the request,Error,/BuildNotice/0,MobileSDK,samsung SM-A022F,OpenGLES2,1.0,1.10.2,False,LowRevenueCountryBlock,LowRevenueCountryBlock,09/13/2021 10:26:08,611bdadcd4e35d332f3d5e66,611be843d5491c7d0a6ab0ce,com.thg.battleops.shooting.game,1.0,iv,Android OS 10 / API-29 (QP1A.190711.020/A022FXXU2AUF1),b382f22c-6d88-4ca8-8432-4b4fe229aaa8,True,False,IQ,1631528773.276281
0,An error occurred while sending the request,Error,/BuildNotice/0,MobileSDK,Xiaomi Redmi Note 4,OpenGLES2,1.0,1.11.0,False,Programmatic1,Programmatic,09/13/2021 10:26:13,6028e36ad1e80652e41054ca,609d69021c511f4b1d4df1c4,com.pregnantcatemma.virtualpet,1.0,iv,Android OS 7.0 / API-24 (NRD90M/V9.0.5.0.NCFMIEI),bd6bb140-65e5-4605-99e4-90e70223fe17,False,False,RU,1631528773.294739
0,An error occurred while sending the request,Error,/BuildNotice/0,MobileSDK,samsung SM-A022F,OpenGLES2,1.0,1.10.2,False,LowRevenueCountryBlock,LowRevenueCountryBlock,09/13/2021 10:26:09,611bdadcd4e35d332f3d5e66,611be843d5491c7d0a6ab0ce,com.thg.battleops.shooting.game,1.0,iv,Android OS 10 / API-29 (QP1A.190711.020/A022FXXU2AUF1),b382f22c-6d88-4ca8-8432-4b4fe229aaa8,True,False,IQ,1631528773.50005
0,could not receive ip address from ipfy,Error,/BuildNotice/0,MobileSDK,Xiaomi Redmi Note 4,OpenGLES2,1.0,1.11.0,False,Programmatic1,Programmatic,09/13/2021 10:26:13,6028e36ad1e80652e41054ca,609d69021c511f4b1d4df1c4,com.pregnantcatemma.virtualpet,1.0,iv,Android OS 7.0 / API-24 (NRD90M/V9.0.5.0.NCFMIEI),bd6bb140-65e5-4605-99e4-90e70223fe17,False,False,RU,1631528773.90763
0,An error occurred while sending the request,Error,/BuildNotice/0,MobileSDK,Xiaomi Redmi Note 4,OpenGLES2,1.0,1.11.0,False,Programmatic1,Programmatic,09/13/2021 10:26:13,6028e36ad1e80652e41054ca,609d69021c511f4b1d4df1c4,com.pregnantcatemma.virtualpet,1.0,iv,Android OS 7.0 / API-24 (NRD90M/V9.0.5.0.NCFMIEI),bd6bb140-65e5-4605-99e4-90e70223fe17,False,False,RU,1631528774.006327
0,could not receive ip address from ipfy,Error,/BuildNotice/0,MobileSDK,Xiaomi Redmi Note 4,OpenGLES2,1.0,1.11.0,False,Programmatic1,Programmatic,09/13/2021 10:26:15,6028e36ad1e80652e41054ca,609d69021c511f4b1d4df1c4,com.pregnantcatemma.virtualpet,1.0,iv,Android OS 7.0 / API-24 (NRD90M/V9.0.5.0.NCFMIEI),bd6bb140-65e5-4605-99e4-90e70223fe17,False,False,RU,1631528775.236105
0,An error occurred while sending the request,Error,/BuildNotice/0,MobileSDK,Xiaomi Redmi Note 4,OpenGLES2,1.0,1.11.0,False,Programmatic1,Programmatic,09/13/2021 10:26:15,6028e36ad1e80652e41054ca,609d69021c511f4b1d4df1c4,com.pregnantcatemma.virtualpet,1.0,iv,Android OS 7.0 / API-24 (NRD90M/V9.0.5.0.NCFMIEI),bd6bb140-65e5-4605-99e4-90e70223fe17,False,False,RU,1631528775.332309
0,could not receive ip address from ipfy,Error,/BuildNotice/0,MobileSDK,Xiaomi Redmi Note 4,OpenGLES2,1.0,1.11.0,False,Programmatic1,Programmatic,09/13/2021 10:26:15,6028e36ad1e80652e41054ca,609d69021c511f4b1d4df1c4,com.pregnantcatemma.virtualpet,1.0,iv,Android OS 7.0 / API-24 (NRD90M/V9.0.5.0.NCFMIEI),bd6bb140-65e5-4605-99e4-90e70223fe17,False,False,RU,1631528775.819798
0,An error occurred while sending the request,Error,/BuildNotice/0,MobileSDK,Xiaomi Redmi Note 4,OpenGLES2,1.0,1.11.0,False,Programmatic1,Programmatic,09/13/2021 10:26:15,6028e36ad1e80652e41054ca,609d69021c511f4b1d4df1c4,com.pregnantcatemma.virtualpet,1.0,iv,Android OS 7.0 / API-24 (NRD90M/V9.0.5.0.NCFMIEI),bd6bb140-65e5-4605-99e4-90e70223fe17,False,False,RU,1631528775.980695
0,could not receive ip address from ipfy,Error,/BuildNotice/0,MobileSDK,Xiaomi Redmi Note 4,OpenGLES2,1.0,1.11.0,False,Programmatic1,Programmatic,13-09-2021 10:26:15,6028e36ad1e80652e41054ca,6028e407a1ba2a0d3d760566,com.mytalkingcatemma.ballerinagames,1.0,en,Android OS 7.0 / API-24 (NRD90M/V9.0.5.0.NCFMIEI),23556013-87a9-46cf-beba-b7aca33597ab,False,False,AR,1631528776.164709
0,could not receive ip address from ipfy,Error,/BuildNotice/0,MobileSDK,Xiaomi Redmi Note 4,OpenGLES2,1.0,1.11.0,False,Programmatic1,Programmatic,09/13/2021 10:26:16,6028e36ad1e80652e41054ca,609d69021c511f4b1d4df1c4,com.pregnantcatemma.virtualpet,1.0,iv,Android OS 7.0 / API-24 (NRD90M/V9.0.5.0.NCFMIEI),bd6bb140-65e5-4605-99e4-90e70223fe17,False,False,RU,1631528776.458677
0,An error occurred while sending the request,Error,/BuildNotice/0,MobileSDK,Xiaomi Redmi Note 4,OpenGLES2,1.0,1.11.0,False,Programmatic1,Programmatic,09/13/2021 10:26:16,6028e36ad1e80652e41054ca,609d69021c511f4b1d4df1c4,com.pregnantcatemma.virtualpet,1.0,iv,Android OS 7.0 / API-24 (NRD90M/V9.0.5.0.NCFMIEI),bd6bb140-65e5-4605-99e4-90e70223fe17,False,False,RU,1631528776.489491
0,could not receive ip address from ipfy,Error,/BuildNotice/0,MobileSDK,LAVA Z90,OpenGLES2,1.0,1.11.0,False,Programmatic1,Programmatic,09/13/2021 10:26:38,6028e36ad1e80652e41054ca,609d69021c511f4b1d4df1c4,com.pregnantcatemma.virtualpet,1.0,iv,Android OS 7.0 / API-24 (NRD90M/1503052790),7c2fee0e-f9db-4912-a49a-0c47eacc5a6e,False,False,IR,1631528776.552998
0,An error occurred while sending the request,Error,/BuildNotice/0,MobileSDK,LAVA Z90,OpenGLES2,1.0,1.11.0,False,Programmatic1,Programmatic,09/13/2021 10:26:38,6028e36ad1e80652e41054ca,609d69021c511f4b1d4df1c4,com.pregnantcatemma.virtualpet,1.0,iv,Android OS 7.0 / API-24 (NRD90M/1503052790),7c2fee0e-f9db-4912-a49a-0c47eacc5a6e,False,False,IR,1631528776.569139
0,could not receive ip address from ipfy,Error,/BuildNotice/0,MobileSDK,samsung SM-A022F,OpenGLES2,1.0,1.10.2,False,LowRevenueCountryBlock,LowRevenueCountryBlock,09/13/2021 10:26:12,611bdadcd4e35d332f3d5e66,611be843d5491c7d0a6ab0ce,com.thg.battleops.shooting.game,1.0,iv,Android OS 10 / API-29 (QP1A.190711.020/A022FXXU2AUF1),b382f22c-6d88-4ca8-8432-4b4fe229aaa8,True,False,IQ,1631528777.023718
0,An error occurred while sending the request,Error,/BuildNotice/0,MobileSDK,samsung SM-A022F,OpenGLES2,1.0,1.10.2,False,LowRevenueCountryBlock,LowRevenueCountryBlock,09/13/2021 10:26:12,611bdadcd4e35d332f3d5e66,611be843d5491c7d0a6ab0ce,com.thg.battleops.shooting.game,1.0,iv,Android OS 10 / API-29 (QP1A.190711.020/A022FXXU2AUF1),b382f22c-6d88-4ca8-8432-4b4fe229aaa8,True,False,IQ,1631528777.118648
0,could not receive ip address from ipfy,Error,/BuildNotice/0,MobileSDK,Xiaomi Redmi Note 4,OpenGLES2,1.0,1.11.0,False,Programmatic1,Programmatic,09/13/2021 10:26:17,6028e36ad1e80652e41054ca,609d69021c511f4b1d4df1c4,com.pregnantcatemma.virtualpet,1.0,iv,Android OS 7.0 / API-24 (NRD90M/V9.0.5.0.NCFMIEI),bd6bb140-65e5-4605-99e4-90e70223fe17,False,False,RU,1631528777.369867
0,An error occurred while sending the request,Error,/BuildNotice/0,MobileSDK,Xiaomi Redmi Note 4,OpenGLES2,1.0,1.11.0,False,Programmatic1,Programmatic,09/13/2021 10:26:17,6028e36ad1e80652e41054ca,609d69021c511f4b1d4df1c4,com.pregnantcatemma.virtualpet,1.0,iv,Android OS 7.0 / API-24 (NRD90M/V9.0.5.0.NCFMIEI),bd6bb140-65e5-4605-99e4-90e70223fe17,False,False,RU,1631528777.392527
0,An error occurred while sending the request,Error,/BuildNotice/0,MobileSDK,samsung SM-A022F,OpenGLES2,1.0,1.10.2,False,LowRevenueCountryBlock,LowRevenueCountryBlock,09/13/2021 10:26:13,611bdadcd4e35d332f3d5e66,611be843d5491c7d0a6ab0ce,com.thg.battleops.shooting.game,1.0,iv,Android OS 10 / API-29 (QP1A.190711.020/A022FXXU2AUF1),b382f22c-6d88-4ca8-8432-4b4fe229aaa8,True,False,IQ,1631528777.543761
0,could not receive ip address from ipfy,Error,/BuildNotice/0,MobileSDK,samsung SM-A022F,OpenGLES2,1.0,1.10.2,False,LowRevenueCountryBlock,LowRevenueCountryBlock,09/13/2021 10:26:13,611bdadcd4e35d332f3d5e66,611be843d5491c7d0a6ab0ce,com.thg.battleops.shooting.game,1.0,iv,Android OS 10 / API-29 (QP1A.190711.020/A022FXXU2AUF1),b382f22c-6d88-4ca8-8432-4b4fe229aaa8,True,False,IQ,1631528777.819268
0,could not receive ip address from ipfy,Error,/BuildNotice/0,MobileSDK,Xiaomi Redmi Note 4,OpenGLES2,1.0,1.11.0,False,Programmatic1,Programmatic,09/13/2021 10:26:17,6028e36ad1e80652e41054ca,609d69021c511f4b1d4df1c4,com.pregnantcatemma.virtualpet,1.0,iv,Android OS 7.0 / API-24 (NRD90M/V9.0.5.0.NCFMIEI),bd6bb140-65e5-4605-99e4-90e70223fe17,False,False,RU,1631528777.903905
0,An error occurred while sending the request,Error,/BuildNotice/0,MobileSDK,Xiaomi Redmi Note 4,OpenGLES2,1.0,1.11.0,False,Programmatic1,Programmatic,09/13/2021 10:26:17,6028e36ad1e80652e41054ca,609d69021c511f4b1d4df1c4,com.pregnantcatemma.virtualpet,1.0,iv,Android OS 7.0 / API-24 (NRD90M/V9.0.5.0.NCFMIEI),bd6bb140-65e5-4605-99e4-90e70223fe17,False,False,RU,1631528777.926084
0,An error occurred while sending the request,Error,/BuildNotice/0,MobileSDK,samsung SM-A022F,OpenGLES2,1.0,1.10.2,False,LowRevenueCountryBlock,LowRevenueCountryBlock,09/13/2021 10:26:13,611bdadcd4e35d332f3d5e66,611be843d5491c7d0a6ab0ce,com.thg.battleops.shooting.game,1.0,iv,Android OS 10 / API-29 (QP1A.190711.020/A022FXXU2AUF1),b382f22c-6d88-4ca8-8432-4b4fe229aaa8,True,False,IQ,1631528778.123078
0,could not receive ip address from ipfy,Error,/BuildNotice/0,MobileSDK,samsung SM-A022F,OpenGLES2,1.0,1.10.2,False,LowRevenueCountryBlock,LowRevenueCountryBlock,09/13/2021 10:26:13,611bdadcd4e35d332f3d5e66,611be843d5491c7d0a6ab0ce,com.thg.battleops.shooting.game,1.0,iv,Android OS 10 / API-29 (QP1A.190711.020/A022FXXU2AUF1),b382f22c-6d88-4ca8-8432-4b4fe229aaa8,True,False,IQ,1631528778.418618
0,could not receive ip address from ipfy,Error,/BuildNotice/0,MobileSDK,Xiaomi Redmi Note 4,OpenGLES2,1.0,1.11.0,False,Programmatic1,Programmatic,09/13/2021 10:26:18,6028e36ad1e80652e41054ca,609d69021c511f4b1d4df1c4,com.pregnantcatemma.virtualpet,1.0,iv,Android OS 7.0 / API-24 (NRD90M/V9.0.5.0.NCFMIEI),bd6bb140-65e5-4605-99e4-90e70223fe17,False,False,RU,1631528778.588863
0,An error occurred while sending the request,Error,/BuildNotice/0,MobileSDK,Xiaomi Redmi Note 4,OpenGLES2,1.0,1.11.0,False,Programmatic1,Programmatic,09/13/2021 10:26:18,6028e36ad1e80652e41054ca,609d69021c511f4b1d4df1c4,com.pregnantcatemma.virtualpet,1.0,iv,Android OS 7.0 / API-24 (NRD90M/V9.0.5.0.NCFMIEI),bd6bb140-65e5-4605-99e4-90e70223fe17,False,False,RU,1631528778.609841
0,could not receive ip address from ipfy,Error,/BuildNotice/0,MobileSDK,samsung SM-A107F,OpenGLES2,1.0,1.10.2,False,Programmatic1,Programmatic,09/13/2021 10:26:11,611bdadcd4e35d332f3d5e66,611be843d5491c7d0a6ab0ce,com.thg.battleops.shooting.game,1.0,iv,Android OS 9 / API-28 (PPR1.180610.011/A107FXXU5ATA9),d028b585-7d4e-4666-b899-f441276d23a1,True,False,ID,1631528778.847169
0,could not receive ip address from ipfy,Error,/BuildNotice/0,MobileSDK,samsung SM-A022F,OpenGLES2,1.0,1.10.2,False,LowRevenueCountryBlock,LowRevenueCountryBlock,09/13/2021 10:26:14,611bdadcd4e35d332f3d5e66,611be843d5491c7d0a6ab0ce,com.thg.battleops.shooting.game,1.0,iv,Android OS 10 / API-29 (QP1A.190711.020/A022FXXU2AUF1),b382f22c-6d88-4ca8-8432-4b4fe229aaa8,True,False,IQ,1631528778.885405
0,An error occurred while sending the request,Error,/BuildNotice/0,MobileSDK,samsung SM-A022F,OpenGLES2,1.0,1.10.2,False,LowRevenueCountryBlock,LowRevenueCountryBlock,09/13/2021 10:26:14,611bdadcd4e35d332f3d5e66,611be843d5491c7d0a6ab0ce,com.thg.battleops.shooting.game,1.0,iv,Android OS 10 / API-29 (QP1A.190711.020/A022FXXU2AUF1),b382f22c-6d88-4ca8-8432-4b4fe229aaa8,True,False,IQ,1631528779.056782
0,could not receive ip address from ipfy,Error,/BuildNotice/0,MobileSDK,samsung SM-A022F,OpenGLES2,1.0,1.10.2,False,LowRevenueCountryBlock,LowRevenueCountryBlock,09/13/2021 10:26:14,611bdadcd4e35d332f3d5e66,611be843d5491c7d0a6ab0ce,com.thg.battleops.shooting.game,1.0,iv,Android OS 10 / API-29 (QP1A.190711.020/A022FXXU2AUF1),b382f22c-6d88-4ca8-8432-4b4fe229aaa8,True,False,IQ,1631528779.149672
0,An error occurred while sending the request,Error,/BuildNotice/0,MobileSDK,samsung SM-A022F,OpenGLES2,1.0,1.10.2,False,LowRevenueCountryBlock,LowRevenueCountryBlock,09/13/2021 10:26:14,611bdadcd4e35d332f3d5e66,611be843d5491c7d0a6ab0ce,com.thg.battleops.shooting.game,1.0,iv,Android OS 10 / API-29 (QP1A.190711.020/A022FXXU2AUF1),b382f22c-6d88-4ca8-8432-4b4fe229aaa8,True,False,IQ,1631528779.335033
0,An error occurred while sending the request,Error,/BuildNotice/0,MobileSDK,samsung SM-A107F,OpenGLES2,1.0,1.10.2,False,Programmatic1,Programmatic,09/13/2021 10:26:11,611bdadcd4e35d332f3d5e66,611be843d5491c7d0a6ab0ce,com.thg.battleops.shooting.game,1.0,iv,Android OS 9 / API-28 (PPR1.180610.011/A107FXXU5ATA9),d028b585-7d4e-4666-b899-f441276d23a1,True,False,ID,1631528779.401062
0,could not receive ip address from ipfy,Error,/BuildNotice/0,MobileSDK,samsung SM-A022F,OpenGLES2,1.0,1.10.2,False,LowRevenueCountryBlock,LowRevenueCountryBlock,09/13/2021 10:26:15,611bdadcd4e35d332f3d5e66,611be843d5491c7d0a6ab0ce,com.thg.battleops.shooting.game,1.0,iv,Android OS 10 / API-29 (QP1A.190711.020/A022FXXU2AUF1),b382f22c-6d88-4ca8-8432-4b4fe229aaa8,True,False,IQ,1631528779.566964
0,could not receive ip address from ipfy,Error,/BuildNotice/0,MobileSDK,Xiaomi Redmi Note 4,OpenGLES2,1.0,1.11.0,False,Programmatic1,Programmatic,09/13/2021 10:26:19,6028e36ad1e80652e41054ca,609d69021c511f4b1d4df1c4,com.pregnantcatemma.virtualpet,1.0,iv,Android OS 7.0 / API-24 (NRD90M/V9.0.5.0.NCFMIEI),bd6bb140-65e5-4605-99e4-90e70223fe17,False,False,RU,1631528779.666087
0,An error occurred while sending the request,Error,/BuildNotice/0,MobileSDK,Xiaomi Redmi Note 4,OpenGLES2,1.0,1.11.0,False,Programmatic1,Programmatic,09/13/2021 10:26:19,6028e36ad1e80652e41054ca,609d69021c511f4b1d4df1c4,com.pregnantcatemma.virtualpet,1.0,iv,Android OS 7.0 / API-24 (NRD90M/V9.0.5.0.NCFMIEI),bd6bb140-65e5-4605-99e4-90e70223fe17,False,False,RU,1631528779.762673
0,An error occurred while sending the request,Error,/BuildNotice/0,MobileSDK,samsung SM-A022F,OpenGLES2,1.0,1.10.2,False,LowRevenueCountryBlock,LowRevenueCountryBlock,09/13/2021 10:26:15,611bdadcd4e35d332f3d5e66,611be843d5491c7d0a6ab0ce,com.thg.battleops.shooting.game,1.0,iv,Android OS 10 / API-29 (QP1A.190711.020/A022FXXU2AUF1),b382f22c-6d88-4ca8-8432-4b4fe229aaa8,True,False,IQ,1631528780.069428
0,An error occurred while sending the request,Error,/BuildNotice/0,MobileSDK,samsung SM-A022F,OpenGLES2,1.0,1.10.2,False,LowRevenueCountryBlock,LowRevenueCountryBlock,09/13/2021 10:26:15,611bdadcd4e35d332f3d5e66,611be843d5491c7d0a6ab0ce,com.thg.battleops.shooting.game,1.0,iv,Android OS 10 / API-29 (QP1A.190711.020/A022FXXU2AUF1),b382f22c-6d88-4ca8-8432-4b4fe229aaa8,True,False,IQ,1631528780.31292
0,could not receive ip address from ipfy,Error,/BuildNotice/0,MobileSDK,Xiaomi Redmi Note 4,OpenGLES2,1.0,1.11.0,False,Programmatic1,Programmatic,09/13/2021 10:26:20,6028e36ad1e80652e41054ca,609d69021c511f4b1d4df1c4,com.pregnantcatemma.virtualpet,1.0,iv,Android OS 7.0 / API-24 (NRD90M/V9.0.5.0.NCFMIEI),bd6bb140-65e5-4605-99e4-90e70223fe17,False,False,RU,1631528780.405315
0,An error occurred while sending the request,Error,/BuildNotice/0,MobileSDK,Xiaomi Redmi Note 4,OpenGLES2,1.0,1.11.0,False,Programmatic1,Programmatic,09/13/2021 10:26:20,6028e36ad1e80652e41054ca,609d69021c511f4b1d4df1c4,com.pregnantcatemma.virtualpet,1.0,iv,Android OS 7.0 / API-24 (NRD90M/V9.0.5.0.NCFMIEI),bd6bb140-65e5-4605-99e4-90e70223fe17,False,False,RU,1631528780.427031
0,could not receive ip address from ipfy,Error,/BuildNotice/0,MobileSDK,samsung SM-A022F,OpenGLES2,1.0,1.10.2,False,LowRevenueCountryBlock,LowRevenueCountryBlock,09/13/2021 10:26:15,611bdadcd4e35d332f3d5e66,611be843d5491c7d0a6ab0ce,com.thg.battleops.shooting.game,1.0,iv,Android OS 10 / API-29 (QP1A.190711.020/A022FXXU2AUF1),b382f22c-6d88-4ca8-8432-4b4fe229aaa8,True,False,IQ,1631528780.454913
0,could not receive ip address from ipfy,Error,/BuildNotice/0,MobileSDK,samsung SM-A022F,OpenGLES2,1.0,1.10.2,False,LowRevenueCountryBlock,LowRevenueCountryBlock,09/13/2021 10:26:16,611bdadcd4e35d332f3d5e66,611be843d5491c7d0a6ab0ce,com.thg.battleops.shooting.game,1.0,iv,Android OS 10 / API-29 (QP1A.190711.020/A022FXXU2AUF1),b382f22c-6d88-4ca8-8432-4b4fe229aaa8,True,False,IQ,1631528780.700447
0,An error occurred while sending the request,Error,/BuildNotice/0,MobileSDK,samsung SM-A022F,OpenGLES2,1.0,1.10.2,False,LowRevenueCountryBlock,LowRevenueCountryBlock,09/13/2021 10:26:16,611bdadcd4e35d332f3d5e66,611be843d5491c7d0a6ab0ce,com.thg.battleops.shooting.game,1.0,iv,Android OS 10 / API-29 (QP1A.190711.020/A022FXXU2AUF1),b382f22c-6d88-4ca8-8432-4b4fe229aaa8,True,False,IQ,1631528781.128406
0,could not receive ip address from ipfy,Error,/BuildNotice/0,MobileSDK,samsung SM-A022F,OpenGLES2,1.0,1.10.2,False,LowRevenueCountryBlock,LowRevenueCountryBlock,09/13/2021 10:26:17,611bdadcd4e35d332f3d5e66,611be843d5491c7d0a6ab0ce,com.thg.battleops.shooting.game,1.0,iv,Android OS 10 / API-29 (QP1A.190711.020/A022FXXU2AUF1),b382f22c-6d88-4ca8-8432-4b4fe229aaa8,True,False,IQ,1631528781.730342
0,An error occurred while sending the request,Error,/BuildNotice/0,MobileSDK,samsung SM-A022F,OpenGLES2,1.0,1.10.2,False,LowRevenueCountryBlock,LowRevenueCountryBlock,09/13/2021 10:26:17,611bdadcd4e35d332f3d5e66,611be843d5491c7d0a6ab0ce,com.thg.battleops.shooting.game,1.0,iv,Android OS 10 / API-29 (QP1A.190711.020/A022FXXU2AUF1),b382f22c-6d88-4ca8-8432-4b4fe229aaa8,True,False,IQ,1631528781.877385
0,could not receive ip address from ipfy,Error,/BuildNotice/0,MobileSDK,Xiaomi Redmi Note 4,OpenGLES2,1.0,1.11.0,False,Programmatic1,Programmatic,09/13/2021 10:26:21,6028e36ad1e80652e41054ca,609d69021c511f4b1d4df1c4,com.pregnantcatemma.virtualpet,1.0,iv,Android OS 7.0 / API-24 (NRD90M/V9.0.5.0.NCFMIEI),bd6bb140-65e5-4605-99e4-90e70223fe17,False,False,RU,1631528782.017816
0,An error occurred while sending the request,Error,/BuildNotice/0,MobileSDK,Xiaomi Redmi Note 4,OpenGLES2,1.0,1.11.0,False,Programmatic1,Programmatic,09/13/2021 10:26:21,6028e36ad1e80652e41054ca,609d69021c511f4b1d4df1c4,com.pregnantcatemma.virtualpet,1.0,iv,Android OS 7.0 / API-24 (NRD90M/V9.0.5.0.NCFMIEI),bd6bb140-65e5-4605-99e4-90e70223fe17,False,False,RU,1631528782.040096
0,could not receive ip address from ipfy,Error,/BuildNotice/0,MobileSDK,samsung SM-A022F,OpenGLES2,1.0,1.10.2,False,LowRevenueCountryBlock,LowRevenueCountryBlock,09/13/2021 10:26:18,611bdadcd4e35d332f3d5e66,611be843d5491c7d0a6ab0ce,com.thg.battleops.shooting.game,1.0,iv,Android OS 10 / API-29 (QP1A.190711.020/A022FXXU2AUF1),b382f22c-6d88-4ca8-8432-4b4fe229aaa8,True,False,IQ,1631528782.672881
0,could not receive ip address from ipfy,Error,/BuildNotice/0,MobileSDK,Xiaomi Redmi Note 4,OpenGLES2,1.0,1.11.0,False,Programmatic1,Programmatic,09/13/2021 10:26:22,6028e36ad1e80652e41054ca,609d69021c511f4b1d4df1c4,com.pregnantcatemma.virtualpet,1.0,iv,Android OS 7.0 / API-24 (NRD90M/V9.0.5.0.NCFMIEI),bd6bb140-65e5-4605-99e4-90e70223fe17,False,False,RU,1631528782.746592
0,An error occurred while sending the request,Error,/BuildNotice/0,MobileSDK,samsung SM-A022F,OpenGLES2,1.0,1.10.2,False,LowRevenueCountryBlock,LowRevenueCountryBlock,09/13/2021 10:26:18,611bdadcd4e35d332f3d5e66,611be843d5491c7d0a6ab0ce,com.thg.battleops.shooting.game,1.0,iv,Android OS 10 / API-29 (QP1A.190711.020/A022FXXU2AUF1),b382f22c-6d88-4ca8-8432-4b4fe229aaa8,True,False,IQ,1631528782.764073
0,An error occurred while sending the request,Error,/BuildNotice/0,MobileSDK,Xiaomi Redmi Note 4,OpenGLES2,1.0,1.11.0,False,Programmatic1,Programmatic,09/13/2021 10:26:22,6028e36ad1e80652e41054ca,609d69021c511f4b1d4df1c4,com.pregnantcatemma.virtualpet,1.0,iv,Android OS 7.0 / API-24 (NRD90M/V9.0.5.0.NCFMIEI),bd6bb140-65e5-4605-99e4-90e70223fe17,False,False,RU,1631528782.761649
0,could not receive ip address from ipfy,Error,/BuildNotice/0,MobileSDK,samsung SM-A022F,OpenGLES2,1.0,1.10.2,False,LowRevenueCountryBlock,LowRevenueCountryBlock,09/13/2021 10:26:18,611bdadcd4e35d332f3d5e66,611be843d5491c7d0a6ab0ce,com.thg.battleops.shooting.game,1.0,iv,Android OS 10 / API-29 (QP1A.190711.020/A022FXXU2AUF1),b382f22c-6d88-4ca8-8432-4b4fe229aaa8,True,False,IQ,1631528782.921511
0,An error occurred while sending the request,Error,/BuildNotice/0,MobileSDK,samsung SM-A022F,OpenGLES2,1.0,1.10.2,False,LowRevenueCountryBlock,LowRevenueCountryBlock,09/13/2021 10:26:18,611bdadcd4e35d332f3d5e66,611be843d5491c7d0a6ab0ce,com.thg.battleops.shooting.game,1.0,iv,Android OS 10 / API-29 (QP1A.190711.020/A022FXXU2AUF1),b382f22c-6d88-4ca8-8432-4b4fe229aaa8,True,False,IQ,1631528783.012544
0,could not receive ip address from ipfy,Error,/BuildNotice/0,MobileSDK,LAVA Z90,OpenGLES2,1.0,1.11.0,False,Programmatic1,Programmatic,09/13/2021 10:26:45,6028e36ad1e80652e41054ca,609d69021c511f4b1d4df1c4,com.pregnantcatemma.virtualpet,1.0,iv,Android OS 7.0 / API-24 (NRD90M/1503052790),7c2fee0e-f9db-4912-a49a-0c47eacc5a6e,False,False,IR,1631528783.048514
0,An error occurred while sending the request,Error,/BuildNotice/0,MobileSDK,LAVA Z90,OpenGLES2,1.0,1.11.0,False,Programmatic1,Programmatic,09/13/2021 10:26:45,6028e36ad1e80652e41054ca,609d69021c511f4b1d4df1c4,com.pregnantcatemma.virtualpet,1.0,iv,Android OS 7.0 / API-24 (NRD90M/1503052790),7c2fee0e-f9db-4912-a49a-0c47eacc5a6e,False,False,IR,1631528783.076914
0,could not receive ip address from ipfy,Error,/BuildNotice/0,MobileSDK,samsung SM-A022F,OpenGLES2,1.0,1.10.2,False,LowRevenueCountryBlock,LowRevenueCountryBlock,09/13/2021 10:26:18,611bdadcd4e35d332f3d5e66,611be843d5491c7d0a6ab0ce,com.thg.battleops.shooting.game,1.0,iv,Android OS 10 / API-29 (QP1A.190711.020/A022FXXU2AUF1),b382f22c-6d88-4ca8-8432-4b4fe229aaa8,True,False,IQ,1631528783.178462
0,An error occurred while sending the request,Error,/BuildNotice/0,MobileSDK,samsung SM-A022F,OpenGLES2,1.0,1.10.2,False,LowRevenueCountryBlock,LowRevenueCountryBlock,09/13/2021 10:26:19,611bdadcd4e35d332f3d5e66,611be843d5491c7d0a6ab0ce,com.thg.battleops.shooting.game,1.0,iv,Android OS 10 / API-29 (QP1A.190711.020/A022FXXU2AUF1),b382f22c-6d88-4ca8-8432-4b4fe229aaa8,True,False,IQ,1631528783.278114
0,could not receive ip address from ipfy,Error,/BuildNotice/0,MobileSDK,Xiaomi Redmi Note 4,OpenGLES2,1.0,1.11.0,False,Programmatic1,Programmatic,09/13/2021 10:26:23,6028e36ad1e80652e41054ca,609d69021c511f4b1d4df1c4,com.pregnantcatemma.virtualpet,1.0,iv,Android OS 7.0 / API-24 (NRD90M/V9.0.5.0.NCFMIEI),bd6bb140-65e5-4605-99e4-90e70223fe17,False,False,RU,1631528783.521563
0,could not receive ip address from ipfy,Error,/BuildNotice/0,MobileSDK,samsung SM-A022F,OpenGLES2,1.0,1.10.2,False,LowRevenueCountryBlock,LowRevenueCountryBlock,09/13/2021 10:26:19,611bdadcd4e35d332f3d5e66,611be843d5491c7d0a6ab0ce,com.thg.battleops.shooting.game,1.0,iv,Android OS 10 / API-29 (QP1A.190711.020/A022FXXU2AUF1),b382f22c-6d88-4ca8-8432-4b4fe229aaa8,True,False,IQ,1631528783.676694
0,An error occurred while sending the request,Error,/BuildNotice/0,MobileSDK,samsung SM-A022F,OpenGLES2,1.0,1.10.2,False,LowRevenueCountryBlock,LowRevenueCountryBlock,09/13/2021 10:26:19,611bdadcd4e35d332f3d5e66,611be843d5491c7d0a6ab0ce,com.thg.battleops.shooting.game,1.0,iv,Android OS 10 / API-29 (QP1A.190711.020/A022FXXU2AUF1),b382f22c-6d88-4ca8-8432-4b4fe229aaa8,True,False,IQ,1631528783.757632
0,An error occurred while sending the request,Error,/BuildNotice/0,MobileSDK,Xiaomi Redmi Note 4,OpenGLES2,1.0,1.11.0,False,Programmatic1,Programmatic,09/13/2021 10:26:23,6028e36ad1e80652e41054ca,609d69021c511f4b1d4df1c4,com.pregnantcatemma.virtualpet,1.0,iv,Android OS 7.0 / API-24 (NRD90M/V9.0.5.0.NCFMIEI),bd6bb140-65e5-4605-99e4-90e70223fe17,False,False,RU,1631528783.778799
0,could not receive ip address from ipfy,Error,/BuildNotice/0,MobileSDK,samsung SM-A022F,OpenGLES2,1.0,1.10.2,False,LowRevenueCountryBlock,LowRevenueCountryBlock,09/13/2021 10:26:19,611bdadcd4e35d332f3d5e66,611be843d5491c7d0a6ab0ce,com.thg.battleops.shooting.game,1.0,iv,Android OS 10 / API-29 (QP1A.190711.020/A022FXXU2AUF1),b382f22c-6d88-4ca8-8432-4b4fe229aaa8,True,False,IQ,1631528784.094429
0,could not receive ip address from ipfy,Error,/BuildNotice/0,MobileSDK,samsung SM-A022F,OpenGLES2,1.0,1.10.2,False,LowRevenueCountryBlock,LowRevenueCountryBlock,09/13/2021 10:26:20,611bdadcd4e35d332f3d5e66,611be843d5491c7d0a6ab0ce,com.thg.battleops.shooting.game,1.0,iv,Android OS 10 / API-29 (QP1A.190711.020/A022FXXU2AUF1),b382f22c-6d88-4ca8-8432-4b4fe229aaa8,True,False,IQ,1631528784.537358
0,An error occurred while sending the request,Error,/BuildNotice/0,MobileSDK,samsung SM-A022F,OpenGLES2,1.0,1.10.2,False,LowRevenueCountryBlock,LowRevenueCountryBlock,09/13/2021 10:26:20,611bdadcd4e35d332f3d5e66,611be843d5491c7d0a6ab0ce,com.thg.battleops.shooting.game,1.0,iv,Android OS 10 / API-29 (QP1A.190711.020/A022FXXU2AUF1),b382f22c-6d88-4ca8-8432-4b4fe229aaa8,True,False,IQ,1631528784.566704
0,could not receive ip address from ipfy,Error,/BuildNotice/0,MobileSDK,LAVA Z90,OpenGLES2,1.0,1.11.0,False,Programmatic1,Programmatic,09/13/2021 10:26:46,6028e36ad1e80652e41054ca,609d69021c511f4b1d4df1c4,com.pregnantcatemma.virtualpet,1.0,iv,Android OS 7.0 / API-24 (NRD90M/1503052790),7c2fee0e-f9db-4912-a49a-0c47eacc5a6e,False,False,IR,1631528784.657659
0,An error occurred while sending the request,Error,/BuildNotice/0,MobileSDK,LAVA Z90,OpenGLES2,1.0,1.11.0,False,Programmatic1,Programmatic,09/13/2021 10:26:46,6028e36ad1e80652e41054ca,609d69021c511f4b1d4df1c4,com.pregnantcatemma.virtualpet,1.0,iv,Android OS 7.0 / API-24 (NRD90M/1503052790),7c2fee0e-f9db-4912-a49a-0c47eacc5a6e,False,False,IR,1631528784.682037
0,could not receive ip address from ipfy,Error,/BuildNotice/0,MobileSDK,Xiaomi Redmi Note 4,OpenGLES2,1.0,1.11.0,False,Programmatic1,Programmatic,09/13/2021 10:26:24,6028e36ad1e80652e41054ca,609d69021c511f4b1d4df1c4,com.pregnantcatemma.virtualpet,1.0,iv,Android OS 7.0 / API-24 (NRD90M/V9.0.5.0.NCFMIEI),bd6bb140-65e5-4605-99e4-90e70223fe17,False,False,RU,1631528784.933318
0,An error occurred while sending the request,Error,/BuildNotice/0,MobileSDK,Xiaomi Redmi Note 4,OpenGLES2,1.0,1.11.0,False,Programmatic1,Programmatic,09/13/2021 10:26:24,6028e36ad1e80652e41054ca,609d69021c511f4b1d4df1c4,com.pregnantcatemma.virtualpet,1.0,iv,Android OS 7.0 / API-24 (NRD90M/V9.0.5.0.NCFMIEI),bd6bb140-65e5-4605-99e4-90e70223fe17,False,False,RU,1631528784.95493
0,An error occurred while sending the request,Error,/BuildNotice/0,MobileSDK,samsung SM-A022F,OpenGLES2,1.0,1.10.2,False,LowRevenueCountryBlock,LowRevenueCountryBlock,09/13/2021 10:26:20,611bdadcd4e35d332f3d5e66,611be843d5491c7d0a6ab0ce,com.thg.battleops.shooting.game,1.0,iv,Android OS 10 / API-29 (QP1A.190711.020/A022FXXU2AUF1),b382f22c-6d88-4ca8-8432-4b4fe229aaa8,True,False,IQ,1631528785.193587
0,could not receive ip address from ipfy,Error,/BuildNotice/0,MobileSDK,samsung SM-A022F,OpenGLES2,1.0,1.10.2,False,LowRevenueCountryBlock,LowRevenueCountryBlock,09/13/2021 10:26:20,611bdadcd4e35d332f3d5e66,611be843d5491c7d0a6ab0ce,com.thg.battleops.shooting.game,1.0,iv,Android OS 10 / API-29 (QP1A.190711.020/A022FXXU2AUF1),b382f22c-6d88-4ca8-8432-4b4fe229aaa8,True,False,IQ,1631528785.398351
0,An error occurred while sending the request,Error,/BuildNotice/0,MobileSDK,samsung SM-A022F,OpenGLES2,1.0,1.10.2,False,LowRevenueCountryBlock,LowRevenueCountryBlock,09/13/2021 10:26:20,611bdadcd4e35d332f3d5e66,611be843d5491c7d0a6ab0ce,com.thg.battleops.shooting.game,1.0,iv,Android OS 10 / API-29 (QP1A.190711.020/A022FXXU2AUF1),b382f22c-6d88-4ca8-8432-4b4fe229aaa8,True,False,IQ,1631528785.457881
0,could not receive ip address from ipfy,Error,/BuildNotice/0,MobileSDK,samsung SM-A022F,OpenGLES2,1.0,1.10.2,False,LowRevenueCountryBlock,LowRevenueCountryBlock,09/13/2021 10:26:21,611bdadcd4e35d332f3d5e66,611be843d5491c7d0a6ab0ce,com.thg.battleops.shooting.game,1.0,iv,Android OS 10 / API-29 (QP1A.190711.020/A022FXXU2AUF1),b382f22c-6d88-4ca8-8432-4b4fe229aaa8,True,False,IQ,1631528785.654371
0,An error occurred while sending the request,Error,/BuildNotice/0,MobileSDK,samsung SM-A022F,OpenGLES2,1.0,1.10.2,False,LowRevenueCountryBlock,LowRevenueCountryBlock,09/13/2021 10:26:21,611bdadcd4e35d332f3d5e66,611be843d5491c7d0a6ab0ce,com.thg.battleops.shooting.game,1.0,iv,Android OS 10 / API-29 (QP1A.190711.020/A022FXXU2AUF1),b382f22c-6d88-4ca8-8432-4b4fe229aaa8,True,False,IQ,1631528785.712495
0,could not receive ip address from ipfy,Error,/BuildNotice/0,MobileSDK,samsung SM-A022F,OpenGLES2,1.0,1.10.2,False,LowRevenueCountryBlock,LowRevenueCountryBlock,09/13/2021 10:26:21,611bdadcd4e35d332f3d5e66,611be843d5491c7d0a6ab0ce,com.thg.battleops.shooting.game,1.0,iv,Android OS 10 / API-29 (QP1A.190711.020/A022FXXU2AUF1),b382f22c-6d88-4ca8-8432-4b4fe229aaa8,True,False,IQ,1631528785.977451
0,could not receive ip address from ipfy,Error,/BuildNotice/0,MobileSDK,Xiaomi Redmi Note 4,OpenGLES2,1.0,1.11.0,False,Programmatic1,Programmatic,09/13/2021 10:26:26,6028e36ad1e80652e41054ca,609d69021c511f4b1d4df1c4,com.pregnantcatemma.virtualpet,1.0,iv,Android OS 7.0 / API-24 (NRD90M/V9.0.5.0.NCFMIEI),bd6bb140-65e5-4605-99e4-90e70223fe17,False,False,RU,1631528786.354744
0,An error occurred while sending the request,Error,/BuildNotice/0,MobileSDK,samsung SM-A022F,OpenGLES2,1.0,1.10.2,False,LowRevenueCountryBlock,LowRevenueCountryBlock,09/13/2021 10:26:21,611bdadcd4e35d332f3d5e66,611be843d5491c7d0a6ab0ce,com.thg.battleops.shooting.game,1.0,iv,Android OS 10 / API-29 (QP1A.190711.020/A022FXXU2AUF1),b382f22c-6d88-4ca8-8432-4b4fe229aaa8,True,False,IQ,1631528786.457639
0,An error occurred while sending the request,Error,/BuildNotice/0,MobileSDK,Xiaomi Redmi Note 4,OpenGLES2,1.0,1.11.0,False,Programmatic1,Programmatic,09/13/2021 10:26:26,6028e36ad1e80652e41054ca,609d69021c511f4b1d4df1c4,com.pregnantcatemma.virtualpet,1.0,iv,Android OS 7.0 / API-24 (NRD90M/V9.0.5.0.NCFMIEI),bd6bb140-65e5-4605-99e4-90e70223fe17,False,False,RU,1631528786.467108
0,could not receive ip address from ipfy,Error,/BuildNotice/0,MobileSDK,samsung SM-A022F,OpenGLES2,1.0,1.10.2,False,LowRevenueCountryBlock,LowRevenueCountryBlock,09/13/2021 10:26:22,611bdadcd4e35d332f3d5e66,611be843d5491c7d0a6ab0ce,com.thg.battleops.shooting.game,1.0,iv,Android OS 10 / API-29 (QP1A.190711.020/A022FXXU2AUF1),b382f22c-6d88-4ca8-8432-4b4fe229aaa8,True,False,IQ,1631528786.45716
0,An error occurred while sending the request,Error,/BuildNotice/0,MobileSDK,samsung SM-A022F,OpenGLES2,1.0,1.10.2,False,LowRevenueCountryBlock,LowRevenueCountryBlock,09/13/2021 10:26:22,611bdadcd4e35d332f3d5e66,611be843d5491c7d0a6ab0ce,com.thg.battleops.shooting.game,1.0,iv,Android OS 10 / API-29 (QP1A.190711.020/A022FXXU2AUF1),b382f22c-6d88-4ca8-8432-4b4fe229aaa8,True,False,IQ,1631528786.738152
0,could not receive ip address from ipfy,Error,/BuildNotice/0,MobileSDK,samsung SM-A022F,OpenGLES2,1.0,1.10.2,False,LowRevenueCountryBlock,LowRevenueCountryBlock,09/13/2021 10:26:22,611bdadcd4e35d332f3d5e66,611be843d5491c7d0a6ab0ce,com.thg.battleops.shooting.game,1.0,iv,Android OS 10 / API-29 (QP1A.190711.020/A022FXXU2AUF1),b382f22c-6d88-4ca8-8432-4b4fe229aaa8,True,False,IQ,1631528786.874298
0,could not receive ip address from ipfy,Error,/BuildNotice/0,MobileSDK,Xiaomi Redmi Note 4,OpenGLES2,1.0,1.11.0,False,Programmatic1,Programmatic,09/13/2021 10:26:26,6028e36ad1e80652e41054ca,609d69021c511f4b1d4df1c4,com.pregnantcatemma.virtualpet,1.0,iv,Android OS 7.0 / API-24 (NRD90M/V9.0.5.0.NCFMIEI),bd6bb140-65e5-4605-99e4-90e70223fe17,False,False,RU,1631528787.052157
0,An error occurred while sending the request,Error,/BuildNotice/0,MobileSDK,samsung SM-A022F,OpenGLES2,1.0,1.10.2,False,LowRevenueCountryBlock,LowRevenueCountryBlock,09/13/2021 10:26:22,611bdadcd4e35d332f3d5e66,611be843d5491c7d0a6ab0ce,com.thg.battleops.shooting.game,1.0,iv,Android OS 10 / API-29 (QP1A.190711.020/A022FXXU2AUF1),b382f22c-6d88-4ca8-8432-4b4fe229aaa8,True,False,IQ,1631528787.178942
0,An error occurred while sending the request,Error,/BuildNotice/0,MobileSDK,Xiaomi Redmi Note 4,OpenGLES2,1.0,1.11.0,False,Programmatic1,Programmatic,09/13/2021 10:26:26,6028e36ad1e80652e41054ca,609d69021c511f4b1d4df1c4,com.pregnantcatemma.virtualpet,1.0,iv,Android OS 7.0 / API-24 (NRD90M/V9.0.5.0.NCFMIEI),bd6bb140-65e5-4605-99e4-90e70223fe17,False,False,RU,1631528787.188102
0,An error occurred while sending the request,Error,/BuildNotice/0,MobileSDK,motorola motorola one,OpenGLES2,1.0,1.11.0,False,Programmatic1,Programmatic,09/13/2021 10:26:22,6028e36ad1e80652e41054ca,609d69021c511f4b1d4df1c4,com.pregnantcatemma.virtualpet,1.0,iv,Android OS 10 / API-29 (QPKS30.54-22-24/f84427),27866e40-f8cd-4d90-b06e-3747a83b5df3,False,False,BY,1631528787.370361
0,could not receive ip address from ipfy,Error,/BuildNotice/0,MobileSDK,motorola motorola one,OpenGLES2,1.0,1.11.0,False,Programmatic1,Programmatic,09/13/2021 10:26:22,6028e36ad1e80652e41054ca,609d69021c511f4b1d4df1c4,com.pregnantcatemma.virtualpet,1.0,iv,Android OS 10 / API-29 (QPKS30.54-22-24/f84427),27866e40-f8cd-4d90-b06e-3747a83b5df3,False,False,BY,1631528787.384721
0,could not receive ip address from ipfy,Error,/BuildNotice/0,MobileSDK,samsung SM-A022F,OpenGLES2,1.0,1.10.2,False,LowRevenueCountryBlock,LowRevenueCountryBlock,09/13/2021 10:26:23,611bdadcd4e35d332f3d5e66,611be843d5491c7d0a6ab0ce,com.thg.battleops.shooting.game,1.0,iv,Android OS 10 / API-29 (QP1A.190711.020/A022FXXU2AUF1),b382f22c-6d88-4ca8-8432-4b4fe229aaa8,True,False,IQ,1631528787.592743
0,An error occurred while sending the request,Error,/BuildNotice/0,MobileSDK,samsung SM-A022F,OpenGLES2,1.0,1.10.2,False,LowRevenueCountryBlock,LowRevenueCountryBlock,09/13/2021 10:26:23,611bdadcd4e35d332f3d5e66,611be843d5491c7d0a6ab0ce,com.thg.battleops.shooting.game,1.0,iv,Android OS 10 / API-29 (QP1A.190711.020/A022FXXU2AUF1),b382f22c-6d88-4ca8-8432-4b4fe229aaa8,True,False,IQ,1631528787.700645
0,could not receive ip address from ipfy,Error,/BuildNotice/0,MobileSDK,samsung SM-A022F,OpenGLES2,1.0,1.10.2,False,LowRevenueCountryBlock,LowRevenueCountryBlock,09/13/2021 10:26:23,611bdadcd4e35d332f3d5e66,611be843d5491c7d0a6ab0ce,com.thg.battleops.shooting.game,1.0,iv,Android OS 10 / API-29 (QP1A.190711.020/A022FXXU2AUF1),b382f22c-6d88-4ca8-8432-4b4fe229aaa8,True,False,IQ,1631528788.128209
0,could not receive ip address from ipfy,Error,/BuildNotice/0,MobileSDK,samsung SM-A022F,OpenGLES2,1.0,1.10.2,False,LowRevenueCountryBlock,LowRevenueCountryBlock,09/13/2021 10:26:24,611bdadcd4e35d332f3d5e66,611be843d5491c7d0a6ab0ce,com.thg.battleops.shooting.game,1.0,iv,Android OS 10 / API-29 (QP1A.190711.020/A022FXXU2AUF1),b382f22c-6d88-4ca8-8432-4b4fe229aaa8,True,False,IQ,1631528788.509944
0,An error occurred while sending the request,Error,/BuildNotice/0,MobileSDK,samsung SM-A022F,OpenGLES2,1.0,1.10.2,False,LowRevenueCountryBlock,LowRevenueCountryBlock,09/13/2021 10:26:24,611bdadcd4e35d332f3d5e66,611be843d5491c7d0a6ab0ce,com.thg.battleops.shooting.game,1.0,iv,Android OS 10 / API-29 (QP1A.190711.020/A022FXXU2AUF1),b382f22c-6d88-4ca8-8432-4b4fe229aaa8,True,False,IQ,1631528788.600498
0,could not receive ip address from ipfy,Error,/BuildNotice/0,MobileSDK,samsung SM-A022F,OpenGLES2,1.0,1.10.2,False,LowRevenueCountryBlock,LowRevenueCountryBlock,09/13/2021 10:26:24,611bdadcd4e35d332f3d5e66,611be843d5491c7d0a6ab0ce,com.thg.battleops.shooting.game,1.0,iv,Android OS 10 / API-29 (QP1A.190711.020/A022FXXU2AUF1),b382f22c-6d88-4ca8-8432-4b4fe229aaa8,True,False,IQ,1631528788.927251
0,An error occurred while sending the request,Error,/BuildNotice/0,MobileSDK,samsung SM-A022F,OpenGLES2,1.0,1.10.2,False,LowRevenueCountryBlock,LowRevenueCountryBlock,09/13/2021 10:26:24,611bdadcd4e35d332f3d5e66,611be843d5491c7d0a6ab0ce,com.thg.battleops.shooting.game,1.0,iv,Android OS 10 / API-29 (QP1A.190711.020/A022FXXU2AUF1),b382f22c-6d88-4ca8-8432-4b4fe229aaa8,True,False,IQ,1631528789.141854
0,An error occurred while sending the request,Error,/BuildNotice/0,MobileSDK,samsung SM-A022F,OpenGLES2,1.0,1.10.2,False,LowRevenueCountryBlock,LowRevenueCountryBlock,09/13/2021 10:26:24,611bdadcd4e35d332f3d5e66,611be843d5491c7d0a6ab0ce,com.thg.battleops.shooting.game,1.0,iv,Android OS 10 / API-29 (QP1A.190711.020/A022FXXU2AUF1),b382f22c-6d88-4ca8-8432-4b4fe229aaa8,True,False,IQ,1631528789.254541
0,could not receive ip address from ipfy,Error,/BuildNotice/0,MobileSDK,Xiaomi Redmi Note 4,OpenGLES2,1.0,1.11.0,False,Programmatic1,Programmatic,09/13/2021 10:26:29,6028e36ad1e80652e41054ca,609d69021c511f4b1d4df1c4,com.pregnantcatemma.virtualpet,1.0,iv,Android OS 7.0 / API-24 (NRD90M/V9.0.5.0.NCFMIEI),bd6bb140-65e5-4605-99e4-90e70223fe17,False,False,RU,1631528789.413559
0,An error occurred while sending the request,Error,/BuildNotice/0,MobileSDK,Xiaomi Redmi Note 4,OpenGLES2,1.0,1.11.0,False,Programmatic1,Programmatic,09/13/2021 10:26:29,6028e36ad1e80652e41054ca,609d69021c511f4b1d4df1c4,com.pregnantcatemma.virtualpet,1.0,iv,Android OS 7.0 / API-24 (NRD90M/V9.0.5.0.NCFMIEI),bd6bb140-65e5-4605-99e4-90e70223fe17,False,False,RU,1631528789.43008
0,could not receive ip address from ipfy,Error,/BuildNotice/0,MobileSDK,samsung SM-A107F,OpenGLES2,1.0,1.10.2,False,Programmatic1,Programmatic,09/13/2021 10:26:21,611bdadcd4e35d332f3d5e66,611be843d5491c7d0a6ab0ce,com.thg.battleops.shooting.game,1.0,iv,Android OS 9 / API-28 (PPR1.180610.011/A107FXXU5ATA9),d028b585-7d4e-4666-b899-f441276d23a1,True,False,ID,1631528789.62292
0,An error occurred while sending the request,Error,/BuildNotice/0,MobileSDK,samsung SM-A022F,OpenGLES2,1.0,1.10.2,False,LowRevenueCountryBlock,LowRevenueCountryBlock,09/13/2021 10:26:25,611bdadcd4e35d332f3d5e66,611be843d5491c7d0a6ab0ce,com.thg.battleops.shooting.game,1.0,iv,Android OS 10 / API-29 (QP1A.190711.020/A022FXXU2AUF1),b382f22c-6d88-4ca8-8432-4b4fe229aaa8,True,False,IQ,1631528789.640143
0,An error occurred while sending the request,Error,/BuildNotice/0,MobileSDK,samsung SM-A107F,OpenGLES2,1.0,1.10.2,False,Programmatic1,Programmatic,09/13/2021 10:26:21,611bdadcd4e35d332f3d5e66,611be843d5491c7d0a6ab0ce,com.thg.battleops.shooting.game,1.0,iv,Android OS 9 / API-28 (PPR1.180610.011/A107FXXU5ATA9),d028b585-7d4e-4666-b899-f441276d23a1,True,False,ID,1631528789.70053
0,could not receive ip address from ipfy,Error,/BuildNotice/0,MobileSDK,samsung SM-A022F,OpenGLES2,1.0,1.10.2,False,LowRevenueCountryBlock,LowRevenueCountryBlock,09/13/2021 10:26:25,611bdadcd4e35d332f3d5e66,611be843d5491c7d0a6ab0ce,com.thg.battleops.shooting.game,1.0,iv,Android OS 10 / API-29 (QP1A.190711.020/A022FXXU2AUF1),b382f22c-6d88-4ca8-8432-4b4fe229aaa8,True,False,IQ,1631528789.951139
0,could not receive ip address from ipfy,Error,/BuildNotice/0,MobileSDK,samsung SM-A022F,OpenGLES2,1.0,1.10.2,False,LowRevenueCountryBlock,LowRevenueCountryBlock,09/13/2021 10:26:25,611bdadcd4e35d332f3d5e66,611be843d5491c7d0a6ab0ce,com.thg.battleops.shooting.game,1.0,iv,Android OS 10 / API-29 (QP1A.190711.020/A022FXXU2AUF1),b382f22c-6d88-4ca8-8432-4b4fe229aaa8,True,False,IQ,1631528789.971022
0,could not receive ip address from ipfy,Error,/BuildNotice/0,MobileSDK,Xiaomi Redmi Note 4,OpenGLES2,1.0,1.11.0,False,Programmatic1,Programmatic,09/13/2021 10:26:29,6028e36ad1e80652e41054ca,609d69021c511f4b1d4df1c4,com.pregnantcatemma.virtualpet,1.0,iv,Android OS 7.0 / API-24 (NRD90M/V9.0.5.0.NCFMIEI),bd6bb140-65e5-4605-99e4-90e70223fe17,False,False,RU,1631528790.166188
0,An error occurred while sending the request,Error,/BuildNotice/0,MobileSDK,samsung SM-A022F,OpenGLES2,1.0,1.10.2,False,LowRevenueCountryBlock,LowRevenueCountryBlock,09/13/2021 10:26:25,611bdadcd4e35d332f3d5e66,611be843d5491c7d0a6ab0ce,com.thg.battleops.shooting.game,1.0,iv,Android OS 10 / API-29 (QP1A.190711.020/A022FXXU2AUF1),b382f22c-6d88-4ca8-8432-4b4fe229aaa8,True,False,IQ,1631528790.205947
0,An error occurred while sending the request,Error,/BuildNotice/0,MobileSDK,Xiaomi Redmi Note 4,OpenGLES2,1.0,1.11.0,False,Programmatic1,Programmatic,09/13/2021 10:26:29,6028e36ad1e80652e41054ca,609d69021c511f4b1d4df1c4,com.pregnantcatemma.virtualpet,1.0,iv,Android OS 7.0 / API-24 (NRD90M/V9.0.5.0.NCFMIEI),bd6bb140-65e5-4605-99e4-90e70223fe17,False,False,RU,1631528790.214182
0,could not receive ip address from ipfy,Error,/BuildNotice/0,MobileSDK,samsung SM-A022F,OpenGLES2,1.0,1.10.2,False,LowRevenueCountryBlock,LowRevenueCountryBlock,09/13/2021 10:26:26,611bdadcd4e35d332f3d5e66,611be843d5491c7d0a6ab0ce,com.thg.battleops.shooting.game,1.0,iv,Android OS 10 / API-29 (QP1A.190711.020/A022FXXU2AUF1),b382f22c-6d88-4ca8-8432-4b4fe229aaa8,True,False,IQ,1631528790.398586
0,An error occurred while sending the request,Error,/BuildNotice/0,MobileSDK,samsung SM-A022F,OpenGLES2,1.0,1.10.2,False,LowRevenueCountryBlock,LowRevenueCountryBlock,09/13/2021 10:26:26,611bdadcd4e35d332f3d5e66,611be843d5491c7d0a6ab0ce,com.thg.battleops.shooting.game,1.0,iv,Android OS 10 / API-29 (QP1A.190711.020/A022FXXU2AUF1),b382f22c-6d88-4ca8-8432-4b4fe229aaa8,True,False,IQ,1631528790.488993
0,could not receive ip address from ipfy,Error,/BuildNotice/0,MobileSDK,samsung SM-A025F,OpenGLES2,1.0,1.11.0,False,LowRevenueCountryBlock,LowRevenueCountryBlock,09/13/2021 10:26:28,6028e36ad1e80652e41054ca,609d69021c511f4b1d4df1c4,com.pregnantcatemma.virtualpet,1.0,iv,Android OS 11 / API-30 (RP1A.200720.012/A025FXXS2BUG1),5d6bddae-1f78-4cfb-893a-0eaad7960f6b,False,False,BD,1631528790.784967
0,A task was canceled.,Error,/BuildNotice/0,MobileSDK,samsung SM-A025F,OpenGLES2,1.0,1.11.0,False,LowRevenueCountryBlock,LowRevenueCountryBlock,09/13/2021 10:26:28,6028e36ad1e80652e41054ca,609d69021c511f4b1d4df1c4,com.pregnantcatemma.virtualpet,1.0,iv,Android OS 11 / API-30 (RP1A.200720.012/A025FXXS2BUG1),5d6bddae-1f78-4cfb-893a-0eaad7960f6b,False,False,BD,1631528790.812696
0,could not receive ip address from ipfy,Error,/BuildNotice/0,MobileSDK,samsung SM-A022F,OpenGLES2,1.0,1.10.2,False,LowRevenueCountryBlock,LowRevenueCountryBlock,09/13/2021 10:26:26,611bdadcd4e35d332f3d5e66,611be843d5491c7d0a6ab0ce,com.thg.battleops.shooting.game,1.0,iv,Android OS 10 / API-29 (QP1A.190711.020/A022FXXU2AUF1),b382f22c-6d88-4ca8-8432-4b4fe229aaa8,True,False,IQ,1631528790.817615
0,An error occurred while sending the request,Error,/BuildNotice/0,MobileSDK,samsung SM-A022F,OpenGLES2,1.0,1.10.2,False,LowRevenueCountryBlock,LowRevenueCountryBlock,09/13/2021 10:26:26,611bdadcd4e35d332f3d5e66,611be843d5491c7d0a6ab0ce,com.thg.battleops.shooting.game,1.0,iv,Android OS 10 / API-29 (QP1A.190711.020/A022FXXU2AUF1),b382f22c-6d88-4ca8-8432-4b4fe229aaa8,True,False,IQ,1631528790.907849
0,could not receive ip address from ipfy,Error,/BuildNotice/0,MobileSDK,samsung SM-A022F,OpenGLES2,1.0,1.10.2,False,LowRevenueCountryBlock,LowRevenueCountryBlock,09/13/2021 10:26:27,611bdadcd4e35d332f3d5e66,611be843d5491c7d0a6ab0ce,com.thg.battleops.shooting.game,1.0,iv,Android OS 10 / API-29 (QP1A.190711.020/A022FXXU2AUF1),b382f22c-6d88-4ca8-8432-4b4fe229aaa8,True,False,IQ,1631528791.302751
0,could not receive ip address from ipfy,Error,/BuildNotice/0,MobileSDK,Xiaomi Redmi Note 4,OpenGLES2,1.0,1.11.0,False,Programmatic1,Programmatic,09/13/2021 10:26:31,6028e36ad1e80652e41054ca,609d69021c511f4b1d4df1c4,com.pregnantcatemma.virtualpet,1.0,iv,Android OS 7.0 / API-24 (NRD90M/V9.0.5.0.NCFMIEI),bd6bb140-65e5-4605-99e4-90e70223fe17,False,False,RU,1631528791.399897
0,An error occurred while sending the request,Error,/BuildNotice/0,MobileSDK,samsung SM-A022F,OpenGLES2,1.0,1.10.2,False,LowRevenueCountryBlock,LowRevenueCountryBlock,09/13/2021 10:26:27,611bdadcd4e35d332f3d5e66,611be843d5491c7d0a6ab0ce,com.thg.battleops.shooting.game,1.0,iv,Android OS 10 / API-29 (QP1A.190711.020/A022FXXU2AUF1),b382f22c-6d88-4ca8-8432-4b4fe229aaa8,True,False,IQ,1631528791.436834
0,An error occurred while sending the request,Error,/BuildNotice/0,MobileSDK,Xiaomi Redmi Note 4,OpenGLES2,1.0,1.11.0,False,Programmatic1,Programmatic,09/13/2021 10:26:31,6028e36ad1e80652e41054ca,609d69021c511f4b1d4df1c4,com.pregnantcatemma.virtualpet,1.0,iv,Android OS 7.0 / API-24 (NRD90M/V9.0.5.0.NCFMIEI),bd6bb140-65e5-4605-99e4-90e70223fe17,False,False,RU,1631528791.495952
0,An error occurred while sending the request,Error,/BuildNotice/0,MobileSDK,samsung SM-A022F,OpenGLES2,1.0,1.10.2,False,LowRevenueCountryBlock,LowRevenueCountryBlock,09/13/2021 10:26:27,611bdadcd4e35d332f3d5e66,611be843d5491c7d0a6ab0ce,com.thg.battleops.shooting.game,1.0,iv,Android OS 10 / API-29 (QP1A.190711.020/A022FXXU2AUF1),b382f22c-6d88-4ca8-8432-4b4fe229aaa8,True,False,IQ,1631528791.842339
0,could not receive ip address from ipfy,Error,/BuildNotice/0,MobileSDK,Xiaomi Redmi Note 4,OpenGLES2,1.0,1.11.0,False,Programmatic1,Programmatic,09/13/2021 10:26:31,6028e36ad1e80652e41054ca,609d69021c511f4b1d4df1c4,com.pregnantcatemma.virtualpet,1.0,iv,Android OS 7.0 / API-24 (NRD90M/V9.0.5.0.NCFMIEI),bd6bb140-65e5-4605-99e4-90e70223fe17,False,False,RU,1631528792.05835
0,An error occurred while sending the request,Error,/BuildNotice/0,MobileSDK,Xiaomi Redmi Note 4,OpenGLES2,1.0,1.11.0,False,Programmatic1,Programmatic,09/13/2021 10:26:31,6028e36ad1e80652e41054ca,609d69021c511f4b1d4df1c4,com.pregnantcatemma.virtualpet,1.0,iv,Android OS 7.0 / API-24 (NRD90M/V9.0.5.0.NCFMIEI),bd6bb140-65e5-4605-99e4-90e70223fe17,False,False,RU,1631528792.080515
0,could not receive ip address from ipfy,Error,/BuildNotice/0,MobileSDK,samsung SM-A022F,OpenGLES2,1.0,1.10.2,False,LowRevenueCountryBlock,LowRevenueCountryBlock,09/13/2021 10:26:27,611bdadcd4e35d332f3d5e66,611be843d5491c7d0a6ab0ce,com.thg.battleops.shooting.game,1.0,iv,Android OS 10 / API-29 (QP1A.190711.020/A022FXXU2AUF1),b382f22c-6d88-4ca8-8432-4b4fe229aaa8,True,False,IQ,1631528792.142752
0,could not receive ip address from ipfy,Error,/BuildNotice/0,MobileSDK,samsung SM-A022F,OpenGLES2,1.0,1.10.2,False,LowRevenueCountryBlock,LowRevenueCountryBlock,09/13/2021 10:26:28,611bdadcd4e35d332f3d5e66,611be843d5491c7d0a6ab0ce,com.thg.battleops.shooting.game,1.0,iv,Android OS 10 / API-29 (QP1A.190711.020/A022FXXU2AUF1),b382f22c-6d88-4ca8-8432-4b4fe229aaa8,True,False,IQ,1631528792.168364
0,could not receive ip address from ipfy,Error,/BuildNotice/0,MobileSDK,LAVA Z90,OpenGLES2,1.0,1.11.0,False,Programmatic1,Programmatic,09/13/2021 10:26:54,6028e36ad1e80652e41054ca,609d69021c511f4b1d4df1c4,com.pregnantcatemma.virtualpet,1.0,iv,Android OS 7.0 / API-24 (NRD90M/1503052790),7c2fee0e-f9db-4912-a49a-0c47eacc5a6e,False,False,IR,1631528792.347763
0,An error occurred while sending the request,Error,/BuildNotice/0,MobileSDK,LAVA Z90,OpenGLES2,1.0,1.11.0,False,Programmatic1,Programmatic,09/13/2021 10:26:54,6028e36ad1e80652e41054ca,609d69021c511f4b1d4df1c4,com.pregnantcatemma.virtualpet,1.0,iv,Android OS 7.0 / API-24 (NRD90M/1503052790),7c2fee0e-f9db-4912-a49a-0c47eacc5a6e,False,False,IR,1631528792.361651
0,An error occurred while sending the request,Error,/BuildNotice/0,MobileSDK,samsung SM-A022F,OpenGLES2,1.0,1.10.2,False,LowRevenueCountryBlock,LowRevenueCountryBlock,09/13/2021 10:26:28,611bdadcd4e35d332f3d5e66,611be843d5491c7d0a6ab0ce,com.thg.battleops.shooting.game,1.0,iv,Android OS 10 / API-29 (QP1A.190711.020/A022FXXU2AUF1),b382f22c-6d88-4ca8-8432-4b4fe229aaa8,True,False,IQ,1631528792.396196
0,An error occurred while sending the request,Error,/BuildNotice/0,MobileSDK,samsung SM-A022F,OpenGLES2,1.0,1.10.2,False,LowRevenueCountryBlock,LowRevenueCountryBlock,09/13/2021 10:26:28,611bdadcd4e35d332f3d5e66,611be843d5491c7d0a6ab0ce,com.thg.battleops.shooting.game,1.0,iv,Android OS 10 / API-29 (QP1A.190711.020/A022FXXU2AUF1),b382f22c-6d88-4ca8-8432-4b4fe229aaa8,True,False,IQ,1631528792.680026
0,could not receive ip address from ipfy,Error,/BuildNotice/0,MobileSDK,samsung SM-A022F,OpenGLES2,1.0,1.10.2,False,LowRevenueCountryBlock,LowRevenueCountryBlock,09/13/2021 10:26:28,611bdadcd4e35d332f3d5e66,611be843d5491c7d0a6ab0ce,com.thg.battleops.shooting.game,1.0,iv,Android OS 10 / API-29 (QP1A.190711.020/A022FXXU2AUF1),b382f22c-6d88-4ca8-8432-4b4fe229aaa8,True,False,IQ,1631528792.981576
0,could not receive ip address from ipfy,Error,/BuildNotice/0,MobileSDK,LAVA Z90,OpenGLES2,1.0,1.11.0,False,Programmatic1,Programmatic,09/13/2021 10:26:55,6028e36ad1e80652e41054ca,609d69021c511f4b1d4df1c4,com.pregnantcatemma.virtualpet,1.0,iv,Android OS 7.0 / API-24 (NRD90M/1503052790),7c2fee0e-f9db-4912-a49a-0c47eacc5a6e,False,False,IR,1631528793.107272
0,An error occurred while sending the request,Error,/BuildNotice/0,MobileSDK,LAVA Z90,OpenGLES2,1.0,1.11.0,False,Programmatic1,Programmatic,09/13/2021 10:26:55,6028e36ad1e80652e41054ca,609d69021c511f4b1d4df1c4,com.pregnantcatemma.virtualpet,1.0,iv,Android OS 7.0 / API-24 (NRD90M/1503052790),7c2fee0e-f9db-4912-a49a-0c47eacc5a6e,False,False,IR,1631528793.125454
0,could not receive ip address from ipfy,Error,/BuildNotice/0,MobileSDK,samsung SM-A022F,OpenGLES2,1.0,1.10.2,False,LowRevenueCountryBlock,LowRevenueCountryBlock,09/13/2021 10:26:29,611bdadcd4e35d332f3d5e66,611be843d5491c7d0a6ab0ce,com.thg.battleops.shooting.game,1.0,iv,Android OS 10 / API-29 (QP1A.190711.020/A022FXXU2AUF1),b382f22c-6d88-4ca8-8432-4b4fe229aaa8,True,False,IQ,1631528793.230793
0,An error occurred while sending the request,Error,/BuildNotice/0,MobileSDK,samsung SM-A022F,OpenGLES2,1.0,1.10.2,False,LowRevenueCountryBlock,LowRevenueCountryBlock,09/13/2021 10:26:29,611bdadcd4e35d332f3d5e66,611be843d5491c7d0a6ab0ce,com.thg.battleops.shooting.game,1.0,iv,Android OS 10 / API-29 (QP1A.190711.020/A022FXXU2AUF1),b382f22c-6d88-4ca8-8432-4b4fe229aaa8,True,False,IQ,1631528793.349842
0,could not receive ip address from ipfy,Error,/BuildNotice/0,MobileSDK,Xiaomi Redmi Note 4,OpenGLES2,1.0,1.11.0,False,Programmatic1,Programmatic,09/13/2021 10:26:33,6028e36ad1e80652e41054ca,609d69021c511f4b1d4df1c4,com.pregnantcatemma.virtualpet,1.0,iv,Android OS 7.0 / API-24 (NRD90M/V9.0.5.0.NCFMIEI),bd6bb140-65e5-4605-99e4-90e70223fe17,False,False,RU,1631528793.400159
0,An error occurred while sending the request,Error,/BuildNotice/0,MobileSDK,Xiaomi Redmi Note 4,OpenGLES2,1.0,1.11.0,False,Programmatic1,Programmatic,09/13/2021 10:26:33,6028e36ad1e80652e41054ca,609d69021c511f4b1d4df1c4,com.pregnantcatemma.virtualpet,1.0,iv,Android OS 7.0 / API-24 (NRD90M/V9.0.5.0.NCFMIEI),bd6bb140-65e5-4605-99e4-90e70223fe17,False,False,RU,1631528793.513904
0,could not receive ip address from ipfy,Error,/BuildNotice/0,MobileSDK,samsung SM-A022F,OpenGLES2,1.0,1.10.2,False,LowRevenueCountryBlock,LowRevenueCountryBlock,09/13/2021 10:26:29,611bdadcd4e35d332f3d5e66,611be843d5491c7d0a6ab0ce,com.thg.battleops.shooting.game,1.0,iv,Android OS 10 / API-29 (QP1A.190711.020/A022FXXU2AUF1),b382f22c-6d88-4ca8-8432-4b4fe229aaa8,True,False,IQ,1631528793.674859
0,An error occurred while sending the request,Error,/BuildNotice/0,MobileSDK,samsung SM-A022F,OpenGLES2,1.0,1.10.2,False,LowRevenueCountryBlock,LowRevenueCountryBlock,09/13/2021 10:26:29,611bdadcd4e35d332f3d5e66,611be843d5491c7d0a6ab0ce,com.thg.battleops.shooting.game,1.0,iv,Android OS 10 / API-29 (QP1A.190711.020/A022FXXU2AUF1),b382f22c-6d88-4ca8-8432-4b4fe229aaa8,True,False,IQ,1631528793.766299
0,could not receive ip address from ipfy,Error,/BuildNotice/0,MobileSDK,Xiaomi Redmi Note 4,OpenGLES2,1.0,1.11.0,False,Programmatic1,Programmatic,09/13/2021 10:26:33,6028e36ad1e80652e41054ca,609d69021c511f4b1d4df1c4,com.pregnantcatemma.virtualpet,1.0,iv,Android OS 7.0 / API-24 (NRD90M/V9.0.5.0.NCFMIEI),bd6bb140-65e5-4605-99e4-90e70223fe17,False,False,RU,1631528794.001671
0,An error occurred while sending the request,Error,/BuildNotice/0,MobileSDK,Xiaomi Redmi Note 4,OpenGLES2,1.0,1.11.0,False,Programmatic1,Programmatic,09/13/2021 10:26:33,6028e36ad1e80652e41054ca,609d69021c511f4b1d4df1c4,com.pregnantcatemma.virtualpet,1.0,iv,Android OS 7.0 / API-24 (NRD90M/V9.0.5.0.NCFMIEI),bd6bb140-65e5-4605-99e4-90e70223fe17,False,False,RU,1631528794.096134
0,could not receive ip address from ipfy,Error,/BuildNotice/0,MobileSDK,samsung SM-A022F,OpenGLES2,1.0,1.10.2,False,LowRevenueCountryBlock,LowRevenueCountryBlock,09/13/2021 10:26:29,611bdadcd4e35d332f3d5e66,611be843d5491c7d0a6ab0ce,com.thg.battleops.shooting.game,1.0,iv,Android OS 10 / API-29 (QP1A.190711.020/A022FXXU2AUF1),b382f22c-6d88-4ca8-8432-4b4fe229aaa8,True,False,IQ,1631528794.127268
0,An error occurred while sending the request,Error,/BuildNotice/0,MobileSDK,samsung SM-A022F,OpenGLES2,1.0,1.10.2,False,LowRevenueCountryBlock,LowRevenueCountryBlock,09/13/2021 10:26:30,611bdadcd4e35d332f3d5e66,611be843d5491c7d0a6ab0ce,com.thg.battleops.shooting.game,1.0,iv,Android OS 10 / API-29 (QP1A.190711.020/A022FXXU2AUF1),b382f22c-6d88-4ca8-8432-4b4fe229aaa8,True,False,IQ,1631528794.221797
0,could not receive ip address from ipfy,Error,/BuildNotice/0,MobileSDK,samsung SM-A022F,OpenGLES2,1.0,1.10.2,False,LowRevenueCountryBlock,LowRevenueCountryBlock,09/13/2021 10:26:30,611bdadcd4e35d332f3d5e66,611be843d5491c7d0a6ab0ce,com.thg.battleops.shooting.game,1.0,iv,Android OS 10 / API-29 (QP1A.190711.020/A022FXXU2AUF1),b382f22c-6d88-4ca8-8432-4b4fe229aaa8,True,False,IQ,1631528794.559146
0,An error occurred while sending the request,Error,/BuildNotice/0,MobileSDK,samsung SM-A022F,OpenGLES2,1.0,1.10.2,False,LowRevenueCountryBlock,LowRevenueCountryBlock,09/13/2021 10:26:30,611bdadcd4e35d332f3d5e66,611be843d5491c7d0a6ab0ce,com.thg.battleops.shooting.game,1.0,iv,Android OS 10 / API-29 (QP1A.190711.020/A022FXXU2AUF1),b382f22c-6d88-4ca8-8432-4b4fe229aaa8,True,False,IQ,1631528794.644919
0,could not receive ip address from ipfy,Error,/BuildNotice/0,MobileSDK,samsung SM-A022F,OpenGLES2,1.0,1.10.2,False,LowRevenueCountryBlock,LowRevenueCountryBlock,09/13/2021 10:26:30,611bdadcd4e35d332f3d5e66,611be843d5491c7d0a6ab0ce,com.thg.battleops.shooting.game,1.0,iv,Android OS 10 / API-29 (QP1A.190711.020/A022FXXU2AUF1),b382f22c-6d88-4ca8-8432-4b4fe229aaa8,True,False,IQ,1631528794.97748
0,An error occurred while sending the request,Error,/BuildNotice/0,MobileSDK,samsung SM-A022F,OpenGLES2,1.0,1.10.2,False,LowRevenueCountryBlock,LowRevenueCountryBlock,09/13/2021 10:26:30,611bdadcd4e35d332f3d5e66,611be843d5491c7d0a6ab0ce,com.thg.battleops.shooting.game,1.0,iv,Android OS 10 / API-29 (QP1A.190711.020/A022FXXU2AUF1),b382f22c-6d88-4ca8-8432-4b4fe229aaa8,True,False,IQ,1631528795.072372
0,could not receive ip address from ipfy,Error,/BuildNotice/0,MobileSDK,Xiaomi Redmi Note 4,OpenGLES2,1.0,1.11.0,False,Programmatic1,Programmatic,09/13/2021 10:26:35,6028e36ad1e80652e41054ca,609d69021c511f4b1d4df1c4,com.pregnantcatemma.virtualpet,1.0,iv,Android OS 7.0 / API-24 (NRD90M/V9.0.5.0.NCFMIEI),bd6bb140-65e5-4605-99e4-90e70223fe17,False,False,RU,1631528795.266261
0,An error occurred while sending the request,Error,/BuildNotice/0,MobileSDK,Xiaomi Redmi Note 4,OpenGLES2,1.0,1.11.0,False,Programmatic1,Programmatic,09/13/2021 10:26:35,6028e36ad1e80652e41054ca,609d69021c511f4b1d4df1c4,com.pregnantcatemma.virtualpet,1.0,iv,Android OS 7.0 / API-24 (NRD90M/V9.0.5.0.NCFMIEI),bd6bb140-65e5-4605-99e4-90e70223fe17,False,False,RU,1631528795.287032
0,could not receive ip address from ipfy,Error,/BuildNotice/0,MobileSDK,samsung SM-A022F,OpenGLES2,1.0,1.10.2,False,LowRevenueCountryBlock,LowRevenueCountryBlock,09/13/2021 10:26:31,611bdadcd4e35d332f3d5e66,611be843d5491c7d0a6ab0ce,com.thg.battleops.shooting.game,1.0,iv,Android OS 10 / API-29 (QP1A.190711.020/A022FXXU2AUF1),b382f22c-6d88-4ca8-8432-4b4fe229aaa8,True,False,IQ,1631528795.595994
0,An error occurred while sending the request,Error,/BuildNotice/0,MobileSDK,samsung SM-A022F,OpenGLES2,1.0,1.10.2,False,LowRevenueCountryBlock,LowRevenueCountryBlock,09/13/2021 10:26:31,611bdadcd4e35d332f3d5e66,611be843d5491c7d0a6ab0ce,com.thg.battleops.shooting.game,1.0,iv,Android OS 10 / API-29 (QP1A.190711.020/A022FXXU2AUF1),b382f22c-6d88-4ca8-8432-4b4fe229aaa8,True,False,IQ,1631528795.641256
0,could not receive ip address from ipfy,Error,/BuildNotice/0,MobileSDK,Xiaomi Redmi Note 4,OpenGLES2,1.0,1.11.0,False,Programmatic1,Programmatic,09/13/2021 10:26:35,6028e36ad1e80652e41054ca,609d69021c511f4b1d4df1c4,com.pregnantcatemma.virtualpet,1.0,iv,Android OS 7.0 / API-24 (NRD90M/V9.0.5.0.NCFMIEI),bd6bb140-65e5-4605-99e4-90e70223fe17,False,False,RU,1631528795.8098
0,An error occurred while sending the request,Error,/BuildNotice/0,MobileSDK,Xiaomi Redmi Note 4,OpenGLES2,1.0,1.11.0,False,Programmatic1,Programmatic,09/13/2021 10:26:35,6028e36ad1e80652e41054ca,609d69021c511f4b1d4df1c4,com.pregnantcatemma.virtualpet,1.0,iv,Android OS 7.0 / API-24 (NRD90M/V9.0.5.0.NCFMIEI),bd6bb140-65e5-4605-99e4-90e70223fe17,False,False,RU,1631528795.857301
0,An error occurred while sending the request,Error,/BuildNotice/0,MobileSDK,samsung SM-A022F,OpenGLES2,1.0,1.10.2,False,LowRevenueCountryBlock,LowRevenueCountryBlock,09/13/2021 10:26:31,611bdadcd4e35d332f3d5e66,611be843d5491c7d0a6ab0ce,com.thg.battleops.shooting.game,1.0,iv,Android OS 10 / API-29 (QP1A.190711.020/A022FXXU2AUF1),b382f22c-6d88-4ca8-8432-4b4fe229aaa8,True,False,IQ,1631528796.088557
0,could not receive ip address from ipfy,Error,/BuildNotice/0,MobileSDK,samsung SM-A022F,OpenGLES2,1.0,1.10.2,False,LowRevenueCountryBlock,LowRevenueCountryBlock,09/13/2021 10:26:31,611bdadcd4e35d332f3d5e66,611be843d5491c7d0a6ab0ce,com.thg.battleops.shooting.game,1.0,iv,Android OS 10 / API-29 (QP1A.190711.020/A022FXXU2AUF1),b382f22c-6d88-4ca8-8432-4b4fe229aaa8,True,False,IQ,1631528796.344463
0,could not receive ip address from ipfy,Error,/BuildNotice/0,MobileSDK,samsung SM-A022F,OpenGLES2,1.0,1.10.2,False,LowRevenueCountryBlock,LowRevenueCountryBlock,09/13/2021 10:26:32,611bdadcd4e35d332f3d5e66,611be843d5491c7d0a6ab0ce,com.thg.battleops.shooting.game,1.0,iv,Android OS 10 / API-29 (QP1A.190711.020/A022FXXU2AUF1),b382f22c-6d88-4ca8-8432-4b4fe229aaa8,True,False,IQ,1631528796.411754
0,could not receive ip address from ipfy,Error,/BuildNotice/0,MobileSDK,Xiaomi Redmi Note 4,OpenGLES2,1.0,1.11.0,False,Programmatic1,Programmatic,09/13/2021 10:26:36,6028e36ad1e80652e41054ca,609d69021c511f4b1d4df1c4,com.pregnantcatemma.virtualpet,1.0,iv,Android OS 7.0 / API-24 (NRD90M/V9.0.5.0.NCFMIEI),bd6bb140-65e5-4605-99e4-90e70223fe17,False,False,RU,1631528796.439947
0,An error occurred while sending the request,Error,/BuildNotice/0,MobileSDK,Xiaomi Redmi Note 4,OpenGLES2,1.0,1.11.0,False,Programmatic1,Programmatic,09/13/2021 10:26:36,6028e36ad1e80652e41054ca,609d69021c511f4b1d4df1c4,com.pregnantcatemma.virtualpet,1.0,iv,Android OS 7.0 / API-24 (NRD90M/V9.0.5.0.NCFMIEI),bd6bb140-65e5-4605-99e4-90e70223fe17,False,False,RU,1631528796.487593
0,could not receive ip address from ipfy,Error,/BuildNotice/0,MobileSDK,samsung SM-A022F,OpenGLES2,1.0,1.10.2,False,LowRevenueCountryBlock,LowRevenueCountryBlock,09/13/2021 10:26:32,611bdadcd4e35d332f3d5e66,611be843d5491c7d0a6ab0ce,com.thg.battleops.shooting.game,1.0,iv,Android OS 10 / API-29 (QP1A.190711.020/A022FXXU2AUF1),b382f22c-6d88-4ca8-8432-4b4fe229aaa8,True,False,IQ,1631528796.783895
0,An error occurred while sending the request,Error,/BuildNotice/0,MobileSDK,samsung SM-A022F,OpenGLES2,1.0,1.10.2,False,LowRevenueCountryBlock,LowRevenueCountryBlock,09/13/2021 10:26:32,611bdadcd4e35d332f3d5e66,611be843d5491c7d0a6ab0ce,com.thg.battleops.shooting.game,1.0,iv,Android OS 10 / API-29 (QP1A.190711.020/A022FXXU2AUF1),b382f22c-6d88-4ca8-8432-4b4fe229aaa8,True,False,IQ,1631528796.988273
0,could not receive ip address from ipfy,Error,/BuildNotice/0,MobileSDK,Xiaomi Redmi Note 4,OpenGLES2,1.0,1.11.0,False,Programmatic1,Programmatic,09/13/2021 10:26:36,6028e36ad1e80652e41054ca,609d69021c511f4b1d4df1c4,com.pregnantcatemma.virtualpet,1.0,iv,Android OS 7.0 / API-24 (NRD90M/V9.0.5.0.NCFMIEI),bd6bb140-65e5-4605-99e4-90e70223fe17,False,False,RU,1631528797.040207
0,An error occurred while sending the request,Error,/BuildNotice/0,MobileSDK,samsung SM-A022F,OpenGLES2,1.0,1.10.2,False,LowRevenueCountryBlock,LowRevenueCountryBlock,09/13/2021 10:26:32,611bdadcd4e35d332f3d5e66,611be843d5491c7d0a6ab0ce,com.thg.battleops.shooting.game,1.0,iv,Android OS 10 / API-29 (QP1A.190711.020/A022FXXU2AUF1),b382f22c-6d88-4ca8-8432-4b4fe229aaa8,True,False,IQ,1631528797.048704
0,An error occurred while sending the request,Error,/BuildNotice/0,MobileSDK,Xiaomi Redmi Note 4,OpenGLES2,1.0,1.11.0,False,Programmatic1,Programmatic,09/13/2021 10:26:36,6028e36ad1e80652e41054ca,609d69021c511f4b1d4df1c4,com.pregnantcatemma.virtualpet,1.0,iv,Android OS 7.0 / API-24 (NRD90M/V9.0.5.0.NCFMIEI),bd6bb140-65e5-4605-99e4-90e70223fe17,False,False,RU,1631528797.137517
0,could not receive ip address from ipfy,Error,/BuildNotice/0,MobileSDK,samsung SM-A022F,OpenGLES2,1.0,1.10.2,False,LowRevenueCountryBlock,LowRevenueCountryBlock,09/13/2021 10:26:33,611bdadcd4e35d332f3d5e66,611be843d5491c7d0a6ab0ce,com.thg.battleops.shooting.game,1.0,iv,Android OS 10 / API-29 (QP1A.190711.020/A022FXXU2AUF1),b382f22c-6d88-4ca8-8432-4b4fe229aaa8,True,False,IQ,1631528797.246304
0,An error occurred while sending the request,Error,/BuildNotice/0,MobileSDK,samsung SM-A022F,OpenGLES2,1.0,1.10.2,False,LowRevenueCountryBlock,LowRevenueCountryBlock,09/13/2021 10:26:33,611bdadcd4e35d332f3d5e66,611be843d5491c7d0a6ab0ce,com.thg.battleops.shooting.game,1.0,iv,Android OS 10 / API-29 (QP1A.190711.020/A022FXXU2AUF1),b382f22c-6d88-4ca8-8432-4b4fe229aaa8,True,False,IQ,1631528797.33224
0,could not receive ip address from ipfy,Error,/BuildNotice/0,MobileSDK,samsung SM-A022F,OpenGLES2,1.0,1.10.2,False,LowRevenueCountryBlock,LowRevenueCountryBlock,09/13/2021 10:26:33,611bdadcd4e35d332f3d5e66,611be843d5491c7d0a6ab0ce,com.thg.battleops.shooting.game,1.0,iv,Android OS 10 / API-29 (QP1A.190711.020/A022FXXU2AUF1),b382f22c-6d88-4ca8-8432-4b4fe229aaa8,True,False,IQ,1631528797.734308
0,An error occurred while sending the request,Error,/BuildNotice/0,MobileSDK,samsung SM-A022F,OpenGLES2,1.0,1.10.2,False,LowRevenueCountryBlock,LowRevenueCountryBlock,09/13/2021 10:26:33,611bdadcd4e35d332f3d5e66,611be843d5491c7d0a6ab0ce,com.thg.battleops.shooting.game,1.0,iv,Android OS 10 / API-29 (QP1A.190711.020/A022FXXU2AUF1),b382f22c-6d88-4ca8-8432-4b4fe229aaa8,True,False,IQ,1631528797.8175
0,could not receive ip address from ipfy,Error,/BuildNotice/0,MobileSDK,Xiaomi Redmi Note 4,OpenGLES2,1.0,1.11.0,False,Programmatic1,Programmatic,09/13/2021 10:26:37,6028e36ad1e80652e41054ca,609d69021c511f4b1d4df1c4,com.pregnantcatemma.virtualpet,1.0,iv,Android OS 7.0 / API-24 (NRD90M/V9.0.5.0.NCFMIEI),bd6bb140-65e5-4605-99e4-90e70223fe17,False,False,RU,1631528797.966318
0,An error occurred while sending the request,Error,/BuildNotice/0,MobileSDK,Xiaomi Redmi Note 4,OpenGLES2,1.0,1.11.0,False,Programmatic1,Programmatic,09/13/2021 10:26:37,6028e36ad1e80652e41054ca,609d69021c511f4b1d4df1c4,com.pregnantcatemma.virtualpet,1.0,iv,Android OS 7.0 / API-24 (NRD90M/V9.0.5.0.NCFMIEI),bd6bb140-65e5-4605-99e4-90e70223fe17,False,False,RU,1631528797.982091
