0,1,2,3,4,5,6,7,8,9,10,11,12,13,14,15,16,17,18,19,20,21,22,23
0,An error occurred while sending the request,Error,/BuildNotice/0,MobileSDK,samsung SM-A013F,OpenGLES2,1.0,1.11.0,False,Programmatic1,Programmatic,14.09.2021 10:40:22,6028e36ad1e80652e41054ca,6028e407a1ba2a0d3d760566,com.mytalkingcatemma.ballerinagames,1.0,ru,Android OS 10 / API-29 (QP1A.190711.020/A013FXXU2AUB2),ff3c250c-0d64-4deb-9fb5-6abdae2c3b77,False,False,IR,1631616023.882069
0,could not receive ip address from ipfy,Error,/BuildNotice/0,MobileSDK,samsung SM-A013F,OpenGLES2,1.0,1.11.0,False,Programmatic1,Programmatic,14.09.2021 10:40:23,6028e36ad1e80652e41054ca,6028e407a1ba2a0d3d760566,com.mytalkingcatemma.ballerinagames,1.0,ru,Android OS 10 / API-29 (QP1A.190711.020/A013FXXU2AUB2),ff3c250c-0d64-4deb-9fb5-6abdae2c3b77,False,False,IR,1631616024.307417
0,An error occurred while sending the request,Error,/BuildNotice/0,MobileSDK,samsung SM-A013F,OpenGLES2,1.0,1.11.0,False,Programmatic1,Programmatic,14.09.2021 10:40:23,6028e36ad1e80652e41054ca,6028e407a1ba2a0d3d760566,com.mytalkingcatemma.ballerinagames,1.0,ru,Android OS 10 / API-29 (QP1A.190711.020/A013FXXU2AUB2),ff3c250c-0d64-4deb-9fb5-6abdae2c3b77,False,False,IR,1631616024.564688
0,An error occurred while sending the request,Error,/BuildNotice/0,MobileSDK,samsung SM-A013F,OpenGLES2,1.0,1.11.0,False,Programmatic1,Programmatic,14.09.2021 10:40:23,6028e36ad1e80652e41054ca,6028e407a1ba2a0d3d760566,com.mytalkingcatemma.ballerinagames,1.0,ru,Android OS 10 / API-29 (QP1A.190711.020/A013FXXU2AUB2),ff3c250c-0d64-4deb-9fb5-6abdae2c3b77,False,False,IR,1631616024.966888
0,could not receive ip address from ipfy,Error,/BuildNotice/0,MobileSDK,samsung SM-A013F,OpenGLES2,1.0,1.11.0,False,Programmatic1,Programmatic,14.09.2021 10:40:23,6028e36ad1e80652e41054ca,6028e407a1ba2a0d3d760566,com.mytalkingcatemma.ballerinagames,1.0,ru,Android OS 10 / API-29 (QP1A.190711.020/A013FXXU2AUB2),ff3c250c-0d64-4deb-9fb5-6abdae2c3b77,False,False,IR,1631616025.007331
0,could not receive ip address from ipfy,Error,/BuildNotice/0,MobileSDK,samsung SM-J415GN,OpenGLES2,1.0,1.11.0,False,Programmatic1,Programmatic,09/14/2021 10:38:42,6028e36ad1e80652e41054ca,609d69021c511f4b1d4df1c4,com.pregnantcatemma.virtualpet,1.0,iv,Android OS 9 / API-28 (PPR1.180610.011/J415GNDXU6BTJ1),f58c24f1-92a4-4e10-8566-db459c25a3cb,False,False,IN,1631616025.040951
0,An error occurred while sending the request,Error,/BuildNotice/0,MobileSDK,samsung SM-J415GN,OpenGLES2,1.0,1.11.0,False,Programmatic1,Programmatic,09/14/2021 10:38:42,6028e36ad1e80652e41054ca,609d69021c511f4b1d4df1c4,com.pregnantcatemma.virtualpet,1.0,iv,Android OS 9 / API-28 (PPR1.180610.011/J415GNDXU6BTJ1),f58c24f1-92a4-4e10-8566-db459c25a3cb,False,False,IN,1631616025.093932
0,An error occurred while sending the request,Error,/BuildNotice/0,MobileSDK,samsung SM-A205F,OpenGLES2,1.0,1.11.0,False,Programmatic1,Programmatic,14-09-2021 10:40:12,6028e36ad1e80652e41054ca,6028e407a1ba2a0d3d760566,com.mytalkingcatemma.ballerinagames,1.0,en,Android OS 9 / API-28 (PPR1.180610.011/A205FXXS7ATD1),5a2aff80-bc0d-4df3-9cf7-ad71ea02640c,False,False,IR,1631616025.292077
0,could not receive ip address from ipfy,Error,/BuildNotice/0,MobileSDK,samsung SM-A013F,OpenGLES2,1.0,1.11.0,False,Programmatic1,Programmatic,14.09.2021 10:40:24,6028e36ad1e80652e41054ca,6028e407a1ba2a0d3d760566,com.mytalkingcatemma.ballerinagames,1.0,ru,Android OS 10 / API-29 (QP1A.190711.020/A013FXXU2AUB2),ff3c250c-0d64-4deb-9fb5-6abdae2c3b77,False,False,IR,1631616025.34472
0,An error occurred while sending the request,Error,/BuildNotice/0,MobileSDK,samsung SM-A013F,OpenGLES2,1.0,1.11.0,False,Programmatic1,Programmatic,14.09.2021 10:40:24,6028e36ad1e80652e41054ca,6028e407a1ba2a0d3d760566,com.mytalkingcatemma.ballerinagames,1.0,ru,Android OS 10 / API-29 (QP1A.190711.020/A013FXXU2AUB2),ff3c250c-0d64-4deb-9fb5-6abdae2c3b77,False,False,IR,1631616025.787331
0,could not receive ip address from ipfy,Error,/BuildNotice/0,MobileSDK,samsung SM-J500H,OpenGLES2,1.0,1.11.0,False,Programmatic1,Programmatic,09/14/2021 10:39:29,6028e36ad1e80652e41054ca,609d69021c511f4b1d4df1c4,com.pregnantcatemma.virtualpet,1.0,iv,Android OS 5.1.1 / API-22 (LMY48B/J500HXXU1AOI1),228c5992-1060-4e1c-a60b-a6f10992df29,False,False,IN,1631616025.894463
0,An error occurred while sending the request,Error,/BuildNotice/0,MobileSDK,samsung SM-J500H,OpenGLES2,1.0,1.11.0,False,Programmatic1,Programmatic,09/14/2021 10:39:29,6028e36ad1e80652e41054ca,609d69021c511f4b1d4df1c4,com.pregnantcatemma.virtualpet,1.0,iv,Android OS 5.1.1 / API-22 (LMY48B/J500HXXU1AOI1),228c5992-1060-4e1c-a60b-a6f10992df29,False,False,IN,1631616025.913105
0,could not receive ip address from ipfy,Error,/BuildNotice/0,MobileSDK,samsung SM-A013F,OpenGLES2,1.0,1.11.0,False,Programmatic1,Programmatic,14.09.2021 10:40:24,6028e36ad1e80652e41054ca,6028e407a1ba2a0d3d760566,com.mytalkingcatemma.ballerinagames,1.0,ru,Android OS 10 / API-29 (QP1A.190711.020/A013FXXU2AUB2),ff3c250c-0d64-4deb-9fb5-6abdae2c3b77,False,False,IR,1631616025.982551
0,An error occurred while sending the request,Error,/BuildNotice/0,MobileSDK,vivo V2026,OpenGLES2,1.0,1.11.0,False,LowRevenueCountryBlock,LowRevenueCountryBlock,14/9/2021 10:40:26 AM,6028e36ad1e80652e41054ca,6028e407a1ba2a0d3d760566,com.mytalkingcatemma.ballerinagames,1.0,en,Android OS 11 / API-30 (RP1A.200720.012/eng.compil.20210717.185129),270320b6-7507-4c46-aa0e-3037cfa87651,False,False,IQ,1631616026.000364
0,could not receive ip address from ipfy,Error,/BuildNotice/0,MobileSDK,vivo V2026,OpenGLES2,1.0,1.11.0,False,LowRevenueCountryBlock,LowRevenueCountryBlock,14/9/2021 10:40:26 AM,6028e36ad1e80652e41054ca,6028e407a1ba2a0d3d760566,com.mytalkingcatemma.ballerinagames,1.0,en,Android OS 11 / API-30 (RP1A.200720.012/eng.compil.20210717.185129),270320b6-7507-4c46-aa0e-3037cfa87651,False,False,IQ,1631616026.080255
0,An error occurred while sending the request,Error,/BuildNotice/0,MobileSDK,samsung SM-A013F,OpenGLES2,1.0,1.11.0,False,Programmatic1,Programmatic,14.09.2021 10:40:24,6028e36ad1e80652e41054ca,6028e407a1ba2a0d3d760566,com.mytalkingcatemma.ballerinagames,1.0,ru,Android OS 10 / API-29 (QP1A.190711.020/A013FXXU2AUB2),ff3c250c-0d64-4deb-9fb5-6abdae2c3b77,False,False,IR,1631616026.310948
0,could not receive ip address from ipfy,Error,/BuildNotice/0,MobileSDK,samsung SM-A013F,OpenGLES2,1.0,1.11.0,False,Programmatic1,Programmatic,14.09.2021 10:40:24,6028e36ad1e80652e41054ca,6028e407a1ba2a0d3d760566,com.mytalkingcatemma.ballerinagames,1.0,ru,Android OS 10 / API-29 (QP1A.190711.020/A013FXXU2AUB2),ff3c250c-0d64-4deb-9fb5-6abdae2c3b77,False,False,IR,1631616026.331555
0,An error occurred while sending the request,Error,/BuildNotice/0,MobileSDK,samsung SM-A013F,OpenGLES2,1.0,1.11.0,False,Programmatic1,Programmatic,14.09.2021 10:40:25,6028e36ad1e80652e41054ca,6028e407a1ba2a0d3d760566,com.mytalkingcatemma.ballerinagames,1.0,ru,Android OS 10 / API-29 (QP1A.190711.020/A013FXXU2AUB2),ff3c250c-0d64-4deb-9fb5-6abdae2c3b77,False,False,IR,1631616026.567674
0,could not receive ip address from ipfy,Error,/BuildNotice/0,MobileSDK,samsung SM-A013F,OpenGLES2,1.0,1.11.0,False,Programmatic1,Programmatic,14.09.2021 10:40:25,6028e36ad1e80652e41054ca,6028e407a1ba2a0d3d760566,com.mytalkingcatemma.ballerinagames,1.0,ru,Android OS 10 / API-29 (QP1A.190711.020/A013FXXU2AUB2),ff3c250c-0d64-4deb-9fb5-6abdae2c3b77,False,False,IR,1631616026.590992
0,An error occurred while sending the request,Error,/BuildNotice/0,MobileSDK,samsung SM-A013F,OpenGLES2,1.0,1.11.0,False,Programmatic1,Programmatic,14.09.2021 10:40:25,6028e36ad1e80652e41054ca,6028e407a1ba2a0d3d760566,com.mytalkingcatemma.ballerinagames,1.0,ru,Android OS 10 / API-29 (QP1A.190711.020/A013FXXU2AUB2),ff3c250c-0d64-4deb-9fb5-6abdae2c3b77,False,False,IR,1631616027.17313
0,could not receive ip address from ipfy,Error,/BuildNotice/0,MobileSDK,samsung SM-A013F,OpenGLES2,1.0,1.11.0,False,Programmatic1,Programmatic,14.09.2021 10:40:25,6028e36ad1e80652e41054ca,6028e407a1ba2a0d3d760566,com.mytalkingcatemma.ballerinagames,1.0,ru,Android OS 10 / API-29 (QP1A.190711.020/A013FXXU2AUB2),ff3c250c-0d64-4deb-9fb5-6abdae2c3b77,False,False,IR,1631616027.197266
0,An error occurred while sending the request,Error,/BuildNotice/0,MobileSDK,samsung SM-A013F,OpenGLES2,1.0,1.11.0,False,Programmatic1,Programmatic,14.09.2021 10:40:25,6028e36ad1e80652e41054ca,6028e407a1ba2a0d3d760566,com.mytalkingcatemma.ballerinagames,1.0,ru,Android OS 10 / API-29 (QP1A.190711.020/A013FXXU2AUB2),ff3c250c-0d64-4deb-9fb5-6abdae2c3b77,False,False,IR,1631616027.430576
0,could not receive ip address from ipfy,Error,/BuildNotice/0,MobileSDK,samsung SM-A013F,OpenGLES2,1.0,1.11.0,False,Programmatic1,Programmatic,14.09.2021 10:40:26,6028e36ad1e80652e41054ca,6028e407a1ba2a0d3d760566,com.mytalkingcatemma.ballerinagames,1.0,ru,Android OS 10 / API-29 (QP1A.190711.020/A013FXXU2AUB2),ff3c250c-0d64-4deb-9fb5-6abdae2c3b77,False,False,IR,1631616027.457051
0,An error occurred while sending the request,Error,/BuildNotice/0,MobileSDK,samsung SM-A013F,OpenGLES2,1.0,1.11.0,False,Programmatic1,Programmatic,14.09.2021 10:40:26,6028e36ad1e80652e41054ca,6028e407a1ba2a0d3d760566,com.mytalkingcatemma.ballerinagames,1.0,ru,Android OS 10 / API-29 (QP1A.190711.020/A013FXXU2AUB2),ff3c250c-0d64-4deb-9fb5-6abdae2c3b77,False,False,IR,1631616027.734299
0,could not receive ip address from ipfy,Error,/BuildNotice/0,MobileSDK,samsung SM-A013F,OpenGLES2,1.0,1.11.0,False,Programmatic1,Programmatic,14.09.2021 10:40:26,6028e36ad1e80652e41054ca,6028e407a1ba2a0d3d760566,com.mytalkingcatemma.ballerinagames,1.0,ru,Android OS 10 / API-29 (QP1A.190711.020/A013FXXU2AUB2),ff3c250c-0d64-4deb-9fb5-6abdae2c3b77,False,False,IR,1631616027.846908
0,An error occurred while sending the request,Error,/BuildNotice/0,MobileSDK,samsung SM-A013F,OpenGLES2,1.0,1.11.0,False,Programmatic1,Programmatic,14.09.2021 10:40:26,6028e36ad1e80652e41054ca,6028e407a1ba2a0d3d760566,com.mytalkingcatemma.ballerinagames,1.0,ru,Android OS 10 / API-29 (QP1A.190711.020/A013FXXU2AUB2),ff3c250c-0d64-4deb-9fb5-6abdae2c3b77,False,False,IR,1631616027.988142
0,could not receive ip address from ipfy,Error,/BuildNotice/0,MobileSDK,samsung SM-J415GN,OpenGLES2,1.0,1.11.0,False,Programmatic1,Programmatic,09/14/2021 10:38:45,6028e36ad1e80652e41054ca,609d69021c511f4b1d4df1c4,com.pregnantcatemma.virtualpet,1.0,iv,Android OS 9 / API-28 (PPR1.180610.011/J415GNDXU6BTJ1),f58c24f1-92a4-4e10-8566-db459c25a3cb,False,False,IN,1631616028.05527
0,An error occurred while sending the request,Error,/BuildNotice/0,MobileSDK,samsung SM-J415GN,OpenGLES2,1.0,1.11.0,False,Programmatic1,Programmatic,09/14/2021 10:38:45,6028e36ad1e80652e41054ca,609d69021c511f4b1d4df1c4,com.pregnantcatemma.virtualpet,1.0,iv,Android OS 9 / API-28 (PPR1.180610.011/J415GNDXU6BTJ1),f58c24f1-92a4-4e10-8566-db459c25a3cb,False,False,IN,1631616028.074248
0,could not receive ip address from ipfy,Error,/BuildNotice/0,MobileSDK,samsung SM-A013F,OpenGLES2,1.0,1.11.0,False,Programmatic1,Programmatic,14.09.2021 10:40:27,6028e36ad1e80652e41054ca,6028e407a1ba2a0d3d760566,com.mytalkingcatemma.ballerinagames,1.0,ru,Android OS 10 / API-29 (QP1A.190711.020/A013FXXU2AUB2),ff3c250c-0d64-4deb-9fb5-6abdae2c3b77,False,False,IR,1631616028.249063
0,An error occurred while sending the request,Error,/BuildNotice/0,MobileSDK,samsung SM-A013F,OpenGLES2,1.0,1.11.0,False,Programmatic1,Programmatic,14.09.2021 10:40:27,6028e36ad1e80652e41054ca,6028e407a1ba2a0d3d760566,com.mytalkingcatemma.ballerinagames,1.0,ru,Android OS 10 / API-29 (QP1A.190711.020/A013FXXU2AUB2),ff3c250c-0d64-4deb-9fb5-6abdae2c3b77,False,False,IR,1631616028.270403
0,could not receive ip address from ipfy,Error,/BuildNotice/0,MobileSDK,samsung SM-A013F,OpenGLES2,1.0,1.11.0,False,Programmatic1,Programmatic,14.09.2021 10:40:27,6028e36ad1e80652e41054ca,6028e407a1ba2a0d3d760566,com.mytalkingcatemma.ballerinagames,1.0,ru,Android OS 10 / API-29 (QP1A.190711.020/A013FXXU2AUB2),ff3c250c-0d64-4deb-9fb5-6abdae2c3b77,False,False,IR,1631616028.626755
0,An error occurred while sending the request,Error,/BuildNotice/0,MobileSDK,samsung SM-A013F,OpenGLES2,1.0,1.11.0,False,Programmatic1,Programmatic,14.09.2021 10:40:27,6028e36ad1e80652e41054ca,6028e407a1ba2a0d3d760566,com.mytalkingcatemma.ballerinagames,1.0,ru,Android OS 10 / API-29 (QP1A.190711.020/A013FXXU2AUB2),ff3c250c-0d64-4deb-9fb5-6abdae2c3b77,False,False,IR,1631616028.751114
0,could not receive ip address from ipfy,Error,/BuildNotice/0,MobileSDK,samsung SM-A013F,OpenGLES2,1.0,1.11.0,False,Programmatic1,Programmatic,14.09.2021 10:40:27,6028e36ad1e80652e41054ca,6028e407a1ba2a0d3d760566,com.mytalkingcatemma.ballerinagames,1.0,ru,Android OS 10 / API-29 (QP1A.190711.020/A013FXXU2AUB2),ff3c250c-0d64-4deb-9fb5-6abdae2c3b77,False,False,IR,1631616029.126091
0,An error occurred while sending the request,Error,/BuildNotice/0,MobileSDK,samsung SM-A013F,OpenGLES2,1.0,1.11.0,False,Programmatic1,Programmatic,14.09.2021 10:40:28,6028e36ad1e80652e41054ca,6028e407a1ba2a0d3d760566,com.mytalkingcatemma.ballerinagames,1.0,ru,Android OS 10 / API-29 (QP1A.190711.020/A013FXXU2AUB2),ff3c250c-0d64-4deb-9fb5-6abdae2c3b77,False,False,IR,1631616029.164793
0,could not receive ip address from ipfy,Error,/BuildNotice/0,MobileSDK,samsung SM-A013F,OpenGLES2,1.0,1.11.0,False,Programmatic1,Programmatic,14.09.2021 10:40:28,6028e36ad1e80652e41054ca,6028e407a1ba2a0d3d760566,com.mytalkingcatemma.ballerinagames,1.0,ru,Android OS 10 / API-29 (QP1A.190711.020/A013FXXU2AUB2),ff3c250c-0d64-4deb-9fb5-6abdae2c3b77,False,False,IR,1631616029.622078
0,An error occurred while sending the request,Error,/BuildNotice/0,MobileSDK,samsung SM-A013F,OpenGLES2,1.0,1.11.0,False,Programmatic1,Programmatic,14.09.2021 10:40:28,6028e36ad1e80652e41054ca,6028e407a1ba2a0d3d760566,com.mytalkingcatemma.ballerinagames,1.0,ru,Android OS 10 / API-29 (QP1A.190711.020/A013FXXU2AUB2),ff3c250c-0d64-4deb-9fb5-6abdae2c3b77,False,False,IR,1631616029.66203
0,could not receive ip address from ipfy,Error,/BuildNotice/0,MobileSDK,samsung SM-A013F,OpenGLES2,1.0,1.11.0,False,Programmatic1,Programmatic,14.09.2021 10:40:28,6028e36ad1e80652e41054ca,6028e407a1ba2a0d3d760566,com.mytalkingcatemma.ballerinagames,1.0,ru,Android OS 10 / API-29 (QP1A.190711.020/A013FXXU2AUB2),ff3c250c-0d64-4deb-9fb5-6abdae2c3b77,False,False,IR,1631616030.166606
0,An error occurred while sending the request,Error,/BuildNotice/0,MobileSDK,samsung SM-A013F,OpenGLES2,1.0,1.11.0,False,Programmatic1,Programmatic,14.09.2021 10:40:28,6028e36ad1e80652e41054ca,6028e407a1ba2a0d3d760566,com.mytalkingcatemma.ballerinagames,1.0,ru,Android OS 10 / API-29 (QP1A.190711.020/A013FXXU2AUB2),ff3c250c-0d64-4deb-9fb5-6abdae2c3b77,False,False,IR,1631616030.183347
0,could not receive ip address from ipfy,Error,/BuildNotice/0,MobileSDK,samsung SM-J415GN,OpenGLES2,1.0,1.11.0,False,Programmatic1,Programmatic,09/14/2021 10:38:48,6028e36ad1e80652e41054ca,609d69021c511f4b1d4df1c4,com.pregnantcatemma.virtualpet,1.0,iv,Android OS 9 / API-28 (PPR1.180610.011/J415GNDXU6BTJ1),f58c24f1-92a4-4e10-8566-db459c25a3cb,False,False,IN,1631616031.121115
0,An error occurred while sending the request,Error,/BuildNotice/0,MobileSDK,samsung SM-J415GN,OpenGLES2,1.0,1.11.0,False,Programmatic1,Programmatic,09/14/2021 10:38:48,6028e36ad1e80652e41054ca,609d69021c511f4b1d4df1c4,com.pregnantcatemma.virtualpet,1.0,iv,Android OS 9 / API-28 (PPR1.180610.011/J415GNDXU6BTJ1),f58c24f1-92a4-4e10-8566-db459c25a3cb,False,False,IN,1631616031.136693
0,could not receive ip address from ipfy,Error,/BuildNotice/0,MobileSDK,samsung SM-A013F,OpenGLES2,1.0,1.11.0,False,Programmatic1,Programmatic,14.09.2021 10:40:30,6028e36ad1e80652e41054ca,6028e407a1ba2a0d3d760566,com.mytalkingcatemma.ballerinagames,1.0,ru,Android OS 10 / API-29 (QP1A.190711.020/A013FXXU2AUB2),ff3c250c-0d64-4deb-9fb5-6abdae2c3b77,False,False,IR,1631616031.587541
0,An error occurred while sending the request,Error,/BuildNotice/0,MobileSDK,samsung SM-A013F,OpenGLES2,1.0,1.11.0,False,Programmatic1,Programmatic,14.09.2021 10:40:30,6028e36ad1e80652e41054ca,6028e407a1ba2a0d3d760566,com.mytalkingcatemma.ballerinagames,1.0,ru,Android OS 10 / API-29 (QP1A.190711.020/A013FXXU2AUB2),ff3c250c-0d64-4deb-9fb5-6abdae2c3b77,False,False,IR,1631616031.616941
0,could not receive ip address from ipfy,Error,/BuildNotice/0,MobileSDK,samsung SM-A013F,OpenGLES2,1.0,1.11.0,False,Programmatic1,Programmatic,14.09.2021 10:40:31,6028e36ad1e80652e41054ca,6028e407a1ba2a0d3d760566,com.mytalkingcatemma.ballerinagames,1.0,ru,Android OS 10 / API-29 (QP1A.190711.020/A013FXXU2AUB2),ff3c250c-0d64-4deb-9fb5-6abdae2c3b77,False,False,IR,1631616032.207554
0,An error occurred while sending the request,Error,/BuildNotice/0,MobileSDK,samsung SM-A013F,OpenGLES2,1.0,1.11.0,False,Programmatic1,Programmatic,14.09.2021 10:40:31,6028e36ad1e80652e41054ca,6028e407a1ba2a0d3d760566,com.mytalkingcatemma.ballerinagames,1.0,ru,Android OS 10 / API-29 (QP1A.190711.020/A013FXXU2AUB2),ff3c250c-0d64-4deb-9fb5-6abdae2c3b77,False,False,IR,1631616032.224956
0,could not receive ip address from ipfy,Error,/BuildNotice/0,MobileSDK,samsung SM-A013F,OpenGLES2,1.0,1.11.0,False,Programmatic1,Programmatic,14.09.2021 10:40:31,6028e36ad1e80652e41054ca,6028e407a1ba2a0d3d760566,com.mytalkingcatemma.ballerinagames,1.0,ru,Android OS 10 / API-29 (QP1A.190711.020/A013FXXU2AUB2),ff3c250c-0d64-4deb-9fb5-6abdae2c3b77,False,False,IR,1631616032.618118
0,An error occurred while sending the request,Error,/BuildNotice/0,MobileSDK,samsung SM-A013F,OpenGLES2,1.0,1.11.0,False,Programmatic1,Programmatic,14.09.2021 10:40:31,6028e36ad1e80652e41054ca,6028e407a1ba2a0d3d760566,com.mytalkingcatemma.ballerinagames,1.0,ru,Android OS 10 / API-29 (QP1A.190711.020/A013FXXU2AUB2),ff3c250c-0d64-4deb-9fb5-6abdae2c3b77,False,False,IR,1631616032.644521
0,could not receive ip address from ipfy,Error,/BuildNotice/0,MobileSDK,samsung SM-A013F,OpenGLES2,1.0,1.11.0,False,Programmatic1,Programmatic,14.09.2021 10:40:31,6028e36ad1e80652e41054ca,6028e407a1ba2a0d3d760566,com.mytalkingcatemma.ballerinagames,1.0,ru,Android OS 10 / API-29 (QP1A.190711.020/A013FXXU2AUB2),ff3c250c-0d64-4deb-9fb5-6abdae2c3b77,False,False,IR,1631616033.046608
0,An error occurred while sending the request,Error,/BuildNotice/0,MobileSDK,samsung SM-A013F,OpenGLES2,1.0,1.11.0,False,Programmatic1,Programmatic,14.09.2021 10:40:31,6028e36ad1e80652e41054ca,6028e407a1ba2a0d3d760566,com.mytalkingcatemma.ballerinagames,1.0,ru,Android OS 10 / API-29 (QP1A.190711.020/A013FXXU2AUB2),ff3c250c-0d64-4deb-9fb5-6abdae2c3b77,False,False,IR,1631616033.084393
0,could not receive ip address from ipfy,Error,/BuildNotice/0,MobileSDK,samsung SM-A013F,OpenGLES2,1.0,1.11.0,False,Programmatic1,Programmatic,14.09.2021 10:40:32,6028e36ad1e80652e41054ca,6028e407a1ba2a0d3d760566,com.mytalkingcatemma.ballerinagames,1.0,ru,Android OS 10 / API-29 (QP1A.190711.020/A013FXXU2AUB2),ff3c250c-0d64-4deb-9fb5-6abdae2c3b77,False,False,IR,1631616033.530391
0,An error occurred while sending the request,Error,/BuildNotice/0,MobileSDK,samsung SM-A013F,OpenGLES2,1.0,1.11.0,False,Programmatic1,Programmatic,14.09.2021 10:40:32,6028e36ad1e80652e41054ca,6028e407a1ba2a0d3d760566,com.mytalkingcatemma.ballerinagames,1.0,ru,Android OS 10 / API-29 (QP1A.190711.020/A013FXXU2AUB2),ff3c250c-0d64-4deb-9fb5-6abdae2c3b77,False,False,IR,1631616033.645941
0,could not receive ip address from ipfy,Error,/BuildNotice/0,MobileSDK,samsung SM-A013F,OpenGLES2,1.0,1.11.0,False,Programmatic1,Programmatic,14.09.2021 10:40:32,6028e36ad1e80652e41054ca,6028e407a1ba2a0d3d760566,com.mytalkingcatemma.ballerinagames,1.0,ru,Android OS 10 / API-29 (QP1A.190711.020/A013FXXU2AUB2),ff3c250c-0d64-4deb-9fb5-6abdae2c3b77,False,False,IR,1631616034.100995
0,An error occurred while sending the request,Error,/BuildNotice/0,MobileSDK,samsung SM-A013F,OpenGLES2,1.0,1.11.0,False,Programmatic1,Programmatic,14.09.2021 10:40:33,6028e36ad1e80652e41054ca,6028e407a1ba2a0d3d760566,com.mytalkingcatemma.ballerinagames,1.0,ru,Android OS 10 / API-29 (QP1A.190711.020/A013FXXU2AUB2),ff3c250c-0d64-4deb-9fb5-6abdae2c3b77,False,False,IR,1631616034.148829
0,could not receive ip address from ipfy,Error,/BuildNotice/0,MobileSDK,samsung SM-J415GN,OpenGLES2,1.0,1.11.0,False,Programmatic1,Programmatic,09/14/2021 10:38:52,6028e36ad1e80652e41054ca,609d69021c511f4b1d4df1c4,com.pregnantcatemma.virtualpet,1.0,iv,Android OS 9 / API-28 (PPR1.180610.011/J415GNDXU6BTJ1),f58c24f1-92a4-4e10-8566-db459c25a3cb,False,False,IN,1631616034.326971
0,An error occurred while sending the request,Error,/BuildNotice/0,MobileSDK,samsung SM-J415GN,OpenGLES2,1.0,1.11.0,False,Programmatic1,Programmatic,09/14/2021 10:38:52,6028e36ad1e80652e41054ca,609d69021c511f4b1d4df1c4,com.pregnantcatemma.virtualpet,1.0,iv,Android OS 9 / API-28 (PPR1.180610.011/J415GNDXU6BTJ1),f58c24f1-92a4-4e10-8566-db459c25a3cb,False,False,IN,1631616034.344036
0,could not receive ip address from ipfy,Error,/BuildNotice/0,MobileSDK,samsung SM-A013F,OpenGLES2,1.0,1.11.0,False,Programmatic1,Programmatic,14.09.2021 10:40:33,6028e36ad1e80652e41054ca,6028e407a1ba2a0d3d760566,com.mytalkingcatemma.ballerinagames,1.0,ru,Android OS 10 / API-29 (QP1A.190711.020/A013FXXU2AUB2),ff3c250c-0d64-4deb-9fb5-6abdae2c3b77,False,False,IR,1631616034.683036
0,An error occurred while sending the request,Error,/BuildNotice/0,MobileSDK,samsung SM-A013F,OpenGLES2,1.0,1.11.0,False,Programmatic1,Programmatic,14.09.2021 10:40:33,6028e36ad1e80652e41054ca,6028e407a1ba2a0d3d760566,com.mytalkingcatemma.ballerinagames,1.0,ru,Android OS 10 / API-29 (QP1A.190711.020/A013FXXU2AUB2),ff3c250c-0d64-4deb-9fb5-6abdae2c3b77,False,False,IR,1631616034.754481
0,could not receive ip address from ipfy,Error,/BuildNotice/0,MobileSDK,samsung SM-A013F,OpenGLES2,1.0,1.11.0,False,Programmatic1,Programmatic,14.09.2021 10:40:33,6028e36ad1e80652e41054ca,6028e407a1ba2a0d3d760566,com.mytalkingcatemma.ballerinagames,1.0,ru,Android OS 10 / API-29 (QP1A.190711.020/A013FXXU2AUB2),ff3c250c-0d64-4deb-9fb5-6abdae2c3b77,False,False,IR,1631616035.058184
0,An error occurred while sending the request,Error,/BuildNotice/0,MobileSDK,samsung SM-A013F,OpenGLES2,1.0,1.11.0,False,Programmatic1,Programmatic,14.09.2021 10:40:33,6028e36ad1e80652e41054ca,6028e407a1ba2a0d3d760566,com.mytalkingcatemma.ballerinagames,1.0,ru,Android OS 10 / API-29 (QP1A.190711.020/A013FXXU2AUB2),ff3c250c-0d64-4deb-9fb5-6abdae2c3b77,False,False,IR,1631616035.082229
0,could not receive ip address from ipfy,Error,/BuildNotice/0,MobileSDK,samsung SM-A013F,OpenGLES2,1.0,1.11.0,False,Programmatic1,Programmatic,14.09.2021 10:40:34,6028e36ad1e80652e41054ca,6028e407a1ba2a0d3d760566,com.mytalkingcatemma.ballerinagames,1.0,ru,Android OS 10 / API-29 (QP1A.190711.020/A013FXXU2AUB2),ff3c250c-0d64-4deb-9fb5-6abdae2c3b77,False,False,IR,1631616035.689887
0,An error occurred while sending the request,Error,/BuildNotice/0,MobileSDK,samsung SM-A013F,OpenGLES2,1.0,1.11.0,False,Programmatic1,Programmatic,14.09.2021 10:40:34,6028e36ad1e80652e41054ca,6028e407a1ba2a0d3d760566,com.mytalkingcatemma.ballerinagames,1.0,ru,Android OS 10 / API-29 (QP1A.190711.020/A013FXXU2AUB2),ff3c250c-0d64-4deb-9fb5-6abdae2c3b77,False,False,IR,1631616035.782618
0,could not receive ip address from ipfy,Error,/BuildNotice/0,MobileSDK,samsung SM-A013F,OpenGLES2,1.0,1.11.0,False,Programmatic1,Programmatic,14.09.2021 10:40:35,6028e36ad1e80652e41054ca,6028e407a1ba2a0d3d760566,com.mytalkingcatemma.ballerinagames,1.0,ru,Android OS 10 / API-29 (QP1A.190711.020/A013FXXU2AUB2),ff3c250c-0d64-4deb-9fb5-6abdae2c3b77,False,False,IR,1631616036.281028
0,An error occurred while sending the request,Error,/BuildNotice/0,MobileSDK,samsung SM-A013F,OpenGLES2,1.0,1.11.0,False,Programmatic1,Programmatic,14.09.2021 10:40:35,6028e36ad1e80652e41054ca,6028e407a1ba2a0d3d760566,com.mytalkingcatemma.ballerinagames,1.0,ru,Android OS 10 / API-29 (QP1A.190711.020/A013FXXU2AUB2),ff3c250c-0d64-4deb-9fb5-6abdae2c3b77,False,False,IR,1631616036.302289
0,could not receive ip address from ipfy,Error,/BuildNotice/0,MobileSDK,samsung SM-A013F,OpenGLES2,1.0,1.11.0,False,Programmatic1,Programmatic,14.09.2021 10:40:35,6028e36ad1e80652e41054ca,6028e407a1ba2a0d3d760566,com.mytalkingcatemma.ballerinagames,1.0,ru,Android OS 10 / API-29 (QP1A.190711.020/A013FXXU2AUB2),ff3c250c-0d64-4deb-9fb5-6abdae2c3b77,False,False,IR,1631616036.898953
0,An error occurred while sending the request,Error,/BuildNotice/0,MobileSDK,samsung SM-A013F,OpenGLES2,1.0,1.11.0,False,Programmatic1,Programmatic,14.09.2021 10:40:35,6028e36ad1e80652e41054ca,6028e407a1ba2a0d3d760566,com.mytalkingcatemma.ballerinagames,1.0,ru,Android OS 10 / API-29 (QP1A.190711.020/A013FXXU2AUB2),ff3c250c-0d64-4deb-9fb5-6abdae2c3b77,False,False,IR,1631616036.937548
0,could not receive ip address from ipfy,Error,/BuildNotice/0,MobileSDK,samsung SM-J415GN,OpenGLES2,1.0,1.11.0,False,Programmatic1,Programmatic,09/14/2021 10:38:55,6028e36ad1e80652e41054ca,609d69021c511f4b1d4df1c4,com.pregnantcatemma.virtualpet,1.0,iv,Android OS 9 / API-28 (PPR1.180610.011/J415GNDXU6BTJ1),f58c24f1-92a4-4e10-8566-db459c25a3cb,False,False,IN,1631616037.463535
0,An error occurred while sending the request,Error,/BuildNotice/0,MobileSDK,samsung SM-J415GN,OpenGLES2,1.0,1.11.0,False,Programmatic1,Programmatic,09/14/2021 10:38:55,6028e36ad1e80652e41054ca,609d69021c511f4b1d4df1c4,com.pregnantcatemma.virtualpet,1.0,iv,Android OS 9 / API-28 (PPR1.180610.011/J415GNDXU6BTJ1),f58c24f1-92a4-4e10-8566-db459c25a3cb,False,False,IN,1631616037.479901
0,could not receive ip address from ipfy,Error,/BuildNotice/0,MobileSDK,samsung SM-A013F,OpenGLES2,1.0,1.11.0,False,Programmatic1,Programmatic,14.09.2021 10:40:36,6028e36ad1e80652e41054ca,6028e407a1ba2a0d3d760566,com.mytalkingcatemma.ballerinagames,1.0,ru,Android OS 10 / API-29 (QP1A.190711.020/A013FXXU2AUB2),ff3c250c-0d64-4deb-9fb5-6abdae2c3b77,False,False,IR,1631616037.61442
0,An error occurred while sending the request,Error,/BuildNotice/0,MobileSDK,samsung SM-A013F,OpenGLES2,1.0,1.11.0,False,Programmatic1,Programmatic,14.09.2021 10:40:36,6028e36ad1e80652e41054ca,6028e407a1ba2a0d3d760566,com.mytalkingcatemma.ballerinagames,1.0,ru,Android OS 10 / API-29 (QP1A.190711.020/A013FXXU2AUB2),ff3c250c-0d64-4deb-9fb5-6abdae2c3b77,False,False,IR,1631616037.680756
0,could not receive ip address from ipfy,Error,/BuildNotice/0,MobileSDK,samsung SM-A013F,OpenGLES2,1.0,1.11.0,False,Programmatic1,Programmatic,14.09.2021 10:40:36,6028e36ad1e80652e41054ca,6028e407a1ba2a0d3d760566,com.mytalkingcatemma.ballerinagames,1.0,ru,Android OS 10 / API-29 (QP1A.190711.020/A013FXXU2AUB2),ff3c250c-0d64-4deb-9fb5-6abdae2c3b77,False,False,IR,1631616037.92686
0,An error occurred while sending the request,Error,/BuildNotice/0,MobileSDK,samsung SM-A013F,OpenGLES2,1.0,1.11.0,False,Programmatic1,Programmatic,14.09.2021 10:40:36,6028e36ad1e80652e41054ca,6028e407a1ba2a0d3d760566,com.mytalkingcatemma.ballerinagames,1.0,ru,Android OS 10 / API-29 (QP1A.190711.020/A013FXXU2AUB2),ff3c250c-0d64-4deb-9fb5-6abdae2c3b77,False,False,IR,1631616037.950135
0,could not receive ip address from ipfy,Error,/BuildNotice/0,MobileSDK,samsung SM-A013F,OpenGLES2,1.0,1.11.0,False,Programmatic1,Programmatic,14.09.2021 10:40:37,6028e36ad1e80652e41054ca,6028e407a1ba2a0d3d760566,com.mytalkingcatemma.ballerinagames,1.0,ru,Android OS 10 / API-29 (QP1A.190711.020/A013FXXU2AUB2),ff3c250c-0d64-4deb-9fb5-6abdae2c3b77,False,False,IR,1631616038.320397
0,An error occurred while sending the request,Error,/BuildNotice/0,MobileSDK,samsung SM-A013F,OpenGLES2,1.0,1.11.0,False,Programmatic1,Programmatic,14.09.2021 10:40:37,6028e36ad1e80652e41054ca,6028e407a1ba2a0d3d760566,com.mytalkingcatemma.ballerinagames,1.0,ru,Android OS 10 / API-29 (QP1A.190711.020/A013FXXU2AUB2),ff3c250c-0d64-4deb-9fb5-6abdae2c3b77,False,False,IR,1631616038.355373
0,could not receive ip address from ipfy,Error,/BuildNotice/0,MobileSDK,samsung SM-A013F,OpenGLES2,1.0,1.11.0,False,Programmatic1,Programmatic,14.09.2021 10:40:37,6028e36ad1e80652e41054ca,6028e407a1ba2a0d3d760566,com.mytalkingcatemma.ballerinagames,1.0,ru,Android OS 10 / API-29 (QP1A.190711.020/A013FXXU2AUB2),ff3c250c-0d64-4deb-9fb5-6abdae2c3b77,False,False,IR,1631616038.728124
0,An error occurred while sending the request,Error,/BuildNotice/0,MobileSDK,samsung SM-A013F,OpenGLES2,1.0,1.11.0,False,Programmatic1,Programmatic,14.09.2021 10:40:37,6028e36ad1e80652e41054ca,6028e407a1ba2a0d3d760566,com.mytalkingcatemma.ballerinagames,1.0,ru,Android OS 10 / API-29 (QP1A.190711.020/A013FXXU2AUB2),ff3c250c-0d64-4deb-9fb5-6abdae2c3b77,False,False,IR,1631616038.745516
0,could not receive ip address from ipfy,Error,/BuildNotice/0,MobileSDK,samsung SM-A013F,OpenGLES2,1.0,1.11.0,False,Programmatic1,Programmatic,14.09.2021 10:40:39,6028e36ad1e80652e41054ca,6028e407a1ba2a0d3d760566,com.mytalkingcatemma.ballerinagames,1.0,ru,Android OS 10 / API-29 (QP1A.190711.020/A013FXXU2AUB2),ff3c250c-0d64-4deb-9fb5-6abdae2c3b77,False,False,IR,1631616040.355698
0,An error occurred while sending the request,Error,/BuildNotice/0,MobileSDK,samsung SM-A013F,OpenGLES2,1.0,1.11.0,False,Programmatic1,Programmatic,14.09.2021 10:40:39,6028e36ad1e80652e41054ca,6028e407a1ba2a0d3d760566,com.mytalkingcatemma.ballerinagames,1.0,ru,Android OS 10 / API-29 (QP1A.190711.020/A013FXXU2AUB2),ff3c250c-0d64-4deb-9fb5-6abdae2c3b77,False,False,IR,1631616040.388447
0,could not receive ip address from ipfy,Error,/BuildNotice/0,MobileSDK,samsung SM-J415GN,OpenGLES2,1.0,1.11.0,False,Programmatic1,Programmatic,09/14/2021 10:38:58,6028e36ad1e80652e41054ca,609d69021c511f4b1d4df1c4,com.pregnantcatemma.virtualpet,1.0,iv,Android OS 9 / API-28 (PPR1.180610.011/J415GNDXU6BTJ1),f58c24f1-92a4-4e10-8566-db459c25a3cb,False,False,IN,1631616040.59849
0,An error occurred while sending the request,Error,/BuildNotice/0,MobileSDK,samsung SM-J415GN,OpenGLES2,1.0,1.11.0,False,Programmatic1,Programmatic,09/14/2021 10:38:58,6028e36ad1e80652e41054ca,609d69021c511f4b1d4df1c4,com.pregnantcatemma.virtualpet,1.0,iv,Android OS 9 / API-28 (PPR1.180610.011/J415GNDXU6BTJ1),f58c24f1-92a4-4e10-8566-db459c25a3cb,False,False,IN,1631616040.614152
0,could not receive ip address from ipfy,Error,/BuildNotice/0,MobileSDK,samsung SM-A013F,OpenGLES2,1.0,1.11.0,False,Programmatic1,Programmatic,14.09.2021 10:40:39,6028e36ad1e80652e41054ca,6028e407a1ba2a0d3d760566,com.mytalkingcatemma.ballerinagames,1.0,ru,Android OS 10 / API-29 (QP1A.190711.020/A013FXXU2AUB2),ff3c250c-0d64-4deb-9fb5-6abdae2c3b77,False,False,IR,1631616040.816233
0,An error occurred while sending the request,Error,/BuildNotice/0,MobileSDK,samsung SM-A013F,OpenGLES2,1.0,1.11.0,False,Programmatic1,Programmatic,14.09.2021 10:40:39,6028e36ad1e80652e41054ca,6028e407a1ba2a0d3d760566,com.mytalkingcatemma.ballerinagames,1.0,ru,Android OS 10 / API-29 (QP1A.190711.020/A013FXXU2AUB2),ff3c250c-0d64-4deb-9fb5-6abdae2c3b77,False,False,IR,1631616041.174092
0,could not receive ip address from ipfy,Error,/BuildNotice/0,MobileSDK,samsung SM-A013F,OpenGLES2,1.0,1.11.0,False,Programmatic1,Programmatic,14.09.2021 10:40:40,6028e36ad1e80652e41054ca,6028e407a1ba2a0d3d760566,com.mytalkingcatemma.ballerinagames,1.0,ru,Android OS 10 / API-29 (QP1A.190711.020/A013FXXU2AUB2),ff3c250c-0d64-4deb-9fb5-6abdae2c3b77,False,False,IR,1631616041.794341
0,An error occurred while sending the request,Error,/BuildNotice/0,MobileSDK,samsung SM-A013F,OpenGLES2,1.0,1.11.0,False,Programmatic1,Programmatic,14.09.2021 10:40:40,6028e36ad1e80652e41054ca,6028e407a1ba2a0d3d760566,com.mytalkingcatemma.ballerinagames,1.0,ru,Android OS 10 / API-29 (QP1A.190711.020/A013FXXU2AUB2),ff3c250c-0d64-4deb-9fb5-6abdae2c3b77,False,False,IR,1631616042.001961
0,could not receive ip address from ipfy,Error,/BuildNotice/0,MobileSDK,samsung SM-A013F,OpenGLES2,1.0,1.11.0,False,Programmatic1,Programmatic,14.09.2021 10:40:41,6028e36ad1e80652e41054ca,6028e407a1ba2a0d3d760566,com.mytalkingcatemma.ballerinagames,1.0,ru,Android OS 10 / API-29 (QP1A.190711.020/A013FXXU2AUB2),ff3c250c-0d64-4deb-9fb5-6abdae2c3b77,False,False,IR,1631616042.467893
0,An error occurred while sending the request,Error,/BuildNotice/0,MobileSDK,samsung SM-A013F,OpenGLES2,1.0,1.11.0,False,Programmatic1,Programmatic,14.09.2021 10:40:41,6028e36ad1e80652e41054ca,6028e407a1ba2a0d3d760566,com.mytalkingcatemma.ballerinagames,1.0,ru,Android OS 10 / API-29 (QP1A.190711.020/A013FXXU2AUB2),ff3c250c-0d64-4deb-9fb5-6abdae2c3b77,False,False,IR,1631616042.804935
0,could not receive ip address from ipfy,Error,/BuildNotice/0,MobileSDK,samsung SM-A013F,OpenGLES2,1.0,1.11.0,False,Programmatic1,Programmatic,14.09.2021 10:40:42,6028e36ad1e80652e41054ca,6028e407a1ba2a0d3d760566,com.mytalkingcatemma.ballerinagames,1.0,ru,Android OS 10 / API-29 (QP1A.190711.020/A013FXXU2AUB2),ff3c250c-0d64-4deb-9fb5-6abdae2c3b77,False,False,IR,1631616043.467363
0,An error occurred while sending the request,Error,/BuildNotice/0,MobileSDK,samsung SM-A013F,OpenGLES2,1.0,1.11.0,False,Programmatic1,Programmatic,14.09.2021 10:40:42,6028e36ad1e80652e41054ca,6028e407a1ba2a0d3d760566,com.mytalkingcatemma.ballerinagames,1.0,ru,Android OS 10 / API-29 (QP1A.190711.020/A013FXXU2AUB2),ff3c250c-0d64-4deb-9fb5-6abdae2c3b77,False,False,IR,1631616043.483026
0,could not receive ip address from ipfy,Error,/BuildNotice/0,MobileSDK,samsung SM-J415GN,OpenGLES2,1.0,1.11.0,False,Programmatic1,Programmatic,09/14/2021 10:39:01,6028e36ad1e80652e41054ca,609d69021c511f4b1d4df1c4,com.pregnantcatemma.virtualpet,1.0,iv,Android OS 9 / API-28 (PPR1.180610.011/J415GNDXU6BTJ1),f58c24f1-92a4-4e10-8566-db459c25a3cb,False,False,IN,1631616043.775383
0,An error occurred while sending the request,Error,/BuildNotice/0,MobileSDK,samsung SM-J415GN,OpenGLES2,1.0,1.11.0,False,Programmatic1,Programmatic,09/14/2021 10:39:01,6028e36ad1e80652e41054ca,609d69021c511f4b1d4df1c4,com.pregnantcatemma.virtualpet,1.0,iv,Android OS 9 / API-28 (PPR1.180610.011/J415GNDXU6BTJ1),f58c24f1-92a4-4e10-8566-db459c25a3cb,False,False,IN,1631616043.79739
0,could not receive ip address from ipfy,Error,/BuildNotice/0,MobileSDK,samsung SM-A013F,OpenGLES2,1.0,1.11.0,False,Programmatic1,Programmatic,14.09.2021 10:40:42,6028e36ad1e80652e41054ca,6028e407a1ba2a0d3d760566,com.mytalkingcatemma.ballerinagames,1.0,ru,Android OS 10 / API-29 (QP1A.190711.020/A013FXXU2AUB2),ff3c250c-0d64-4deb-9fb5-6abdae2c3b77,False,False,IR,1631616043.882333
0,An error occurred while sending the request,Error,/BuildNotice/0,MobileSDK,samsung SM-A013F,OpenGLES2,1.0,1.11.0,False,Programmatic1,Programmatic,14.09.2021 10:40:42,6028e36ad1e80652e41054ca,6028e407a1ba2a0d3d760566,com.mytalkingcatemma.ballerinagames,1.0,ru,Android OS 10 / API-29 (QP1A.190711.020/A013FXXU2AUB2),ff3c250c-0d64-4deb-9fb5-6abdae2c3b77,False,False,IR,1631616043.903585
0,could not receive ip address from ipfy,Error,/BuildNotice/0,MobileSDK,samsung SM-A013F,OpenGLES2,1.0,1.11.0,False,Programmatic1,Programmatic,14.09.2021 10:40:43,6028e36ad1e80652e41054ca,6028e407a1ba2a0d3d760566,com.mytalkingcatemma.ballerinagames,1.0,ru,Android OS 10 / API-29 (QP1A.190711.020/A013FXXU2AUB2),ff3c250c-0d64-4deb-9fb5-6abdae2c3b77,False,False,IR,1631616044.899141
0,An error occurred while sending the request,Error,/BuildNotice/0,MobileSDK,samsung SM-A013F,OpenGLES2,1.0,1.11.0,False,Programmatic1,Programmatic,14.09.2021 10:40:43,6028e36ad1e80652e41054ca,6028e407a1ba2a0d3d760566,com.mytalkingcatemma.ballerinagames,1.0,ru,Android OS 10 / API-29 (QP1A.190711.020/A013FXXU2AUB2),ff3c250c-0d64-4deb-9fb5-6abdae2c3b77,False,False,IR,1631616044.928635
0,could not receive ip address from ipfy,Error,/BuildNotice/0,MobileSDK,samsung SM-A013F,OpenGLES2,1.0,1.11.0,False,Programmatic1,Programmatic,14.09.2021 10:40:45,6028e36ad1e80652e41054ca,6028e407a1ba2a0d3d760566,com.mytalkingcatemma.ballerinagames,1.0,ru,Android OS 10 / API-29 (QP1A.190711.020/A013FXXU2AUB2),ff3c250c-0d64-4deb-9fb5-6abdae2c3b77,False,False,IR,1631616046.258139
0,An error occurred while sending the request,Error,/BuildNotice/0,MobileSDK,samsung SM-A013F,OpenGLES2,1.0,1.11.0,False,Programmatic1,Programmatic,14.09.2021 10:40:45,6028e36ad1e80652e41054ca,6028e407a1ba2a0d3d760566,com.mytalkingcatemma.ballerinagames,1.0,ru,Android OS 10 / API-29 (QP1A.190711.020/A013FXXU2AUB2),ff3c250c-0d64-4deb-9fb5-6abdae2c3b77,False,False,IR,1631616046.317413
0,could not receive ip address from ipfy,Error,/BuildNotice/0,MobileSDK,samsung SM-A013F,OpenGLES2,1.0,1.11.0,False,Programmatic1,Programmatic,14.09.2021 10:40:45,6028e36ad1e80652e41054ca,6028e407a1ba2a0d3d760566,com.mytalkingcatemma.ballerinagames,1.0,ru,Android OS 10 / API-29 (QP1A.190711.020/A013FXXU2AUB2),ff3c250c-0d64-4deb-9fb5-6abdae2c3b77,False,False,IR,1631616046.707634
0,An error occurred while sending the request,Error,/BuildNotice/0,MobileSDK,samsung SM-A013F,OpenGLES2,1.0,1.11.0,False,Programmatic1,Programmatic,14.09.2021 10:40:45,6028e36ad1e80652e41054ca,6028e407a1ba2a0d3d760566,com.mytalkingcatemma.ballerinagames,1.0,ru,Android OS 10 / API-29 (QP1A.190711.020/A013FXXU2AUB2),ff3c250c-0d64-4deb-9fb5-6abdae2c3b77,False,False,IR,1631616046.755923
0,An error occurred while sending the request,Error,/BuildNotice/0,MobileSDK,HUAWEI DUB-LX2,OpenGLES2,1.0,1.11.0,False,Programmatic1,Programmatic,09/14/2021 10:40:42,6028e36ad1e80652e41054ca,609d69021c511f4b1d4df1c4,com.pregnantcatemma.virtualpet,1.0,iv,Android OS 8.1.0 / API-27 (HUAWEIDUB-LX2/151(C636)),4b81c757-414d-4ae9-a8a5-19678531872c,False,False,ID,1631616046.958886
0,could not receive ip address from ipfy,Error,/BuildNotice/0,MobileSDK,samsung SM-J415GN,OpenGLES2,1.0,1.11.0,False,Programmatic1,Programmatic,09/14/2021 10:39:04,6028e36ad1e80652e41054ca,609d69021c511f4b1d4df1c4,com.pregnantcatemma.virtualpet,1.0,iv,Android OS 9 / API-28 (PPR1.180610.011/J415GNDXU6BTJ1),f58c24f1-92a4-4e10-8566-db459c25a3cb,False,False,IN,1631616046.978907
0,could not receive ip address from ipfy,Error,/BuildNotice/0,MobileSDK,HUAWEI DUB-LX2,OpenGLES2,1.0,1.11.0,False,Programmatic1,Programmatic,09/14/2021 10:40:42,6028e36ad1e80652e41054ca,609d69021c511f4b1d4df1c4,com.pregnantcatemma.virtualpet,1.0,iv,Android OS 8.1.0 / API-27 (HUAWEIDUB-LX2/151(C636)),4b81c757-414d-4ae9-a8a5-19678531872c,False,False,ID,1631616046.998342
0,An error occurred while sending the request,Error,/BuildNotice/0,MobileSDK,samsung SM-J415GN,OpenGLES2,1.0,1.11.0,False,Programmatic1,Programmatic,09/14/2021 10:39:04,6028e36ad1e80652e41054ca,609d69021c511f4b1d4df1c4,com.pregnantcatemma.virtualpet,1.0,iv,Android OS 9 / API-28 (PPR1.180610.011/J415GNDXU6BTJ1),f58c24f1-92a4-4e10-8566-db459c25a3cb,False,False,IN,1631616047.018204
0,could not receive ip address from ipfy,Error,/BuildNotice/0,MobileSDK,samsung SM-A013F,OpenGLES2,1.0,1.11.0,False,Programmatic1,Programmatic,14.09.2021 10:40:45,6028e36ad1e80652e41054ca,6028e407a1ba2a0d3d760566,com.mytalkingcatemma.ballerinagames,1.0,ru,Android OS 10 / API-29 (QP1A.190711.020/A013FXXU2AUB2),ff3c250c-0d64-4deb-9fb5-6abdae2c3b77,False,False,IR,1631616047.096138
0,An error occurred while sending the request,Error,/BuildNotice/0,MobileSDK,samsung SM-A013F,OpenGLES2,1.0,1.11.0,False,Programmatic1,Programmatic,14.09.2021 10:40:45,6028e36ad1e80652e41054ca,6028e407a1ba2a0d3d760566,com.mytalkingcatemma.ballerinagames,1.0,ru,Android OS 10 / API-29 (QP1A.190711.020/A013FXXU2AUB2),ff3c250c-0d64-4deb-9fb5-6abdae2c3b77,False,False,IR,1631616047.126286
0,could not receive ip address from ipfy,Error,/BuildNotice/0,MobileSDK,samsung SM-A013F,OpenGLES2,1.0,1.11.0,False,Programmatic1,Programmatic,14.09.2021 10:40:46,6028e36ad1e80652e41054ca,6028e407a1ba2a0d3d760566,com.mytalkingcatemma.ballerinagames,1.0,ru,Android OS 10 / API-29 (QP1A.190711.020/A013FXXU2AUB2),ff3c250c-0d64-4deb-9fb5-6abdae2c3b77,False,False,IR,1631616047.487113
0,An error occurred while sending the request,Error,/BuildNotice/0,MobileSDK,samsung SM-A013F,OpenGLES2,1.0,1.11.0,False,Programmatic1,Programmatic,14.09.2021 10:40:46,6028e36ad1e80652e41054ca,6028e407a1ba2a0d3d760566,com.mytalkingcatemma.ballerinagames,1.0,ru,Android OS 10 / API-29 (QP1A.190711.020/A013FXXU2AUB2),ff3c250c-0d64-4deb-9fb5-6abdae2c3b77,False,False,IR,1631616047.508133
0,could not receive ip address from ipfy,Error,/BuildNotice/0,MobileSDK,samsung SM-A013F,OpenGLES2,1.0,1.11.0,False,Programmatic1,Programmatic,14.09.2021 10:40:46,6028e36ad1e80652e41054ca,6028e407a1ba2a0d3d760566,com.mytalkingcatemma.ballerinagames,1.0,ru,Android OS 10 / API-29 (QP1A.190711.020/A013FXXU2AUB2),ff3c250c-0d64-4deb-9fb5-6abdae2c3b77,False,False,IR,1631616047.977368
0,An error occurred while sending the request,Error,/BuildNotice/0,MobileSDK,samsung SM-A013F,OpenGLES2,1.0,1.11.0,False,Programmatic1,Programmatic,14.09.2021 10:40:46,6028e36ad1e80652e41054ca,6028e407a1ba2a0d3d760566,com.mytalkingcatemma.ballerinagames,1.0,ru,Android OS 10 / API-29 (QP1A.190711.020/A013FXXU2AUB2),ff3c250c-0d64-4deb-9fb5-6abdae2c3b77,False,False,IR,1631616048.233842
0,could not receive ip address from ipfy,Error,/BuildNotice/0,MobileSDK,samsung SM-A013F,OpenGLES2,1.0,1.11.0,False,Programmatic1,Programmatic,14.09.2021 10:40:47,6028e36ad1e80652e41054ca,6028e407a1ba2a0d3d760566,com.mytalkingcatemma.ballerinagames,1.0,ru,Android OS 10 / API-29 (QP1A.190711.020/A013FXXU2AUB2),ff3c250c-0d64-4deb-9fb5-6abdae2c3b77,False,False,IR,1631616048.509703
0,An error occurred while sending the request,Error,/BuildNotice/0,MobileSDK,samsung SM-A013F,OpenGLES2,1.0,1.11.0,False,Programmatic1,Programmatic,14.09.2021 10:40:47,6028e36ad1e80652e41054ca,6028e407a1ba2a0d3d760566,com.mytalkingcatemma.ballerinagames,1.0,ru,Android OS 10 / API-29 (QP1A.190711.020/A013FXXU2AUB2),ff3c250c-0d64-4deb-9fb5-6abdae2c3b77,False,False,IR,1631616048.541685
0,could not receive ip address from ipfy,Error,/BuildNotice/0,MobileSDK,samsung SM-A013F,OpenGLES2,1.0,1.11.0,False,Programmatic1,Programmatic,14.09.2021 10:40:47,6028e36ad1e80652e41054ca,6028e407a1ba2a0d3d760566,com.mytalkingcatemma.ballerinagames,1.0,ru,Android OS 10 / API-29 (QP1A.190711.020/A013FXXU2AUB2),ff3c250c-0d64-4deb-9fb5-6abdae2c3b77,False,False,IR,1631616049.055736
0,An error occurred while sending the request,Error,/BuildNotice/0,MobileSDK,samsung SM-A013F,OpenGLES2,1.0,1.11.0,False,Programmatic1,Programmatic,14.09.2021 10:40:47,6028e36ad1e80652e41054ca,6028e407a1ba2a0d3d760566,com.mytalkingcatemma.ballerinagames,1.0,ru,Android OS 10 / API-29 (QP1A.190711.020/A013FXXU2AUB2),ff3c250c-0d64-4deb-9fb5-6abdae2c3b77,False,False,IR,1631616049.091477
0,could not receive ip address from ipfy,Error,/BuildNotice/0,MobileSDK,samsung SM-A013F,OpenGLES2,1.0,1.11.0,False,Programmatic1,Programmatic,14.09.2021 10:40:48,6028e36ad1e80652e41054ca,6028e407a1ba2a0d3d760566,com.mytalkingcatemma.ballerinagames,1.0,ru,Android OS 10 / API-29 (QP1A.190711.020/A013FXXU2AUB2),ff3c250c-0d64-4deb-9fb5-6abdae2c3b77,False,False,IR,1631616049.514002
0,An error occurred while sending the request,Error,/BuildNotice/0,MobileSDK,samsung SM-A013F,OpenGLES2,1.0,1.11.0,False,Programmatic1,Programmatic,14.09.2021 10:40:48,6028e36ad1e80652e41054ca,6028e407a1ba2a0d3d760566,com.mytalkingcatemma.ballerinagames,1.0,ru,Android OS 10 / API-29 (QP1A.190711.020/A013FXXU2AUB2),ff3c250c-0d64-4deb-9fb5-6abdae2c3b77,False,False,IR,1631616049.545844
0,could not receive ip address from ipfy,Error,/BuildNotice/0,MobileSDK,samsung SM-J500H,OpenGLES2,1.0,1.11.0,False,Programmatic1,Programmatic,09/14/2021 10:39:55,6028e36ad1e80652e41054ca,609d69021c511f4b1d4df1c4,com.pregnantcatemma.virtualpet,1.0,iv,Android OS 5.1.1 / API-22 (LMY48B/J500HXXU1AOI1),228c5992-1060-4e1c-a60b-a6f10992df29,False,False,IN,1631616049.635055
0,An error occurred while sending the request,Error,/BuildNotice/0,MobileSDK,samsung SM-J500H,OpenGLES2,1.0,1.11.0,False,Programmatic1,Programmatic,09/14/2021 10:39:55,6028e36ad1e80652e41054ca,609d69021c511f4b1d4df1c4,com.pregnantcatemma.virtualpet,1.0,iv,Android OS 5.1.1 / API-22 (LMY48B/J500HXXU1AOI1),228c5992-1060-4e1c-a60b-a6f10992df29,False,False,IN,1631616049.655656
0,could not receive ip address from ipfy,Error,/BuildNotice/0,MobileSDK,samsung SM-A013F,OpenGLES2,1.0,1.11.0,False,Programmatic1,Programmatic,14.09.2021 10:40:48,6028e36ad1e80652e41054ca,6028e407a1ba2a0d3d760566,com.mytalkingcatemma.ballerinagames,1.0,ru,Android OS 10 / API-29 (QP1A.190711.020/A013FXXU2AUB2),ff3c250c-0d64-4deb-9fb5-6abdae2c3b77,False,False,IR,1631616050.228743
0,could not receive ip address from ipfy,Error,/BuildNotice/0,MobileSDK,samsung SM-J415GN,OpenGLES2,1.0,1.11.0,False,Programmatic1,Programmatic,09/14/2021 10:39:08,6028e36ad1e80652e41054ca,609d69021c511f4b1d4df1c4,com.pregnantcatemma.virtualpet,1.0,iv,Android OS 9 / API-28 (PPR1.180610.011/J415GNDXU6BTJ1),f58c24f1-92a4-4e10-8566-db459c25a3cb,False,False,IN,1631616050.290493
0,An error occurred while sending the request,Error,/BuildNotice/0,MobileSDK,samsung SM-A013F,OpenGLES2,1.0,1.11.0,False,Programmatic1,Programmatic,14.09.2021 10:40:48,6028e36ad1e80652e41054ca,6028e407a1ba2a0d3d760566,com.mytalkingcatemma.ballerinagames,1.0,ru,Android OS 10 / API-29 (QP1A.190711.020/A013FXXU2AUB2),ff3c250c-0d64-4deb-9fb5-6abdae2c3b77,False,False,IR,1631616050.305772
0,An error occurred while sending the request,Error,/BuildNotice/0,MobileSDK,samsung SM-J415GN,OpenGLES2,1.0,1.11.0,False,Programmatic1,Programmatic,09/14/2021 10:39:08,6028e36ad1e80652e41054ca,609d69021c511f4b1d4df1c4,com.pregnantcatemma.virtualpet,1.0,iv,Android OS 9 / API-28 (PPR1.180610.011/J415GNDXU6BTJ1),f58c24f1-92a4-4e10-8566-db459c25a3cb,False,False,IN,1631616050.321474
0,An error occurred while sending the request,Error,/BuildNotice/0,MobileSDK,samsung SM-A013F,OpenGLES2,1.0,1.11.0,False,Programmatic1,Programmatic,14.09.2021 10:40:49,6028e36ad1e80652e41054ca,6028e407a1ba2a0d3d760566,com.mytalkingcatemma.ballerinagames,1.0,ru,Android OS 10 / API-29 (QP1A.190711.020/A013FXXU2AUB2),ff3c250c-0d64-4deb-9fb5-6abdae2c3b77,False,False,IR,1631616050.591821
0,could not receive ip address from ipfy,Error,/BuildNotice/0,MobileSDK,samsung SM-A013F,OpenGLES2,1.0,1.11.0,False,Programmatic1,Programmatic,14.09.2021 10:40:49,6028e36ad1e80652e41054ca,6028e407a1ba2a0d3d760566,com.mytalkingcatemma.ballerinagames,1.0,ru,Android OS 10 / API-29 (QP1A.190711.020/A013FXXU2AUB2),ff3c250c-0d64-4deb-9fb5-6abdae2c3b77,False,False,IR,1631616050.607914
0,could not receive ip address from ipfy,Error,/BuildNotice/0,MobileSDK,samsung SM-J500H,OpenGLES2,1.0,1.11.0,False,Programmatic1,Programmatic,09/14/2021 10:39:56,6028e36ad1e80652e41054ca,609d69021c511f4b1d4df1c4,com.pregnantcatemma.virtualpet,1.0,iv,Android OS 5.1.1 / API-22 (LMY48B/J500HXXU1AOI1),228c5992-1060-4e1c-a60b-a6f10992df29,False,False,IN,1631616050.634296
0,An error occurred while sending the request,Error,/BuildNotice/0,MobileSDK,samsung SM-J500H,OpenGLES2,1.0,1.11.0,False,Programmatic1,Programmatic,09/14/2021 10:39:56,6028e36ad1e80652e41054ca,609d69021c511f4b1d4df1c4,com.pregnantcatemma.virtualpet,1.0,iv,Android OS 5.1.1 / API-22 (LMY48B/J500HXXU1AOI1),228c5992-1060-4e1c-a60b-a6f10992df29,False,False,IN,1631616050.682524
0,could not receive ip address from ipfy,Error,/BuildNotice/0,MobileSDK,samsung SM-A013F,OpenGLES2,1.0,1.11.0,False,Programmatic1,Programmatic,14.09.2021 10:40:49,6028e36ad1e80652e41054ca,6028e407a1ba2a0d3d760566,com.mytalkingcatemma.ballerinagames,1.0,ru,Android OS 10 / API-29 (QP1A.190711.020/A013FXXU2AUB2),ff3c250c-0d64-4deb-9fb5-6abdae2c3b77,False,False,IR,1631616050.958558
0,An error occurred while sending the request,Error,/BuildNotice/0,MobileSDK,samsung SM-A013F,OpenGLES2,1.0,1.11.0,False,Programmatic1,Programmatic,14.09.2021 10:40:49,6028e36ad1e80652e41054ca,6028e407a1ba2a0d3d760566,com.mytalkingcatemma.ballerinagames,1.0,ru,Android OS 10 / API-29 (QP1A.190711.020/A013FXXU2AUB2),ff3c250c-0d64-4deb-9fb5-6abdae2c3b77,False,False,IR,1631616050.976234
0,could not receive ip address from ipfy,Error,/BuildNotice/0,MobileSDK,samsung SM-A013F,OpenGLES2,1.0,1.11.0,False,Programmatic1,Programmatic,14.09.2021 10:40:50,6028e36ad1e80652e41054ca,6028e407a1ba2a0d3d760566,com.mytalkingcatemma.ballerinagames,1.0,ru,Android OS 10 / API-29 (QP1A.190711.020/A013FXXU2AUB2),ff3c250c-0d64-4deb-9fb5-6abdae2c3b77,False,False,IR,1631616051.360333
0,An error occurred while sending the request,Error,/BuildNotice/0,MobileSDK,samsung SM-A013F,OpenGLES2,1.0,1.11.0,False,Programmatic1,Programmatic,14.09.2021 10:40:50,6028e36ad1e80652e41054ca,6028e407a1ba2a0d3d760566,com.mytalkingcatemma.ballerinagames,1.0,ru,Android OS 10 / API-29 (QP1A.190711.020/A013FXXU2AUB2),ff3c250c-0d64-4deb-9fb5-6abdae2c3b77,False,False,IR,1631616051.380556
0,could not receive ip address from ipfy,Error,/BuildNotice/0,MobileSDK,samsung SM-J500H,OpenGLES2,1.0,1.11.0,False,Programmatic1,Programmatic,09/14/2021 10:39:57,6028e36ad1e80652e41054ca,609d69021c511f4b1d4df1c4,com.pregnantcatemma.virtualpet,1.0,iv,Android OS 5.1.1 / API-22 (LMY48B/J500HXXU1AOI1),228c5992-1060-4e1c-a60b-a6f10992df29,False,False,IN,1631616051.625006
0,An error occurred while sending the request,Error,/BuildNotice/0,MobileSDK,samsung SM-J500H,OpenGLES2,1.0,1.11.0,False,Programmatic1,Programmatic,09/14/2021 10:39:57,6028e36ad1e80652e41054ca,609d69021c511f4b1d4df1c4,com.pregnantcatemma.virtualpet,1.0,iv,Android OS 5.1.1 / API-22 (LMY48B/J500HXXU1AOI1),228c5992-1060-4e1c-a60b-a6f10992df29,False,False,IN,1631616051.643811
0,could not receive ip address from ipfy,Error,/BuildNotice/0,MobileSDK,samsung SM-A013F,OpenGLES2,1.0,1.11.0,False,Programmatic1,Programmatic,14.09.2021 10:40:50,6028e36ad1e80652e41054ca,6028e407a1ba2a0d3d760566,com.mytalkingcatemma.ballerinagames,1.0,ru,Android OS 10 / API-29 (QP1A.190711.020/A013FXXU2AUB2),ff3c250c-0d64-4deb-9fb5-6abdae2c3b77,False,False,IR,1631616051.767519
0,An error occurred while sending the request,Error,/BuildNotice/0,MobileSDK,samsung SM-A013F,OpenGLES2,1.0,1.11.0,False,Programmatic1,Programmatic,14.09.2021 10:40:50,6028e36ad1e80652e41054ca,6028e407a1ba2a0d3d760566,com.mytalkingcatemma.ballerinagames,1.0,ru,Android OS 10 / API-29 (QP1A.190711.020/A013FXXU2AUB2),ff3c250c-0d64-4deb-9fb5-6abdae2c3b77,False,False,IR,1631616051.785124
0,An error occurred while sending the request,Error,/BuildNotice/0,MobileSDK,samsung SM-A107F,OpenGLES2,1.0,1.10.2,False,Programmatic1,Programmatic,09/11/2021 10:04:57,611bdadcd4e35d332f3d5e66,611be843d5491c7d0a6ab0ce,com.thg.battleops.shooting.game,1.0,iv,Android OS 10 / API-29 (QP1A.190711.020/A107FXXU8BUF1),66d0be28-32fd-4e83-a682-d524e39f8881,True,False,IN,1631354701.684624
0,could not receive ip address from ipfy,Error,/BuildNotice/0,MobileSDK,samsung SM-A107F,OpenGLES2,1.0,1.10.2,False,Programmatic1,Programmatic,09/11/2021 10:04:57,611bdadcd4e35d332f3d5e66,611be843d5491c7d0a6ab0ce,com.thg.battleops.shooting.game,1.0,iv,Android OS 10 / API-29 (QP1A.190711.020/A107FXXU8BUF1),66d0be28-32fd-4e83-a682-d524e39f8881,True,False,IN,1631354701.851922
0,could not receive ip address from ipfy,Error,/BuildNotice/0,MobileSDK,samsung SM-A107F,OpenGLES2,1.0,1.10.2,False,Programmatic1,Programmatic,09/11/2021 10:05:01,611bdadcd4e35d332f3d5e66,611be843d5491c7d0a6ab0ce,com.thg.battleops.shooting.game,1.0,iv,Android OS 10 / API-29 (QP1A.190711.020/A107FXXU8BUF1),1ad54c52-69e6-4c3d-a595-d1b8edbcffdb,True,False,IN,1631354702.564512
0,An error occurred while sending the request,Error,/BuildNotice/0,MobileSDK,samsung SM-A107F,OpenGLES2,1.0,1.10.2,False,Programmatic1,Programmatic,09/11/2021 10:05:01,611bdadcd4e35d332f3d5e66,611be843d5491c7d0a6ab0ce,com.thg.battleops.shooting.game,1.0,iv,Android OS 10 / API-29 (QP1A.190711.020/A107FXXU8BUF1),1ad54c52-69e6-4c3d-a595-d1b8edbcffdb,True,False,IN,1631354702.674056
0,An error occurred while sending the request,Error,/BuildNotice/0,MobileSDK,samsung SM-A207F,OpenGLES2,1.0,1.10.2,False,Programmatic1,Programmatic,09/11/2021 10:05:01,611bdadcd4e35d332f3d5e66,611be843d5491c7d0a6ab0ce,com.thg.battleops.shooting.game,1.0,iv,Android OS 10 / API-29 (QP1A.190711.020/A207FXXU2BTI1),af11587d-a591-4f19-8a8f-70217ed2a8e0,True,False,IN,1631354704.220554
0,An error occurred while sending the request,Error,/BuildNotice/0,MobileSDK,samsung SM-A107F,OpenGLES2,1.0,1.10.2,False,Programmatic1,Programmatic,09/11/2021 10:04:59,611bdadcd4e35d332f3d5e66,611be843d5491c7d0a6ab0ce,com.thg.battleops.shooting.game,1.0,iv,Android OS 10 / API-29 (QP1A.190711.020/A107FXXU8BUF1),66d0be28-32fd-4e83-a682-d524e39f8881,True,False,IN,1631354704.267905
0,could not receive ip address from ipfy,Error,/BuildNotice/0,MobileSDK,samsung SM-A107F,OpenGLES2,1.0,1.10.2,False,Programmatic1,Programmatic,09/11/2021 10:04:59,611bdadcd4e35d332f3d5e66,611be843d5491c7d0a6ab0ce,com.thg.battleops.shooting.game,1.0,iv,Android OS 10 / API-29 (QP1A.190711.020/A107FXXU8BUF1),66d0be28-32fd-4e83-a682-d524e39f8881,True,False,IN,1631354704.28155
0,could not receive ip address from ipfy,Error,/BuildNotice/0,MobileSDK,samsung SM-A107F,OpenGLES2,1.0,1.10.2,False,Programmatic1,Programmatic,09/11/2021 10:05:00,611bdadcd4e35d332f3d5e66,611be843d5491c7d0a6ab0ce,com.thg.battleops.shooting.game,1.0,iv,Android OS 10 / API-29 (QP1A.190711.020/A107FXXU8BUF1),66d0be28-32fd-4e83-a682-d524e39f8881,True,False,IN,1631354705.163832
0,An error occurred while sending the request,Error,/BuildNotice/0,MobileSDK,samsung SM-A107F,OpenGLES2,1.0,1.10.2,False,Programmatic1,Programmatic,09/11/2021 10:05:00,611bdadcd4e35d332f3d5e66,611be843d5491c7d0a6ab0ce,com.thg.battleops.shooting.game,1.0,iv,Android OS 10 / API-29 (QP1A.190711.020/A107FXXU8BUF1),66d0be28-32fd-4e83-a682-d524e39f8881,True,False,IN,1631354705.175272
0,"We are running ""Programmatic Flow"", you need to active gCom. 
 HTTP/1.1 400 Bad Request
{""product"": null, ""payment"": null, ""shipment_available_options"": [], ""session"": {""session_id"": ""1.0"", ""status"": ""Error: CODE_INVALID_FLOW_ID"", ""error_code"": 110}, ""flow"": ""gcom""}",Error,/BuildNotice/0,MobileSDK,samsung SM-A315F,OpenGLES2,1.0,1.10.2,False,Programmatic1,Programmatic,09/11/2021 10:04:57,611bdadcd4e35d332f3d5e66,611be843d5491c7d0a6ab0ce,com.thg.battleops.shooting.game,1.0,iv,Android OS 11 / API-30 (RP1A.200720.012/A315FXXS1CUG1),eb51aa27-a5c6-4021-9a79-8c321da32b1e,True,False,UZ,1631354705.912589
0,An error occurred while sending the request,Error,/BuildNotice/0,MobileSDK,samsung SM-A107F,OpenGLES2,1.0,1.10.2,False,Programmatic1,Programmatic,09/11/2021 10:05:02,611bdadcd4e35d332f3d5e66,611be843d5491c7d0a6ab0ce,com.thg.battleops.shooting.game,1.0,iv,Android OS 10 / API-29 (QP1A.190711.020/A107FXXU8BUF1),66d0be28-32fd-4e83-a682-d524e39f8881,True,False,IN,1631354706.846526
0,could not receive ip address from ipfy,Error,/BuildNotice/0,MobileSDK,samsung SM-A107F,OpenGLES2,1.0,1.10.2,False,Programmatic1,Programmatic,09/11/2021 10:05:02,611bdadcd4e35d332f3d5e66,611be843d5491c7d0a6ab0ce,com.thg.battleops.shooting.game,1.0,iv,Android OS 10 / API-29 (QP1A.190711.020/A107FXXU8BUF1),66d0be28-32fd-4e83-a682-d524e39f8881,True,False,IN,1631354707.04015
0,An error occurred while sending the request,Error,/BuildNotice/0,MobileSDK,samsung SM-A107F,OpenGLES2,1.0,1.10.2,False,Programmatic1,Programmatic,09/11/2021 10:05:03,611bdadcd4e35d332f3d5e66,611be843d5491c7d0a6ab0ce,com.thg.battleops.shooting.game,1.0,iv,Android OS 10 / API-29 (QP1A.190711.020/A107FXXU8BUF1),66d0be28-32fd-4e83-a682-d524e39f8881,True,False,IN,1631354707.522456
0,could not receive ip address from ipfy,Error,/BuildNotice/0,MobileSDK,samsung SM-A107F,OpenGLES2,1.0,1.10.2,False,Programmatic1,Programmatic,09/11/2021 10:05:03,611bdadcd4e35d332f3d5e66,611be843d5491c7d0a6ab0ce,com.thg.battleops.shooting.game,1.0,iv,Android OS 10 / API-29 (QP1A.190711.020/A107FXXU8BUF1),66d0be28-32fd-4e83-a682-d524e39f8881,True,False,IN,1631354707.734165
0,could not receive ip address from ipfy,Error,/BuildNotice/0,MobileSDK,samsung SM-A107F,OpenGLES2,1.0,1.10.2,False,Programmatic1,Programmatic,09/11/2021 10:05:04,611bdadcd4e35d332f3d5e66,611be843d5491c7d0a6ab0ce,com.thg.battleops.shooting.game,1.0,iv,Android OS 10 / API-29 (QP1A.190711.020/A107FXXU8BUF1),66d0be28-32fd-4e83-a682-d524e39f8881,True,False,IN,1631354708.858578
0,could not receive ip address from ipfy,Error,/BuildNotice/0,MobileSDK,samsung SM-A207F,OpenGLES2,1.0,1.10.2,False,Programmatic1,Programmatic,09/11/2021 10:05:06,611bdadcd4e35d332f3d5e66,611be843d5491c7d0a6ab0ce,com.thg.battleops.shooting.game,1.0,iv,Android OS 10 / API-29 (QP1A.190711.020/A207FXXU2BTI1),af11587d-a591-4f19-8a8f-70217ed2a8e0,True,False,IN,1631354708.885833
0,An error occurred while sending the request,Error,/BuildNotice/0,MobileSDK,samsung SM-A107F,OpenGLES2,1.0,1.10.2,False,Programmatic1,Programmatic,09/11/2021 10:05:04,611bdadcd4e35d332f3d5e66,611be843d5491c7d0a6ab0ce,com.thg.battleops.shooting.game,1.0,iv,Android OS 10 / API-29 (QP1A.190711.020/A107FXXU8BUF1),66d0be28-32fd-4e83-a682-d524e39f8881,True,False,IN,1631354709.088313
0,could not receive ip address from ipfy,Error,/BuildNotice/0,MobileSDK,samsung SM-A107F,OpenGLES2,1.0,1.10.2,False,Programmatic1,Programmatic,09/11/2021 10:05:05,611bdadcd4e35d332f3d5e66,611be843d5491c7d0a6ab0ce,com.thg.battleops.shooting.game,1.0,iv,Android OS 10 / API-29 (QP1A.190711.020/A107FXXU8BUF1),66d0be28-32fd-4e83-a682-d524e39f8881,True,False,IN,1631354709.720277
0,An error occurred while sending the request,Error,/BuildNotice/0,MobileSDK,samsung SM-A107F,OpenGLES2,1.0,1.10.2,False,Programmatic1,Programmatic,09/11/2021 10:05:05,611bdadcd4e35d332f3d5e66,611be843d5491c7d0a6ab0ce,com.thg.battleops.shooting.game,1.0,iv,Android OS 10 / API-29 (QP1A.190711.020/A107FXXU8BUF1),66d0be28-32fd-4e83-a682-d524e39f8881,True,False,IN,1631354709.725258
0,could not receive ip address from ipfy,Error,/BuildNotice/0,MobileSDK,samsung SM-A107F,OpenGLES2,1.0,1.10.2,False,Programmatic1,Programmatic,09/11/2021 10:05:06,611bdadcd4e35d332f3d5e66,611be843d5491c7d0a6ab0ce,com.thg.battleops.shooting.game,1.0,iv,Android OS 10 / API-29 (QP1A.190711.020/A107FXXU8BUF1),66d0be28-32fd-4e83-a682-d524e39f8881,True,False,IN,1631354710.630387
0,An error occurred while sending the request,Error,/BuildNotice/0,MobileSDK,samsung SM-A107F,OpenGLES2,1.0,1.10.2,False,Programmatic1,Programmatic,09/11/2021 10:05:06,611bdadcd4e35d332f3d5e66,611be843d5491c7d0a6ab0ce,com.thg.battleops.shooting.game,1.0,iv,Android OS 10 / API-29 (QP1A.190711.020/A107FXXU8BUF1),66d0be28-32fd-4e83-a682-d524e39f8881,True,False,IN,1631354711.625867
0,An error occurred while sending the request,Error,/BuildNotice/0,MobileSDK,samsung SM-A207F,OpenGLES2,1.0,1.10.2,False,Programmatic1,Programmatic,09/11/2021 10:05:09,611bdadcd4e35d332f3d5e66,611be843d5491c7d0a6ab0ce,com.thg.battleops.shooting.game,1.0,iv,Android OS 10 / API-29 (QP1A.190711.020/A207FXXU2BTI1),af11587d-a591-4f19-8a8f-70217ed2a8e0,True,False,IN,1631354711.970168
0,could not receive ip address from ipfy,Error,/BuildNotice/0,MobileSDK,samsung SM-A107F,OpenGLES2,1.0,1.10.2,False,Programmatic1,Programmatic,09/11/2021 10:05:07,611bdadcd4e35d332f3d5e66,611be843d5491c7d0a6ab0ce,com.thg.battleops.shooting.game,1.0,iv,Android OS 10 / API-29 (QP1A.190711.020/A107FXXU8BUF1),66d0be28-32fd-4e83-a682-d524e39f8881,True,False,IN,1631354712.156637
0,An error occurred while sending the request,Error,/BuildNotice/0,MobileSDK,samsung SM-A107F,OpenGLES2,1.0,1.10.2,False,Programmatic1,Programmatic,09/11/2021 10:05:07,611bdadcd4e35d332f3d5e66,611be843d5491c7d0a6ab0ce,com.thg.battleops.shooting.game,1.0,iv,Android OS 10 / API-29 (QP1A.190711.020/A107FXXU8BUF1),66d0be28-32fd-4e83-a682-d524e39f8881,True,False,IN,1631354712.780757
0,could not receive ip address from ipfy,Error,/BuildNotice/0,MobileSDK,samsung SM-A107F,OpenGLES2,1.0,1.10.2,False,Programmatic1,Programmatic,09/11/2021 10:05:08,611bdadcd4e35d332f3d5e66,611be843d5491c7d0a6ab0ce,com.thg.battleops.shooting.game,1.0,iv,Android OS 10 / API-29 (QP1A.190711.020/A107FXXU8BUF1),66d0be28-32fd-4e83-a682-d524e39f8881,True,False,IN,1631354713.048653
0,An error occurred while sending the request,Error,/BuildNotice/0,MobileSDK,samsung SM-A107F,OpenGLES2,1.0,1.10.2,False,Programmatic1,Programmatic,09/11/2021 10:05:08,611bdadcd4e35d332f3d5e66,611be843d5491c7d0a6ab0ce,com.thg.battleops.shooting.game,1.0,iv,Android OS 10 / API-29 (QP1A.190711.020/A107FXXU8BUF1),66d0be28-32fd-4e83-a682-d524e39f8881,True,False,IN,1631354713.497889
0,An error occurred while sending the request,Error,/BuildNotice/0,MobileSDK,samsung SM-A107F,OpenGLES2,1.0,1.10.2,False,Programmatic1,Programmatic,09/11/2021 10:05:10,611bdadcd4e35d332f3d5e66,611be843d5491c7d0a6ab0ce,com.thg.battleops.shooting.game,1.0,iv,Android OS 10 / API-29 (QP1A.190711.020/A107FXXU8BUF1),66d0be28-32fd-4e83-a682-d524e39f8881,True,False,IN,1631354714.433681
0,could not receive ip address from ipfy,Error,/BuildNotice/0,MobileSDK,samsung SM-A107F,OpenGLES2,1.0,1.10.2,False,Programmatic1,Programmatic,09/11/2021 10:05:10,611bdadcd4e35d332f3d5e66,611be843d5491c7d0a6ab0ce,com.thg.battleops.shooting.game,1.0,iv,Android OS 10 / API-29 (QP1A.190711.020/A107FXXU8BUF1),66d0be28-32fd-4e83-a682-d524e39f8881,True,False,IN,1631354714.639214
0,could not receive ip address from ipfy,Error,/BuildNotice/0,MobileSDK,realme RMX3231,OpenGLES2,1.0,1.11.0,False,Programmatic1,Programmatic,11/09/2021 10:05:09 PG,6028e36ad1e80652e41054ca,6028e407a1ba2a0d3d760566,com.mytalkingcatemma.ballerinagames,1.0,ms,Android OS 11 / API-30 (RP1A.201005.001/72),99637796-3e65-48f5-abba-c3d76e5355a7,False,False,IR,1631354714.511077
0,An error occurred while sending the request,Error,/BuildNotice/0,MobileSDK,realme RMX3231,OpenGLES2,1.0,1.11.0,False,Programmatic1,Programmatic,11/09/2021 10:05:09 PG,6028e36ad1e80652e41054ca,6028e407a1ba2a0d3d760566,com.mytalkingcatemma.ballerinagames,1.0,ms,Android OS 11 / API-30 (RP1A.201005.001/72),99637796-3e65-48f5-abba-c3d76e5355a7,False,False,IR,1631354715.160288
0,could not receive ip address from ipfy,Error,/BuildNotice/0,MobileSDK,samsung SM-A107F,OpenGLES2,1.0,1.10.2,False,Programmatic1,Programmatic,09/11/2021 10:05:11,611bdadcd4e35d332f3d5e66,611be843d5491c7d0a6ab0ce,com.thg.battleops.shooting.game,1.0,iv,Android OS 10 / API-29 (QP1A.190711.020/A107FXXU8BUF1),66d0be28-32fd-4e83-a682-d524e39f8881,True,False,IN,1631354715.551631
0,An error occurred while sending the request,Error,/BuildNotice/0,MobileSDK,samsung SM-A107F,OpenGLES2,1.0,1.10.2,False,Programmatic1,Programmatic,09/11/2021 10:05:11,611bdadcd4e35d332f3d5e66,611be843d5491c7d0a6ab0ce,com.thg.battleops.shooting.game,1.0,iv,Android OS 10 / API-29 (QP1A.190711.020/A107FXXU8BUF1),66d0be28-32fd-4e83-a682-d524e39f8881,True,False,IN,1631354715.787157
0,could not receive ip address from ipfy,Error,/BuildNotice/0,MobileSDK,samsung SM-A207F,OpenGLES2,1.0,1.10.2,False,Programmatic1,Programmatic,09/11/2021 10:05:13,611bdadcd4e35d332f3d5e66,611be843d5491c7d0a6ab0ce,com.thg.battleops.shooting.game,1.0,iv,Android OS 10 / API-29 (QP1A.190711.020/A207FXXU2BTI1),af11587d-a591-4f19-8a8f-70217ed2a8e0,True,False,IN,1631354716.055145
0,could not receive ip address from ipfy,Error,/BuildNotice/0,MobileSDK,samsung SM-A107F,OpenGLES2,1.0,1.10.2,False,Programmatic1,Programmatic,09/11/2021 10:05:12,611bdadcd4e35d332f3d5e66,611be843d5491c7d0a6ab0ce,com.thg.battleops.shooting.game,1.0,iv,Android OS 10 / API-29 (QP1A.190711.020/A107FXXU8BUF1),66d0be28-32fd-4e83-a682-d524e39f8881,True,False,IN,1631354716.170775
0,An error occurred while sending the request,Error,/BuildNotice/0,MobileSDK,samsung SM-A107F,OpenGLES2,1.0,1.10.2,False,Programmatic1,Programmatic,09/11/2021 10:05:12,611bdadcd4e35d332f3d5e66,611be843d5491c7d0a6ab0ce,com.thg.battleops.shooting.game,1.0,iv,Android OS 10 / API-29 (QP1A.190711.020/A107FXXU8BUF1),66d0be28-32fd-4e83-a682-d524e39f8881,True,False,IN,1631354716.406697
0,could not receive ip address from ipfy,Error,/BuildNotice/0,MobileSDK,samsung SM-A107F,OpenGLES2,1.0,1.10.2,False,Programmatic1,Programmatic,09/11/2021 10:05:13,611bdadcd4e35d332f3d5e66,611be843d5491c7d0a6ab0ce,com.thg.battleops.shooting.game,1.0,iv,Android OS 10 / API-29 (QP1A.190711.020/A107FXXU8BUF1),66d0be28-32fd-4e83-a682-d524e39f8881,True,False,IN,1631354717.633796
0,An error occurred while sending the request,Error,/BuildNotice/0,MobileSDK,samsung SM-A107F,OpenGLES2,1.0,1.10.2,False,Programmatic1,Programmatic,09/11/2021 10:05:13,611bdadcd4e35d332f3d5e66,611be843d5491c7d0a6ab0ce,com.thg.battleops.shooting.game,1.0,iv,Android OS 10 / API-29 (QP1A.190711.020/A107FXXU8BUF1),66d0be28-32fd-4e83-a682-d524e39f8881,True,False,IN,1631354717.864564
0,An error occurred while sending the request,Error,/BuildNotice/0,MobileSDK,samsung SM-A207F,OpenGLES2,1.0,1.10.2,False,Programmatic1,Programmatic,09/11/2021 10:05:16,611bdadcd4e35d332f3d5e66,611be843d5491c7d0a6ab0ce,com.thg.battleops.shooting.game,1.0,iv,Android OS 10 / API-29 (QP1A.190711.020/A207FXXU2BTI1),af11587d-a591-4f19-8a8f-70217ed2a8e0,True,False,IN,1631354719.376921
0,could not receive ip address from ipfy,Error,/BuildNotice/0,MobileSDK,samsung SM-A107F,OpenGLES2,1.0,1.10.2,False,Programmatic1,Programmatic,09/11/2021 10:05:16,611bdadcd4e35d332f3d5e66,611be843d5491c7d0a6ab0ce,com.thg.battleops.shooting.game,1.0,iv,Android OS 10 / API-29 (QP1A.190711.020/A107FXXU8BUF1),66d0be28-32fd-4e83-a682-d524e39f8881,True,False,IN,1631354720.588374
0,An error occurred while sending the request,Error,/BuildNotice/0,MobileSDK,samsung SM-A107F,OpenGLES2,1.0,1.10.2,False,Programmatic1,Programmatic,09/11/2021 10:05:16,611bdadcd4e35d332f3d5e66,611be843d5491c7d0a6ab0ce,com.thg.battleops.shooting.game,1.0,iv,Android OS 10 / API-29 (QP1A.190711.020/A107FXXU8BUF1),66d0be28-32fd-4e83-a682-d524e39f8881,True,False,IN,1631354720.624691
0,could not receive ip address from ipfy,Error,/BuildNotice/0,MobileSDK,samsung SM-A107F,OpenGLES2,1.0,1.10.2,False,Programmatic1,Programmatic,09/11/2021 10:05:16,611bdadcd4e35d332f3d5e66,611be843d5491c7d0a6ab0ce,com.thg.battleops.shooting.game,1.0,iv,Android OS 10 / API-29 (QP1A.190711.020/A107FXXU8BUF1),66d0be28-32fd-4e83-a682-d524e39f8881,True,False,IN,1631354721.261913
0,An error occurred while sending the request,Error,/BuildNotice/0,MobileSDK,samsung SM-A107F,OpenGLES2,1.0,1.10.2,False,Programmatic1,Programmatic,09/11/2021 10:05:16,611bdadcd4e35d332f3d5e66,611be843d5491c7d0a6ab0ce,com.thg.battleops.shooting.game,1.0,iv,Android OS 10 / API-29 (QP1A.190711.020/A107FXXU8BUF1),66d0be28-32fd-4e83-a682-d524e39f8881,True,False,IN,1631354721.26985
0,could not receive ip address from ipfy,Error,/BuildNotice/0,MobileSDK,samsung SM-A107F,OpenGLES2,1.0,1.10.2,False,Programmatic1,Programmatic,09/11/2021 10:05:17,611bdadcd4e35d332f3d5e66,611be843d5491c7d0a6ab0ce,com.thg.battleops.shooting.game,1.0,iv,Android OS 10 / API-29 (QP1A.190711.020/A107FXXU8BUF1),66d0be28-32fd-4e83-a682-d524e39f8881,True,False,IN,1631354721.813801
0,An error occurred while sending the request,Error,/BuildNotice/0,MobileSDK,samsung SM-A107F,OpenGLES2,1.0,1.10.2,False,Programmatic1,Programmatic,09/11/2021 10:05:17,611bdadcd4e35d332f3d5e66,611be843d5491c7d0a6ab0ce,com.thg.battleops.shooting.game,1.0,iv,Android OS 10 / API-29 (QP1A.190711.020/A107FXXU8BUF1),66d0be28-32fd-4e83-a682-d524e39f8881,True,False,IN,1631354722.044021
0,could not receive ip address from ipfy,Error,/BuildNotice/0,MobileSDK,samsung SM-A107F,OpenGLES2,1.0,1.10.2,False,Programmatic1,Programmatic,09/11/2021 10:05:18,611bdadcd4e35d332f3d5e66,611be843d5491c7d0a6ab0ce,com.thg.battleops.shooting.game,1.0,iv,Android OS 10 / API-29 (QP1A.190711.020/A107FXXU8BUF1),66d0be28-32fd-4e83-a682-d524e39f8881,True,False,IN,1631354722.70604
0,An error occurred while sending the request,Error,/BuildNotice/0,MobileSDK,samsung SM-A107F,OpenGLES2,1.0,1.10.2,False,Programmatic1,Programmatic,09/11/2021 10:05:18,611bdadcd4e35d332f3d5e66,611be843d5491c7d0a6ab0ce,com.thg.battleops.shooting.game,1.0,iv,Android OS 10 / API-29 (QP1A.190711.020/A107FXXU8BUF1),66d0be28-32fd-4e83-a682-d524e39f8881,True,False,IN,1631354722.716796
0,An error occurred while sending the request,Error,/BuildNotice/0,MobileSDK,samsung SM-A107F,OpenGLES2,1.0,1.10.2,False,Programmatic1,Programmatic,09/11/2021 10:05:19,611bdadcd4e35d332f3d5e66,611be843d5491c7d0a6ab0ce,com.thg.battleops.shooting.game,1.0,iv,Android OS 10 / API-29 (QP1A.190711.020/A107FXXU8BUF1),66d0be28-32fd-4e83-a682-d524e39f8881,True,False,IN,1631354723.127272
0,could not receive ip address from ipfy,Error,/BuildNotice/0,MobileSDK,samsung SM-A107F,OpenGLES2,1.0,1.10.2,False,Programmatic1,Programmatic,09/11/2021 10:05:19,611bdadcd4e35d332f3d5e66,611be843d5491c7d0a6ab0ce,com.thg.battleops.shooting.game,1.0,iv,Android OS 10 / API-29 (QP1A.190711.020/A107FXXU8BUF1),66d0be28-32fd-4e83-a682-d524e39f8881,True,False,IN,1631354723.346867
0,could not receive ip address from ipfy,Error,/BuildNotice/0,MobileSDK,samsung SM-A207F,OpenGLES2,1.0,1.10.2,False,Programmatic1,Programmatic,09/11/2021 10:05:21,611bdadcd4e35d332f3d5e66,611be843d5491c7d0a6ab0ce,com.thg.battleops.shooting.game,1.0,iv,Android OS 10 / API-29 (QP1A.190711.020/A207FXXU2BTI1),af11587d-a591-4f19-8a8f-70217ed2a8e0,True,False,IN,1631354724.010427
0,could not receive ip address from ipfy,Error,/BuildNotice/0,MobileSDK,samsung SM-A107F,OpenGLES2,1.0,1.10.2,False,Programmatic1,Programmatic,09/11/2021 10:05:19,611bdadcd4e35d332f3d5e66,611be843d5491c7d0a6ab0ce,com.thg.battleops.shooting.game,1.0,iv,Android OS 10 / API-29 (QP1A.190711.020/A107FXXU8BUF1),66d0be28-32fd-4e83-a682-d524e39f8881,True,False,IN,1631354724.206989
0,An error occurred while sending the request,Error,/BuildNotice/0,MobileSDK,samsung SM-A107F,OpenGLES2,1.0,1.10.2,False,Programmatic1,Programmatic,09/11/2021 10:05:19,611bdadcd4e35d332f3d5e66,611be843d5491c7d0a6ab0ce,com.thg.battleops.shooting.game,1.0,iv,Android OS 10 / API-29 (QP1A.190711.020/A107FXXU8BUF1),66d0be28-32fd-4e83-a682-d524e39f8881,True,False,IN,1631354724.217411
0,An error occurred while sending the request,Error,/BuildNotice/0,MobileSDK,samsung SM-A107F,OpenGLES2,1.0,1.10.2,False,Programmatic1,Programmatic,09/11/2021 10:05:20,611bdadcd4e35d332f3d5e66,611be843d5491c7d0a6ab0ce,com.thg.battleops.shooting.game,1.0,iv,Android OS 10 / API-29 (QP1A.190711.020/A107FXXU8BUF1),66d0be28-32fd-4e83-a682-d524e39f8881,True,False,IN,1631354724.676662
0,could not receive ip address from ipfy,Error,/BuildNotice/0,MobileSDK,samsung SM-A107F,OpenGLES2,1.0,1.10.2,False,Programmatic1,Programmatic,09/11/2021 10:05:20,611bdadcd4e35d332f3d5e66,611be843d5491c7d0a6ab0ce,com.thg.battleops.shooting.game,1.0,iv,Android OS 10 / API-29 (QP1A.190711.020/A107FXXU8BUF1),66d0be28-32fd-4e83-a682-d524e39f8881,True,False,IN,1631354724.997503
0,could not receive ip address from ipfy,Error,/BuildNotice/0,MobileSDK,samsung SM-A107F,OpenGLES2,1.0,1.10.2,False,Programmatic1,Programmatic,09/11/2021 10:05:21,611bdadcd4e35d332f3d5e66,611be843d5491c7d0a6ab0ce,com.thg.battleops.shooting.game,1.0,iv,Android OS 10 / API-29 (QP1A.190711.020/A107FXXU8BUF1),66d0be28-32fd-4e83-a682-d524e39f8881,True,False,IN,1631354725.754159
0,An error occurred while sending the request,Error,/BuildNotice/0,MobileSDK,samsung SM-A107F,OpenGLES2,1.0,1.10.2,False,Programmatic1,Programmatic,09/11/2021 10:05:21,611bdadcd4e35d332f3d5e66,611be843d5491c7d0a6ab0ce,com.thg.battleops.shooting.game,1.0,iv,Android OS 10 / API-29 (QP1A.190711.020/A107FXXU8BUF1),66d0be28-32fd-4e83-a682-d524e39f8881,True,False,IN,1631354725.76529
0,could not receive ip address from ipfy,Error,/BuildNotice/0,MobileSDK,samsung SM-A107F,OpenGLES2,1.0,1.10.2,False,Programmatic1,Programmatic,09/11/2021 10:05:22,611bdadcd4e35d332f3d5e66,611be843d5491c7d0a6ab0ce,com.thg.battleops.shooting.game,1.0,iv,Android OS 10 / API-29 (QP1A.190711.020/A107FXXU8BUF1),66d0be28-32fd-4e83-a682-d524e39f8881,True,False,IN,1631354726.207784
0,An error occurred while sending the request,Error,/BuildNotice/0,MobileSDK,samsung SM-A107F,OpenGLES2,1.0,1.10.2,False,Programmatic1,Programmatic,09/11/2021 10:05:22,611bdadcd4e35d332f3d5e66,611be843d5491c7d0a6ab0ce,com.thg.battleops.shooting.game,1.0,iv,Android OS 10 / API-29 (QP1A.190711.020/A107FXXU8BUF1),66d0be28-32fd-4e83-a682-d524e39f8881,True,False,IN,1631354726.221465
0,An error occurred while sending the request,Error,/BuildNotice/0,MobileSDK,samsung SM-A107F,OpenGLES2,1.0,1.10.2,False,Programmatic1,Programmatic,09/11/2021 10:05:22,611bdadcd4e35d332f3d5e66,611be843d5491c7d0a6ab0ce,com.thg.battleops.shooting.game,1.0,iv,Android OS 10 / API-29 (QP1A.190711.020/A107FXXU8BUF1),66d0be28-32fd-4e83-a682-d524e39f8881,True,False,IN,1631354726.909861
0,could not receive ip address from ipfy,Error,/BuildNotice/0,MobileSDK,samsung SM-A107F,OpenGLES2,1.0,1.10.2,False,Programmatic1,Programmatic,09/11/2021 10:05:22,611bdadcd4e35d332f3d5e66,611be843d5491c7d0a6ab0ce,com.thg.battleops.shooting.game,1.0,iv,Android OS 10 / API-29 (QP1A.190711.020/A107FXXU8BUF1),66d0be28-32fd-4e83-a682-d524e39f8881,True,False,IN,1631354727.236036
0,could not receive ip address from ipfy,Error,/BuildNotice/0,MobileSDK,samsung SM-A107F,OpenGLES2,1.0,1.10.2,False,Programmatic1,Programmatic,09/11/2021 10:05:23,611bdadcd4e35d332f3d5e66,611be843d5491c7d0a6ab0ce,com.thg.battleops.shooting.game,1.0,iv,Android OS 10 / API-29 (QP1A.190711.020/A107FXXU8BUF1),66d0be28-32fd-4e83-a682-d524e39f8881,True,False,IN,1631354727.735756
0,An error occurred while sending the request,Error,/BuildNotice/0,MobileSDK,samsung SM-A107F,OpenGLES2,1.0,1.10.2,False,Programmatic1,Programmatic,09/11/2021 10:05:23,611bdadcd4e35d332f3d5e66,611be843d5491c7d0a6ab0ce,com.thg.battleops.shooting.game,1.0,iv,Android OS 10 / API-29 (QP1A.190711.020/A107FXXU8BUF1),66d0be28-32fd-4e83-a682-d524e39f8881,True,False,IN,1631354727.749679
0,An error occurred while sending the request,Error,/BuildNotice/0,MobileSDK,samsung SM-A207F,OpenGLES2,1.0,1.10.2,False,Programmatic1,Programmatic,09/11/2021 10:05:25,611bdadcd4e35d332f3d5e66,611be843d5491c7d0a6ab0ce,com.thg.battleops.shooting.game,1.0,iv,Android OS 10 / API-29 (QP1A.190711.020/A207FXXU2BTI1),af11587d-a591-4f19-8a8f-70217ed2a8e0,True,False,IN,1631354728.273704
0,An error occurred while sending the request,Error,/BuildNotice/0,MobileSDK,samsung SM-A107F,OpenGLES2,1.0,1.10.2,False,Programmatic1,Programmatic,09/11/2021 10:05:25,611bdadcd4e35d332f3d5e66,611be843d5491c7d0a6ab0ce,com.thg.battleops.shooting.game,1.0,iv,Android OS 10 / API-29 (QP1A.190711.020/A107FXXU8BUF1),66d0be28-32fd-4e83-a682-d524e39f8881,True,False,IN,1631354729.329483
0,could not receive ip address from ipfy,Error,/BuildNotice/0,MobileSDK,samsung SM-A107F,OpenGLES2,1.0,1.10.2,False,Programmatic1,Programmatic,09/11/2021 10:05:28,611bdadcd4e35d332f3d5e66,611be843d5491c7d0a6ab0ce,com.thg.battleops.shooting.game,1.0,iv,Android OS 10 / API-29 (QP1A.190711.020/A107FXXU8BUF1),1ad54c52-69e6-4c3d-a595-d1b8edbcffdb,True,False,IN,1631354729.453885
0,An error occurred while sending the request,Error,/BuildNotice/0,MobileSDK,samsung SM-A107F,OpenGLES2,1.0,1.10.2,False,Programmatic1,Programmatic,09/11/2021 10:05:28,611bdadcd4e35d332f3d5e66,611be843d5491c7d0a6ab0ce,com.thg.battleops.shooting.game,1.0,iv,Android OS 10 / API-29 (QP1A.190711.020/A107FXXU8BUF1),1ad54c52-69e6-4c3d-a595-d1b8edbcffdb,True,False,IN,1631354729.554451
0,could not receive ip address from ipfy,Error,/BuildNotice/0,MobileSDK,samsung SM-A107F,OpenGLES2,1.0,1.10.2,False,Programmatic1,Programmatic,09/11/2021 10:05:25,611bdadcd4e35d332f3d5e66,611be843d5491c7d0a6ab0ce,com.thg.battleops.shooting.game,1.0,iv,Android OS 10 / API-29 (QP1A.190711.020/A107FXXU8BUF1),66d0be28-32fd-4e83-a682-d524e39f8881,True,False,IN,1631354729.656364
0,An error occurred while sending the request,Error,/BuildNotice/0,MobileSDK,samsung SM-A107F,OpenGLES2,1.0,1.10.2,False,Programmatic1,Programmatic,09/11/2021 10:05:25,611bdadcd4e35d332f3d5e66,611be843d5491c7d0a6ab0ce,com.thg.battleops.shooting.game,1.0,iv,Android OS 10 / API-29 (QP1A.190711.020/A107FXXU8BUF1),66d0be28-32fd-4e83-a682-d524e39f8881,True,False,IN,1631354730.071628
0,could not receive ip address from ipfy,Error,/BuildNotice/0,MobileSDK,samsung SM-A107F,OpenGLES2,1.0,1.10.2,False,Programmatic1,Programmatic,09/11/2021 10:05:25,611bdadcd4e35d332f3d5e66,611be843d5491c7d0a6ab0ce,com.thg.battleops.shooting.game,1.0,iv,Android OS 10 / API-29 (QP1A.190711.020/A107FXXU8BUF1),66d0be28-32fd-4e83-a682-d524e39f8881,True,False,IN,1631354730.39799
0,could not receive ip address from ipfy,Error,/BuildNotice/0,MobileSDK,samsung SM-A107F,OpenGLES2,1.0,1.10.2,False,Programmatic1,Programmatic,09/11/2021 10:05:26,611bdadcd4e35d332f3d5e66,611be843d5491c7d0a6ab0ce,com.thg.battleops.shooting.game,1.0,iv,Android OS 10 / API-29 (QP1A.190711.020/A107FXXU8BUF1),66d0be28-32fd-4e83-a682-d524e39f8881,True,False,IN,1631354731.159467
0,An error occurred while sending the request,Error,/BuildNotice/0,MobileSDK,samsung SM-A107F,OpenGLES2,1.0,1.10.2,False,Programmatic1,Programmatic,09/11/2021 10:05:26,611bdadcd4e35d332f3d5e66,611be843d5491c7d0a6ab0ce,com.thg.battleops.shooting.game,1.0,iv,Android OS 10 / API-29 (QP1A.190711.020/A107FXXU8BUF1),66d0be28-32fd-4e83-a682-d524e39f8881,True,False,IN,1631354731.5069
0,could not receive ip address from ipfy,Error,/BuildNotice/0,MobileSDK,samsung SM-A107F,OpenGLES2,1.0,1.10.2,False,Programmatic1,Programmatic,09/11/2021 10:05:27,611bdadcd4e35d332f3d5e66,611be843d5491c7d0a6ab0ce,com.thg.battleops.shooting.game,1.0,iv,Android OS 10 / API-29 (QP1A.190711.020/A107FXXU8BUF1),66d0be28-32fd-4e83-a682-d524e39f8881,True,False,IN,1631354731.823191
0,An error occurred while sending the request,Error,/BuildNotice/0,MobileSDK,samsung SM-A107F,OpenGLES2,1.0,1.10.2,False,Programmatic1,Programmatic,09/11/2021 10:05:27,611bdadcd4e35d332f3d5e66,611be843d5491c7d0a6ab0ce,com.thg.battleops.shooting.game,1.0,iv,Android OS 10 / API-29 (QP1A.190711.020/A107FXXU8BUF1),66d0be28-32fd-4e83-a682-d524e39f8881,True,False,IN,1631354732.165415
0,An error occurred while sending the request,Error,/BuildNotice/0,MobileSDK,samsung SM-A107F,OpenGLES2,1.0,1.10.2,False,Programmatic1,Programmatic,09/11/2021 10:05:28,611bdadcd4e35d332f3d5e66,611be843d5491c7d0a6ab0ce,com.thg.battleops.shooting.game,1.0,iv,Android OS 10 / API-29 (QP1A.190711.020/A107FXXU8BUF1),66d0be28-32fd-4e83-a682-d524e39f8881,True,False,IN,1631354732.609823
0,could not receive ip address from ipfy,Error,/BuildNotice/0,MobileSDK,samsung SM-A107F,OpenGLES2,1.0,1.10.2,False,Programmatic1,Programmatic,09/11/2021 10:05:28,611bdadcd4e35d332f3d5e66,611be843d5491c7d0a6ab0ce,com.thg.battleops.shooting.game,1.0,iv,Android OS 10 / API-29 (QP1A.190711.020/A107FXXU8BUF1),66d0be28-32fd-4e83-a682-d524e39f8881,True,False,IN,1631354732.810097
0,could not receive ip address from ipfy,Error,/BuildNotice/0,MobileSDK,samsung SM-A107F,OpenGLES2,1.0,1.10.2,False,Programmatic1,Programmatic,09/11/2021 10:05:29,611bdadcd4e35d332f3d5e66,611be843d5491c7d0a6ab0ce,com.thg.battleops.shooting.game,1.0,iv,Android OS 10 / API-29 (QP1A.190711.020/A107FXXU8BUF1),66d0be28-32fd-4e83-a682-d524e39f8881,True,False,IN,1631354733.363198
0,An error occurred while sending the request,Error,/BuildNotice/0,MobileSDK,samsung SM-A107F,OpenGLES2,1.0,1.10.2,False,Programmatic1,Programmatic,09/11/2021 10:05:29,611bdadcd4e35d332f3d5e66,611be843d5491c7d0a6ab0ce,com.thg.battleops.shooting.game,1.0,iv,Android OS 10 / API-29 (QP1A.190711.020/A107FXXU8BUF1),66d0be28-32fd-4e83-a682-d524e39f8881,True,False,IN,1631354733.708603
0,could not receive ip address from ipfy,Error,/BuildNotice/0,MobileSDK,samsung SM-A107F,OpenGLES2,1.0,1.10.2,False,Programmatic1,Programmatic,09/11/2021 10:05:29,611bdadcd4e35d332f3d5e66,611be843d5491c7d0a6ab0ce,com.thg.battleops.shooting.game,1.0,iv,Android OS 10 / API-29 (QP1A.190711.020/A107FXXU8BUF1),66d0be28-32fd-4e83-a682-d524e39f8881,True,False,IN,1631354734.099363
0,An error occurred while sending the request,Error,/BuildNotice/0,MobileSDK,samsung SM-A107F,OpenGLES2,1.0,1.10.2,False,Programmatic1,Programmatic,09/11/2021 10:05:29,611bdadcd4e35d332f3d5e66,611be843d5491c7d0a6ab0ce,com.thg.battleops.shooting.game,1.0,iv,Android OS 10 / API-29 (QP1A.190711.020/A107FXXU8BUF1),66d0be28-32fd-4e83-a682-d524e39f8881,True,False,IN,1631354734.115347
0,could not receive ip address from ipfy,Error,/BuildNotice/0,MobileSDK,samsung SM-A107F,OpenGLES2,1.0,1.10.2,False,Programmatic1,Programmatic,09/11/2021 10:05:30,611bdadcd4e35d332f3d5e66,611be843d5491c7d0a6ab0ce,com.thg.battleops.shooting.game,1.0,iv,Android OS 10 / API-29 (QP1A.190711.020/A107FXXU8BUF1),66d0be28-32fd-4e83-a682-d524e39f8881,True,False,IN,1631354734.987332
0,An error occurred while sending the request,Error,/BuildNotice/0,MobileSDK,samsung SM-A107F,OpenGLES2,1.0,1.10.2,False,Programmatic1,Programmatic,09/11/2021 10:05:30,611bdadcd4e35d332f3d5e66,611be843d5491c7d0a6ab0ce,com.thg.battleops.shooting.game,1.0,iv,Android OS 10 / API-29 (QP1A.190711.020/A107FXXU8BUF1),66d0be28-32fd-4e83-a682-d524e39f8881,True,False,IN,1631354734.998051
0,could not receive ip address from ipfy,Error,/BuildNotice/0,MobileSDK,samsung SM-A107F,OpenGLES2,1.0,1.10.2,False,Programmatic1,Programmatic,09/11/2021 10:05:31,611bdadcd4e35d332f3d5e66,611be843d5491c7d0a6ab0ce,com.thg.battleops.shooting.game,1.0,iv,Android OS 10 / API-29 (QP1A.190711.020/A107FXXU8BUF1),66d0be28-32fd-4e83-a682-d524e39f8881,True,False,IN,1631354735.418229
0,An error occurred while sending the request,Error,/BuildNotice/0,MobileSDK,samsung SM-A107F,OpenGLES2,1.0,1.10.2,False,Programmatic1,Programmatic,09/11/2021 10:05:31,611bdadcd4e35d332f3d5e66,611be843d5491c7d0a6ab0ce,com.thg.battleops.shooting.game,1.0,iv,Android OS 10 / API-29 (QP1A.190711.020/A107FXXU8BUF1),66d0be28-32fd-4e83-a682-d524e39f8881,True,False,IN,1631354735.650528
0,could not receive ip address from ipfy,Error,/BuildNotice/0,MobileSDK,samsung SM-A207F,OpenGLES2,1.0,1.10.2,False,Programmatic1,Programmatic,09/11/2021 10:05:33,611bdadcd4e35d332f3d5e66,611be843d5491c7d0a6ab0ce,com.thg.battleops.shooting.game,1.0,iv,Android OS 10 / API-29 (QP1A.190711.020/A207FXXU2BTI1),af11587d-a591-4f19-8a8f-70217ed2a8e0,True,False,IN,1631354735.760658
0,An error occurred while sending the request,Error,/BuildNotice/0,MobileSDK,samsung SM-A107F,OpenGLES2,1.0,1.10.2,False,Programmatic1,Programmatic,09/11/2021 10:05:32,611bdadcd4e35d332f3d5e66,611be843d5491c7d0a6ab0ce,com.thg.battleops.shooting.game,1.0,iv,Android OS 10 / API-29 (QP1A.190711.020/A107FXXU8BUF1),66d0be28-32fd-4e83-a682-d524e39f8881,True,False,IN,1631354736.183104
0,could not receive ip address from ipfy,Error,/BuildNotice/0,MobileSDK,samsung SM-A107F,OpenGLES2,1.0,1.10.2,False,Programmatic1,Programmatic,09/11/2021 10:05:32,611bdadcd4e35d332f3d5e66,611be843d5491c7d0a6ab0ce,com.thg.battleops.shooting.game,1.0,iv,Android OS 10 / API-29 (QP1A.190711.020/A107FXXU8BUF1),66d0be28-32fd-4e83-a682-d524e39f8881,True,False,IN,1631354736.511555
0,could not receive ip address from ipfy,Error,/BuildNotice/0,MobileSDK,samsung SM-A107F,OpenGLES2,1.0,1.10.2,False,Programmatic1,Programmatic,09/11/2021 10:05:32,611bdadcd4e35d332f3d5e66,611be843d5491c7d0a6ab0ce,com.thg.battleops.shooting.game,1.0,iv,Android OS 10 / API-29 (QP1A.190711.020/A107FXXU8BUF1),66d0be28-32fd-4e83-a682-d524e39f8881,True,False,IN,1631354736.794202
0,An error occurred while sending the request,Error,/BuildNotice/0,MobileSDK,samsung SM-A107F,OpenGLES2,1.0,1.10.2,False,Programmatic1,Programmatic,09/11/2021 10:05:32,611bdadcd4e35d332f3d5e66,611be843d5491c7d0a6ab0ce,com.thg.battleops.shooting.game,1.0,iv,Android OS 10 / API-29 (QP1A.190711.020/A107FXXU8BUF1),66d0be28-32fd-4e83-a682-d524e39f8881,True,False,IN,1631354736.803622
0,could not receive ip address from ipfy,Error,/BuildNotice/0,MobileSDK,samsung SM-A107F,OpenGLES2,1.0,1.10.2,False,Programmatic1,Programmatic,09/11/2021 10:05:33,611bdadcd4e35d332f3d5e66,611be843d5491c7d0a6ab0ce,com.thg.battleops.shooting.game,1.0,iv,Android OS 10 / API-29 (QP1A.190711.020/A107FXXU8BUF1),66d0be28-32fd-4e83-a682-d524e39f8881,True,False,IN,1631354737.424043
0,An error occurred while sending the request,Error,/BuildNotice/0,MobileSDK,samsung SM-A107F,OpenGLES2,1.0,1.10.2,False,Programmatic1,Programmatic,09/11/2021 10:05:33,611bdadcd4e35d332f3d5e66,611be843d5491c7d0a6ab0ce,com.thg.battleops.shooting.game,1.0,iv,Android OS 10 / API-29 (QP1A.190711.020/A107FXXU8BUF1),66d0be28-32fd-4e83-a682-d524e39f8881,True,False,IN,1631354737.435994
0,could not receive ip address from ipfy,Error,/BuildNotice/0,MobileSDK,samsung SM-A107F,OpenGLES2,1.0,1.10.2,False,Programmatic1,Programmatic,09/11/2021 10:05:33,611bdadcd4e35d332f3d5e66,611be843d5491c7d0a6ab0ce,com.thg.battleops.shooting.game,1.0,iv,Android OS 10 / API-29 (QP1A.190711.020/A107FXXU8BUF1),66d0be28-32fd-4e83-a682-d524e39f8881,True,False,IN,1631354738.059557
0,An error occurred while sending the request,Error,/BuildNotice/0,MobileSDK,samsung SM-A107F,OpenGLES2,1.0,1.10.2,False,Programmatic1,Programmatic,09/11/2021 10:05:33,611bdadcd4e35d332f3d5e66,611be843d5491c7d0a6ab0ce,com.thg.battleops.shooting.game,1.0,iv,Android OS 10 / API-29 (QP1A.190711.020/A107FXXU8BUF1),66d0be28-32fd-4e83-a682-d524e39f8881,True,False,IN,1631354738.289793
0,could not receive ip address from ipfy,Error,/BuildNotice/0,MobileSDK,samsung SM-A107F,OpenGLES2,1.0,1.10.2,False,Programmatic1,Programmatic,09/11/2021 10:05:34,611bdadcd4e35d332f3d5e66,611be843d5491c7d0a6ab0ce,com.thg.battleops.shooting.game,1.0,iv,Android OS 10 / API-29 (QP1A.190711.020/A107FXXU8BUF1),66d0be28-32fd-4e83-a682-d524e39f8881,True,False,IN,1631354738.740526
0,An error occurred while sending the request,Error,/BuildNotice/0,MobileSDK,samsung SM-A107F,OpenGLES2,1.0,1.10.2,False,Programmatic1,Programmatic,09/11/2021 10:05:34,611bdadcd4e35d332f3d5e66,611be843d5491c7d0a6ab0ce,com.thg.battleops.shooting.game,1.0,iv,Android OS 10 / API-29 (QP1A.190711.020/A107FXXU8BUF1),66d0be28-32fd-4e83-a682-d524e39f8881,True,False,IN,1631354738.749342
0,An error occurred while sending the request,Error,/BuildNotice/0,MobileSDK,samsung SM-A207F,OpenGLES2,1.0,1.10.2,False,Programmatic1,Programmatic,09/11/2021 10:05:36,611bdadcd4e35d332f3d5e66,611be843d5491c7d0a6ab0ce,com.thg.battleops.shooting.game,1.0,iv,Android OS 10 / API-29 (QP1A.190711.020/A207FXXU2BTI1),af11587d-a591-4f19-8a8f-70217ed2a8e0,True,False,IN,1631354738.808089
0,could not receive ip address from ipfy,Error,/BuildNotice/0,MobileSDK,samsung SM-A107F,OpenGLES2,1.0,1.10.2,False,Programmatic1,Programmatic,09/11/2021 10:05:35,611bdadcd4e35d332f3d5e66,611be843d5491c7d0a6ab0ce,com.thg.battleops.shooting.game,1.0,iv,Android OS 10 / API-29 (QP1A.190711.020/A107FXXU8BUF1),66d0be28-32fd-4e83-a682-d524e39f8881,True,False,IN,1631354739.514473
0,An error occurred while sending the request,Error,/BuildNotice/0,MobileSDK,samsung SM-A107F,OpenGLES2,1.0,1.10.2,False,Programmatic1,Programmatic,09/11/2021 10:05:35,611bdadcd4e35d332f3d5e66,611be843d5491c7d0a6ab0ce,com.thg.battleops.shooting.game,1.0,iv,Android OS 10 / API-29 (QP1A.190711.020/A107FXXU8BUF1),66d0be28-32fd-4e83-a682-d524e39f8881,True,False,IN,1631354739.524776
0,An error occurred while sending the request,Error,/BuildNotice/0,MobileSDK,samsung SM-A107F,OpenGLES2,1.0,1.10.2,False,Programmatic1,Programmatic,09/11/2021 10:05:36,611bdadcd4e35d332f3d5e66,611be843d5491c7d0a6ab0ce,com.thg.battleops.shooting.game,1.0,iv,Android OS 10 / API-29 (QP1A.190711.020/A107FXXU8BUF1),66d0be28-32fd-4e83-a682-d524e39f8881,True,False,IN,1631354740.243945
0,could not receive ip address from ipfy,Error,/BuildNotice/0,MobileSDK,samsung SM-A107F,OpenGLES2,1.0,1.10.2,False,Programmatic1,Programmatic,09/11/2021 10:05:36,611bdadcd4e35d332f3d5e66,611be843d5491c7d0a6ab0ce,com.thg.battleops.shooting.game,1.0,iv,Android OS 10 / API-29 (QP1A.190711.020/A107FXXU8BUF1),66d0be28-32fd-4e83-a682-d524e39f8881,True,False,IN,1631354740.453429
0,An error occurred while sending the request,Error,/BuildNotice/0,MobileSDK,samsung SM-A107F,OpenGLES2,1.0,1.10.2,False,Programmatic1,Programmatic,09/11/2021 10:05:36,611bdadcd4e35d332f3d5e66,611be843d5491c7d0a6ab0ce,com.thg.battleops.shooting.game,1.0,iv,Android OS 10 / API-29 (QP1A.190711.020/A107FXXU8BUF1),66d0be28-32fd-4e83-a682-d524e39f8881,True,False,IN,1631354740.901935
0,could not receive ip address from ipfy,Error,/BuildNotice/0,MobileSDK,samsung SM-A107F,OpenGLES2,1.0,1.10.2,False,Programmatic1,Programmatic,09/11/2021 10:05:36,611bdadcd4e35d332f3d5e66,611be843d5491c7d0a6ab0ce,com.thg.battleops.shooting.game,1.0,iv,Android OS 10 / API-29 (QP1A.190711.020/A107FXXU8BUF1),66d0be28-32fd-4e83-a682-d524e39f8881,True,False,IN,1631354741.103386
0,could not receive ip address from ipfy,Error,/BuildNotice/0,MobileSDK,samsung SM-A107F,OpenGLES2,1.0,1.10.2,False,Programmatic1,Programmatic,09/11/2021 10:05:37,611bdadcd4e35d332f3d5e66,611be843d5491c7d0a6ab0ce,com.thg.battleops.shooting.game,1.0,iv,Android OS 10 / API-29 (QP1A.190711.020/A107FXXU8BUF1),66d0be28-32fd-4e83-a682-d524e39f8881,True,False,IN,1631354741.608944
0,An error occurred while sending the request,Error,/BuildNotice/0,MobileSDK,samsung SM-A107F,OpenGLES2,1.0,1.10.2,False,Programmatic1,Programmatic,09/11/2021 10:05:37,611bdadcd4e35d332f3d5e66,611be843d5491c7d0a6ab0ce,com.thg.battleops.shooting.game,1.0,iv,Android OS 10 / API-29 (QP1A.190711.020/A107FXXU8BUF1),66d0be28-32fd-4e83-a682-d524e39f8881,True,False,IN,1631354741.620478
0,could not receive ip address from ipfy,Error,/BuildNotice/0,MobileSDK,samsung SM-A107F,OpenGLES2,1.0,1.10.2,False,Programmatic1,Programmatic,09/11/2021 10:05:38,611bdadcd4e35d332f3d5e66,611be843d5491c7d0a6ab0ce,com.thg.battleops.shooting.game,1.0,iv,Android OS 10 / API-29 (QP1A.190711.020/A107FXXU8BUF1),66d0be28-32fd-4e83-a682-d524e39f8881,True,False,IN,1631354742.602759
0,An error occurred while sending the request,Error,/BuildNotice/0,MobileSDK,samsung SM-A107F,OpenGLES2,1.0,1.10.2,False,Programmatic1,Programmatic,09/11/2021 10:05:38,611bdadcd4e35d332f3d5e66,611be843d5491c7d0a6ab0ce,com.thg.battleops.shooting.game,1.0,iv,Android OS 10 / API-29 (QP1A.190711.020/A107FXXU8BUF1),66d0be28-32fd-4e83-a682-d524e39f8881,True,False,IN,1631354742.614243
0,could not receive ip address from ipfy,Error,/BuildNotice/0,MobileSDK,samsung SM-A207F,OpenGLES2,1.0,1.10.2,False,Programmatic1,Programmatic,09/11/2021 10:05:40,611bdadcd4e35d332f3d5e66,611be843d5491c7d0a6ab0ce,com.thg.battleops.shooting.game,1.0,iv,Android OS 10 / API-29 (QP1A.190711.020/A207FXXU2BTI1),af11587d-a591-4f19-8a8f-70217ed2a8e0,True,False,IN,1631354742.855956
0,could not receive ip address from ipfy,Error,/BuildNotice/0,MobileSDK,samsung SM-A107F,OpenGLES2,1.0,1.10.2,False,Programmatic1,Programmatic,09/11/2021 10:05:39,611bdadcd4e35d332f3d5e66,611be843d5491c7d0a6ab0ce,com.thg.battleops.shooting.game,1.0,iv,Android OS 10 / API-29 (QP1A.190711.020/A107FXXU8BUF1),66d0be28-32fd-4e83-a682-d524e39f8881,True,False,IN,1631354743.343423
0,An error occurred while sending the request,Error,/BuildNotice/0,MobileSDK,samsung SM-A107F,OpenGLES2,1.0,1.10.2,False,Programmatic1,Programmatic,09/11/2021 10:05:39,611bdadcd4e35d332f3d5e66,611be843d5491c7d0a6ab0ce,com.thg.battleops.shooting.game,1.0,iv,Android OS 10 / API-29 (QP1A.190711.020/A107FXXU8BUF1),66d0be28-32fd-4e83-a682-d524e39f8881,True,False,IN,1631354743.355919
0,could not receive ip address from ipfy,Error,/BuildNotice/0,MobileSDK,samsung SM-A107F,OpenGLES2,1.0,1.10.2,False,Programmatic1,Programmatic,09/11/2021 10:05:39,611bdadcd4e35d332f3d5e66,611be843d5491c7d0a6ab0ce,com.thg.battleops.shooting.game,1.0,iv,Android OS 10 / API-29 (QP1A.190711.020/A107FXXU8BUF1),66d0be28-32fd-4e83-a682-d524e39f8881,True,False,IN,1631354744.050994
0,An error occurred while sending the request,Error,/BuildNotice/0,MobileSDK,samsung SM-A107F,OpenGLES2,1.0,1.10.2,False,Programmatic1,Programmatic,09/11/2021 10:05:39,611bdadcd4e35d332f3d5e66,611be843d5491c7d0a6ab0ce,com.thg.battleops.shooting.game,1.0,iv,Android OS 10 / API-29 (QP1A.190711.020/A107FXXU8BUF1),66d0be28-32fd-4e83-a682-d524e39f8881,True,False,IN,1631354744.27999
0,could not receive ip address from ipfy,Error,/BuildNotice/0,MobileSDK,samsung SM-A107F,OpenGLES2,1.0,1.10.2,False,Programmatic1,Programmatic,09/11/2021 10:05:40,611bdadcd4e35d332f3d5e66,611be843d5491c7d0a6ab0ce,com.thg.battleops.shooting.game,1.0,iv,Android OS 10 / API-29 (QP1A.190711.020/A107FXXU8BUF1),66d0be28-32fd-4e83-a682-d524e39f8881,True,False,IN,1631354744.920657
0,An error occurred while sending the request,Error,/BuildNotice/0,MobileSDK,samsung SM-A107F,OpenGLES2,1.0,1.10.2,False,Programmatic1,Programmatic,09/11/2021 10:05:40,611bdadcd4e35d332f3d5e66,611be843d5491c7d0a6ab0ce,com.thg.battleops.shooting.game,1.0,iv,Android OS 10 / API-29 (QP1A.190711.020/A107FXXU8BUF1),66d0be28-32fd-4e83-a682-d524e39f8881,True,False,IN,1631354744.972264
0,An error occurred while sending the request,Error,/BuildNotice/0,MobileSDK,samsung SM-A207F,OpenGLES2,1.0,1.10.2,False,Programmatic1,Programmatic,09/11/2021 10:05:43,611bdadcd4e35d332f3d5e66,611be843d5491c7d0a6ab0ce,com.thg.battleops.shooting.game,1.0,iv,Android OS 10 / API-29 (QP1A.190711.020/A207FXXU2BTI1),af11587d-a591-4f19-8a8f-70217ed2a8e0,True,False,IN,1631354745.748883
0,could not receive ip address from ipfy,Error,/BuildNotice/0,MobileSDK,samsung SM-A107F,OpenGLES2,1.0,1.10.2,False,Programmatic1,Programmatic,09/11/2021 10:05:41,611bdadcd4e35d332f3d5e66,611be843d5491c7d0a6ab0ce,com.thg.battleops.shooting.game,1.0,iv,Android OS 10 / API-29 (QP1A.190711.020/A107FXXU8BUF1),66d0be28-32fd-4e83-a682-d524e39f8881,True,False,IN,1631354745.866046
0,An error occurred while sending the request,Error,/BuildNotice/0,MobileSDK,samsung SM-A107F,OpenGLES2,1.0,1.10.2,False,Programmatic1,Programmatic,09/11/2021 10:05:41,611bdadcd4e35d332f3d5e66,611be843d5491c7d0a6ab0ce,com.thg.battleops.shooting.game,1.0,iv,Android OS 10 / API-29 (QP1A.190711.020/A107FXXU8BUF1),66d0be28-32fd-4e83-a682-d524e39f8881,True,False,IN,1631354745.879681
0,could not receive ip address from ipfy,Error,/BuildNotice/0,MobileSDK,samsung SM-A107F,OpenGLES2,1.0,1.10.2,False,Programmatic1,Programmatic,09/11/2021 10:05:44,611bdadcd4e35d332f3d5e66,611be843d5491c7d0a6ab0ce,com.thg.battleops.shooting.game,1.0,iv,Android OS 10 / API-29 (QP1A.190711.020/A107FXXU8BUF1),66d0be28-32fd-4e83-a682-d524e39f8881,True,False,IN,1631354748.214815
0,An error occurred while sending the request,Error,/BuildNotice/0,MobileSDK,samsung SM-A107F,OpenGLES2,1.0,1.10.2,False,Programmatic1,Programmatic,09/11/2021 10:05:44,611bdadcd4e35d332f3d5e66,611be843d5491c7d0a6ab0ce,com.thg.battleops.shooting.game,1.0,iv,Android OS 10 / API-29 (QP1A.190711.020/A107FXXU8BUF1),66d0be28-32fd-4e83-a682-d524e39f8881,True,False,IN,1631354748.446026
0,An error occurred while sending the request,Error,/BuildNotice/0,MobileSDK,samsung SM-A107F,OpenGLES2,1.0,1.10.2,False,Programmatic1,Programmatic,09/11/2021 10:05:44,611bdadcd4e35d332f3d5e66,611be843d5491c7d0a6ab0ce,com.thg.battleops.shooting.game,1.0,iv,Android OS 10 / API-29 (QP1A.190711.020/A107FXXU8BUF1),66d0be28-32fd-4e83-a682-d524e39f8881,True,False,IN,1631354748.905655
0,could not receive ip address from ipfy,Error,/BuildNotice/0,MobileSDK,samsung SM-A107F,OpenGLES2,1.0,1.10.2,False,Programmatic1,Programmatic,09/11/2021 10:05:44,611bdadcd4e35d332f3d5e66,611be843d5491c7d0a6ab0ce,com.thg.battleops.shooting.game,1.0,iv,Android OS 10 / API-29 (QP1A.190711.020/A107FXXU8BUF1),66d0be28-32fd-4e83-a682-d524e39f8881,True,False,IN,1631354749.116702
0,An error occurred while sending the request,Error,/BuildNotice/0,MobileSDK,samsung SM-A107F,OpenGLES2,1.0,1.10.2,False,Programmatic1,Programmatic,09/11/2021 10:05:46,611bdadcd4e35d332f3d5e66,611be843d5491c7d0a6ab0ce,com.thg.battleops.shooting.game,1.0,iv,Android OS 10 / API-29 (QP1A.190711.020/A107FXXU8BUF1),66d0be28-32fd-4e83-a682-d524e39f8881,True,False,IN,1631354750.650523
0,could not receive ip address from ipfy,Error,/BuildNotice/0,MobileSDK,samsung SM-A207F,OpenGLES2,1.0,1.10.2,False,Programmatic1,Programmatic,09/11/2021 10:05:48,611bdadcd4e35d332f3d5e66,611be843d5491c7d0a6ab0ce,com.thg.battleops.shooting.game,1.0,iv,Android OS 10 / API-29 (QP1A.190711.020/A207FXXU2BTI1),af11587d-a591-4f19-8a8f-70217ed2a8e0,True,False,IN,1631354750.818098
0,could not receive ip address from ipfy,Error,/BuildNotice/0,MobileSDK,samsung SM-A107F,OpenGLES2,1.0,1.10.2,False,Programmatic1,Programmatic,09/11/2021 10:05:46,611bdadcd4e35d332f3d5e66,611be843d5491c7d0a6ab0ce,com.thg.battleops.shooting.game,1.0,iv,Android OS 10 / API-29 (QP1A.190711.020/A107FXXU8BUF1),66d0be28-32fd-4e83-a682-d524e39f8881,True,False,IN,1631354750.863921
0,could not receive ip address from ipfy,Error,/BuildNotice/0,MobileSDK,samsung SM-A107F,OpenGLES2,1.0,1.10.2,False,Programmatic1,Programmatic,09/11/2021 10:05:48,611bdadcd4e35d332f3d5e66,611be843d5491c7d0a6ab0ce,com.thg.battleops.shooting.game,1.0,iv,Android OS 10 / API-29 (QP1A.190711.020/A107FXXU8BUF1),66d0be28-32fd-4e83-a682-d524e39f8881,True,False,IN,1631354753.148334
0,An error occurred while sending the request,Error,/BuildNotice/0,MobileSDK,samsung SM-A107F,OpenGLES2,1.0,1.10.2,False,Programmatic1,Programmatic,09/11/2021 10:05:48,611bdadcd4e35d332f3d5e66,611be843d5491c7d0a6ab0ce,com.thg.battleops.shooting.game,1.0,iv,Android OS 10 / API-29 (QP1A.190711.020/A107FXXU8BUF1),66d0be28-32fd-4e83-a682-d524e39f8881,True,False,IN,1631354753.159336
0,An error occurred while sending the request,Error,/BuildNotice/0,MobileSDK,samsung SM-A207F,OpenGLES2,1.0,1.10.2,False,Programmatic1,Programmatic,09/11/2021 10:05:51,611bdadcd4e35d332f3d5e66,611be843d5491c7d0a6ab0ce,com.thg.battleops.shooting.game,1.0,iv,Android OS 10 / API-29 (QP1A.190711.020/A207FXXU2BTI1),af11587d-a591-4f19-8a8f-70217ed2a8e0,True,False,IN,1631354753.814566
0,An error occurred while sending the request,Error,/BuildNotice/0,MobileSDK,samsung SM-A107F,OpenGLES2,1.0,1.10.2,False,Programmatic1,Programmatic,09/11/2021 10:05:50,611bdadcd4e35d332f3d5e66,611be843d5491c7d0a6ab0ce,com.thg.battleops.shooting.game,1.0,iv,Android OS 10 / API-29 (QP1A.190711.020/A107FXXU8BUF1),66d0be28-32fd-4e83-a682-d524e39f8881,True,False,IN,1631354754.791898
0,could not receive ip address from ipfy,Error,/BuildNotice/0,MobileSDK,samsung SM-A107F,OpenGLES2,1.0,1.10.2,False,Programmatic1,Programmatic,09/11/2021 10:05:50,611bdadcd4e35d332f3d5e66,611be843d5491c7d0a6ab0ce,com.thg.battleops.shooting.game,1.0,iv,Android OS 10 / API-29 (QP1A.190711.020/A107FXXU8BUF1),66d0be28-32fd-4e83-a682-d524e39f8881,True,False,IN,1631354754.778903
0,An error occurred while sending the request,Error,/BuildNotice/0,MobileSDK,samsung SM-A107F,OpenGLES2,1.0,1.10.2,False,Programmatic1,Programmatic,09/11/2021 10:05:51,611bdadcd4e35d332f3d5e66,611be843d5491c7d0a6ab0ce,com.thg.battleops.shooting.game,1.0,iv,Android OS 10 / API-29 (QP1A.190711.020/A107FXXU8BUF1),66d0be28-32fd-4e83-a682-d524e39f8881,True,False,IN,1631354755.4538
0,could not receive ip address from ipfy,Error,/BuildNotice/0,MobileSDK,samsung SM-A107F,OpenGLES2,1.0,1.10.2,False,Programmatic1,Programmatic,09/11/2021 10:05:51,611bdadcd4e35d332f3d5e66,611be843d5491c7d0a6ab0ce,com.thg.battleops.shooting.game,1.0,iv,Android OS 10 / API-29 (QP1A.190711.020/A107FXXU8BUF1),66d0be28-32fd-4e83-a682-d524e39f8881,True,False,IN,1631354755.632119
0,could not receive ip address from ipfy,Error,/BuildNotice/0,MobileSDK,vivo vivo 1802,OpenGLES2,1.0,1.10.2,False,Programmatic1,Programmatic,09/11/2021 10:05:45,611bdadcd4e35d332f3d5e66,611be843d5491c7d0a6ab0ce,com.thg.battleops.shooting.game,1.0,iv,Android OS 8.1.0 / API-27 (O11019/1615618755),44fd91a3-e1fc-4d8a-acd1-2e49f5759732,True,False,IN,1631354755.773452
0,could not receive ip address from ipfy,Error,/BuildNotice/0,MobileSDK,samsung SM-A107F,OpenGLES2,1.0,1.10.2,False,Programmatic1,Programmatic,09/11/2021 10:05:51,611bdadcd4e35d332f3d5e66,611be843d5491c7d0a6ab0ce,com.thg.battleops.shooting.game,1.0,iv,Android OS 10 / API-29 (QP1A.190711.020/A107FXXU8BUF1),66d0be28-32fd-4e83-a682-d524e39f8881,True,False,IN,1631354756.136124
0,An error occurred while sending the request,Error,/BuildNotice/0,MobileSDK,samsung SM-A107F,OpenGLES2,1.0,1.10.2,False,Programmatic1,Programmatic,09/11/2021 10:05:51,611bdadcd4e35d332f3d5e66,611be843d5491c7d0a6ab0ce,com.thg.battleops.shooting.game,1.0,iv,Android OS 10 / API-29 (QP1A.190711.020/A107FXXU8BUF1),66d0be28-32fd-4e83-a682-d524e39f8881,True,False,IN,1631354756.199026
0,could not receive ip address from ipfy,Error,/BuildNotice/0,MobileSDK,samsung SM-A107F,OpenGLES2,1.0,1.10.2,False,Programmatic1,Programmatic,09/11/2021 10:05:52,611bdadcd4e35d332f3d5e66,611be843d5491c7d0a6ab0ce,com.thg.battleops.shooting.game,1.0,iv,Android OS 10 / API-29 (QP1A.190711.020/A107FXXU8BUF1),66d0be28-32fd-4e83-a682-d524e39f8881,True,False,IN,1631354757.241692
0,An error occurred while sending the request,Error,/BuildNotice/0,MobileSDK,samsung SM-A107F,OpenGLES2,1.0,1.10.2,False,Programmatic1,Programmatic,09/11/2021 10:05:52,611bdadcd4e35d332f3d5e66,611be843d5491c7d0a6ab0ce,com.thg.battleops.shooting.game,1.0,iv,Android OS 10 / API-29 (QP1A.190711.020/A107FXXU8BUF1),66d0be28-32fd-4e83-a682-d524e39f8881,True,False,IN,1631354757.25376
0,could not receive ip address from ipfy,Error,/BuildNotice/0,MobileSDK,samsung SM-A207F,OpenGLES2,1.0,1.10.2,False,Programmatic1,Programmatic,09/11/2021 10:05:55,611bdadcd4e35d332f3d5e66,611be843d5491c7d0a6ab0ce,com.thg.battleops.shooting.game,1.0,iv,Android OS 10 / API-29 (QP1A.190711.020/A207FXXU2BTI1),af11587d-a591-4f19-8a8f-70217ed2a8e0,True,False,IN,1631354758.549919
0,An error occurred while sending the request,Error,/BuildNotice/0,MobileSDK,samsung SM-A207F,OpenGLES2,1.0,1.10.2,False,Programmatic1,Programmatic,09/11/2021 10:05:58,611bdadcd4e35d332f3d5e66,611be843d5491c7d0a6ab0ce,com.thg.battleops.shooting.game,1.0,iv,Android OS 10 / API-29 (QP1A.190711.020/A207FXXU2BTI1),af11587d-a591-4f19-8a8f-70217ed2a8e0,True,False,IN,1631354761.426934
0,could not receive ip address from ipfy,Error,/BuildNotice/0,MobileSDK,Realme RMX1821,OpenGLES2,1.0,1.11.0,False,LowRevenueCountryBlock,LowRevenueCountryBlock,09/12/2021 09:59:55,6028e36ad1e80652e41054ca,609d69021c511f4b1d4df1c4,com.pregnantcatemma.virtualpet,1.0,iv,Android OS 10 / API-29 (QP1A.190711.020/1624873154),e038be81-11ad-417f-990a-cf4faa24a61b,False,False,IQ,1631440818.052513
0,An error occurred while sending the request,Error,/BuildNotice/0,MobileSDK,Realme RMX1821,OpenGLES2,1.0,1.11.0,False,LowRevenueCountryBlock,LowRevenueCountryBlock,09/12/2021 09:59:55,6028e36ad1e80652e41054ca,609d69021c511f4b1d4df1c4,com.pregnantcatemma.virtualpet,1.0,iv,Android OS 10 / API-29 (QP1A.190711.020/1624873154),e038be81-11ad-417f-990a-cf4faa24a61b,False,False,IQ,1631440818.065896
0,could not receive ip address from ipfy,Error,/BuildNotice/0,MobileSDK,samsung SM-A307FN,OpenGLES2,1.0,1.11.0,False,Programmatic1,Programmatic,12.09.2021 10:00:16,6028e36ad1e80652e41054ca,6028e407a1ba2a0d3d760566,com.mytalkingcatemma.ballerinagames,1.0,ru,Android OS 11 / API-30 (RP1A.200720.012/A307FNXXS2CUH4),279297b4-f16b-47de-8558-d59322e20605,False,False,PK,1631440818.125261
0,could not receive ip address from ipfy,Error,/BuildNotice/0,MobileSDK,samsung SM-M325F,OpenGLES2,1.0,1.11.0,False,Programmatic1,Programmatic,12/09/2021 10:00:11,6028e36ad1e80652e41054ca,6028e407a1ba2a0d3d760566,com.mytalkingcatemma.ballerinagames,1.0,en,Android OS 11 / API-30 (RP1A.200720.012/M325FXXU1AUF2),18baed6e-244f-446a-b232-96cb1f977b5c,False,False,MM,1631440818.312419
0,could not receive ip address from ipfy,Error,/BuildNotice/0,MobileSDK,Realme RMX1821,OpenGLES2,1.0,1.11.0,False,LowRevenueCountryBlock,LowRevenueCountryBlock,09/12/2021 09:59:55,6028e36ad1e80652e41054ca,609d69021c511f4b1d4df1c4,com.pregnantcatemma.virtualpet,1.0,iv,Android OS 10 / API-29 (QP1A.190711.020/1624873154),e038be81-11ad-417f-990a-cf4faa24a61b,False,False,IQ,1631440818.325126
0,An error occurred while sending the request,Error,/BuildNotice/0,MobileSDK,samsung SM-M325F,OpenGLES2,1.0,1.11.0,False,Programmatic1,Programmatic,12/09/2021 10:00:11,6028e36ad1e80652e41054ca,6028e407a1ba2a0d3d760566,com.mytalkingcatemma.ballerinagames,1.0,en,Android OS 11 / API-30 (RP1A.200720.012/M325FXXU1AUF2),18baed6e-244f-446a-b232-96cb1f977b5c,False,False,MM,1631440818.338948
0,An error occurred while sending the request,Error,/BuildNotice/0,MobileSDK,Realme RMX1821,OpenGLES2,1.0,1.11.0,False,LowRevenueCountryBlock,LowRevenueCountryBlock,09/12/2021 09:59:55,6028e36ad1e80652e41054ca,609d69021c511f4b1d4df1c4,com.pregnantcatemma.virtualpet,1.0,iv,Android OS 10 / API-29 (QP1A.190711.020/1624873154),e038be81-11ad-417f-990a-cf4faa24a61b,False,False,IQ,1631440818.383461
0,An error occurred while sending the request,Error,/BuildNotice/0,MobileSDK,samsung SM-A307FN,OpenGLES2,1.0,1.11.0,False,Programmatic1,Programmatic,12.09.2021 10:00:16,6028e36ad1e80652e41054ca,6028e407a1ba2a0d3d760566,com.mytalkingcatemma.ballerinagames,1.0,ru,Android OS 11 / API-30 (RP1A.200720.012/A307FNXXS2CUH4),279297b4-f16b-47de-8558-d59322e20605,False,False,PK,1631440818.401651
0,could not receive ip address from ipfy,Error,/BuildNotice/0,MobileSDK,samsung SM-A307FN,OpenGLES2,1.0,1.11.0,False,Programmatic1,Programmatic,12.09.2021 10:00:16,6028e36ad1e80652e41054ca,6028e407a1ba2a0d3d760566,com.mytalkingcatemma.ballerinagames,1.0,ru,Android OS 11 / API-30 (RP1A.200720.012/A307FNXXS2CUH4),279297b4-f16b-47de-8558-d59322e20605,False,False,PK,1631440818.480375
0,could not receive ip address from ipfy,Error,/BuildNotice/0,MobileSDK,Realme RMX1821,OpenGLES2,1.0,1.11.0,False,LowRevenueCountryBlock,LowRevenueCountryBlock,09/12/2021 09:59:55,6028e36ad1e80652e41054ca,609d69021c511f4b1d4df1c4,com.pregnantcatemma.virtualpet,1.0,iv,Android OS 10 / API-29 (QP1A.190711.020/1624873154),e038be81-11ad-417f-990a-cf4faa24a61b,False,False,IQ,1631440818.581918
0,An error occurred while sending the request,Error,/BuildNotice/0,MobileSDK,samsung SM-A307FN,OpenGLES2,1.0,1.11.0,False,Programmatic1,Programmatic,12.09.2021 10:00:16,6028e36ad1e80652e41054ca,6028e407a1ba2a0d3d760566,com.mytalkingcatemma.ballerinagames,1.0,ru,Android OS 11 / API-30 (RP1A.200720.012/A307FNXXS2CUH4),279297b4-f16b-47de-8558-d59322e20605,False,False,PK,1631440818.642226
0,An error occurred while sending the request,Error,/BuildNotice/0,MobileSDK,Realme RMX1821,OpenGLES2,1.0,1.11.0,False,LowRevenueCountryBlock,LowRevenueCountryBlock,09/12/2021 09:59:55,6028e36ad1e80652e41054ca,609d69021c511f4b1d4df1c4,com.pregnantcatemma.virtualpet,1.0,iv,Android OS 10 / API-29 (QP1A.190711.020/1624873154),e038be81-11ad-417f-990a-cf4faa24a61b,False,False,IQ,1631440818.657106
0,could not receive ip address from ipfy,Error,/BuildNotice/0,MobileSDK,samsung SM-A307FN,OpenGLES2,1.0,1.11.0,False,Programmatic1,Programmatic,12.09.2021 10:00:17,6028e36ad1e80652e41054ca,6028e407a1ba2a0d3d760566,com.mytalkingcatemma.ballerinagames,1.0,ru,Android OS 11 / API-30 (RP1A.200720.012/A307FNXXS2CUH4),279297b4-f16b-47de-8558-d59322e20605,False,False,PK,1631440818.729191
0,could not receive ip address from ipfy,Error,/BuildNotice/0,MobileSDK,Realme RMX1821,OpenGLES2,1.0,1.11.0,False,LowRevenueCountryBlock,LowRevenueCountryBlock,09/12/2021 09:59:55,6028e36ad1e80652e41054ca,609d69021c511f4b1d4df1c4,com.pregnantcatemma.virtualpet,1.0,iv,Android OS 10 / API-29 (QP1A.190711.020/1624873154),e038be81-11ad-417f-990a-cf4faa24a61b,False,False,IQ,1631440818.84232
0,An error occurred while sending the request,Error,/BuildNotice/0,MobileSDK,samsung SM-A307FN,OpenGLES2,1.0,1.11.0,False,Programmatic1,Programmatic,12.09.2021 10:00:17,6028e36ad1e80652e41054ca,6028e407a1ba2a0d3d760566,com.mytalkingcatemma.ballerinagames,1.0,ru,Android OS 11 / API-30 (RP1A.200720.012/A307FNXXS2CUH4),279297b4-f16b-47de-8558-d59322e20605,False,False,PK,1631440818.886309
0,An error occurred while sending the request,Error,/BuildNotice/0,MobileSDK,Realme RMX1821,OpenGLES2,1.0,1.11.0,False,LowRevenueCountryBlock,LowRevenueCountryBlock,09/12/2021 09:59:55,6028e36ad1e80652e41054ca,609d69021c511f4b1d4df1c4,com.pregnantcatemma.virtualpet,1.0,iv,Android OS 10 / API-29 (QP1A.190711.020/1624873154),e038be81-11ad-417f-990a-cf4faa24a61b,False,False,IQ,1631440818.922912
0,could not receive ip address from ipfy,Error,/BuildNotice/0,MobileSDK,samsung SM-M325F,OpenGLES2,1.0,1.11.0,False,Programmatic1,Programmatic,12/09/2021 10:00:12,6028e36ad1e80652e41054ca,6028e407a1ba2a0d3d760566,com.mytalkingcatemma.ballerinagames,1.0,en,Android OS 11 / API-30 (RP1A.200720.012/M325FXXU1AUF2),18baed6e-244f-446a-b232-96cb1f977b5c,False,False,MM,1631440818.948658
0,An error occurred while sending the request,Error,/BuildNotice/0,MobileSDK,samsung SM-M325F,OpenGLES2,1.0,1.11.0,False,Programmatic1,Programmatic,12/09/2021 10:00:12,6028e36ad1e80652e41054ca,6028e407a1ba2a0d3d760566,com.mytalkingcatemma.ballerinagames,1.0,en,Android OS 11 / API-30 (RP1A.200720.012/M325FXXU1AUF2),18baed6e-244f-446a-b232-96cb1f977b5c,False,False,MM,1631440819.009376
0,could not receive ip address from ipfy,Error,/BuildNotice/0,MobileSDK,samsung SM-A307FN,OpenGLES2,1.0,1.11.0,False,Programmatic1,Programmatic,12.09.2021 10:00:17,6028e36ad1e80652e41054ca,6028e407a1ba2a0d3d760566,com.mytalkingcatemma.ballerinagames,1.0,ru,Android OS 11 / API-30 (RP1A.200720.012/A307FNXXS2CUH4),279297b4-f16b-47de-8558-d59322e20605,False,False,PK,1631440819.040085
0,could not receive ip address from ipfy,Error,/BuildNotice/0,MobileSDK,Realme RMX1821,OpenGLES2,1.0,1.11.0,False,LowRevenueCountryBlock,LowRevenueCountryBlock,09/12/2021 09:59:55,6028e36ad1e80652e41054ca,609d69021c511f4b1d4df1c4,com.pregnantcatemma.virtualpet,1.0,iv,Android OS 10 / API-29 (QP1A.190711.020/1624873154),e038be81-11ad-417f-990a-cf4faa24a61b,False,False,IQ,1631440819.096898
0,An error occurred while sending the request,Error,/BuildNotice/0,MobileSDK,samsung SM-A307FN,OpenGLES2,1.0,1.11.0,False,Programmatic1,Programmatic,12.09.2021 10:00:17,6028e36ad1e80652e41054ca,6028e407a1ba2a0d3d760566,com.mytalkingcatemma.ballerinagames,1.0,ru,Android OS 11 / API-30 (RP1A.200720.012/A307FNXXS2CUH4),279297b4-f16b-47de-8558-d59322e20605,False,False,PK,1631440819.131529
0,An error occurred while sending the request,Error,/BuildNotice/0,MobileSDK,Realme RMX1821,OpenGLES2,1.0,1.11.0,False,LowRevenueCountryBlock,LowRevenueCountryBlock,09/12/2021 09:59:55,6028e36ad1e80652e41054ca,609d69021c511f4b1d4df1c4,com.pregnantcatemma.virtualpet,1.0,iv,Android OS 10 / API-29 (QP1A.190711.020/1624873154),e038be81-11ad-417f-990a-cf4faa24a61b,False,False,IQ,1631440819.184305
0,could not receive ip address from ipfy,Error,/BuildNotice/0,MobileSDK,samsung SM-A307FN,OpenGLES2,1.0,1.11.0,False,Programmatic1,Programmatic,12.09.2021 10:00:17,6028e36ad1e80652e41054ca,6028e407a1ba2a0d3d760566,com.mytalkingcatemma.ballerinagames,1.0,ru,Android OS 11 / API-30 (RP1A.200720.012/A307FNXXS2CUH4),279297b4-f16b-47de-8558-d59322e20605,False,False,PK,1631440819.318445
0,could not receive ip address from ipfy,Error,/BuildNotice/0,MobileSDK,samsung SM-M325F,OpenGLES2,1.0,1.11.0,False,Programmatic1,Programmatic,12/09/2021 10:00:12,6028e36ad1e80652e41054ca,6028e407a1ba2a0d3d760566,com.mytalkingcatemma.ballerinagames,1.0,en,Android OS 11 / API-30 (RP1A.200720.012/M325FXXU1AUF2),18baed6e-244f-446a-b232-96cb1f977b5c,False,False,MM,1631440819.346966
0,An error occurred while sending the request,Error,/BuildNotice/0,MobileSDK,samsung SM-M325F,OpenGLES2,1.0,1.11.0,False,Programmatic1,Programmatic,12/09/2021 10:00:12,6028e36ad1e80652e41054ca,6028e407a1ba2a0d3d760566,com.mytalkingcatemma.ballerinagames,1.0,en,Android OS 11 / API-30 (RP1A.200720.012/M325FXXU1AUF2),18baed6e-244f-446a-b232-96cb1f977b5c,False,False,MM,1631440819.361307
0,An error occurred while sending the request,Error,/BuildNotice/0,MobileSDK,samsung SM-A307FN,OpenGLES2,1.0,1.11.0,False,Programmatic1,Programmatic,12.09.2021 10:00:17,6028e36ad1e80652e41054ca,6028e407a1ba2a0d3d760566,com.mytalkingcatemma.ballerinagames,1.0,ru,Android OS 11 / API-30 (RP1A.200720.012/A307FNXXS2CUH4),279297b4-f16b-47de-8558-d59322e20605,False,False,PK,1631440819.412616
0,could not receive ip address from ipfy,Error,/BuildNotice/0,MobileSDK,Realme RMX1821,OpenGLES2,1.0,1.11.0,False,LowRevenueCountryBlock,LowRevenueCountryBlock,09/12/2021 09:59:55,6028e36ad1e80652e41054ca,609d69021c511f4b1d4df1c4,com.pregnantcatemma.virtualpet,1.0,iv,Android OS 10 / API-29 (QP1A.190711.020/1624873154),e038be81-11ad-417f-990a-cf4faa24a61b,False,False,IQ,1631440819.42874
0,An error occurred while sending the request,Error,/BuildNotice/0,MobileSDK,Realme RMX1821,OpenGLES2,1.0,1.11.0,False,LowRevenueCountryBlock,LowRevenueCountryBlock,09/12/2021 09:59:55,6028e36ad1e80652e41054ca,609d69021c511f4b1d4df1c4,com.pregnantcatemma.virtualpet,1.0,iv,Android OS 10 / API-29 (QP1A.190711.020/1624873154),e038be81-11ad-417f-990a-cf4faa24a61b,False,False,IQ,1631440819.443012
0,could not receive ip address from ipfy,Error,/BuildNotice/0,MobileSDK,Realme RMX1821,OpenGLES2,1.0,1.11.0,False,LowRevenueCountryBlock,LowRevenueCountryBlock,09/12/2021 09:59:56,6028e36ad1e80652e41054ca,609d69021c511f4b1d4df1c4,com.pregnantcatemma.virtualpet,1.0,iv,Android OS 10 / API-29 (QP1A.190711.020/1624873154),e038be81-11ad-417f-990a-cf4faa24a61b,False,False,IQ,1631440819.683839
0,could not receive ip address from ipfy,Error,/BuildNotice/0,MobileSDK,samsung SM-M325F,OpenGLES2,1.0,1.11.0,False,Programmatic1,Programmatic,12/09/2021 10:00:13,6028e36ad1e80652e41054ca,6028e407a1ba2a0d3d760566,com.mytalkingcatemma.ballerinagames,1.0,en,Android OS 11 / API-30 (RP1A.200720.012/M325FXXU1AUF2),18baed6e-244f-446a-b232-96cb1f977b5c,False,False,MM,1631440819.713076
0,An error occurred while sending the request,Error,/BuildNotice/0,MobileSDK,samsung SM-M325F,OpenGLES2,1.0,1.11.0,False,Programmatic1,Programmatic,12/09/2021 10:00:13,6028e36ad1e80652e41054ca,6028e407a1ba2a0d3d760566,com.mytalkingcatemma.ballerinagames,1.0,en,Android OS 11 / API-30 (RP1A.200720.012/M325FXXU1AUF2),18baed6e-244f-446a-b232-96cb1f977b5c,False,False,MM,1631440819.729962
0,An error occurred while sending the request,Error,/BuildNotice/0,MobileSDK,Realme RMX1821,OpenGLES2,1.0,1.11.0,False,LowRevenueCountryBlock,LowRevenueCountryBlock,09/12/2021 09:59:56,6028e36ad1e80652e41054ca,609d69021c511f4b1d4df1c4,com.pregnantcatemma.virtualpet,1.0,iv,Android OS 10 / API-29 (QP1A.190711.020/1624873154),e038be81-11ad-417f-990a-cf4faa24a61b,False,False,IQ,1631440819.782948
0,could not receive ip address from ipfy,Error,/BuildNotice/0,MobileSDK,Realme RMX1821,OpenGLES2,1.0,1.11.0,False,LowRevenueCountryBlock,LowRevenueCountryBlock,09/12/2021 09:59:56,6028e36ad1e80652e41054ca,609d69021c511f4b1d4df1c4,com.pregnantcatemma.virtualpet,1.0,iv,Android OS 10 / API-29 (QP1A.190711.020/1624873154),e038be81-11ad-417f-990a-cf4faa24a61b,False,False,IQ,1631440819.937418
0,could not receive ip address from ipfy,Error,/BuildNotice/0,MobileSDK,samsung SM-A307FN,OpenGLES2,1.0,1.11.0,False,Programmatic1,Programmatic,12.09.2021 10:00:18,6028e36ad1e80652e41054ca,6028e407a1ba2a0d3d760566,com.mytalkingcatemma.ballerinagames,1.0,ru,Android OS 11 / API-30 (RP1A.200720.012/A307FNXXS2CUH4),279297b4-f16b-47de-8558-d59322e20605,False,False,PK,1631440820.041212
0,An error occurred while sending the request,Error,/BuildNotice/0,MobileSDK,Realme RMX1821,OpenGLES2,1.0,1.11.0,False,LowRevenueCountryBlock,LowRevenueCountryBlock,09/12/2021 09:59:56,6028e36ad1e80652e41054ca,609d69021c511f4b1d4df1c4,com.pregnantcatemma.virtualpet,1.0,iv,Android OS 10 / API-29 (QP1A.190711.020/1624873154),e038be81-11ad-417f-990a-cf4faa24a61b,False,False,IQ,1631440820.057229
0,could not receive ip address from ipfy,Error,/BuildNotice/0,MobileSDK,samsung SM-M325F,OpenGLES2,1.0,1.11.0,False,Programmatic1,Programmatic,12/09/2021 10:00:13,6028e36ad1e80652e41054ca,6028e407a1ba2a0d3d760566,com.mytalkingcatemma.ballerinagames,1.0,en,Android OS 11 / API-30 (RP1A.200720.012/M325FXXU1AUF2),18baed6e-244f-446a-b232-96cb1f977b5c,False,False,MM,1631440820.073098
0,An error occurred while sending the request,Error,/BuildNotice/0,MobileSDK,samsung SM-M325F,OpenGLES2,1.0,1.11.0,False,Programmatic1,Programmatic,12/09/2021 10:00:13,6028e36ad1e80652e41054ca,6028e407a1ba2a0d3d760566,com.mytalkingcatemma.ballerinagames,1.0,en,Android OS 11 / API-30 (RP1A.200720.012/M325FXXU1AUF2),18baed6e-244f-446a-b232-96cb1f977b5c,False,False,MM,1631440820.091838
0,An error occurred while sending the request,Error,/BuildNotice/0,MobileSDK,samsung SM-A307FN,OpenGLES2,1.0,1.11.0,False,Programmatic1,Programmatic,12.09.2021 10:00:18,6028e36ad1e80652e41054ca,6028e407a1ba2a0d3d760566,com.mytalkingcatemma.ballerinagames,1.0,ru,Android OS 11 / API-30 (RP1A.200720.012/A307FNXXS2CUH4),279297b4-f16b-47de-8558-d59322e20605,False,False,PK,1631440820.110122
0,could not receive ip address from ipfy,Error,/BuildNotice/0,MobileSDK,Realme RMX1821,OpenGLES2,1.0,1.11.0,False,LowRevenueCountryBlock,LowRevenueCountryBlock,09/12/2021 09:59:56,6028e36ad1e80652e41054ca,609d69021c511f4b1d4df1c4,com.pregnantcatemma.virtualpet,1.0,iv,Android OS 10 / API-29 (QP1A.190711.020/1624873154),e038be81-11ad-417f-990a-cf4faa24a61b,False,False,IQ,1631440820.195259
0,An error occurred while sending the request,Error,/BuildNotice/0,MobileSDK,Realme RMX1821,OpenGLES2,1.0,1.11.0,False,LowRevenueCountryBlock,LowRevenueCountryBlock,09/12/2021 09:59:56,6028e36ad1e80652e41054ca,609d69021c511f4b1d4df1c4,com.pregnantcatemma.virtualpet,1.0,iv,Android OS 10 / API-29 (QP1A.190711.020/1624873154),e038be81-11ad-417f-990a-cf4faa24a61b,False,False,IQ,1631440820.312593
0,could not receive ip address from ipfy,Error,/BuildNotice/0,MobileSDK,samsung SM-M325F,OpenGLES2,1.0,1.11.0,False,Programmatic1,Programmatic,12/09/2021 10:00:14,6028e36ad1e80652e41054ca,6028e407a1ba2a0d3d760566,com.mytalkingcatemma.ballerinagames,1.0,en,Android OS 11 / API-30 (RP1A.200720.012/M325FXXU1AUF2),18baed6e-244f-446a-b232-96cb1f977b5c,False,False,MM,1631440820.404862
0,An error occurred while sending the request,Error,/BuildNotice/0,MobileSDK,samsung SM-M325F,OpenGLES2,1.0,1.11.0,False,Programmatic1,Programmatic,12/09/2021 10:00:14,6028e36ad1e80652e41054ca,6028e407a1ba2a0d3d760566,com.mytalkingcatemma.ballerinagames,1.0,en,Android OS 11 / API-30 (RP1A.200720.012/M325FXXU1AUF2),18baed6e-244f-446a-b232-96cb1f977b5c,False,False,MM,1631440820.439344
0,could not receive ip address from ipfy,Error,/BuildNotice/0,MobileSDK,Realme RMX1821,OpenGLES2,1.0,1.11.0,False,LowRevenueCountryBlock,LowRevenueCountryBlock,09/12/2021 09:59:56,6028e36ad1e80652e41054ca,609d69021c511f4b1d4df1c4,com.pregnantcatemma.virtualpet,1.0,iv,Android OS 10 / API-29 (QP1A.190711.020/1624873154),e038be81-11ad-417f-990a-cf4faa24a61b,False,False,IQ,1631440820.454228
0,An error occurred while sending the request,Error,/BuildNotice/0,MobileSDK,Realme RMX1821,OpenGLES2,1.0,1.11.0,False,LowRevenueCountryBlock,LowRevenueCountryBlock,09/12/2021 09:59:56,6028e36ad1e80652e41054ca,609d69021c511f4b1d4df1c4,com.pregnantcatemma.virtualpet,1.0,iv,Android OS 10 / API-29 (QP1A.190711.020/1624873154),e038be81-11ad-417f-990a-cf4faa24a61b,False,False,IQ,1631440820.574571
0,could not receive ip address from ipfy,Error,/BuildNotice/0,MobileSDK,samsung SM-M325F,OpenGLES2,1.0,1.11.0,False,Programmatic1,Programmatic,12/09/2021 10:00:14,6028e36ad1e80652e41054ca,6028e407a1ba2a0d3d760566,com.mytalkingcatemma.ballerinagames,1.0,en,Android OS 11 / API-30 (RP1A.200720.012/M325FXXU1AUF2),18baed6e-244f-446a-b232-96cb1f977b5c,False,False,MM,1631440820.725716
0,could not receive ip address from ipfy,Error,/BuildNotice/0,MobileSDK,Realme RMX1821,OpenGLES2,1.0,1.11.0,False,LowRevenueCountryBlock,LowRevenueCountryBlock,09/12/2021 09:59:56,6028e36ad1e80652e41054ca,609d69021c511f4b1d4df1c4,com.pregnantcatemma.virtualpet,1.0,iv,Android OS 10 / API-29 (QP1A.190711.020/1624873154),e038be81-11ad-417f-990a-cf4faa24a61b,False,False,IQ,1631440820.818012
0,An error occurred while sending the request,Error,/BuildNotice/0,MobileSDK,Realme RMX1821,OpenGLES2,1.0,1.11.0,False,LowRevenueCountryBlock,LowRevenueCountryBlock,09/12/2021 09:59:56,6028e36ad1e80652e41054ca,609d69021c511f4b1d4df1c4,com.pregnantcatemma.virtualpet,1.0,iv,Android OS 10 / API-29 (QP1A.190711.020/1624873154),e038be81-11ad-417f-990a-cf4faa24a61b,False,False,IQ,1631440820.833672
0,An error occurred while sending the request,Error,/BuildNotice/0,MobileSDK,samsung SM-M325F,OpenGLES2,1.0,1.11.0,False,Programmatic1,Programmatic,12/09/2021 10:00:14,6028e36ad1e80652e41054ca,6028e407a1ba2a0d3d760566,com.mytalkingcatemma.ballerinagames,1.0,en,Android OS 11 / API-30 (RP1A.200720.012/M325FXXU1AUF2),18baed6e-244f-446a-b232-96cb1f977b5c,False,False,MM,1631440820.865381
0,could not receive ip address from ipfy,Error,/BuildNotice/0,MobileSDK,samsung SM-M325F,OpenGLES2,1.0,1.11.0,False,Programmatic1,Programmatic,12/09/2021 10:00:15,6028e36ad1e80652e41054ca,6028e407a1ba2a0d3d760566,com.mytalkingcatemma.ballerinagames,1.0,en,Android OS 11 / API-30 (RP1A.200720.012/M325FXXU1AUF2),18baed6e-244f-446a-b232-96cb1f977b5c,False,False,MM,1631440821.045209
0,could not receive ip address from ipfy,Error,/BuildNotice/0,MobileSDK,samsung SM-A307FN,OpenGLES2,1.0,1.11.0,False,Programmatic1,Programmatic,12.09.2021 10:00:19,6028e36ad1e80652e41054ca,6028e407a1ba2a0d3d760566,com.mytalkingcatemma.ballerinagames,1.0,ru,Android OS 11 / API-30 (RP1A.200720.012/A307FNXXS2CUH4),279297b4-f16b-47de-8558-d59322e20605,False,False,PK,1631440821.073761
0,could not receive ip address from ipfy,Error,/BuildNotice/0,MobileSDK,Realme RMX1821,OpenGLES2,1.0,1.11.0,False,LowRevenueCountryBlock,LowRevenueCountryBlock,09/12/2021 09:59:56,6028e36ad1e80652e41054ca,609d69021c511f4b1d4df1c4,com.pregnantcatemma.virtualpet,1.0,iv,Android OS 10 / API-29 (QP1A.190711.020/1624873154),e038be81-11ad-417f-990a-cf4faa24a61b,False,False,IQ,1631440821.090498
0,An error occurred while sending the request,Error,/BuildNotice/0,MobileSDK,Realme RMX1821,OpenGLES2,1.0,1.11.0,False,LowRevenueCountryBlock,LowRevenueCountryBlock,09/12/2021 09:59:56,6028e36ad1e80652e41054ca,609d69021c511f4b1d4df1c4,com.pregnantcatemma.virtualpet,1.0,iv,Android OS 10 / API-29 (QP1A.190711.020/1624873154),e038be81-11ad-417f-990a-cf4faa24a61b,False,False,IQ,1631440821.109578
0,An error occurred while sending the request,Error,/BuildNotice/0,MobileSDK,samsung SM-A307FN,OpenGLES2,1.0,1.11.0,False,Programmatic1,Programmatic,12.09.2021 10:00:19,6028e36ad1e80652e41054ca,6028e407a1ba2a0d3d760566,com.mytalkingcatemma.ballerinagames,1.0,ru,Android OS 11 / API-30 (RP1A.200720.012/A307FNXXS2CUH4),279297b4-f16b-47de-8558-d59322e20605,False,False,PK,1631440821.181035
0,An error occurred while sending the request,Error,/BuildNotice/0,MobileSDK,samsung SM-M325F,OpenGLES2,1.0,1.11.0,False,Programmatic1,Programmatic,12/09/2021 10:00:15,6028e36ad1e80652e41054ca,6028e407a1ba2a0d3d760566,com.mytalkingcatemma.ballerinagames,1.0,en,Android OS 11 / API-30 (RP1A.200720.012/M325FXXU1AUF2),18baed6e-244f-446a-b232-96cb1f977b5c,False,False,MM,1631440821.210405
0,could not receive ip address from ipfy,Error,/BuildNotice/0,MobileSDK,HUAWEI DUB-LX2,OpenGLES2,1.0,1.11.0,False,LowRevenueCountryBlock,LowRevenueCountryBlock,09/12/2021 09:58:41,6028e36ad1e80652e41054ca,609d69021c511f4b1d4df1c4,com.pregnantcatemma.virtualpet,1.0,iv,Android OS 8.1.0 / API-27 (HUAWEIDUB-LX2/140(C636)),14a3d655-ee5f-4d4a-95c6-0665fec1a763,False,False,IQ,1631440821.335243
0,An error occurred while sending the request,Error,/BuildNotice/0,MobileSDK,HUAWEI DUB-LX2,OpenGLES2,1.0,1.11.0,False,LowRevenueCountryBlock,LowRevenueCountryBlock,09/12/2021 09:58:41,6028e36ad1e80652e41054ca,609d69021c511f4b1d4df1c4,com.pregnantcatemma.virtualpet,1.0,iv,Android OS 8.1.0 / API-27 (HUAWEIDUB-LX2/140(C636)),14a3d655-ee5f-4d4a-95c6-0665fec1a763,False,False,IQ,1631440821.349404
0,could not receive ip address from ipfy,Error,/BuildNotice/0,MobileSDK,Realme RMX1821,OpenGLES2,1.0,1.11.0,False,LowRevenueCountryBlock,LowRevenueCountryBlock,09/12/2021 09:59:57,6028e36ad1e80652e41054ca,609d69021c511f4b1d4df1c4,com.pregnantcatemma.virtualpet,1.0,iv,Android OS 10 / API-29 (QP1A.190711.020/1624873154),e038be81-11ad-417f-990a-cf4faa24a61b,False,False,IQ,1631440821.366132
0,could not receive ip address from ipfy,Error,/BuildNotice/0,MobileSDK,samsung SM-M325F,OpenGLES2,1.0,1.11.0,False,Programmatic1,Programmatic,12/09/2021 10:00:15,6028e36ad1e80652e41054ca,6028e407a1ba2a0d3d760566,com.mytalkingcatemma.ballerinagames,1.0,en,Android OS 11 / API-30 (RP1A.200720.012/M325FXXU1AUF2),18baed6e-244f-446a-b232-96cb1f977b5c,False,False,MM,1631440821.397865
0,An error occurred while sending the request,Error,/BuildNotice/0,MobileSDK,Realme RMX1821,OpenGLES2,1.0,1.11.0,False,LowRevenueCountryBlock,LowRevenueCountryBlock,09/12/2021 09:59:57,6028e36ad1e80652e41054ca,609d69021c511f4b1d4df1c4,com.pregnantcatemma.virtualpet,1.0,iv,Android OS 10 / API-29 (QP1A.190711.020/1624873154),e038be81-11ad-417f-990a-cf4faa24a61b,False,False,IQ,1631440821.416601
0,could not receive ip address from ipfy,Error,/BuildNotice/0,MobileSDK,samsung SM-A307FN,OpenGLES2,1.0,1.11.0,False,Programmatic1,Programmatic,12.09.2021 10:00:19,6028e36ad1e80652e41054ca,6028e407a1ba2a0d3d760566,com.mytalkingcatemma.ballerinagames,1.0,ru,Android OS 11 / API-30 (RP1A.200720.012/A307FNXXS2CUH4),279297b4-f16b-47de-8558-d59322e20605,False,False,PK,1631440821.496257
0,An error occurred while sending the request,Error,/BuildNotice/0,MobileSDK,samsung SM-A307FN,OpenGLES2,1.0,1.11.0,False,Programmatic1,Programmatic,12.09.2021 10:00:19,6028e36ad1e80652e41054ca,6028e407a1ba2a0d3d760566,com.mytalkingcatemma.ballerinagames,1.0,ru,Android OS 11 / API-30 (RP1A.200720.012/A307FNXXS2CUH4),279297b4-f16b-47de-8558-d59322e20605,False,False,PK,1631440821.513961
0,An error occurred while sending the request,Error,/BuildNotice/0,MobileSDK,samsung SM-M325F,OpenGLES2,1.0,1.11.0,False,Programmatic1,Programmatic,12/09/2021 10:00:15,6028e36ad1e80652e41054ca,6028e407a1ba2a0d3d760566,com.mytalkingcatemma.ballerinagames,1.0,en,Android OS 11 / API-30 (RP1A.200720.012/M325FXXU1AUF2),18baed6e-244f-446a-b232-96cb1f977b5c,False,False,MM,1631440821.595977
0,could not receive ip address from ipfy,Error,/BuildNotice/0,MobileSDK,HUAWEI DUB-LX2,OpenGLES2,1.0,1.11.0,False,LowRevenueCountryBlock,LowRevenueCountryBlock,09/12/2021 09:58:41,6028e36ad1e80652e41054ca,609d69021c511f4b1d4df1c4,com.pregnantcatemma.virtualpet,1.0,iv,Android OS 8.1.0 / API-27 (HUAWEIDUB-LX2/140(C636)),14a3d655-ee5f-4d4a-95c6-0665fec1a763,False,False,IQ,1631440821.615447
0,An error occurred while sending the request,Error,/BuildNotice/0,MobileSDK,HUAWEI DUB-LX2,OpenGLES2,1.0,1.11.0,False,LowRevenueCountryBlock,LowRevenueCountryBlock,09/12/2021 09:58:41,6028e36ad1e80652e41054ca,609d69021c511f4b1d4df1c4,com.pregnantcatemma.virtualpet,1.0,iv,Android OS 8.1.0 / API-27 (HUAWEIDUB-LX2/140(C636)),14a3d655-ee5f-4d4a-95c6-0665fec1a763,False,False,IQ,1631440821.68249
0,could not receive ip address from ipfy,Error,/BuildNotice/0,MobileSDK,Realme RMX1821,OpenGLES2,1.0,1.11.0,False,LowRevenueCountryBlock,LowRevenueCountryBlock,09/12/2021 09:59:57,6028e36ad1e80652e41054ca,609d69021c511f4b1d4df1c4,com.pregnantcatemma.virtualpet,1.0,iv,Android OS 10 / API-29 (QP1A.190711.020/1624873154),e038be81-11ad-417f-990a-cf4faa24a61b,False,False,IQ,1631440821.696771
0,could not receive ip address from ipfy,Error,/BuildNotice/0,MobileSDK,samsung SM-M325F,OpenGLES2,1.0,1.11.0,False,Programmatic1,Programmatic,12/09/2021 10:00:15,6028e36ad1e80652e41054ca,6028e407a1ba2a0d3d760566,com.mytalkingcatemma.ballerinagames,1.0,en,Android OS 11 / API-30 (RP1A.200720.012/M325FXXU1AUF2),18baed6e-244f-446a-b232-96cb1f977b5c,False,False,MM,1631440821.781173
0,An error occurred while sending the request,Error,/BuildNotice/0,MobileSDK,Realme RMX1821,OpenGLES2,1.0,1.11.0,False,LowRevenueCountryBlock,LowRevenueCountryBlock,09/12/2021 09:59:57,6028e36ad1e80652e41054ca,609d69021c511f4b1d4df1c4,com.pregnantcatemma.virtualpet,1.0,iv,Android OS 10 / API-29 (QP1A.190711.020/1624873154),e038be81-11ad-417f-990a-cf4faa24a61b,False,False,IQ,1631440821.794151
0,could not receive ip address from ipfy,Error,/BuildNotice/0,MobileSDK,samsung SM-A307FN,OpenGLES2,1.0,1.11.0,False,Programmatic1,Programmatic,12.09.2021 10:00:20,6028e36ad1e80652e41054ca,6028e407a1ba2a0d3d760566,com.mytalkingcatemma.ballerinagames,1.0,ru,Android OS 11 / API-30 (RP1A.200720.012/A307FNXXS2CUH4),279297b4-f16b-47de-8558-d59322e20605,False,False,PK,1631440821.896567
0,An error occurred while sending the request,Error,/BuildNotice/0,MobileSDK,samsung SM-M325F,OpenGLES2,1.0,1.11.0,False,Programmatic1,Programmatic,12/09/2021 10:00:15,6028e36ad1e80652e41054ca,6028e407a1ba2a0d3d760566,com.mytalkingcatemma.ballerinagames,1.0,en,Android OS 11 / API-30 (RP1A.200720.012/M325FXXU1AUF2),18baed6e-244f-446a-b232-96cb1f977b5c,False,False,MM,1631440821.920257
0,An error occurred while sending the request,Error,/BuildNotice/0,MobileSDK,samsung SM-A307FN,OpenGLES2,1.0,1.11.0,False,Programmatic1,Programmatic,12.09.2021 10:00:20,6028e36ad1e80652e41054ca,6028e407a1ba2a0d3d760566,com.mytalkingcatemma.ballerinagames,1.0,ru,Android OS 11 / API-30 (RP1A.200720.012/A307FNXXS2CUH4),279297b4-f16b-47de-8558-d59322e20605,False,False,PK,1631440821.936839
0,could not receive ip address from ipfy,Error,/BuildNotice/0,MobileSDK,HUAWEI DUB-LX2,OpenGLES2,1.0,1.11.0,False,LowRevenueCountryBlock,LowRevenueCountryBlock,09/12/2021 09:58:41,6028e36ad1e80652e41054ca,609d69021c511f4b1d4df1c4,com.pregnantcatemma.virtualpet,1.0,iv,Android OS 8.1.0 / API-27 (HUAWEIDUB-LX2/140(C636)),14a3d655-ee5f-4d4a-95c6-0665fec1a763,False,False,IQ,1631440821.994085
0,could not receive ip address from ipfy,Error,/BuildNotice/0,MobileSDK,Realme RMX1821,OpenGLES2,1.0,1.11.0,False,LowRevenueCountryBlock,LowRevenueCountryBlock,09/12/2021 09:59:57,6028e36ad1e80652e41054ca,609d69021c511f4b1d4df1c4,com.pregnantcatemma.virtualpet,1.0,iv,Android OS 10 / API-29 (QP1A.190711.020/1624873154),e038be81-11ad-417f-990a-cf4faa24a61b,False,False,IQ,1631440822.00784
0,An error occurred while sending the request,Error,/BuildNotice/0,MobileSDK,HUAWEI DUB-LX2,OpenGLES2,1.0,1.11.0,False,LowRevenueCountryBlock,LowRevenueCountryBlock,09/12/2021 09:58:41,6028e36ad1e80652e41054ca,609d69021c511f4b1d4df1c4,com.pregnantcatemma.virtualpet,1.0,iv,Android OS 8.1.0 / API-27 (HUAWEIDUB-LX2/140(C636)),14a3d655-ee5f-4d4a-95c6-0665fec1a763,False,False,IQ,1631440822.082753
0,An error occurred while sending the request,Error,/BuildNotice/0,MobileSDK,Realme RMX1821,OpenGLES2,1.0,1.11.0,False,LowRevenueCountryBlock,LowRevenueCountryBlock,09/12/2021 09:59:57,6028e36ad1e80652e41054ca,609d69021c511f4b1d4df1c4,com.pregnantcatemma.virtualpet,1.0,iv,Android OS 10 / API-29 (QP1A.190711.020/1624873154),e038be81-11ad-417f-990a-cf4faa24a61b,False,False,IQ,1631440822.098086
0,could not receive ip address from ipfy,Error,/BuildNotice/0,MobileSDK,samsung SM-M325F,OpenGLES2,1.0,1.11.0,False,Programmatic1,Programmatic,12/09/2021 10:00:15,6028e36ad1e80652e41054ca,6028e407a1ba2a0d3d760566,com.mytalkingcatemma.ballerinagames,1.0,en,Android OS 11 / API-30 (RP1A.200720.012/M325FXXU1AUF2),18baed6e-244f-446a-b232-96cb1f977b5c,False,False,MM,1631440822.182232
0,could not receive ip address from ipfy,Error,/BuildNotice/0,MobileSDK,samsung SM-A307FN,OpenGLES2,1.0,1.11.0,False,Programmatic1,Programmatic,12.09.2021 10:00:20,6028e36ad1e80652e41054ca,6028e407a1ba2a0d3d760566,com.mytalkingcatemma.ballerinagames,1.0,ru,Android OS 11 / API-30 (RP1A.200720.012/A307FNXXS2CUH4),279297b4-f16b-47de-8558-d59322e20605,False,False,PK,1631440822.195307
0,An error occurred while sending the request,Error,/BuildNotice/0,MobileSDK,samsung SM-A307FN,OpenGLES2,1.0,1.11.0,False,Programmatic1,Programmatic,12.09.2021 10:00:20,6028e36ad1e80652e41054ca,6028e407a1ba2a0d3d760566,com.mytalkingcatemma.ballerinagames,1.0,ru,Android OS 11 / API-30 (RP1A.200720.012/A307FNXXS2CUH4),279297b4-f16b-47de-8558-d59322e20605,False,False,PK,1631440822.280301
0,An error occurred while sending the request,Error,/BuildNotice/0,MobileSDK,samsung SM-M325F,OpenGLES2,1.0,1.11.0,False,Programmatic1,Programmatic,12/09/2021 10:00:15,6028e36ad1e80652e41054ca,6028e407a1ba2a0d3d760566,com.mytalkingcatemma.ballerinagames,1.0,en,Android OS 11 / API-30 (RP1A.200720.012/M325FXXU1AUF2),18baed6e-244f-446a-b232-96cb1f977b5c,False,False,MM,1631440822.293935
0,could not receive ip address from ipfy,Error,/BuildNotice/0,MobileSDK,HUAWEI DUB-LX2,OpenGLES2,1.0,1.11.0,False,LowRevenueCountryBlock,LowRevenueCountryBlock,09/12/2021 09:58:42,6028e36ad1e80652e41054ca,609d69021c511f4b1d4df1c4,com.pregnantcatemma.virtualpet,1.0,iv,Android OS 8.1.0 / API-27 (HUAWEIDUB-LX2/140(C636)),14a3d655-ee5f-4d4a-95c6-0665fec1a763,False,False,IQ,1631440822.308873
0,could not receive ip address from ipfy,Error,/BuildNotice/0,MobileSDK,Realme RMX1821,OpenGLES2,1.0,1.11.0,False,LowRevenueCountryBlock,LowRevenueCountryBlock,09/12/2021 09:59:57,6028e36ad1e80652e41054ca,609d69021c511f4b1d4df1c4,com.pregnantcatemma.virtualpet,1.0,iv,Android OS 10 / API-29 (QP1A.190711.020/1624873154),e038be81-11ad-417f-990a-cf4faa24a61b,False,False,IQ,1631440822.38316
0,An error occurred while sending the request,Error,/BuildNotice/0,MobileSDK,HUAWEI DUB-LX2,OpenGLES2,1.0,1.11.0,False,LowRevenueCountryBlock,LowRevenueCountryBlock,09/12/2021 09:58:42,6028e36ad1e80652e41054ca,609d69021c511f4b1d4df1c4,com.pregnantcatemma.virtualpet,1.0,iv,Android OS 8.1.0 / API-27 (HUAWEIDUB-LX2/140(C636)),14a3d655-ee5f-4d4a-95c6-0665fec1a763,False,False,IQ,1631440823.19337
0,An error occurred while sending the request,Error,/BuildNotice/0,MobileSDK,Realme RMX1821,OpenGLES2,1.0,1.11.0,False,LowRevenueCountryBlock,LowRevenueCountryBlock,09/12/2021 09:59:57,6028e36ad1e80652e41054ca,609d69021c511f4b1d4df1c4,com.pregnantcatemma.virtualpet,1.0,iv,Android OS 10 / API-29 (QP1A.190711.020/1624873154),e038be81-11ad-417f-990a-cf4faa24a61b,False,False,IQ,1631440823.207045
0,could not receive ip address from ipfy,Error,/BuildNotice/0,MobileSDK,samsung SM-M325F,OpenGLES2,1.0,1.11.0,False,Programmatic1,Programmatic,12/09/2021 10:00:16,6028e36ad1e80652e41054ca,6028e407a1ba2a0d3d760566,com.mytalkingcatemma.ballerinagames,1.0,en,Android OS 11 / API-30 (RP1A.200720.012/M325FXXU1AUF2),18baed6e-244f-446a-b232-96cb1f977b5c,False,False,MM,1631440823.280531
0,An error occurred while sending the request,Error,/BuildNotice/0,MobileSDK,samsung SM-M325F,OpenGLES2,1.0,1.11.0,False,Programmatic1,Programmatic,12/09/2021 10:00:16,6028e36ad1e80652e41054ca,6028e407a1ba2a0d3d760566,com.mytalkingcatemma.ballerinagames,1.0,en,Android OS 11 / API-30 (RP1A.200720.012/M325FXXU1AUF2),18baed6e-244f-446a-b232-96cb1f977b5c,False,False,MM,1631440823.300284
0,could not receive ip address from ipfy,Error,/BuildNotice/0,MobileSDK,HUAWEI DUB-LX2,OpenGLES2,1.0,1.11.0,False,LowRevenueCountryBlock,LowRevenueCountryBlock,09/12/2021 09:58:42,6028e36ad1e80652e41054ca,609d69021c511f4b1d4df1c4,com.pregnantcatemma.virtualpet,1.0,iv,Android OS 8.1.0 / API-27 (HUAWEIDUB-LX2/140(C636)),14a3d655-ee5f-4d4a-95c6-0665fec1a763,False,False,IQ,1631440823.315196
0,could not receive ip address from ipfy,Error,/BuildNotice/0,MobileSDK,samsung SM-A307FN,OpenGLES2,1.0,1.11.0,False,Programmatic1,Programmatic,12.09.2021 10:00:21,6028e36ad1e80652e41054ca,6028e407a1ba2a0d3d760566,com.mytalkingcatemma.ballerinagames,1.0,ru,Android OS 11 / API-30 (RP1A.200720.012/A307FNXXS2CUH4),279297b4-f16b-47de-8558-d59322e20605,False,False,PK,1631440823.393479
0,An error occurred while sending the request,Error,/BuildNotice/0,MobileSDK,samsung SM-A307FN,OpenGLES2,1.0,1.11.0,False,Programmatic1,Programmatic,12.09.2021 10:00:21,6028e36ad1e80652e41054ca,6028e407a1ba2a0d3d760566,com.mytalkingcatemma.ballerinagames,1.0,ru,Android OS 11 / API-30 (RP1A.200720.012/A307FNXXS2CUH4),279297b4-f16b-47de-8558-d59322e20605,False,False,PK,1631440823.406833
0,could not receive ip address from ipfy,Error,/BuildNotice/0,MobileSDK,Realme RMX1821,OpenGLES2,1.0,1.11.0,False,LowRevenueCountryBlock,LowRevenueCountryBlock,09/12/2021 09:59:57,6028e36ad1e80652e41054ca,609d69021c511f4b1d4df1c4,com.pregnantcatemma.virtualpet,1.0,iv,Android OS 10 / API-29 (QP1A.190711.020/1624873154),e038be81-11ad-417f-990a-cf4faa24a61b,False,False,IQ,1631440823.482525
0,An error occurred while sending the request,Error,/BuildNotice/0,MobileSDK,Realme RMX1821,OpenGLES2,1.0,1.11.0,False,LowRevenueCountryBlock,LowRevenueCountryBlock,09/12/2021 09:59:57,6028e36ad1e80652e41054ca,609d69021c511f4b1d4df1c4,com.pregnantcatemma.virtualpet,1.0,iv,Android OS 10 / API-29 (QP1A.190711.020/1624873154),e038be81-11ad-417f-990a-cf4faa24a61b,False,False,IQ,1631440823.537795
0,An error occurred while sending the request,Error,/BuildNotice/0,MobileSDK,HUAWEI DUB-LX2,OpenGLES2,1.0,1.11.0,False,LowRevenueCountryBlock,LowRevenueCountryBlock,09/12/2021 09:58:42,6028e36ad1e80652e41054ca,609d69021c511f4b1d4df1c4,com.pregnantcatemma.virtualpet,1.0,iv,Android OS 8.1.0 / API-27 (HUAWEIDUB-LX2/140(C636)),14a3d655-ee5f-4d4a-95c6-0665fec1a763,False,False,IQ,1631440823.580568
0,could not receive ip address from ipfy,Error,/BuildNotice/0,MobileSDK,samsung SM-M325F,OpenGLES2,1.0,1.11.0,False,Programmatic1,Programmatic,12/09/2021 10:00:16,6028e36ad1e80652e41054ca,6028e407a1ba2a0d3d760566,com.mytalkingcatemma.ballerinagames,1.0,en,Android OS 11 / API-30 (RP1A.200720.012/M325FXXU1AUF2),18baed6e-244f-446a-b232-96cb1f977b5c,False,False,MM,1631440823.60775
0,An error occurred while sending the request,Error,/BuildNotice/0,MobileSDK,samsung SM-M325F,OpenGLES2,1.0,1.11.0,False,Programmatic1,Programmatic,12/09/2021 10:00:16,6028e36ad1e80652e41054ca,6028e407a1ba2a0d3d760566,com.mytalkingcatemma.ballerinagames,1.0,en,Android OS 11 / API-30 (RP1A.200720.012/M325FXXU1AUF2),18baed6e-244f-446a-b232-96cb1f977b5c,False,False,MM,1631440823.628149
0,could not receive ip address from ipfy,Error,/BuildNotice/0,MobileSDK,samsung SM-A307FN,OpenGLES2,1.0,1.11.0,False,Programmatic1,Programmatic,12.09.2021 10:00:21,6028e36ad1e80652e41054ca,6028e407a1ba2a0d3d760566,com.mytalkingcatemma.ballerinagames,1.0,ru,Android OS 11 / API-30 (RP1A.200720.012/A307FNXXS2CUH4),279297b4-f16b-47de-8558-d59322e20605,False,False,PK,1631440823.693441
0,could not receive ip address from ipfy,Error,/BuildNotice/0,MobileSDK,HUAWEI DUB-LX2,OpenGLES2,1.0,1.11.0,False,LowRevenueCountryBlock,LowRevenueCountryBlock,09/12/2021 09:58:42,6028e36ad1e80652e41054ca,609d69021c511f4b1d4df1c4,com.pregnantcatemma.virtualpet,1.0,iv,Android OS 8.1.0 / API-27 (HUAWEIDUB-LX2/140(C636)),14a3d655-ee5f-4d4a-95c6-0665fec1a763,False,False,IQ,1631440823.710211
0,An error occurred while sending the request,Error,/BuildNotice/0,MobileSDK,samsung SM-A307FN,OpenGLES2,1.0,1.11.0,False,Programmatic1,Programmatic,12.09.2021 10:00:22,6028e36ad1e80652e41054ca,6028e407a1ba2a0d3d760566,com.mytalkingcatemma.ballerinagames,1.0,ru,Android OS 11 / API-30 (RP1A.200720.012/A307FNXXS2CUH4),279297b4-f16b-47de-8558-d59322e20605,False,False,PK,1631440823.792473
0,could not receive ip address from ipfy,Error,/BuildNotice/0,MobileSDK,Realme RMX1821,OpenGLES2,1.0,1.11.0,False,LowRevenueCountryBlock,LowRevenueCountryBlock,09/12/2021 09:59:58,6028e36ad1e80652e41054ca,609d69021c511f4b1d4df1c4,com.pregnantcatemma.virtualpet,1.0,iv,Android OS 10 / API-29 (QP1A.190711.020/1624873154),e038be81-11ad-417f-990a-cf4faa24a61b,False,False,IQ,1631440823.808785
0,An error occurred while sending the request,Error,/BuildNotice/0,MobileSDK,Realme RMX1821,OpenGLES2,1.0,1.11.0,False,LowRevenueCountryBlock,LowRevenueCountryBlock,09/12/2021 09:59:58,6028e36ad1e80652e41054ca,609d69021c511f4b1d4df1c4,com.pregnantcatemma.virtualpet,1.0,iv,Android OS 10 / API-29 (QP1A.190711.020/1624873154),e038be81-11ad-417f-990a-cf4faa24a61b,False,False,IQ,1631440823.883151
0,An error occurred while sending the request,Error,/BuildNotice/0,MobileSDK,HUAWEI DUB-LX2,OpenGLES2,1.0,1.11.0,False,LowRevenueCountryBlock,LowRevenueCountryBlock,09/12/2021 09:58:42,6028e36ad1e80652e41054ca,609d69021c511f4b1d4df1c4,com.pregnantcatemma.virtualpet,1.0,iv,Android OS 8.1.0 / API-27 (HUAWEIDUB-LX2/140(C636)),14a3d655-ee5f-4d4a-95c6-0665fec1a763,False,False,IQ,1631440823.896497
0,could not receive ip address from ipfy,Error,/BuildNotice/0,MobileSDK,samsung SM-M325F,OpenGLES2,1.0,1.11.0,False,Programmatic1,Programmatic,12/09/2021 10:00:16,6028e36ad1e80652e41054ca,6028e407a1ba2a0d3d760566,com.mytalkingcatemma.ballerinagames,1.0,en,Android OS 11 / API-30 (RP1A.200720.012/M325FXXU1AUF2),18baed6e-244f-446a-b232-96cb1f977b5c,False,False,MM,1631440823.939972
0,could not receive ip address from ipfy,Error,/BuildNotice/0,MobileSDK,samsung SM-A307FN,OpenGLES2,1.0,1.11.0,False,Programmatic1,Programmatic,12.09.2021 10:00:22,6028e36ad1e80652e41054ca,6028e407a1ba2a0d3d760566,com.mytalkingcatemma.ballerinagames,1.0,ru,Android OS 11 / API-30 (RP1A.200720.012/A307FNXXS2CUH4),279297b4-f16b-47de-8558-d59322e20605,False,False,PK,1631440823.997058
0,An error occurred while sending the request,Error,/BuildNotice/0,MobileSDK,samsung SM-M325F,OpenGLES2,1.0,1.11.0,False,Programmatic1,Programmatic,12/09/2021 10:00:16,6028e36ad1e80652e41054ca,6028e407a1ba2a0d3d760566,com.mytalkingcatemma.ballerinagames,1.0,en,Android OS 11 / API-30 (RP1A.200720.012/M325FXXU1AUF2),18baed6e-244f-446a-b232-96cb1f977b5c,False,False,MM,1631440824.015567
0,An error occurred while sending the request,Error,/BuildNotice/0,MobileSDK,samsung SM-A307FN,OpenGLES2,1.0,1.11.0,False,Programmatic1,Programmatic,12.09.2021 10:00:22,6028e36ad1e80652e41054ca,6028e407a1ba2a0d3d760566,com.mytalkingcatemma.ballerinagames,1.0,ru,Android OS 11 / API-30 (RP1A.200720.012/A307FNXXS2CUH4),279297b4-f16b-47de-8558-d59322e20605,False,False,PK,1631440824.094559
0,could not receive ip address from ipfy,Error,/BuildNotice/0,MobileSDK,HUAWEI DUB-LX2,OpenGLES2,1.0,1.11.0,False,LowRevenueCountryBlock,LowRevenueCountryBlock,09/12/2021 09:58:42,6028e36ad1e80652e41054ca,609d69021c511f4b1d4df1c4,com.pregnantcatemma.virtualpet,1.0,iv,Android OS 8.1.0 / API-27 (HUAWEIDUB-LX2/140(C636)),14a3d655-ee5f-4d4a-95c6-0665fec1a763,False,False,IQ,1631440824.109732
0,could not receive ip address from ipfy,Error,/BuildNotice/0,MobileSDK,Realme RMX1821,OpenGLES2,1.0,1.11.0,False,LowRevenueCountryBlock,LowRevenueCountryBlock,09/12/2021 09:59:58,6028e36ad1e80652e41054ca,609d69021c511f4b1d4df1c4,com.pregnantcatemma.virtualpet,1.0,iv,Android OS 10 / API-29 (QP1A.190711.020/1624873154),e038be81-11ad-417f-990a-cf4faa24a61b,False,False,IQ,1631440824.182491
0,An error occurred while sending the request,Error,/BuildNotice/0,MobileSDK,Realme RMX1821,OpenGLES2,1.0,1.11.0,False,LowRevenueCountryBlock,LowRevenueCountryBlock,09/12/2021 09:59:58,6028e36ad1e80652e41054ca,609d69021c511f4b1d4df1c4,com.pregnantcatemma.virtualpet,1.0,iv,Android OS 10 / API-29 (QP1A.190711.020/1624873154),e038be81-11ad-417f-990a-cf4faa24a61b,False,False,IQ,1631440824.199875
0,An error occurred while sending the request,Error,/BuildNotice/0,MobileSDK,HUAWEI DUB-LX2,OpenGLES2,1.0,1.11.0,False,LowRevenueCountryBlock,LowRevenueCountryBlock,09/12/2021 09:58:42,6028e36ad1e80652e41054ca,609d69021c511f4b1d4df1c4,com.pregnantcatemma.virtualpet,1.0,iv,Android OS 8.1.0 / API-27 (HUAWEIDUB-LX2/140(C636)),14a3d655-ee5f-4d4a-95c6-0665fec1a763,False,False,IQ,1631440824.226041
0,could not receive ip address from ipfy,Error,/BuildNotice/0,MobileSDK,samsung SM-A307FN,OpenGLES2,1.0,1.11.0,False,Programmatic1,Programmatic,12.09.2021 10:00:22,6028e36ad1e80652e41054ca,6028e407a1ba2a0d3d760566,com.mytalkingcatemma.ballerinagames,1.0,ru,Android OS 11 / API-30 (RP1A.200720.012/A307FNXXS2CUH4),279297b4-f16b-47de-8558-d59322e20605,False,False,PK,1631440824.284971
0,could not receive ip address from ipfy,Error,/BuildNotice/0,MobileSDK,samsung SM-M325F,OpenGLES2,1.0,1.11.0,False,Programmatic1,Programmatic,12/09/2021 10:00:17,6028e36ad1e80652e41054ca,6028e407a1ba2a0d3d760566,com.mytalkingcatemma.ballerinagames,1.0,en,Android OS 11 / API-30 (RP1A.200720.012/M325FXXU1AUF2),18baed6e-244f-446a-b232-96cb1f977b5c,False,False,MM,1631440824.319884
0,An error occurred while sending the request,Error,/BuildNotice/0,MobileSDK,samsung SM-A307FN,OpenGLES2,1.0,1.11.0,False,Programmatic1,Programmatic,12.09.2021 10:00:22,6028e36ad1e80652e41054ca,6028e407a1ba2a0d3d760566,com.mytalkingcatemma.ballerinagames,1.0,ru,Android OS 11 / API-30 (RP1A.200720.012/A307FNXXS2CUH4),279297b4-f16b-47de-8558-d59322e20605,False,False,PK,1631440824.38262
0,An error occurred while sending the request,Error,/BuildNotice/0,MobileSDK,samsung SM-M325F,OpenGLES2,1.0,1.11.0,False,Programmatic1,Programmatic,12/09/2021 10:00:17,6028e36ad1e80652e41054ca,6028e407a1ba2a0d3d760566,com.mytalkingcatemma.ballerinagames,1.0,en,Android OS 11 / API-30 (RP1A.200720.012/M325FXXU1AUF2),18baed6e-244f-446a-b232-96cb1f977b5c,False,False,MM,1631440824.407036
0,could not receive ip address from ipfy,Error,/BuildNotice/0,MobileSDK,HUAWEI DUB-LX2,OpenGLES2,1.0,1.11.0,False,LowRevenueCountryBlock,LowRevenueCountryBlock,09/12/2021 09:58:43,6028e36ad1e80652e41054ca,609d69021c511f4b1d4df1c4,com.pregnantcatemma.virtualpet,1.0,iv,Android OS 8.1.0 / API-27 (HUAWEIDUB-LX2/140(C636)),14a3d655-ee5f-4d4a-95c6-0665fec1a763,False,False,IQ,1631440824.481134
0,could not receive ip address from ipfy,Error,/BuildNotice/0,MobileSDK,Realme RMX1821,OpenGLES2,1.0,1.11.0,False,LowRevenueCountryBlock,LowRevenueCountryBlock,09/12/2021 09:59:58,6028e36ad1e80652e41054ca,609d69021c511f4b1d4df1c4,com.pregnantcatemma.virtualpet,1.0,iv,Android OS 10 / API-29 (QP1A.190711.020/1624873154),e038be81-11ad-417f-990a-cf4faa24a61b,False,False,IQ,1631440824.497689
0,An error occurred while sending the request,Error,/BuildNotice/0,MobileSDK,Realme RMX1821,OpenGLES2,1.0,1.11.0,False,LowRevenueCountryBlock,LowRevenueCountryBlock,09/12/2021 09:59:58,6028e36ad1e80652e41054ca,609d69021c511f4b1d4df1c4,com.pregnantcatemma.virtualpet,1.0,iv,Android OS 10 / API-29 (QP1A.190711.020/1624873154),e038be81-11ad-417f-990a-cf4faa24a61b,False,False,IQ,1631440824.514357
0,could not receive ip address from ipfy,Error,/BuildNotice/0,MobileSDK,samsung SM-A307FN,OpenGLES2,1.0,1.11.0,False,Programmatic1,Programmatic,12.09.2021 10:00:22,6028e36ad1e80652e41054ca,6028e407a1ba2a0d3d760566,com.mytalkingcatemma.ballerinagames,1.0,ru,Android OS 11 / API-30 (RP1A.200720.012/A307FNXXS2CUH4),279297b4-f16b-47de-8558-d59322e20605,False,False,PK,1631440824.582724
0,An error occurred while sending the request,Error,/BuildNotice/0,MobileSDK,HUAWEI DUB-LX2,OpenGLES2,1.0,1.11.0,False,LowRevenueCountryBlock,LowRevenueCountryBlock,09/12/2021 09:58:43,6028e36ad1e80652e41054ca,609d69021c511f4b1d4df1c4,com.pregnantcatemma.virtualpet,1.0,iv,Android OS 8.1.0 / API-27 (HUAWEIDUB-LX2/140(C636)),14a3d655-ee5f-4d4a-95c6-0665fec1a763,False,False,IQ,1631440824.596808
0,An error occurred while sending the request,Error,/BuildNotice/0,MobileSDK,samsung SM-A307FN,OpenGLES2,1.0,1.11.0,False,Programmatic1,Programmatic,12.09.2021 10:00:22,6028e36ad1e80652e41054ca,6028e407a1ba2a0d3d760566,com.mytalkingcatemma.ballerinagames,1.0,ru,Android OS 11 / API-30 (RP1A.200720.012/A307FNXXS2CUH4),279297b4-f16b-47de-8558-d59322e20605,False,False,PK,1631440824.682576
0,could not receive ip address from ipfy,Error,/BuildNotice/0,MobileSDK,samsung SM-M325F,OpenGLES2,1.0,1.11.0,False,Programmatic1,Programmatic,12/09/2021 10:00:17,6028e36ad1e80652e41054ca,6028e407a1ba2a0d3d760566,com.mytalkingcatemma.ballerinagames,1.0,en,Android OS 11 / API-30 (RP1A.200720.012/M325FXXU1AUF2),18baed6e-244f-446a-b232-96cb1f977b5c,False,False,MM,1631440824.697661
0,could not receive ip address from ipfy,Error,/BuildNotice/0,MobileSDK,HUAWEI DUB-LX2,OpenGLES2,1.0,1.11.0,False,LowRevenueCountryBlock,LowRevenueCountryBlock,09/12/2021 09:58:43,6028e36ad1e80652e41054ca,609d69021c511f4b1d4df1c4,com.pregnantcatemma.virtualpet,1.0,iv,Android OS 8.1.0 / API-27 (HUAWEIDUB-LX2/140(C636)),14a3d655-ee5f-4d4a-95c6-0665fec1a763,False,False,IQ,1631440824.78109
0,could not receive ip address from ipfy,Error,/BuildNotice/0,MobileSDK,Realme RMX1821,OpenGLES2,1.0,1.11.0,False,LowRevenueCountryBlock,LowRevenueCountryBlock,09/12/2021 09:59:58,6028e36ad1e80652e41054ca,609d69021c511f4b1d4df1c4,com.pregnantcatemma.virtualpet,1.0,iv,Android OS 10 / API-29 (QP1A.190711.020/1624873154),e038be81-11ad-417f-990a-cf4faa24a61b,False,False,IQ,1631440824.798165
0,An error occurred while sending the request,Error,/BuildNotice/0,MobileSDK,samsung SM-M325F,OpenGLES2,1.0,1.11.0,False,Programmatic1,Programmatic,12/09/2021 10:00:17,6028e36ad1e80652e41054ca,6028e407a1ba2a0d3d760566,com.mytalkingcatemma.ballerinagames,1.0,en,Android OS 11 / API-30 (RP1A.200720.012/M325FXXU1AUF2),18baed6e-244f-446a-b232-96cb1f977b5c,False,False,MM,1631440824.880523
0,could not receive ip address from ipfy,Error,/BuildNotice/0,MobileSDK,samsung SM-A307FN,OpenGLES2,1.0,1.11.0,False,Programmatic1,Programmatic,12.09.2021 10:00:23,6028e36ad1e80652e41054ca,6028e407a1ba2a0d3d760566,com.mytalkingcatemma.ballerinagames,1.0,ru,Android OS 11 / API-30 (RP1A.200720.012/A307FNXXS2CUH4),279297b4-f16b-47de-8558-d59322e20605,False,False,PK,1631440824.897667
0,An error occurred while sending the request,Error,/BuildNotice/0,MobileSDK,Realme RMX1821,OpenGLES2,1.0,1.11.0,False,LowRevenueCountryBlock,LowRevenueCountryBlock,09/12/2021 09:59:58,6028e36ad1e80652e41054ca,609d69021c511f4b1d4df1c4,com.pregnantcatemma.virtualpet,1.0,iv,Android OS 10 / API-29 (QP1A.190711.020/1624873154),e038be81-11ad-417f-990a-cf4faa24a61b,False,False,IQ,1631440824.910646
0,An error occurred while sending the request,Error,/BuildNotice/0,MobileSDK,samsung SM-A307FN,OpenGLES2,1.0,1.11.0,False,Programmatic1,Programmatic,12.09.2021 10:00:23,6028e36ad1e80652e41054ca,6028e407a1ba2a0d3d760566,com.mytalkingcatemma.ballerinagames,1.0,ru,Android OS 11 / API-30 (RP1A.200720.012/A307FNXXS2CUH4),279297b4-f16b-47de-8558-d59322e20605,False,False,PK,1631440824.993676
0,An error occurred while sending the request,Error,/BuildNotice/0,MobileSDK,HUAWEI DUB-LX2,OpenGLES2,1.0,1.11.0,False,LowRevenueCountryBlock,LowRevenueCountryBlock,09/12/2021 09:58:43,6028e36ad1e80652e41054ca,609d69021c511f4b1d4df1c4,com.pregnantcatemma.virtualpet,1.0,iv,Android OS 8.1.0 / API-27 (HUAWEIDUB-LX2/140(C636)),14a3d655-ee5f-4d4a-95c6-0665fec1a763,False,False,IQ,1631440825.009282
0,could not receive ip address from ipfy,Error,/BuildNotice/0,MobileSDK,HUAWEI DUB-LX2,OpenGLES2,1.0,1.11.0,False,LowRevenueCountryBlock,LowRevenueCountryBlock,09/12/2021 09:58:43,6028e36ad1e80652e41054ca,609d69021c511f4b1d4df1c4,com.pregnantcatemma.virtualpet,1.0,iv,Android OS 8.1.0 / API-27 (HUAWEIDUB-LX2/140(C636)),14a3d655-ee5f-4d4a-95c6-0665fec1a763,False,False,IQ,1631440825.082143
0,could not receive ip address from ipfy,Error,/BuildNotice/0,MobileSDK,Realme RMX1821,OpenGLES2,1.0,1.11.0,False,LowRevenueCountryBlock,LowRevenueCountryBlock,09/12/2021 09:59:58,6028e36ad1e80652e41054ca,609d69021c511f4b1d4df1c4,com.pregnantcatemma.virtualpet,1.0,iv,Android OS 10 / API-29 (QP1A.190711.020/1624873154),e038be81-11ad-417f-990a-cf4faa24a61b,False,False,IQ,1631440825.099384
0,An error occurred while sending the request,Error,/BuildNotice/0,MobileSDK,Realme RMX1821,OpenGLES2,1.0,1.11.0,False,LowRevenueCountryBlock,LowRevenueCountryBlock,09/12/2021 09:59:58,6028e36ad1e80652e41054ca,609d69021c511f4b1d4df1c4,com.pregnantcatemma.virtualpet,1.0,iv,Android OS 10 / API-29 (QP1A.190711.020/1624873154),e038be81-11ad-417f-990a-cf4faa24a61b,False,False,IQ,1631440825.235425
0,An error occurred while sending the request,Error,/BuildNotice/0,MobileSDK,HUAWEI DUB-LX2,OpenGLES2,1.0,1.11.0,False,LowRevenueCountryBlock,LowRevenueCountryBlock,09/12/2021 09:58:43,6028e36ad1e80652e41054ca,609d69021c511f4b1d4df1c4,com.pregnantcatemma.virtualpet,1.0,iv,Android OS 8.1.0 / API-27 (HUAWEIDUB-LX2/140(C636)),14a3d655-ee5f-4d4a-95c6-0665fec1a763,False,False,IQ,1631440825.342838
0,could not receive ip address from ipfy,Error,/BuildNotice/0,MobileSDK,HUAWEI DUB-LX2,OpenGLES2,1.0,1.11.0,False,LowRevenueCountryBlock,LowRevenueCountryBlock,09/12/2021 09:58:43,6028e36ad1e80652e41054ca,609d69021c511f4b1d4df1c4,com.pregnantcatemma.virtualpet,1.0,iv,Android OS 8.1.0 / API-27 (HUAWEIDUB-LX2/140(C636)),14a3d655-ee5f-4d4a-95c6-0665fec1a763,False,False,IQ,1631440825.355765
0,could not receive ip address from ipfy,Error,/BuildNotice/0,MobileSDK,Realme RMX1821,OpenGLES2,1.0,1.11.0,False,LowRevenueCountryBlock,LowRevenueCountryBlock,09/12/2021 09:59:59,6028e36ad1e80652e41054ca,609d69021c511f4b1d4df1c4,com.pregnantcatemma.virtualpet,1.0,iv,Android OS 10 / API-29 (QP1A.190711.020/1624873154),e038be81-11ad-417f-990a-cf4faa24a61b,False,False,IQ,1631440825.585858
0,An error occurred while sending the request,Error,/BuildNotice/0,MobileSDK,Realme RMX1821,OpenGLES2,1.0,1.11.0,False,LowRevenueCountryBlock,LowRevenueCountryBlock,09/12/2021 09:59:59,6028e36ad1e80652e41054ca,609d69021c511f4b1d4df1c4,com.pregnantcatemma.virtualpet,1.0,iv,Android OS 10 / API-29 (QP1A.190711.020/1624873154),e038be81-11ad-417f-990a-cf4faa24a61b,False,False,IQ,1631440825.600925
0,An error occurred while sending the request,Error,/BuildNotice/0,MobileSDK,HUAWEI DUB-LX2,OpenGLES2,1.0,1.11.0,False,LowRevenueCountryBlock,LowRevenueCountryBlock,09/12/2021 09:58:43,6028e36ad1e80652e41054ca,609d69021c511f4b1d4df1c4,com.pregnantcatemma.virtualpet,1.0,iv,Android OS 8.1.0 / API-27 (HUAWEIDUB-LX2/140(C636)),14a3d655-ee5f-4d4a-95c6-0665fec1a763,False,False,IQ,1631440825.682395
0,could not receive ip address from ipfy,Error,/BuildNotice/0,MobileSDK,HUAWEI DUB-LX2,OpenGLES2,1.0,1.11.0,False,LowRevenueCountryBlock,LowRevenueCountryBlock,09/12/2021 09:58:44,6028e36ad1e80652e41054ca,609d69021c511f4b1d4df1c4,com.pregnantcatemma.virtualpet,1.0,iv,Android OS 8.1.0 / API-27 (HUAWEIDUB-LX2/140(C636)),14a3d655-ee5f-4d4a-95c6-0665fec1a763,False,False,IQ,1631440825.693708
0,could not receive ip address from ipfy,Error,/BuildNotice/0,MobileSDK,samsung SM-M325F,OpenGLES2,1.0,1.11.0,False,Programmatic1,Programmatic,12/09/2021 10:00:18,6028e36ad1e80652e41054ca,6028e407a1ba2a0d3d760566,com.mytalkingcatemma.ballerinagames,1.0,en,Android OS 11 / API-30 (RP1A.200720.012/M325FXXU1AUF2),18baed6e-244f-446a-b232-96cb1f977b5c,False,False,MM,1631440825.780961
0,could not receive ip address from ipfy,Error,/BuildNotice/0,MobileSDK,Realme RMX1821,OpenGLES2,1.0,1.11.0,False,LowRevenueCountryBlock,LowRevenueCountryBlock,09/12/2021 09:59:59,6028e36ad1e80652e41054ca,609d69021c511f4b1d4df1c4,com.pregnantcatemma.virtualpet,1.0,iv,Android OS 10 / API-29 (QP1A.190711.020/1624873154),e038be81-11ad-417f-990a-cf4faa24a61b,False,False,IQ,1631440825.845068
0,An error occurred while sending the request,Error,/BuildNotice/0,MobileSDK,Realme RMX1821,OpenGLES2,1.0,1.11.0,False,LowRevenueCountryBlock,LowRevenueCountryBlock,09/12/2021 09:59:59,6028e36ad1e80652e41054ca,609d69021c511f4b1d4df1c4,com.pregnantcatemma.virtualpet,1.0,iv,Android OS 10 / API-29 (QP1A.190711.020/1624873154),e038be81-11ad-417f-990a-cf4faa24a61b,False,False,IQ,1631440825.923654
0,An error occurred while sending the request,Error,/BuildNotice/0,MobileSDK,HUAWEI DUB-LX2,OpenGLES2,1.0,1.11.0,False,LowRevenueCountryBlock,LowRevenueCountryBlock,09/12/2021 09:58:44,6028e36ad1e80652e41054ca,609d69021c511f4b1d4df1c4,com.pregnantcatemma.virtualpet,1.0,iv,Android OS 8.1.0 / API-27 (HUAWEIDUB-LX2/140(C636)),14a3d655-ee5f-4d4a-95c6-0665fec1a763,False,False,IQ,1631440825.950789
0,could not receive ip address from ipfy,Error,/BuildNotice/0,MobileSDK,HUAWEI DUB-LX2,OpenGLES2,1.0,1.11.0,False,LowRevenueCountryBlock,LowRevenueCountryBlock,09/12/2021 09:58:44,6028e36ad1e80652e41054ca,609d69021c511f4b1d4df1c4,com.pregnantcatemma.virtualpet,1.0,iv,Android OS 8.1.0 / API-27 (HUAWEIDUB-LX2/140(C636)),14a3d655-ee5f-4d4a-95c6-0665fec1a763,False,False,IQ,1631440825.986568
0,could not receive ip address from ipfy,Error,/BuildNotice/0,MobileSDK,Realme RMX1821,OpenGLES2,1.0,1.11.0,False,LowRevenueCountryBlock,LowRevenueCountryBlock,09/12/2021 09:59:59,6028e36ad1e80652e41054ca,609d69021c511f4b1d4df1c4,com.pregnantcatemma.virtualpet,1.0,iv,Android OS 10 / API-29 (QP1A.190711.020/1624873154),e038be81-11ad-417f-990a-cf4faa24a61b,False,False,IQ,1631440826.099838
0,An error occurred while sending the request,Error,/BuildNotice/0,MobileSDK,Realme RMX1821,OpenGLES2,1.0,1.11.0,False,LowRevenueCountryBlock,LowRevenueCountryBlock,09/12/2021 09:59:59,6028e36ad1e80652e41054ca,609d69021c511f4b1d4df1c4,com.pregnantcatemma.virtualpet,1.0,iv,Android OS 10 / API-29 (QP1A.190711.020/1624873154),e038be81-11ad-417f-990a-cf4faa24a61b,False,False,IQ,1631440826.180907
0,An error occurred while sending the request,Error,/BuildNotice/0,MobileSDK,HUAWEI DUB-LX2,OpenGLES2,1.0,1.11.0,False,LowRevenueCountryBlock,LowRevenueCountryBlock,09/12/2021 09:58:44,6028e36ad1e80652e41054ca,609d69021c511f4b1d4df1c4,com.pregnantcatemma.virtualpet,1.0,iv,Android OS 8.1.0 / API-27 (HUAWEIDUB-LX2/140(C636)),14a3d655-ee5f-4d4a-95c6-0665fec1a763,False,False,IQ,1631440826.219774
0,could not receive ip address from ipfy,Error,/BuildNotice/0,MobileSDK,HUAWEI DUB-LX2,OpenGLES2,1.0,1.11.0,False,LowRevenueCountryBlock,LowRevenueCountryBlock,09/12/2021 09:58:44,6028e36ad1e80652e41054ca,609d69021c511f4b1d4df1c4,com.pregnantcatemma.virtualpet,1.0,iv,Android OS 8.1.0 / API-27 (HUAWEIDUB-LX2/140(C636)),14a3d655-ee5f-4d4a-95c6-0665fec1a763,False,False,IQ,1631440826.26664
0,An error occurred while sending the request,Error,/BuildNotice/0,MobileSDK,samsung SM-M325F,OpenGLES2,1.0,1.11.0,False,Programmatic1,Programmatic,12/09/2021 10:00:18,6028e36ad1e80652e41054ca,6028e407a1ba2a0d3d760566,com.mytalkingcatemma.ballerinagames,1.0,en,Android OS 11 / API-30 (RP1A.200720.012/M325FXXU1AUF2),18baed6e-244f-446a-b232-96cb1f977b5c,False,False,MM,1631440826.320625
0,could not receive ip address from ipfy,Error,/BuildNotice/0,MobileSDK,Realme RMX1821,OpenGLES2,1.0,1.11.0,False,LowRevenueCountryBlock,LowRevenueCountryBlock,09/12/2021 09:59:59,6028e36ad1e80652e41054ca,609d69021c511f4b1d4df1c4,com.pregnantcatemma.virtualpet,1.0,iv,Android OS 10 / API-29 (QP1A.190711.020/1624873154),e038be81-11ad-417f-990a-cf4faa24a61b,False,False,IQ,1631440826.356778
0,An error occurred while sending the request,Error,/BuildNotice/0,MobileSDK,Realme RMX1821,OpenGLES2,1.0,1.11.0,False,LowRevenueCountryBlock,LowRevenueCountryBlock,09/12/2021 09:59:59,6028e36ad1e80652e41054ca,609d69021c511f4b1d4df1c4,com.pregnantcatemma.virtualpet,1.0,iv,Android OS 10 / API-29 (QP1A.190711.020/1624873154),e038be81-11ad-417f-990a-cf4faa24a61b,False,False,IQ,1631440826.436755
0,An error occurred while sending the request,Error,/BuildNotice/0,MobileSDK,HUAWEI DUB-LX2,OpenGLES2,1.0,1.11.0,False,LowRevenueCountryBlock,LowRevenueCountryBlock,09/12/2021 09:58:44,6028e36ad1e80652e41054ca,609d69021c511f4b1d4df1c4,com.pregnantcatemma.virtualpet,1.0,iv,Android OS 8.1.0 / API-27 (HUAWEIDUB-LX2/140(C636)),14a3d655-ee5f-4d4a-95c6-0665fec1a763,False,False,IQ,1631440826.497564
0,could not receive ip address from ipfy,Error,/BuildNotice/0,MobileSDK,HUAWEI DUB-LX2,OpenGLES2,1.0,1.11.0,False,LowRevenueCountryBlock,LowRevenueCountryBlock,09/12/2021 09:58:44,6028e36ad1e80652e41054ca,609d69021c511f4b1d4df1c4,com.pregnantcatemma.virtualpet,1.0,iv,Android OS 8.1.0 / API-27 (HUAWEIDUB-LX2/140(C636)),14a3d655-ee5f-4d4a-95c6-0665fec1a763,False,False,IQ,1631440826.542384
0,could not receive ip address from ipfy,Error,/BuildNotice/0,MobileSDK,samsung SM-A307FN,OpenGLES2,1.0,1.11.0,False,Programmatic1,Programmatic,12.09.2021 10:00:25,6028e36ad1e80652e41054ca,6028e407a1ba2a0d3d760566,com.mytalkingcatemma.ballerinagames,1.0,ru,Android OS 11 / API-30 (RP1A.200720.012/A307FNXXS2CUH4),279297b4-f16b-47de-8558-d59322e20605,False,False,PK,1631440826.55969
0,An error occurred while sending the request,Error,/BuildNotice/0,MobileSDK,samsung SM-A307FN,OpenGLES2,1.0,1.11.0,False,Programmatic1,Programmatic,12.09.2021 10:00:25,6028e36ad1e80652e41054ca,6028e407a1ba2a0d3d760566,com.mytalkingcatemma.ballerinagames,1.0,ru,Android OS 11 / API-30 (RP1A.200720.012/A307FNXXS2CUH4),279297b4-f16b-47de-8558-d59322e20605,False,False,PK,1631440826.593714
0,could not receive ip address from ipfy,Error,/BuildNotice/0,MobileSDK,Realme RMX1821,OpenGLES2,1.0,1.11.0,False,LowRevenueCountryBlock,LowRevenueCountryBlock,09/12/2021 09:59:59,6028e36ad1e80652e41054ca,609d69021c511f4b1d4df1c4,com.pregnantcatemma.virtualpet,1.0,iv,Android OS 10 / API-29 (QP1A.190711.020/1624873154),e038be81-11ad-417f-990a-cf4faa24a61b,False,False,IQ,1631440826.624282
0,could not receive ip address from ipfy,Error,/BuildNotice/0,MobileSDK,samsung SM-M325F,OpenGLES2,1.0,1.11.0,False,Programmatic1,Programmatic,12/09/2021 10:00:18,6028e36ad1e80652e41054ca,6028e407a1ba2a0d3d760566,com.mytalkingcatemma.ballerinagames,1.0,en,Android OS 11 / API-30 (RP1A.200720.012/M325FXXU1AUF2),18baed6e-244f-446a-b232-96cb1f977b5c,False,False,MM,1631440826.683202
0,An error occurred while sending the request,Error,/BuildNotice/0,MobileSDK,Realme RMX1821,OpenGLES2,1.0,1.11.0,False,LowRevenueCountryBlock,LowRevenueCountryBlock,09/12/2021 09:59:59,6028e36ad1e80652e41054ca,609d69021c511f4b1d4df1c4,com.pregnantcatemma.virtualpet,1.0,iv,Android OS 10 / API-29 (QP1A.190711.020/1624873154),e038be81-11ad-417f-990a-cf4faa24a61b,False,False,IQ,1631440826.698472
0,An error occurred while sending the request,Error,/BuildNotice/0,MobileSDK,HUAWEI DUB-LX2,OpenGLES2,1.0,1.11.0,False,LowRevenueCountryBlock,LowRevenueCountryBlock,09/12/2021 09:58:44,6028e36ad1e80652e41054ca,609d69021c511f4b1d4df1c4,com.pregnantcatemma.virtualpet,1.0,iv,Android OS 8.1.0 / API-27 (HUAWEIDUB-LX2/140(C636)),14a3d655-ee5f-4d4a-95c6-0665fec1a763,False,False,IQ,1631440826.781219
0,could not receive ip address from ipfy,Error,/BuildNotice/0,MobileSDK,HUAWEI DUB-LX2,OpenGLES2,1.0,1.11.0,False,LowRevenueCountryBlock,LowRevenueCountryBlock,09/12/2021 09:58:45,6028e36ad1e80652e41054ca,609d69021c511f4b1d4df1c4,com.pregnantcatemma.virtualpet,1.0,iv,Android OS 8.1.0 / API-27 (HUAWEIDUB-LX2/140(C636)),14a3d655-ee5f-4d4a-95c6-0665fec1a763,False,False,IQ,1631440826.814646
0,could not receive ip address from ipfy,Error,/BuildNotice/0,MobileSDK,samsung SM-A307FN,OpenGLES2,1.0,1.11.0,False,Programmatic1,Programmatic,12.09.2021 10:00:25,6028e36ad1e80652e41054ca,6028e407a1ba2a0d3d760566,com.mytalkingcatemma.ballerinagames,1.0,ru,Android OS 11 / API-30 (RP1A.200720.012/A307FNXXS2CUH4),279297b4-f16b-47de-8558-d59322e20605,False,False,PK,1631440826.873798
0,An error occurred while sending the request,Error,/BuildNotice/0,MobileSDK,samsung SM-A307FN,OpenGLES2,1.0,1.11.0,False,Programmatic1,Programmatic,12.09.2021 10:00:25,6028e36ad1e80652e41054ca,6028e407a1ba2a0d3d760566,com.mytalkingcatemma.ballerinagames,1.0,ru,Android OS 11 / API-30 (RP1A.200720.012/A307FNXXS2CUH4),279297b4-f16b-47de-8558-d59322e20605,False,False,PK,1631440826.892857
0,could not receive ip address from ipfy,Error,/BuildNotice/0,MobileSDK,Realme RMX1821,OpenGLES2,1.0,1.11.0,False,LowRevenueCountryBlock,LowRevenueCountryBlock,09/12/2021 10:00:00,6028e36ad1e80652e41054ca,609d69021c511f4b1d4df1c4,com.pregnantcatemma.virtualpet,1.0,iv,Android OS 10 / API-29 (QP1A.190711.020/1624873154),e038be81-11ad-417f-990a-cf4faa24a61b,False,False,IQ,1631440826.938882
0,An error occurred while sending the request,Error,/BuildNotice/0,MobileSDK,Realme RMX1821,OpenGLES2,1.0,1.11.0,False,LowRevenueCountryBlock,LowRevenueCountryBlock,09/12/2021 10:00:00,6028e36ad1e80652e41054ca,609d69021c511f4b1d4df1c4,com.pregnantcatemma.virtualpet,1.0,iv,Android OS 10 / API-29 (QP1A.190711.020/1624873154),e038be81-11ad-417f-990a-cf4faa24a61b,False,False,IQ,1631440826.992542
0,An error occurred while sending the request,Error,/BuildNotice/0,MobileSDK,HUAWEI DUB-LX2,OpenGLES2,1.0,1.11.0,False,LowRevenueCountryBlock,LowRevenueCountryBlock,09/12/2021 09:58:45,6028e36ad1e80652e41054ca,609d69021c511f4b1d4df1c4,com.pregnantcatemma.virtualpet,1.0,iv,Android OS 8.1.0 / API-27 (HUAWEIDUB-LX2/140(C636)),14a3d655-ee5f-4d4a-95c6-0665fec1a763,False,False,IQ,1631440827.051604
0,could not receive ip address from ipfy,Error,/BuildNotice/0,MobileSDK,HUAWEI DUB-LX2,OpenGLES2,1.0,1.11.0,False,LowRevenueCountryBlock,LowRevenueCountryBlock,09/12/2021 09:58:45,6028e36ad1e80652e41054ca,609d69021c511f4b1d4df1c4,com.pregnantcatemma.virtualpet,1.0,iv,Android OS 8.1.0 / API-27 (HUAWEIDUB-LX2/140(C636)),14a3d655-ee5f-4d4a-95c6-0665fec1a763,False,False,IQ,1631440827.082398
0,could not receive ip address from ipfy,Error,/BuildNotice/0,MobileSDK,samsung SM-A307FN,OpenGLES2,1.0,1.11.0,False,Programmatic1,Programmatic,12.09.2021 10:00:25,6028e36ad1e80652e41054ca,6028e407a1ba2a0d3d760566,com.mytalkingcatemma.ballerinagames,1.0,ru,Android OS 11 / API-30 (RP1A.200720.012/A307FNXXS2CUH4),279297b4-f16b-47de-8558-d59322e20605,False,False,PK,1631440827.15428
0,An error occurred while sending the request,Error,/BuildNotice/0,MobileSDK,samsung SM-A307FN,OpenGLES2,1.0,1.11.0,False,Programmatic1,Programmatic,12.09.2021 10:00:25,6028e36ad1e80652e41054ca,6028e407a1ba2a0d3d760566,com.mytalkingcatemma.ballerinagames,1.0,ru,Android OS 11 / API-30 (RP1A.200720.012/A307FNXXS2CUH4),279297b4-f16b-47de-8558-d59322e20605,False,False,PK,1631440827.180532
0,could not receive ip address from ipfy,Error,/BuildNotice/0,MobileSDK,Realme RMX1821,OpenGLES2,1.0,1.11.0,False,LowRevenueCountryBlock,LowRevenueCountryBlock,09/12/2021 10:00:00,6028e36ad1e80652e41054ca,609d69021c511f4b1d4df1c4,com.pregnantcatemma.virtualpet,1.0,iv,Android OS 10 / API-29 (QP1A.190711.020/1624873154),e038be81-11ad-417f-990a-cf4faa24a61b,False,False,IQ,1631440827.232481
0,An error occurred while sending the request,Error,/BuildNotice/0,MobileSDK,Realme RMX1821,OpenGLES2,1.0,1.11.0,False,LowRevenueCountryBlock,LowRevenueCountryBlock,09/12/2021 10:00:00,6028e36ad1e80652e41054ca,609d69021c511f4b1d4df1c4,com.pregnantcatemma.virtualpet,1.0,iv,Android OS 10 / API-29 (QP1A.190711.020/1624873154),e038be81-11ad-417f-990a-cf4faa24a61b,False,False,IQ,1631440827.247997
0,An error occurred while sending the request,Error,/BuildNotice/0,MobileSDK,HUAWEI DUB-LX2,OpenGLES2,1.0,1.11.0,False,LowRevenueCountryBlock,LowRevenueCountryBlock,09/12/2021 09:58:45,6028e36ad1e80652e41054ca,609d69021c511f4b1d4df1c4,com.pregnantcatemma.virtualpet,1.0,iv,Android OS 8.1.0 / API-27 (HUAWEIDUB-LX2/140(C636)),14a3d655-ee5f-4d4a-95c6-0665fec1a763,False,False,IQ,1631440827.342669
0,could not receive ip address from ipfy,Error,/BuildNotice/0,MobileSDK,HUAWEI DUB-LX2,OpenGLES2,1.0,1.11.0,False,LowRevenueCountryBlock,LowRevenueCountryBlock,09/12/2021 09:58:45,6028e36ad1e80652e41054ca,609d69021c511f4b1d4df1c4,com.pregnantcatemma.virtualpet,1.0,iv,Android OS 8.1.0 / API-27 (HUAWEIDUB-LX2/140(C636)),14a3d655-ee5f-4d4a-95c6-0665fec1a763,False,False,IQ,1631440827.359155
0,could not receive ip address from ipfy,Error,/BuildNotice/0,MobileSDK,samsung SM-A107F,OpenGLES2,1.0,1.11.0,False,Programmatic1,Programmatic,12/09/2021 10:00:27 AM,6028e36ad1e80652e41054ca,6028e407a1ba2a0d3d760566,com.mytalkingcatemma.ballerinagames,1.0,en,Android OS 11 / API-30 (RP1A.200720.012/A107FXXU8CUG3),ce4af260-dd28-4a62-8aae-9c65ea88a54e,False,False,PH,1631440827.382337
0,An error occurred while sending the request,Error,/BuildNotice/0,MobileSDK,samsung SM-A107F,OpenGLES2,1.0,1.11.0,False,Programmatic1,Programmatic,12/09/2021 10:00:27 AM,6028e36ad1e80652e41054ca,6028e407a1ba2a0d3d760566,com.mytalkingcatemma.ballerinagames,1.0,en,Android OS 11 / API-30 (RP1A.200720.012/A107FXXU8CUG3),ce4af260-dd28-4a62-8aae-9c65ea88a54e,False,False,PH,1631440827.395788
0,could not receive ip address from ipfy,Error,/BuildNotice/0,MobileSDK,samsung SM-A307FN,OpenGLES2,1.0,1.11.0,False,Programmatic1,Programmatic,12.09.2021 10:00:25,6028e36ad1e80652e41054ca,6028e407a1ba2a0d3d760566,com.mytalkingcatemma.ballerinagames,1.0,ru,Android OS 11 / API-30 (RP1A.200720.012/A307FNXXS2CUH4),279297b4-f16b-47de-8558-d59322e20605,False,False,PK,1631440827.48108
0,An error occurred while sending the request,Error,/BuildNotice/0,MobileSDK,samsung SM-A307FN,OpenGLES2,1.0,1.11.0,False,Programmatic1,Programmatic,12.09.2021 10:00:25,6028e36ad1e80652e41054ca,6028e407a1ba2a0d3d760566,com.mytalkingcatemma.ballerinagames,1.0,ru,Android OS 11 / API-30 (RP1A.200720.012/A307FNXXS2CUH4),279297b4-f16b-47de-8558-d59322e20605,False,False,PK,1631440827.495963
0,could not receive ip address from ipfy,Error,/BuildNotice/0,MobileSDK,Realme RMX1821,OpenGLES2,1.0,1.11.0,False,LowRevenueCountryBlock,LowRevenueCountryBlock,09/12/2021 10:00:00,6028e36ad1e80652e41054ca,609d69021c511f4b1d4df1c4,com.pregnantcatemma.virtualpet,1.0,iv,Android OS 10 / API-29 (QP1A.190711.020/1624873154),e038be81-11ad-417f-990a-cf4faa24a61b,False,False,IQ,1631440827.51173
0,An error occurred while sending the request,Error,/BuildNotice/0,MobileSDK,Realme RMX1821,OpenGLES2,1.0,1.11.0,False,LowRevenueCountryBlock,LowRevenueCountryBlock,09/12/2021 10:00:00,6028e36ad1e80652e41054ca,609d69021c511f4b1d4df1c4,com.pregnantcatemma.virtualpet,1.0,iv,Android OS 10 / API-29 (QP1A.190711.020/1624873154),e038be81-11ad-417f-990a-cf4faa24a61b,False,False,IQ,1631440827.582342
0,An error occurred while sending the request,Error,/BuildNotice/0,MobileSDK,HUAWEI DUB-LX2,OpenGLES2,1.0,1.11.0,False,LowRevenueCountryBlock,LowRevenueCountryBlock,09/12/2021 09:58:45,6028e36ad1e80652e41054ca,609d69021c511f4b1d4df1c4,com.pregnantcatemma.virtualpet,1.0,iv,Android OS 8.1.0 / API-27 (HUAWEIDUB-LX2/140(C636)),14a3d655-ee5f-4d4a-95c6-0665fec1a763,False,False,IQ,1631440827.617587
0,could not receive ip address from ipfy,Error,/BuildNotice/0,MobileSDK,HUAWEI DUB-LX2,OpenGLES2,1.0,1.11.0,False,LowRevenueCountryBlock,LowRevenueCountryBlock,09/12/2021 09:58:45,6028e36ad1e80652e41054ca,609d69021c511f4b1d4df1c4,com.pregnantcatemma.virtualpet,1.0,iv,Android OS 8.1.0 / API-27 (HUAWEIDUB-LX2/140(C636)),14a3d655-ee5f-4d4a-95c6-0665fec1a763,False,False,IQ,1631440827.68055
0,could not receive ip address from ipfy,Error,/BuildNotice/0,MobileSDK,samsung SM-A307FN,OpenGLES2,1.0,1.11.0,False,Programmatic1,Programmatic,12.09.2021 10:00:26,6028e36ad1e80652e41054ca,6028e407a1ba2a0d3d760566,com.mytalkingcatemma.ballerinagames,1.0,ru,Android OS 11 / API-30 (RP1A.200720.012/A307FNXXS2CUH4),279297b4-f16b-47de-8558-d59322e20605,False,False,PK,1631440827.737631
0,An error occurred while sending the request,Error,/BuildNotice/0,MobileSDK,samsung SM-A307FN,OpenGLES2,1.0,1.11.0,False,Programmatic1,Programmatic,12.09.2021 10:00:26,6028e36ad1e80652e41054ca,6028e407a1ba2a0d3d760566,com.mytalkingcatemma.ballerinagames,1.0,ru,Android OS 11 / API-30 (RP1A.200720.012/A307FNXXS2CUH4),279297b4-f16b-47de-8558-d59322e20605,False,False,PK,1631440827.767192
0,could not receive ip address from ipfy,Error,/BuildNotice/0,MobileSDK,Realme RMX1821,OpenGLES2,1.0,1.11.0,False,LowRevenueCountryBlock,LowRevenueCountryBlock,09/12/2021 10:00:00,6028e36ad1e80652e41054ca,609d69021c511f4b1d4df1c4,com.pregnantcatemma.virtualpet,1.0,iv,Android OS 10 / API-29 (QP1A.190711.020/1624873154),e038be81-11ad-417f-990a-cf4faa24a61b,False,False,IQ,1631440827.821379
0,An error occurred while sending the request,Error,/BuildNotice/0,MobileSDK,Realme RMX1821,OpenGLES2,1.0,1.11.0,False,LowRevenueCountryBlock,LowRevenueCountryBlock,09/12/2021 10:00:00,6028e36ad1e80652e41054ca,609d69021c511f4b1d4df1c4,com.pregnantcatemma.virtualpet,1.0,iv,Android OS 10 / API-29 (QP1A.190711.020/1624873154),e038be81-11ad-417f-990a-cf4faa24a61b,False,False,IQ,1631440827.836654
0,An error occurred while sending the request,Error,/BuildNotice/0,MobileSDK,HUAWEI DUB-LX2,OpenGLES2,1.0,1.11.0,False,LowRevenueCountryBlock,LowRevenueCountryBlock,09/12/2021 09:58:45,6028e36ad1e80652e41054ca,609d69021c511f4b1d4df1c4,com.pregnantcatemma.virtualpet,1.0,iv,Android OS 8.1.0 / API-27 (HUAWEIDUB-LX2/140(C636)),14a3d655-ee5f-4d4a-95c6-0665fec1a763,False,False,IQ,1631440827.893248
0,could not receive ip address from ipfy,Error,/BuildNotice/0,MobileSDK,HUAWEI DUB-LX2,OpenGLES2,1.0,1.11.0,False,LowRevenueCountryBlock,LowRevenueCountryBlock,09/12/2021 09:58:45,6028e36ad1e80652e41054ca,609d69021c511f4b1d4df1c4,com.pregnantcatemma.virtualpet,1.0,iv,Android OS 8.1.0 / API-27 (HUAWEIDUB-LX2/140(C636)),14a3d655-ee5f-4d4a-95c6-0665fec1a763,False,False,IQ,1631440827.946795
0,could not receive ip address from ipfy,Error,/BuildNotice/0,MobileSDK,samsung SM-A307FN,OpenGLES2,1.0,1.11.0,False,Programmatic1,Programmatic,12.09.2021 10:00:26,6028e36ad1e80652e41054ca,6028e407a1ba2a0d3d760566,com.mytalkingcatemma.ballerinagames,1.0,ru,Android OS 11 / API-30 (RP1A.200720.012/A307FNXXS2CUH4),279297b4-f16b-47de-8558-d59322e20605,False,False,PK,1631440828.109101
0,An error occurred while sending the request,Error,/BuildNotice/0,MobileSDK,samsung SM-A307FN,OpenGLES2,1.0,1.11.0,False,Programmatic1,Programmatic,12.09.2021 10:00:26,6028e36ad1e80652e41054ca,6028e407a1ba2a0d3d760566,com.mytalkingcatemma.ballerinagames,1.0,ru,Android OS 11 / API-30 (RP1A.200720.012/A307FNXXS2CUH4),279297b4-f16b-47de-8558-d59322e20605,False,False,PK,1631440828.121791
0,could not receive ip address from ipfy,Error,/BuildNotice/0,MobileSDK,Realme RMX1821,OpenGLES2,1.0,1.11.0,False,LowRevenueCountryBlock,LowRevenueCountryBlock,09/12/2021 10:00:00,6028e36ad1e80652e41054ca,609d69021c511f4b1d4df1c4,com.pregnantcatemma.virtualpet,1.0,iv,Android OS 10 / API-29 (QP1A.190711.020/1624873154),e038be81-11ad-417f-990a-cf4faa24a61b,False,False,IQ,1631440828.183022
0,An error occurred while sending the request,Error,/BuildNotice/0,MobileSDK,HUAWEI DUB-LX2,OpenGLES2,1.0,1.11.0,False,LowRevenueCountryBlock,LowRevenueCountryBlock,09/12/2021 09:58:45,6028e36ad1e80652e41054ca,609d69021c511f4b1d4df1c4,com.pregnantcatemma.virtualpet,1.0,iv,Android OS 8.1.0 / API-27 (HUAWEIDUB-LX2/140(C636)),14a3d655-ee5f-4d4a-95c6-0665fec1a763,False,False,IQ,1631440828.196958
0,An error occurred while sending the request,Error,/BuildNotice/0,MobileSDK,Realme RMX1821,OpenGLES2,1.0,1.11.0,False,LowRevenueCountryBlock,LowRevenueCountryBlock,09/12/2021 10:00:00,6028e36ad1e80652e41054ca,609d69021c511f4b1d4df1c4,com.pregnantcatemma.virtualpet,1.0,iv,Android OS 10 / API-29 (QP1A.190711.020/1624873154),e038be81-11ad-417f-990a-cf4faa24a61b,False,False,IQ,1631440828.214289
0,An error occurred while sending the request,Error,/BuildNotice/0,MobileSDK,samsung SM-M325F,OpenGLES2,1.0,1.11.0,False,Programmatic1,Programmatic,12/09/2021 10:00:18,6028e36ad1e80652e41054ca,6028e407a1ba2a0d3d760566,com.mytalkingcatemma.ballerinagames,1.0,en,Android OS 11 / API-30 (RP1A.200720.012/M325FXXU1AUF2),18baed6e-244f-446a-b232-96cb1f977b5c,False,False,MM,1631440828.350278
0,could not receive ip address from ipfy,Error,/BuildNotice/0,MobileSDK,samsung SM-A307FN,OpenGLES2,1.0,1.11.0,False,Programmatic1,Programmatic,12.09.2021 10:00:26,6028e36ad1e80652e41054ca,6028e407a1ba2a0d3d760566,com.mytalkingcatemma.ballerinagames,1.0,ru,Android OS 11 / API-30 (RP1A.200720.012/A307FNXXS2CUH4),279297b4-f16b-47de-8558-d59322e20605,False,False,PK,1631440828.367064
0,could not receive ip address from ipfy,Error,/BuildNotice/0,MobileSDK,HUAWEI DUB-LX2,OpenGLES2,1.0,1.11.0,False,LowRevenueCountryBlock,LowRevenueCountryBlock,09/12/2021 09:58:46,6028e36ad1e80652e41054ca,609d69021c511f4b1d4df1c4,com.pregnantcatemma.virtualpet,1.0,iv,Android OS 8.1.0 / API-27 (HUAWEIDUB-LX2/140(C636)),14a3d655-ee5f-4d4a-95c6-0665fec1a763,False,False,IQ,1631440828.395251
0,An error occurred while sending the request,Error,/BuildNotice/0,MobileSDK,samsung SM-A307FN,OpenGLES2,1.0,1.11.0,False,Programmatic1,Programmatic,12.09.2021 10:00:26,6028e36ad1e80652e41054ca,6028e407a1ba2a0d3d760566,com.mytalkingcatemma.ballerinagames,1.0,ru,Android OS 11 / API-30 (RP1A.200720.012/A307FNXXS2CUH4),279297b4-f16b-47de-8558-d59322e20605,False,False,PK,1631440828.413013
0,could not receive ip address from ipfy,Error,/BuildNotice/0,MobileSDK,Realme RMX1821,OpenGLES2,1.0,1.11.0,False,LowRevenueCountryBlock,LowRevenueCountryBlock,09/12/2021 10:00:00,6028e36ad1e80652e41054ca,609d69021c511f4b1d4df1c4,com.pregnantcatemma.virtualpet,1.0,iv,Android OS 10 / API-29 (QP1A.190711.020/1624873154),e038be81-11ad-417f-990a-cf4faa24a61b,False,False,IQ,1631440828.482691
0,An error occurred while sending the request,Error,/BuildNotice/0,MobileSDK,HUAWEI DUB-LX2,OpenGLES2,1.0,1.11.0,False,LowRevenueCountryBlock,LowRevenueCountryBlock,09/12/2021 09:58:46,6028e36ad1e80652e41054ca,609d69021c511f4b1d4df1c4,com.pregnantcatemma.virtualpet,1.0,iv,Android OS 8.1.0 / API-27 (HUAWEIDUB-LX2/140(C636)),14a3d655-ee5f-4d4a-95c6-0665fec1a763,False,False,IQ,1631440828.497926
0,An error occurred while sending the request,Error,/BuildNotice/0,MobileSDK,Realme RMX1821,OpenGLES2,1.0,1.11.0,False,LowRevenueCountryBlock,LowRevenueCountryBlock,09/12/2021 10:00:00,6028e36ad1e80652e41054ca,609d69021c511f4b1d4df1c4,com.pregnantcatemma.virtualpet,1.0,iv,Android OS 10 / API-29 (QP1A.190711.020/1624873154),e038be81-11ad-417f-990a-cf4faa24a61b,False,False,IQ,1631440828.584462
0,could not receive ip address from ipfy,Error,/BuildNotice/0,MobileSDK,samsung SM-A307FN,OpenGLES2,1.0,1.11.0,False,Programmatic1,Programmatic,12.09.2021 10:00:27,6028e36ad1e80652e41054ca,6028e407a1ba2a0d3d760566,com.mytalkingcatemma.ballerinagames,1.0,ru,Android OS 11 / API-30 (RP1A.200720.012/A307FNXXS2CUH4),279297b4-f16b-47de-8558-d59322e20605,False,False,PK,1631440828.633106
0,could not receive ip address from ipfy,Error,/BuildNotice/0,MobileSDK,samsung SM-M325F,OpenGLES2,1.0,1.11.0,False,Programmatic1,Programmatic,12/09/2021 10:00:19,6028e36ad1e80652e41054ca,6028e407a1ba2a0d3d760566,com.mytalkingcatemma.ballerinagames,1.0,en,Android OS 11 / API-30 (RP1A.200720.012/M325FXXU1AUF2),18baed6e-244f-446a-b232-96cb1f977b5c,False,False,MM,1631440828.6806
0,could not receive ip address from ipfy,Error,/BuildNotice/0,MobileSDK,HUAWEI DUB-LX2,OpenGLES2,1.0,1.11.0,False,LowRevenueCountryBlock,LowRevenueCountryBlock,09/12/2021 09:58:46,6028e36ad1e80652e41054ca,609d69021c511f4b1d4df1c4,com.pregnantcatemma.virtualpet,1.0,iv,Android OS 8.1.0 / API-27 (HUAWEIDUB-LX2/140(C636)),14a3d655-ee5f-4d4a-95c6-0665fec1a763,False,False,IQ,1631440828.696964
0,An error occurred while sending the request,Error,/BuildNotice/0,MobileSDK,samsung SM-A307FN,OpenGLES2,1.0,1.11.0,False,Programmatic1,Programmatic,12.09.2021 10:00:27,6028e36ad1e80652e41054ca,6028e407a1ba2a0d3d760566,com.mytalkingcatemma.ballerinagames,1.0,ru,Android OS 11 / API-30 (RP1A.200720.012/A307FNXXS2CUH4),279297b4-f16b-47de-8558-d59322e20605,False,False,PK,1631440828.71567
0,could not receive ip address from ipfy,Error,/BuildNotice/0,MobileSDK,Realme RMX1821,OpenGLES2,1.0,1.11.0,False,LowRevenueCountryBlock,LowRevenueCountryBlock,09/12/2021 10:00:01,6028e36ad1e80652e41054ca,609d69021c511f4b1d4df1c4,com.pregnantcatemma.virtualpet,1.0,iv,Android OS 10 / API-29 (QP1A.190711.020/1624873154),e038be81-11ad-417f-990a-cf4faa24a61b,False,False,IQ,1631440828.794559
0,An error occurred while sending the request,Error,/BuildNotice/0,MobileSDK,HUAWEI DUB-LX2,OpenGLES2,1.0,1.11.0,False,LowRevenueCountryBlock,LowRevenueCountryBlock,09/12/2021 09:58:46,6028e36ad1e80652e41054ca,609d69021c511f4b1d4df1c4,com.pregnantcatemma.virtualpet,1.0,iv,Android OS 8.1.0 / API-27 (HUAWEIDUB-LX2/140(C636)),14a3d655-ee5f-4d4a-95c6-0665fec1a763,False,False,IQ,1631440828.810896
0,An error occurred while sending the request,Error,/BuildNotice/0,MobileSDK,Realme RMX1821,OpenGLES2,1.0,1.11.0,False,LowRevenueCountryBlock,LowRevenueCountryBlock,09/12/2021 10:00:01,6028e36ad1e80652e41054ca,609d69021c511f4b1d4df1c4,com.pregnantcatemma.virtualpet,1.0,iv,Android OS 10 / API-29 (QP1A.190711.020/1624873154),e038be81-11ad-417f-990a-cf4faa24a61b,False,False,IQ,1631440828.886126
0,An error occurred while sending the request,Error,/BuildNotice/0,MobileSDK,samsung SM-M325F,OpenGLES2,1.0,1.11.0,False,Programmatic1,Programmatic,12/09/2021 10:00:19,6028e36ad1e80652e41054ca,6028e407a1ba2a0d3d760566,com.mytalkingcatemma.ballerinagames,1.0,en,Android OS 11 / API-30 (RP1A.200720.012/M325FXXU1AUF2),18baed6e-244f-446a-b232-96cb1f977b5c,False,False,MM,1631440828.902963
0,could not receive ip address from ipfy,Error,/BuildNotice/0,MobileSDK,HUAWEI DUB-LX2,OpenGLES2,1.0,1.11.0,False,LowRevenueCountryBlock,LowRevenueCountryBlock,09/12/2021 09:58:46,6028e36ad1e80652e41054ca,609d69021c511f4b1d4df1c4,com.pregnantcatemma.virtualpet,1.0,iv,Android OS 8.1.0 / API-27 (HUAWEIDUB-LX2/140(C636)),14a3d655-ee5f-4d4a-95c6-0665fec1a763,False,False,IQ,1631440828.982115
0,could not receive ip address from ipfy,Error,/BuildNotice/0,MobileSDK,Realme RMX1821,OpenGLES2,1.0,1.11.0,False,LowRevenueCountryBlock,LowRevenueCountryBlock,09/12/2021 10:00:01,6028e36ad1e80652e41054ca,609d69021c511f4b1d4df1c4,com.pregnantcatemma.virtualpet,1.0,iv,Android OS 10 / API-29 (QP1A.190711.020/1624873154),e038be81-11ad-417f-990a-cf4faa24a61b,False,False,IQ,1631440829.049946
0,could not receive ip address from ipfy,Error,/BuildNotice/0,MobileSDK,samsung SM-M325F,OpenGLES2,1.0,1.11.0,False,Programmatic1,Programmatic,12/09/2021 10:00:19,6028e36ad1e80652e41054ca,6028e407a1ba2a0d3d760566,com.mytalkingcatemma.ballerinagames,1.0,en,Android OS 11 / API-30 (RP1A.200720.012/M325FXXU1AUF2),18baed6e-244f-446a-b232-96cb1f977b5c,False,False,MM,1631440829.125192
0,An error occurred while sending the request,Error,/BuildNotice/0,MobileSDK,HUAWEI DUB-LX2,OpenGLES2,1.0,1.11.0,False,LowRevenueCountryBlock,LowRevenueCountryBlock,09/12/2021 09:58:46,6028e36ad1e80652e41054ca,609d69021c511f4b1d4df1c4,com.pregnantcatemma.virtualpet,1.0,iv,Android OS 8.1.0 / API-27 (HUAWEIDUB-LX2/140(C636)),14a3d655-ee5f-4d4a-95c6-0665fec1a763,False,False,IQ,1631440829.144297
0,An error occurred while sending the request,Error,/BuildNotice/0,MobileSDK,Realme RMX1821,OpenGLES2,1.0,1.11.0,False,LowRevenueCountryBlock,LowRevenueCountryBlock,09/12/2021 10:00:01,6028e36ad1e80652e41054ca,609d69021c511f4b1d4df1c4,com.pregnantcatemma.virtualpet,1.0,iv,Android OS 10 / API-29 (QP1A.190711.020/1624873154),e038be81-11ad-417f-990a-cf4faa24a61b,False,False,IQ,1631440829.181292
0,could not receive ip address from ipfy,Error,/BuildNotice/0,MobileSDK,HUAWEI DUB-LX2,OpenGLES2,1.0,1.11.0,False,LowRevenueCountryBlock,LowRevenueCountryBlock,09/12/2021 09:58:46,6028e36ad1e80652e41054ca,609d69021c511f4b1d4df1c4,com.pregnantcatemma.virtualpet,1.0,iv,Android OS 8.1.0 / API-27 (HUAWEIDUB-LX2/140(C636)),14a3d655-ee5f-4d4a-95c6-0665fec1a763,False,False,IQ,1631440829.251134
0,An error occurred while sending the request,Error,/BuildNotice/0,MobileSDK,samsung SM-M325F,OpenGLES2,1.0,1.11.0,False,Programmatic1,Programmatic,12/09/2021 10:00:19,6028e36ad1e80652e41054ca,6028e407a1ba2a0d3d760566,com.mytalkingcatemma.ballerinagames,1.0,en,Android OS 11 / API-30 (RP1A.200720.012/M325FXXU1AUF2),18baed6e-244f-446a-b232-96cb1f977b5c,False,False,MM,1631440829.29403
0,could not receive ip address from ipfy,Error,/BuildNotice/0,MobileSDK,Realme RMX1821,OpenGLES2,1.0,1.11.0,False,LowRevenueCountryBlock,LowRevenueCountryBlock,09/12/2021 10:00:01,6028e36ad1e80652e41054ca,609d69021c511f4b1d4df1c4,com.pregnantcatemma.virtualpet,1.0,iv,Android OS 10 / API-29 (QP1A.190711.020/1624873154),e038be81-11ad-417f-990a-cf4faa24a61b,False,False,IQ,1631440829.349445
0,An error occurred while sending the request,Error,/BuildNotice/0,MobileSDK,HUAWEI DUB-LX2,OpenGLES2,1.0,1.11.0,False,LowRevenueCountryBlock,LowRevenueCountryBlock,09/12/2021 09:58:46,6028e36ad1e80652e41054ca,609d69021c511f4b1d4df1c4,com.pregnantcatemma.virtualpet,1.0,iv,Android OS 8.1.0 / API-27 (HUAWEIDUB-LX2/140(C636)),14a3d655-ee5f-4d4a-95c6-0665fec1a763,False,False,IQ,1631440829.449734
0,could not receive ip address from ipfy,Error,/BuildNotice/0,MobileSDK,HUAWEI DUB-LX2,OpenGLES2,1.0,1.11.0,False,LowRevenueCountryBlock,LowRevenueCountryBlock,09/12/2021 09:58:47,6028e36ad1e80652e41054ca,609d69021c511f4b1d4df1c4,com.pregnantcatemma.virtualpet,1.0,iv,Android OS 8.1.0 / API-27 (HUAWEIDUB-LX2/140(C636)),14a3d655-ee5f-4d4a-95c6-0665fec1a763,False,False,IQ,1631440829.519779
0,could not receive ip address from ipfy,Error,/BuildNotice/0,MobileSDK,samsung SM-M325F,OpenGLES2,1.0,1.11.0,False,Programmatic1,Programmatic,12/09/2021 10:00:20,6028e36ad1e80652e41054ca,6028e407a1ba2a0d3d760566,com.mytalkingcatemma.ballerinagames,1.0,en,Android OS 11 / API-30 (RP1A.200720.012/M325FXXU1AUF2),18baed6e-244f-446a-b232-96cb1f977b5c,False,False,MM,1631440829.555972
0,An error occurred while sending the request,Error,/BuildNotice/0,MobileSDK,Realme RMX1821,OpenGLES2,1.0,1.11.0,False,LowRevenueCountryBlock,LowRevenueCountryBlock,09/12/2021 10:00:01,6028e36ad1e80652e41054ca,609d69021c511f4b1d4df1c4,com.pregnantcatemma.virtualpet,1.0,iv,Android OS 10 / API-29 (QP1A.190711.020/1624873154),e038be81-11ad-417f-990a-cf4faa24a61b,False,False,IQ,1631440829.570741
0,An error occurred while sending the request,Error,/BuildNotice/0,MobileSDK,samsung SM-M325F,OpenGLES2,1.0,1.11.0,False,Programmatic1,Programmatic,12/09/2021 10:00:20,6028e36ad1e80652e41054ca,6028e407a1ba2a0d3d760566,com.mytalkingcatemma.ballerinagames,1.0,en,Android OS 11 / API-30 (RP1A.200720.012/M325FXXU1AUF2),18baed6e-244f-446a-b232-96cb1f977b5c,False,False,MM,1631440829.670112
0,could not receive ip address from ipfy,Error,/BuildNotice/0,MobileSDK,Realme RMX1821,OpenGLES2,1.0,1.11.0,False,LowRevenueCountryBlock,LowRevenueCountryBlock,09/12/2021 10:00:01,6028e36ad1e80652e41054ca,609d69021c511f4b1d4df1c4,com.pregnantcatemma.virtualpet,1.0,iv,Android OS 10 / API-29 (QP1A.190711.020/1624873154),e038be81-11ad-417f-990a-cf4faa24a61b,False,False,IQ,1631440829.686561
0,An error occurred while sending the request,Error,/BuildNotice/0,MobileSDK,HUAWEI DUB-LX2,OpenGLES2,1.0,1.11.0,False,LowRevenueCountryBlock,LowRevenueCountryBlock,09/12/2021 09:58:47,6028e36ad1e80652e41054ca,609d69021c511f4b1d4df1c4,com.pregnantcatemma.virtualpet,1.0,iv,Android OS 8.1.0 / API-27 (HUAWEIDUB-LX2/140(C636)),14a3d655-ee5f-4d4a-95c6-0665fec1a763,False,False,IQ,1631440829.725657
0,could not receive ip address from ipfy,Error,/BuildNotice/0,MobileSDK,HUAWEI DUB-LX2,OpenGLES2,1.0,1.11.0,False,LowRevenueCountryBlock,LowRevenueCountryBlock,09/12/2021 09:58:47,6028e36ad1e80652e41054ca,609d69021c511f4b1d4df1c4,com.pregnantcatemma.virtualpet,1.0,iv,Android OS 8.1.0 / API-27 (HUAWEIDUB-LX2/140(C636)),14a3d655-ee5f-4d4a-95c6-0665fec1a763,False,False,IQ,1631440829.796576
0,could not receive ip address from ipfy,Error,/BuildNotice/0,MobileSDK,samsung SM-M325F,OpenGLES2,1.0,1.11.0,False,Programmatic1,Programmatic,12/09/2021 10:00:20,6028e36ad1e80652e41054ca,6028e407a1ba2a0d3d760566,com.mytalkingcatemma.ballerinagames,1.0,en,Android OS 11 / API-30 (RP1A.200720.012/M325FXXU1AUF2),18baed6e-244f-446a-b232-96cb1f977b5c,False,False,MM,1631440829.976919
0,An error occurred while sending the request,Error,/BuildNotice/0,MobileSDK,HUAWEI DUB-LX2,OpenGLES2,1.0,1.11.0,False,LowRevenueCountryBlock,LowRevenueCountryBlock,09/12/2021 09:58:47,6028e36ad1e80652e41054ca,609d69021c511f4b1d4df1c4,com.pregnantcatemma.virtualpet,1.0,iv,Android OS 8.1.0 / API-27 (HUAWEIDUB-LX2/140(C636)),14a3d655-ee5f-4d4a-95c6-0665fec1a763,False,False,IQ,1631440829.997981
0,An error occurred while sending the request,Error,/BuildNotice/0,MobileSDK,Realme RMX1821,OpenGLES2,1.0,1.11.0,False,LowRevenueCountryBlock,LowRevenueCountryBlock,09/12/2021 10:00:01,6028e36ad1e80652e41054ca,609d69021c511f4b1d4df1c4,com.pregnantcatemma.virtualpet,1.0,iv,Android OS 10 / API-29 (QP1A.190711.020/1624873154),e038be81-11ad-417f-990a-cf4faa24a61b,False,False,IQ,1631440830.015842
0,could not receive ip address from ipfy,Error,/BuildNotice/0,MobileSDK,Realme RMX1821,OpenGLES2,1.0,1.11.0,False,LowRevenueCountryBlock,LowRevenueCountryBlock,09/12/2021 10:00:01,6028e36ad1e80652e41054ca,609d69021c511f4b1d4df1c4,com.pregnantcatemma.virtualpet,1.0,iv,Android OS 10 / API-29 (QP1A.190711.020/1624873154),e038be81-11ad-417f-990a-cf4faa24a61b,False,False,IQ,1631440830.029478
0,An error occurred while sending the request,Error,/BuildNotice/0,MobileSDK,samsung SM-M325F,OpenGLES2,1.0,1.11.0,False,Programmatic1,Programmatic,12/09/2021 10:00:20,6028e36ad1e80652e41054ca,6028e407a1ba2a0d3d760566,com.mytalkingcatemma.ballerinagames,1.0,en,Android OS 11 / API-30 (RP1A.200720.012/M325FXXU1AUF2),18baed6e-244f-446a-b232-96cb1f977b5c,False,False,MM,1631440830.093964
0,could not receive ip address from ipfy,Error,/BuildNotice/0,MobileSDK,HUAWEI DUB-LX2,OpenGLES2,1.0,1.11.0,False,LowRevenueCountryBlock,LowRevenueCountryBlock,09/12/2021 09:58:47,6028e36ad1e80652e41054ca,609d69021c511f4b1d4df1c4,com.pregnantcatemma.virtualpet,1.0,iv,Android OS 8.1.0 / API-27 (HUAWEIDUB-LX2/140(C636)),14a3d655-ee5f-4d4a-95c6-0665fec1a763,False,False,IQ,1631440830.108713
0,could not receive ip address from ipfy,Error,/BuildNotice/0,MobileSDK,samsung SM-A307FN,OpenGLES2,1.0,1.11.0,False,Programmatic1,Programmatic,12.09.2021 10:00:28,6028e36ad1e80652e41054ca,6028e407a1ba2a0d3d760566,com.mytalkingcatemma.ballerinagames,1.0,ru,Android OS 11 / API-30 (RP1A.200720.012/A307FNXXS2CUH4),279297b4-f16b-47de-8558-d59322e20605,False,False,PK,1631440830.195302
0,An error occurred while sending the request,Error,/BuildNotice/0,MobileSDK,samsung SM-A307FN,OpenGLES2,1.0,1.11.0,False,Programmatic1,Programmatic,12.09.2021 10:00:28,6028e36ad1e80652e41054ca,6028e407a1ba2a0d3d760566,com.mytalkingcatemma.ballerinagames,1.0,ru,Android OS 11 / API-30 (RP1A.200720.012/A307FNXXS2CUH4),279297b4-f16b-47de-8558-d59322e20605,False,False,PK,1631440830.211659
0,An error occurred while sending the request,Error,/BuildNotice/0,MobileSDK,HUAWEI DUB-LX2,OpenGLES2,1.0,1.11.0,False,LowRevenueCountryBlock,LowRevenueCountryBlock,09/12/2021 09:58:47,6028e36ad1e80652e41054ca,609d69021c511f4b1d4df1c4,com.pregnantcatemma.virtualpet,1.0,iv,Android OS 8.1.0 / API-27 (HUAWEIDUB-LX2/140(C636)),14a3d655-ee5f-4d4a-95c6-0665fec1a763,False,False,IQ,1631440830.28112
0,An error occurred while sending the request,Error,/BuildNotice/0,MobileSDK,Realme RMX1821,OpenGLES2,1.0,1.11.0,False,LowRevenueCountryBlock,LowRevenueCountryBlock,09/12/2021 10:00:01,6028e36ad1e80652e41054ca,609d69021c511f4b1d4df1c4,com.pregnantcatemma.virtualpet,1.0,iv,Android OS 10 / API-29 (QP1A.190711.020/1624873154),e038be81-11ad-417f-990a-cf4faa24a61b,False,False,IQ,1631440830.315999
0,could not receive ip address from ipfy,Error,/BuildNotice/0,MobileSDK,Realme RMX1821,OpenGLES2,1.0,1.11.0,False,LowRevenueCountryBlock,LowRevenueCountryBlock,09/12/2021 10:00:02,6028e36ad1e80652e41054ca,609d69021c511f4b1d4df1c4,com.pregnantcatemma.virtualpet,1.0,iv,Android OS 10 / API-29 (QP1A.190711.020/1624873154),e038be81-11ad-417f-990a-cf4faa24a61b,False,False,IQ,1631440830.335781
0,could not receive ip address from ipfy,Error,/BuildNotice/0,MobileSDK,samsung SM-M325F,OpenGLES2,1.0,1.11.0,False,Programmatic1,Programmatic,12/09/2021 10:00:20,6028e36ad1e80652e41054ca,6028e407a1ba2a0d3d760566,com.mytalkingcatemma.ballerinagames,1.0,en,Android OS 11 / API-30 (RP1A.200720.012/M325FXXU1AUF2),18baed6e-244f-446a-b232-96cb1f977b5c,False,False,MM,1631440830.42109
0,An error occurred while sending the request,Error,/BuildNotice/0,MobileSDK,samsung SM-M325F,OpenGLES2,1.0,1.11.0,False,Programmatic1,Programmatic,12/09/2021 10:00:20,6028e36ad1e80652e41054ca,6028e407a1ba2a0d3d760566,com.mytalkingcatemma.ballerinagames,1.0,en,Android OS 11 / API-30 (RP1A.200720.012/M325FXXU1AUF2),18baed6e-244f-446a-b232-96cb1f977b5c,False,False,MM,1631440830.480299
0,could not receive ip address from ipfy,Error,/BuildNotice/0,MobileSDK,samsung SM-A307FN,OpenGLES2,1.0,1.11.0,False,Programmatic1,Programmatic,12.09.2021 10:00:29,6028e36ad1e80652e41054ca,6028e407a1ba2a0d3d760566,com.mytalkingcatemma.ballerinagames,1.0,ru,Android OS 11 / API-30 (RP1A.200720.012/A307FNXXS2CUH4),279297b4-f16b-47de-8558-d59322e20605,False,False,PK,1631440830.563694
0,could not receive ip address from ipfy,Error,/BuildNotice/0,MobileSDK,HUAWEI DUB-LX2,OpenGLES2,1.0,1.11.0,False,LowRevenueCountryBlock,LowRevenueCountryBlock,09/12/2021 09:58:47,6028e36ad1e80652e41054ca,609d69021c511f4b1d4df1c4,com.pregnantcatemma.virtualpet,1.0,iv,Android OS 8.1.0 / API-27 (HUAWEIDUB-LX2/140(C636)),14a3d655-ee5f-4d4a-95c6-0665fec1a763,False,False,IQ,1631440830.582049
0,An error occurred while sending the request,Error,/BuildNotice/0,MobileSDK,samsung SM-A307FN,OpenGLES2,1.0,1.11.0,False,Programmatic1,Programmatic,12.09.2021 10:00:29,6028e36ad1e80652e41054ca,6028e407a1ba2a0d3d760566,com.mytalkingcatemma.ballerinagames,1.0,ru,Android OS 11 / API-30 (RP1A.200720.012/A307FNXXS2CUH4),279297b4-f16b-47de-8558-d59322e20605,False,False,PK,1631440830.597168
0,An error occurred while sending the request,Error,/BuildNotice/0,MobileSDK,Realme RMX1821,OpenGLES2,1.0,1.11.0,False,LowRevenueCountryBlock,LowRevenueCountryBlock,09/12/2021 10:00:02,6028e36ad1e80652e41054ca,609d69021c511f4b1d4df1c4,com.pregnantcatemma.virtualpet,1.0,iv,Android OS 10 / API-29 (QP1A.190711.020/1624873154),e038be81-11ad-417f-990a-cf4faa24a61b,False,False,IQ,1631440830.635469
0,could not receive ip address from ipfy,Error,/BuildNotice/0,MobileSDK,Realme RMX1821,OpenGLES2,1.0,1.11.0,False,LowRevenueCountryBlock,LowRevenueCountryBlock,09/12/2021 10:00:02,6028e36ad1e80652e41054ca,609d69021c511f4b1d4df1c4,com.pregnantcatemma.virtualpet,1.0,iv,Android OS 10 / API-29 (QP1A.190711.020/1624873154),e038be81-11ad-417f-990a-cf4faa24a61b,False,False,IQ,1631440830.695499
0,could not receive ip address from ipfy,Error,/BuildNotice/0,MobileSDK,samsung SM-M325F,OpenGLES2,1.0,1.11.0,False,Programmatic1,Programmatic,12/09/2021 10:00:20,6028e36ad1e80652e41054ca,6028e407a1ba2a0d3d760566,com.mytalkingcatemma.ballerinagames,1.0,en,Android OS 11 / API-30 (RP1A.200720.012/M325FXXU1AUF2),18baed6e-244f-446a-b232-96cb1f977b5c,False,False,MM,1631440830.760938
0,An error occurred while sending the request,Error,/BuildNotice/0,MobileSDK,samsung SM-M325F,OpenGLES2,1.0,1.11.0,False,Programmatic1,Programmatic,12/09/2021 10:00:20,6028e36ad1e80652e41054ca,6028e407a1ba2a0d3d760566,com.mytalkingcatemma.ballerinagames,1.0,en,Android OS 11 / API-30 (RP1A.200720.012/M325FXXU1AUF2),18baed6e-244f-446a-b232-96cb1f977b5c,False,False,MM,1631440830.799261
0,An error occurred while sending the request,Error,/BuildNotice/0,MobileSDK,HUAWEI DUB-LX2,OpenGLES2,1.0,1.11.0,False,LowRevenueCountryBlock,LowRevenueCountryBlock,09/12/2021 09:58:47,6028e36ad1e80652e41054ca,609d69021c511f4b1d4df1c4,com.pregnantcatemma.virtualpet,1.0,iv,Android OS 8.1.0 / API-27 (HUAWEIDUB-LX2/140(C636)),14a3d655-ee5f-4d4a-95c6-0665fec1a763,False,False,IQ,1631440830.863178
0,An error occurred while sending the request,Error,/BuildNotice/0,MobileSDK,Realme RMX1821,OpenGLES2,1.0,1.11.0,False,LowRevenueCountryBlock,LowRevenueCountryBlock,09/12/2021 10:00:02,6028e36ad1e80652e41054ca,609d69021c511f4b1d4df1c4,com.pregnantcatemma.virtualpet,1.0,iv,Android OS 10 / API-29 (QP1A.190711.020/1624873154),e038be81-11ad-417f-990a-cf4faa24a61b,False,False,IQ,1631440830.940366
0,could not receive ip address from ipfy,Error,/BuildNotice/0,MobileSDK,Realme RMX1821,OpenGLES2,1.0,1.11.0,False,LowRevenueCountryBlock,LowRevenueCountryBlock,09/12/2021 10:00:02,6028e36ad1e80652e41054ca,609d69021c511f4b1d4df1c4,com.pregnantcatemma.virtualpet,1.0,iv,Android OS 10 / API-29 (QP1A.190711.020/1624873154),e038be81-11ad-417f-990a-cf4faa24a61b,False,False,IQ,1631440830.955503
0,could not receive ip address from ipfy,Error,/BuildNotice/0,MobileSDK,samsung SM-A107F,OpenGLES2,1.0,1.11.0,False,Programmatic1,Programmatic,12/09/2021 10:00:31 AM,6028e36ad1e80652e41054ca,6028e407a1ba2a0d3d760566,com.mytalkingcatemma.ballerinagames,1.0,en,Android OS 11 / API-30 (RP1A.200720.012/A107FXXU8CUG3),ce4af260-dd28-4a62-8aae-9c65ea88a54e,False,False,PH,1631440831.038331
0,could not receive ip address from ipfy,Error,/BuildNotice/0,MobileSDK,samsung SM-A307FN,OpenGLES2,1.0,1.11.0,False,Programmatic1,Programmatic,12.09.2021 10:00:29,6028e36ad1e80652e41054ca,6028e407a1ba2a0d3d760566,com.mytalkingcatemma.ballerinagames,1.0,ru,Android OS 11 / API-30 (RP1A.200720.012/A307FNXXS2CUH4),279297b4-f16b-47de-8558-d59322e20605,False,False,PK,1631440831.051402
0,An error occurred while sending the request,Error,/BuildNotice/0,MobileSDK,samsung SM-A107F,OpenGLES2,1.0,1.11.0,False,Programmatic1,Programmatic,12/09/2021 10:00:31 AM,6028e36ad1e80652e41054ca,6028e407a1ba2a0d3d760566,com.mytalkingcatemma.ballerinagames,1.0,en,Android OS 11 / API-30 (RP1A.200720.012/A107FXXU8CUG3),ce4af260-dd28-4a62-8aae-9c65ea88a54e,False,False,PH,1631440831.066476
0,could not receive ip address from ipfy,Error,/BuildNotice/0,MobileSDK,samsung SM-M325F,OpenGLES2,1.0,1.11.0,False,Programmatic1,Programmatic,12/09/2021 10:00:21,6028e36ad1e80652e41054ca,6028e407a1ba2a0d3d760566,com.mytalkingcatemma.ballerinagames,1.0,en,Android OS 11 / API-30 (RP1A.200720.012/M325FXXU1AUF2),18baed6e-244f-446a-b232-96cb1f977b5c,False,False,MM,1631440831.182991
0,An error occurred while sending the request,Error,/BuildNotice/0,MobileSDK,samsung SM-M325F,OpenGLES2,1.0,1.11.0,False,Programmatic1,Programmatic,12/09/2021 10:00:21,6028e36ad1e80652e41054ca,6028e407a1ba2a0d3d760566,com.mytalkingcatemma.ballerinagames,1.0,en,Android OS 11 / API-30 (RP1A.200720.012/M325FXXU1AUF2),18baed6e-244f-446a-b232-96cb1f977b5c,False,False,MM,1631440831.200188
0,An error occurred while sending the request,Error,/BuildNotice/0,MobileSDK,Realme RMX1821,OpenGLES2,1.0,1.11.0,False,LowRevenueCountryBlock,LowRevenueCountryBlock,09/12/2021 10:00:02,6028e36ad1e80652e41054ca,609d69021c511f4b1d4df1c4,com.pregnantcatemma.virtualpet,1.0,iv,Android OS 10 / API-29 (QP1A.190711.020/1624873154),e038be81-11ad-417f-990a-cf4faa24a61b,False,False,IQ,1631440831.215001
0,could not receive ip address from ipfy,Error,/BuildNotice/0,MobileSDK,Realme RMX1821,OpenGLES2,1.0,1.11.0,False,LowRevenueCountryBlock,LowRevenueCountryBlock,09/12/2021 10:00:02,6028e36ad1e80652e41054ca,609d69021c511f4b1d4df1c4,com.pregnantcatemma.virtualpet,1.0,iv,Android OS 10 / API-29 (QP1A.190711.020/1624873154),e038be81-11ad-417f-990a-cf4faa24a61b,False,False,IQ,1631440831.284243
0,An error occurred while sending the request,Error,/BuildNotice/0,MobileSDK,samsung SM-A307FN,OpenGLES2,1.0,1.11.0,False,Programmatic1,Programmatic,12.09.2021 10:00:29,6028e36ad1e80652e41054ca,6028e407a1ba2a0d3d760566,com.mytalkingcatemma.ballerinagames,1.0,ru,Android OS 11 / API-30 (RP1A.200720.012/A307FNXXS2CUH4),279297b4-f16b-47de-8558-d59322e20605,False,False,PK,1631440831.306172
0,could not receive ip address from ipfy,Error,/BuildNotice/0,MobileSDK,samsung SM-A307FN,OpenGLES2,1.0,1.11.0,False,Programmatic1,Programmatic,12.09.2021 10:00:29,6028e36ad1e80652e41054ca,6028e407a1ba2a0d3d760566,com.mytalkingcatemma.ballerinagames,1.0,ru,Android OS 11 / API-30 (RP1A.200720.012/A307FNXXS2CUH4),279297b4-f16b-47de-8558-d59322e20605,False,False,PK,1631440831.381189
0,could not receive ip address from ipfy,Error,/BuildNotice/0,MobileSDK,samsung SM-M325F,OpenGLES2,1.0,1.11.0,False,Programmatic1,Programmatic,12/09/2021 10:00:21,6028e36ad1e80652e41054ca,6028e407a1ba2a0d3d760566,com.mytalkingcatemma.ballerinagames,1.0,en,Android OS 11 / API-30 (RP1A.200720.012/M325FXXU1AUF2),18baed6e-244f-446a-b232-96cb1f977b5c,False,False,MM,1631440831.527795
0,An error occurred while sending the request,Error,/BuildNotice/0,MobileSDK,Realme RMX1821,OpenGLES2,1.0,1.11.0,False,LowRevenueCountryBlock,LowRevenueCountryBlock,09/12/2021 10:00:02,6028e36ad1e80652e41054ca,609d69021c511f4b1d4df1c4,com.pregnantcatemma.virtualpet,1.0,iv,Android OS 10 / API-29 (QP1A.190711.020/1624873154),e038be81-11ad-417f-990a-cf4faa24a61b,False,False,IQ,1631440831.542209
0,An error occurred while sending the request,Error,/BuildNotice/0,MobileSDK,samsung SM-M325F,OpenGLES2,1.0,1.11.0,False,Programmatic1,Programmatic,12/09/2021 10:00:21,6028e36ad1e80652e41054ca,6028e407a1ba2a0d3d760566,com.mytalkingcatemma.ballerinagames,1.0,en,Android OS 11 / API-30 (RP1A.200720.012/M325FXXU1AUF2),18baed6e-244f-446a-b232-96cb1f977b5c,False,False,MM,1631440831.557627
0,could not receive ip address from ipfy,Error,/BuildNotice/0,MobileSDK,Realme RMX1821,OpenGLES2,1.0,1.11.0,False,LowRevenueCountryBlock,LowRevenueCountryBlock,09/12/2021 10:00:02,6028e36ad1e80652e41054ca,609d69021c511f4b1d4df1c4,com.pregnantcatemma.virtualpet,1.0,iv,Android OS 10 / API-29 (QP1A.190711.020/1624873154),e038be81-11ad-417f-990a-cf4faa24a61b,False,False,IQ,1631440831.582388
0,An error occurred while sending the request,Error,/BuildNotice/0,MobileSDK,samsung SM-A307FN,OpenGLES2,1.0,1.11.0,False,Programmatic1,Programmatic,12.09.2021 10:00:29,6028e36ad1e80652e41054ca,6028e407a1ba2a0d3d760566,com.mytalkingcatemma.ballerinagames,1.0,ru,Android OS 11 / API-30 (RP1A.200720.012/A307FNXXS2CUH4),279297b4-f16b-47de-8558-d59322e20605,False,False,PK,1631440831.623641
0,An error occurred while sending the request,Error,/BuildNotice/0,MobileSDK,Realme RMX1821,OpenGLES2,1.0,1.11.0,False,LowRevenueCountryBlock,LowRevenueCountryBlock,09/12/2021 10:00:02,6028e36ad1e80652e41054ca,609d69021c511f4b1d4df1c4,com.pregnantcatemma.virtualpet,1.0,iv,Android OS 10 / API-29 (QP1A.190711.020/1624873154),e038be81-11ad-417f-990a-cf4faa24a61b,False,False,IQ,1631440831.796991
0,could not receive ip address from ipfy,Error,/BuildNotice/0,MobileSDK,samsung SM-M325F,OpenGLES2,1.0,1.11.0,False,Programmatic1,Programmatic,12/09/2021 10:00:22,6028e36ad1e80652e41054ca,6028e407a1ba2a0d3d760566,com.mytalkingcatemma.ballerinagames,1.0,en,Android OS 11 / API-30 (RP1A.200720.012/M325FXXU1AUF2),18baed6e-244f-446a-b232-96cb1f977b5c,False,False,MM,1631440831.838771
0,could not receive ip address from ipfy,Error,/BuildNotice/0,MobileSDK,Realme RMX1821,OpenGLES2,1.0,1.11.0,False,LowRevenueCountryBlock,LowRevenueCountryBlock,09/12/2021 10:00:02,6028e36ad1e80652e41054ca,609d69021c511f4b1d4df1c4,com.pregnantcatemma.virtualpet,1.0,iv,Android OS 10 / API-29 (QP1A.190711.020/1624873154),e038be81-11ad-417f-990a-cf4faa24a61b,False,False,IQ,1631440831.854095
0,An error occurred while sending the request,Error,/BuildNotice/0,MobileSDK,samsung SM-M325F,OpenGLES2,1.0,1.11.0,False,Programmatic1,Programmatic,12/09/2021 10:00:22,6028e36ad1e80652e41054ca,6028e407a1ba2a0d3d760566,com.mytalkingcatemma.ballerinagames,1.0,en,Android OS 11 / API-30 (RP1A.200720.012/M325FXXU1AUF2),18baed6e-244f-446a-b232-96cb1f977b5c,False,False,MM,1631440831.882455
0,An error occurred while sending the request,Error,/BuildNotice/0,MobileSDK,Realme RMX1821,OpenGLES2,1.0,1.11.0,False,LowRevenueCountryBlock,LowRevenueCountryBlock,09/12/2021 10:00:02,6028e36ad1e80652e41054ca,609d69021c511f4b1d4df1c4,com.pregnantcatemma.virtualpet,1.0,iv,Android OS 10 / API-29 (QP1A.190711.020/1624873154),e038be81-11ad-417f-990a-cf4faa24a61b,False,False,IQ,1631440832.09435
0,could not receive ip address from ipfy,Error,/BuildNotice/0,MobileSDK,Realme RMX1821,OpenGLES2,1.0,1.11.0,False,LowRevenueCountryBlock,LowRevenueCountryBlock,09/12/2021 10:00:03,6028e36ad1e80652e41054ca,609d69021c511f4b1d4df1c4,com.pregnantcatemma.virtualpet,1.0,iv,Android OS 10 / API-29 (QP1A.190711.020/1624873154),e038be81-11ad-417f-990a-cf4faa24a61b,False,False,IQ,1631440832.122033
0,could not receive ip address from ipfy,Error,/BuildNotice/0,MobileSDK,samsung SM-M325F,OpenGLES2,1.0,1.11.0,False,Programmatic1,Programmatic,12/09/2021 10:00:22,6028e36ad1e80652e41054ca,6028e407a1ba2a0d3d760566,com.mytalkingcatemma.ballerinagames,1.0,en,Android OS 11 / API-30 (RP1A.200720.012/M325FXXU1AUF2),18baed6e-244f-446a-b232-96cb1f977b5c,False,False,MM,1631440832.160697
0,could not receive ip address from ipfy,Error,/BuildNotice/0,MobileSDK,samsung SM-A307FN,OpenGLES2,1.0,1.11.0,False,Programmatic1,Programmatic,12.09.2021 10:00:30,6028e36ad1e80652e41054ca,6028e407a1ba2a0d3d760566,com.mytalkingcatemma.ballerinagames,1.0,ru,Android OS 11 / API-30 (RP1A.200720.012/A307FNXXS2CUH4),279297b4-f16b-47de-8558-d59322e20605,False,False,PK,1631440832.182571
0,An error occurred while sending the request,Error,/BuildNotice/0,MobileSDK,samsung SM-A307FN,OpenGLES2,1.0,1.11.0,False,Programmatic1,Programmatic,12.09.2021 10:00:30,6028e36ad1e80652e41054ca,6028e407a1ba2a0d3d760566,com.mytalkingcatemma.ballerinagames,1.0,ru,Android OS 11 / API-30 (RP1A.200720.012/A307FNXXS2CUH4),279297b4-f16b-47de-8558-d59322e20605,False,False,PK,1631440832.198801
0,An error occurred while sending the request,Error,/BuildNotice/0,MobileSDK,samsung SM-M325F,OpenGLES2,1.0,1.11.0,False,Programmatic1,Programmatic,12/09/2021 10:00:22,6028e36ad1e80652e41054ca,6028e407a1ba2a0d3d760566,com.mytalkingcatemma.ballerinagames,1.0,en,Android OS 11 / API-30 (RP1A.200720.012/M325FXXU1AUF2),18baed6e-244f-446a-b232-96cb1f977b5c,False,False,MM,1631440832.288848
0,An error occurred while sending the request,Error,/BuildNotice/0,MobileSDK,Realme RMX1821,OpenGLES2,1.0,1.11.0,False,LowRevenueCountryBlock,LowRevenueCountryBlock,09/12/2021 10:00:03,6028e36ad1e80652e41054ca,609d69021c511f4b1d4df1c4,com.pregnantcatemma.virtualpet,1.0,iv,Android OS 10 / API-29 (QP1A.190711.020/1624873154),e038be81-11ad-417f-990a-cf4faa24a61b,False,False,IQ,1631440832.348984
0,could not receive ip address from ipfy,Error,/BuildNotice/0,MobileSDK,Realme RMX1821,OpenGLES2,1.0,1.11.0,False,LowRevenueCountryBlock,LowRevenueCountryBlock,09/12/2021 10:00:03,6028e36ad1e80652e41054ca,609d69021c511f4b1d4df1c4,com.pregnantcatemma.virtualpet,1.0,iv,Android OS 10 / API-29 (QP1A.190711.020/1624873154),e038be81-11ad-417f-990a-cf4faa24a61b,False,False,IQ,1631440832.385161
0,could not receive ip address from ipfy,Error,/BuildNotice/0,MobileSDK,samsung SM-A307FN,OpenGLES2,1.0,1.11.0,False,Programmatic1,Programmatic,12.09.2021 10:00:30,6028e36ad1e80652e41054ca,6028e407a1ba2a0d3d760566,com.mytalkingcatemma.ballerinagames,1.0,ru,Android OS 11 / API-30 (RP1A.200720.012/A307FNXXS2CUH4),279297b4-f16b-47de-8558-d59322e20605,False,False,PK,1631440832.483473
0,could not receive ip address from ipfy,Error,/BuildNotice/0,MobileSDK,samsung SM-M325F,OpenGLES2,1.0,1.11.0,False,Programmatic1,Programmatic,12/09/2021 10:00:22,6028e36ad1e80652e41054ca,6028e407a1ba2a0d3d760566,com.mytalkingcatemma.ballerinagames,1.0,en,Android OS 11 / API-30 (RP1A.200720.012/M325FXXU1AUF2),18baed6e-244f-446a-b232-96cb1f977b5c,False,False,MM,1631440832.501224
0,An error occurred while sending the request,Error,/BuildNotice/0,MobileSDK,samsung SM-A307FN,OpenGLES2,1.0,1.11.0,False,Programmatic1,Programmatic,12.09.2021 10:00:31,6028e36ad1e80652e41054ca,6028e407a1ba2a0d3d760566,com.mytalkingcatemma.ballerinagames,1.0,ru,Android OS 11 / API-30 (RP1A.200720.012/A307FNXXS2CUH4),279297b4-f16b-47de-8558-d59322e20605,False,False,PK,1631440832.582715
0,An error occurred while sending the request,Error,/BuildNotice/0,MobileSDK,Realme RMX1821,OpenGLES2,1.0,1.11.0,False,LowRevenueCountryBlock,LowRevenueCountryBlock,09/12/2021 10:00:03,6028e36ad1e80652e41054ca,609d69021c511f4b1d4df1c4,com.pregnantcatemma.virtualpet,1.0,iv,Android OS 10 / API-29 (QP1A.190711.020/1624873154),e038be81-11ad-417f-990a-cf4faa24a61b,False,False,IQ,1631440832.628686
0,An error occurred while sending the request,Error,/BuildNotice/0,MobileSDK,samsung SM-M325F,OpenGLES2,1.0,1.11.0,False,Programmatic1,Programmatic,12/09/2021 10:00:22,6028e36ad1e80652e41054ca,6028e407a1ba2a0d3d760566,com.mytalkingcatemma.ballerinagames,1.0,en,Android OS 11 / API-30 (RP1A.200720.012/M325FXXU1AUF2),18baed6e-244f-446a-b232-96cb1f977b5c,False,False,MM,1631440832.681328
0,could not receive ip address from ipfy,Error,/BuildNotice/0,MobileSDK,Realme RMX1821,OpenGLES2,1.0,1.11.0,False,LowRevenueCountryBlock,LowRevenueCountryBlock,09/12/2021 10:00:03,6028e36ad1e80652e41054ca,609d69021c511f4b1d4df1c4,com.pregnantcatemma.virtualpet,1.0,iv,Android OS 10 / API-29 (QP1A.190711.020/1624873154),e038be81-11ad-417f-990a-cf4faa24a61b,False,False,IQ,1631440832.69694
0,could not receive ip address from ipfy,Error,/BuildNotice/0,MobileSDK,samsung SM-A307FN,OpenGLES2,1.0,1.11.0,False,Programmatic1,Programmatic,12.09.2021 10:00:31,6028e36ad1e80652e41054ca,6028e407a1ba2a0d3d760566,com.mytalkingcatemma.ballerinagames,1.0,ru,Android OS 11 / API-30 (RP1A.200720.012/A307FNXXS2CUH4),279297b4-f16b-47de-8558-d59322e20605,False,False,PK,1631440832.851161
0,An error occurred while sending the request,Error,/BuildNotice/0,MobileSDK,Realme RMX1821,OpenGLES2,1.0,1.11.0,False,LowRevenueCountryBlock,LowRevenueCountryBlock,09/12/2021 10:00:03,6028e36ad1e80652e41054ca,609d69021c511f4b1d4df1c4,com.pregnantcatemma.virtualpet,1.0,iv,Android OS 10 / API-29 (QP1A.190711.020/1624873154),e038be81-11ad-417f-990a-cf4faa24a61b,False,False,IQ,1631440832.886049
0,could not receive ip address from ipfy,Error,/BuildNotice/0,MobileSDK,samsung SM-M325F,OpenGLES2,1.0,1.11.0,False,Programmatic1,Programmatic,12/09/2021 10:00:23,6028e36ad1e80652e41054ca,6028e407a1ba2a0d3d760566,com.mytalkingcatemma.ballerinagames,1.0,en,Android OS 11 / API-30 (RP1A.200720.012/M325FXXU1AUF2),18baed6e-244f-446a-b232-96cb1f977b5c,False,False,MM,1631440832.902898
0,could not receive ip address from ipfy,Error,/BuildNotice/0,MobileSDK,Realme RMX1821,OpenGLES2,1.0,1.11.0,False,LowRevenueCountryBlock,LowRevenueCountryBlock,09/12/2021 10:00:03,6028e36ad1e80652e41054ca,609d69021c511f4b1d4df1c4,com.pregnantcatemma.virtualpet,1.0,iv,Android OS 10 / API-29 (QP1A.190711.020/1624873154),e038be81-11ad-417f-990a-cf4faa24a61b,False,False,IQ,1631440832.954145
0,An error occurred while sending the request,Error,/BuildNotice/0,MobileSDK,samsung SM-M325F,OpenGLES2,1.0,1.11.0,False,Programmatic1,Programmatic,12/09/2021 10:00:23,6028e36ad1e80652e41054ca,6028e407a1ba2a0d3d760566,com.mytalkingcatemma.ballerinagames,1.0,en,Android OS 11 / API-30 (RP1A.200720.012/M325FXXU1AUF2),18baed6e-244f-446a-b232-96cb1f977b5c,False,False,MM,1631440832.998664
0,An error occurred while sending the request,Error,/BuildNotice/0,MobileSDK,samsung SM-A307FN,OpenGLES2,1.0,1.11.0,False,Programmatic1,Programmatic,12.09.2021 10:00:31,6028e36ad1e80652e41054ca,6028e407a1ba2a0d3d760566,com.mytalkingcatemma.ballerinagames,1.0,ru,Android OS 11 / API-30 (RP1A.200720.012/A307FNXXS2CUH4),279297b4-f16b-47de-8558-d59322e20605,False,False,PK,1631440833.103673
0,An error occurred while sending the request,Error,/BuildNotice/0,MobileSDK,Realme RMX1821,OpenGLES2,1.0,1.11.0,False,LowRevenueCountryBlock,LowRevenueCountryBlock,09/12/2021 10:00:03,6028e36ad1e80652e41054ca,609d69021c511f4b1d4df1c4,com.pregnantcatemma.virtualpet,1.0,iv,Android OS 10 / API-29 (QP1A.190711.020/1624873154),e038be81-11ad-417f-990a-cf4faa24a61b,False,False,IQ,1631440833.14422
0,could not receive ip address from ipfy,Error,/BuildNotice/0,MobileSDK,samsung SM-M325F,OpenGLES2,1.0,1.11.0,False,Programmatic1,Programmatic,12/09/2021 10:00:24,6028e36ad1e80652e41054ca,6028e407a1ba2a0d3d760566,com.mytalkingcatemma.ballerinagames,1.0,en,Android OS 11 / API-30 (RP1A.200720.012/M325FXXU1AUF2),18baed6e-244f-446a-b232-96cb1f977b5c,False,False,MM,1631440833.241882
0,could not receive ip address from ipfy,Error,/BuildNotice/0,MobileSDK,Realme RMX1821,OpenGLES2,1.0,1.11.0,False,LowRevenueCountryBlock,LowRevenueCountryBlock,09/12/2021 10:00:04,6028e36ad1e80652e41054ca,609d69021c511f4b1d4df1c4,com.pregnantcatemma.virtualpet,1.0,iv,Android OS 10 / API-29 (QP1A.190711.020/1624873154),e038be81-11ad-417f-990a-cf4faa24a61b,False,False,IQ,1631440833.25644
0,could not receive ip address from ipfy,Error,/BuildNotice/0,MobileSDK,samsung SM-A307FN,OpenGLES2,1.0,1.11.0,False,Programmatic1,Programmatic,12.09.2021 10:00:31,6028e36ad1e80652e41054ca,6028e407a1ba2a0d3d760566,com.mytalkingcatemma.ballerinagames,1.0,ru,Android OS 11 / API-30 (RP1A.200720.012/A307FNXXS2CUH4),279297b4-f16b-47de-8558-d59322e20605,False,False,PK,1631440833.395815
0,An error occurred while sending the request,Error,/BuildNotice/0,MobileSDK,samsung SM-M325F,OpenGLES2,1.0,1.11.0,False,Programmatic1,Programmatic,12/09/2021 10:00:24,6028e36ad1e80652e41054ca,6028e407a1ba2a0d3d760566,com.mytalkingcatemma.ballerinagames,1.0,en,Android OS 11 / API-30 (RP1A.200720.012/M325FXXU1AUF2),18baed6e-244f-446a-b232-96cb1f977b5c,False,False,MM,1631440833.409102
0,An error occurred while sending the request,Error,/BuildNotice/0,MobileSDK,samsung SM-A307FN,OpenGLES2,1.0,1.11.0,False,Programmatic1,Programmatic,12.09.2021 10:00:31,6028e36ad1e80652e41054ca,6028e407a1ba2a0d3d760566,com.mytalkingcatemma.ballerinagames,1.0,ru,Android OS 11 / API-30 (RP1A.200720.012/A307FNXXS2CUH4),279297b4-f16b-47de-8558-d59322e20605,False,False,PK,1631440833.423262
0,An error occurred while sending the request,Error,/BuildNotice/0,MobileSDK,Realme RMX1821,OpenGLES2,1.0,1.11.0,False,LowRevenueCountryBlock,LowRevenueCountryBlock,09/12/2021 10:00:04,6028e36ad1e80652e41054ca,609d69021c511f4b1d4df1c4,com.pregnantcatemma.virtualpet,1.0,iv,Android OS 10 / API-29 (QP1A.190711.020/1624873154),e038be81-11ad-417f-990a-cf4faa24a61b,False,False,IQ,1631440833.495578
0,could not receive ip address from ipfy,Error,/BuildNotice/0,MobileSDK,samsung SM-M325F,OpenGLES2,1.0,1.11.0,False,Programmatic1,Programmatic,12/09/2021 10:00:25,6028e36ad1e80652e41054ca,6028e407a1ba2a0d3d760566,com.mytalkingcatemma.ballerinagames,1.0,en,Android OS 11 / API-30 (RP1A.200720.012/M325FXXU1AUF2),18baed6e-244f-446a-b232-96cb1f977b5c,False,False,MM,1631440833.571087
0,could not receive ip address from ipfy,Error,/BuildNotice/0,MobileSDK,Realme RMX1821,OpenGLES2,1.0,1.11.0,False,LowRevenueCountryBlock,LowRevenueCountryBlock,09/12/2021 10:00:04,6028e36ad1e80652e41054ca,609d69021c511f4b1d4df1c4,com.pregnantcatemma.virtualpet,1.0,iv,Android OS 10 / API-29 (QP1A.190711.020/1624873154),e038be81-11ad-417f-990a-cf4faa24a61b,False,False,IQ,1631440833.638404
0,could not receive ip address from ipfy,Error,/BuildNotice/0,MobileSDK,samsung SM-A307FN,OpenGLES2,1.0,1.11.0,False,Programmatic1,Programmatic,12.09.2021 10:00:31,6028e36ad1e80652e41054ca,6028e407a1ba2a0d3d760566,com.mytalkingcatemma.ballerinagames,1.0,ru,Android OS 11 / API-30 (RP1A.200720.012/A307FNXXS2CUH4),279297b4-f16b-47de-8558-d59322e20605,False,False,PK,1631440833.730902
0,An error occurred while sending the request,Error,/BuildNotice/0,MobileSDK,Realme RMX1821,OpenGLES2,1.0,1.11.0,False,LowRevenueCountryBlock,LowRevenueCountryBlock,09/12/2021 10:00:04,6028e36ad1e80652e41054ca,609d69021c511f4b1d4df1c4,com.pregnantcatemma.virtualpet,1.0,iv,Android OS 10 / API-29 (QP1A.190711.020/1624873154),e038be81-11ad-417f-990a-cf4faa24a61b,False,False,IQ,1631440833.749758
0,An error occurred while sending the request,Error,/BuildNotice/0,MobileSDK,samsung SM-M325F,OpenGLES2,1.0,1.11.0,False,Programmatic1,Programmatic,12/09/2021 10:00:25,6028e36ad1e80652e41054ca,6028e407a1ba2a0d3d760566,com.mytalkingcatemma.ballerinagames,1.0,en,Android OS 11 / API-30 (RP1A.200720.012/M325FXXU1AUF2),18baed6e-244f-446a-b232-96cb1f977b5c,False,False,MM,1631440833.764492
0,could not receive ip address from ipfy,Error,/BuildNotice/0,MobileSDK,Realme RMX1821,OpenGLES2,1.0,1.11.0,False,LowRevenueCountryBlock,LowRevenueCountryBlock,09/12/2021 10:00:04,6028e36ad1e80652e41054ca,609d69021c511f4b1d4df1c4,com.pregnantcatemma.virtualpet,1.0,iv,Android OS 10 / API-29 (QP1A.190711.020/1624873154),e038be81-11ad-417f-990a-cf4faa24a61b,False,False,IQ,1631440833.895869
0,could not receive ip address from ipfy,Error,/BuildNotice/0,MobileSDK,samsung SM-M325F,OpenGLES2,1.0,1.11.0,False,Programmatic1,Programmatic,12/09/2021 10:00:27,6028e36ad1e80652e41054ca,6028e407a1ba2a0d3d760566,com.mytalkingcatemma.ballerinagames,1.0,en,Android OS 11 / API-30 (RP1A.200720.012/M325FXXU1AUF2),18baed6e-244f-446a-b232-96cb1f977b5c,False,False,MM,1631440833.941999
0,An error occurred while sending the request,Error,/BuildNotice/0,MobileSDK,samsung SM-A307FN,OpenGLES2,1.0,1.11.0,False,Programmatic1,Programmatic,12.09.2021 10:00:32,6028e36ad1e80652e41054ca,6028e407a1ba2a0d3d760566,com.mytalkingcatemma.ballerinagames,1.0,ru,Android OS 11 / API-30 (RP1A.200720.012/A307FNXXS2CUH4),279297b4-f16b-47de-8558-d59322e20605,False,False,PK,1631440833.988208
0,An error occurred while sending the request,Error,/BuildNotice/0,MobileSDK,Realme RMX1821,OpenGLES2,1.0,1.11.0,False,LowRevenueCountryBlock,LowRevenueCountryBlock,09/12/2021 10:00:04,6028e36ad1e80652e41054ca,609d69021c511f4b1d4df1c4,com.pregnantcatemma.virtualpet,1.0,iv,Android OS 10 / API-29 (QP1A.190711.020/1624873154),e038be81-11ad-417f-990a-cf4faa24a61b,False,False,IQ,1631440834.005573
0,could not receive ip address from ipfy,Error,/BuildNotice/0,MobileSDK,samsung SM-A107F,OpenGLES2,1.0,1.11.0,False,Programmatic1,Programmatic,12/09/2021 10:00:34 AM,6028e36ad1e80652e41054ca,6028e407a1ba2a0d3d760566,com.mytalkingcatemma.ballerinagames,1.0,en,Android OS 11 / API-30 (RP1A.200720.012/A107FXXU8CUG3),ce4af260-dd28-4a62-8aae-9c65ea88a54e,False,False,PH,1631440834.057971
0,An error occurred while sending the request,Error,/BuildNotice/0,MobileSDK,samsung SM-A107F,OpenGLES2,1.0,1.11.0,False,Programmatic1,Programmatic,12/09/2021 10:00:34 AM,6028e36ad1e80652e41054ca,6028e407a1ba2a0d3d760566,com.mytalkingcatemma.ballerinagames,1.0,en,Android OS 11 / API-30 (RP1A.200720.012/A107FXXU8CUG3),ce4af260-dd28-4a62-8aae-9c65ea88a54e,False,False,PH,1631440834.0849
0,An error occurred while sending the request,Error,/BuildNotice/0,MobileSDK,samsung SM-M325F,OpenGLES2,1.0,1.11.0,False,Programmatic1,Programmatic,12/09/2021 10:00:27,6028e36ad1e80652e41054ca,6028e407a1ba2a0d3d760566,com.mytalkingcatemma.ballerinagames,1.0,en,Android OS 11 / API-30 (RP1A.200720.012/M325FXXU1AUF2),18baed6e-244f-446a-b232-96cb1f977b5c,False,False,MM,1631440834.101005
0,could not receive ip address from ipfy,Error,/BuildNotice/0,MobileSDK,Realme RMX1821,OpenGLES2,1.0,1.11.0,False,LowRevenueCountryBlock,LowRevenueCountryBlock,09/12/2021 10:00:04,6028e36ad1e80652e41054ca,609d69021c511f4b1d4df1c4,com.pregnantcatemma.virtualpet,1.0,iv,Android OS 10 / API-29 (QP1A.190711.020/1624873154),e038be81-11ad-417f-990a-cf4faa24a61b,False,False,IQ,1631440834.181246
0,could not receive ip address from ipfy,Error,/BuildNotice/0,MobileSDK,samsung SM-M325F,OpenGLES2,1.0,1.11.0,False,Programmatic1,Programmatic,12/09/2021 10:00:27,6028e36ad1e80652e41054ca,6028e407a1ba2a0d3d760566,com.mytalkingcatemma.ballerinagames,1.0,en,Android OS 11 / API-30 (RP1A.200720.012/M325FXXU1AUF2),18baed6e-244f-446a-b232-96cb1f977b5c,False,False,MM,1631440834.274789
0,An error occurred while sending the request,Error,/BuildNotice/0,MobileSDK,Realme RMX1821,OpenGLES2,1.0,1.11.0,False,LowRevenueCountryBlock,LowRevenueCountryBlock,09/12/2021 10:00:04,6028e36ad1e80652e41054ca,609d69021c511f4b1d4df1c4,com.pregnantcatemma.virtualpet,1.0,iv,Android OS 10 / API-29 (QP1A.190711.020/1624873154),e038be81-11ad-417f-990a-cf4faa24a61b,False,False,IQ,1631440834.2896
0,could not receive ip address from ipfy,Error,/BuildNotice/0,MobileSDK,Realme RMX1821,OpenGLES2,1.0,1.11.0,False,LowRevenueCountryBlock,LowRevenueCountryBlock,09/12/2021 10:00:04,6028e36ad1e80652e41054ca,609d69021c511f4b1d4df1c4,com.pregnantcatemma.virtualpet,1.0,iv,Android OS 10 / API-29 (QP1A.190711.020/1624873154),e038be81-11ad-417f-990a-cf4faa24a61b,False,False,IQ,1631440834.437809
0,An error occurred while sending the request,Error,/BuildNotice/0,MobileSDK,samsung SM-M325F,OpenGLES2,1.0,1.11.0,False,Programmatic1,Programmatic,12/09/2021 10:00:27,6028e36ad1e80652e41054ca,6028e407a1ba2a0d3d760566,com.mytalkingcatemma.ballerinagames,1.0,en,Android OS 11 / API-30 (RP1A.200720.012/M325FXXU1AUF2),18baed6e-244f-446a-b232-96cb1f977b5c,False,False,MM,1631440834.461493
0,An error occurred while sending the request,Error,/BuildNotice/0,MobileSDK,Realme RMX1821,OpenGLES2,1.0,1.11.0,False,LowRevenueCountryBlock,LowRevenueCountryBlock,09/12/2021 10:00:04,6028e36ad1e80652e41054ca,609d69021c511f4b1d4df1c4,com.pregnantcatemma.virtualpet,1.0,iv,Android OS 10 / API-29 (QP1A.190711.020/1624873154),e038be81-11ad-417f-990a-cf4faa24a61b,False,False,IQ,1631440834.54237
0,could not receive ip address from ipfy,Error,/BuildNotice/0,MobileSDK,samsung SM-A307FN,OpenGLES2,1.0,1.11.0,False,Programmatic1,Programmatic,12.09.2021 10:00:33,6028e36ad1e80652e41054ca,6028e407a1ba2a0d3d760566,com.mytalkingcatemma.ballerinagames,1.0,ru,Android OS 11 / API-30 (RP1A.200720.012/A307FNXXS2CUH4),279297b4-f16b-47de-8558-d59322e20605,False,False,PK,1631440834.575316
0,could not receive ip address from ipfy,Error,/BuildNotice/0,MobileSDK,samsung SM-M325F,OpenGLES2,1.0,1.11.0,False,Programmatic1,Programmatic,12/09/2021 10:00:28,6028e36ad1e80652e41054ca,6028e407a1ba2a0d3d760566,com.mytalkingcatemma.ballerinagames,1.0,en,Android OS 11 / API-30 (RP1A.200720.012/M325FXXU1AUF2),18baed6e-244f-446a-b232-96cb1f977b5c,False,False,MM,1631440834.60076
0,An error occurred while sending the request,Error,/BuildNotice/0,MobileSDK,samsung SM-A307FN,OpenGLES2,1.0,1.11.0,False,Programmatic1,Programmatic,12.09.2021 10:00:33,6028e36ad1e80652e41054ca,6028e407a1ba2a0d3d760566,com.mytalkingcatemma.ballerinagames,1.0,ru,Android OS 11 / API-30 (RP1A.200720.012/A307FNXXS2CUH4),279297b4-f16b-47de-8558-d59322e20605,False,False,PK,1631440834.614974
0,could not receive ip address from ipfy,Error,/BuildNotice/0,MobileSDK,Realme RMX1821,OpenGLES2,1.0,1.11.0,False,LowRevenueCountryBlock,LowRevenueCountryBlock,09/12/2021 10:00:04,6028e36ad1e80652e41054ca,609d69021c511f4b1d4df1c4,com.pregnantcatemma.virtualpet,1.0,iv,Android OS 10 / API-29 (QP1A.190711.020/1624873154),e038be81-11ad-417f-990a-cf4faa24a61b,False,False,IQ,1631440834.69181
0,An error occurred while sending the request,Error,/BuildNotice/0,MobileSDK,Realme RMX1821,OpenGLES2,1.0,1.11.0,False,LowRevenueCountryBlock,LowRevenueCountryBlock,09/12/2021 10:00:04,6028e36ad1e80652e41054ca,609d69021c511f4b1d4df1c4,com.pregnantcatemma.virtualpet,1.0,iv,Android OS 10 / API-29 (QP1A.190711.020/1624873154),e038be81-11ad-417f-990a-cf4faa24a61b,False,False,IQ,1631440834.800979
0,An error occurred while sending the request,Error,/BuildNotice/0,MobileSDK,samsung SM-M325F,OpenGLES2,1.0,1.11.0,False,Programmatic1,Programmatic,12/09/2021 10:00:28,6028e36ad1e80652e41054ca,6028e407a1ba2a0d3d760566,com.mytalkingcatemma.ballerinagames,1.0,en,Android OS 11 / API-30 (RP1A.200720.012/M325FXXU1AUF2),18baed6e-244f-446a-b232-96cb1f977b5c,False,False,MM,1631440834.823595
0,could not receive ip address from ipfy,Error,/BuildNotice/0,MobileSDK,samsung SM-A307FN,OpenGLES2,1.0,1.11.0,False,Programmatic1,Programmatic,12.09.2021 10:00:33,6028e36ad1e80652e41054ca,6028e407a1ba2a0d3d760566,com.mytalkingcatemma.ballerinagames,1.0,ru,Android OS 11 / API-30 (RP1A.200720.012/A307FNXXS2CUH4),279297b4-f16b-47de-8558-d59322e20605,False,False,PK,1631440834.875313
0,An error occurred while sending the request,Error,/BuildNotice/0,MobileSDK,samsung SM-A307FN,OpenGLES2,1.0,1.11.0,False,Programmatic1,Programmatic,12.09.2021 10:00:33,6028e36ad1e80652e41054ca,6028e407a1ba2a0d3d760566,com.mytalkingcatemma.ballerinagames,1.0,ru,Android OS 11 / API-30 (RP1A.200720.012/A307FNXXS2CUH4),279297b4-f16b-47de-8558-d59322e20605,False,False,PK,1631440834.902896
0,could not receive ip address from ipfy,Error,/BuildNotice/0,MobileSDK,Realme RMX1821,OpenGLES2,1.0,1.11.0,False,LowRevenueCountryBlock,LowRevenueCountryBlock,09/12/2021 10:00:05,6028e36ad1e80652e41054ca,609d69021c511f4b1d4df1c4,com.pregnantcatemma.virtualpet,1.0,iv,Android OS 10 / API-29 (QP1A.190711.020/1624873154),e038be81-11ad-417f-990a-cf4faa24a61b,False,False,IQ,1631440834.948613
0,could not receive ip address from ipfy,Error,/BuildNotice/0,MobileSDK,samsung SM-M325F,OpenGLES2,1.0,1.11.0,False,Programmatic1,Programmatic,12/09/2021 10:00:28,6028e36ad1e80652e41054ca,6028e407a1ba2a0d3d760566,com.mytalkingcatemma.ballerinagames,1.0,en,Android OS 11 / API-30 (RP1A.200720.012/M325FXXU1AUF2),18baed6e-244f-446a-b232-96cb1f977b5c,False,False,MM,1631440834.98232
0,An error occurred while sending the request,Error,/BuildNotice/0,MobileSDK,Realme RMX1821,OpenGLES2,1.0,1.11.0,False,LowRevenueCountryBlock,LowRevenueCountryBlock,09/12/2021 10:00:05,6028e36ad1e80652e41054ca,609d69021c511f4b1d4df1c4,com.pregnantcatemma.virtualpet,1.0,iv,Android OS 10 / API-29 (QP1A.190711.020/1624873154),e038be81-11ad-417f-990a-cf4faa24a61b,False,False,IQ,1631440835.062398
0,could not receive ip address from ipfy,Error,/BuildNotice/0,MobileSDK,HUAWEI DUB-LX2,OpenGLES2,1.0,1.11.0,False,LowRevenueCountryBlock,LowRevenueCountryBlock,09/12/2021 09:58:55,6028e36ad1e80652e41054ca,609d69021c511f4b1d4df1c4,com.pregnantcatemma.virtualpet,1.0,iv,Android OS 8.1.0 / API-27 (HUAWEIDUB-LX2/140(C636)),14a3d655-ee5f-4d4a-95c6-0665fec1a763,False,False,IQ,1631440835.101471
0,An error occurred while sending the request,Error,/BuildNotice/0,MobileSDK,HUAWEI DUB-LX2,OpenGLES2,1.0,1.11.0,False,LowRevenueCountryBlock,LowRevenueCountryBlock,09/12/2021 09:58:55,6028e36ad1e80652e41054ca,609d69021c511f4b1d4df1c4,com.pregnantcatemma.virtualpet,1.0,iv,Android OS 8.1.0 / API-27 (HUAWEIDUB-LX2/140(C636)),14a3d655-ee5f-4d4a-95c6-0665fec1a763,False,False,IQ,1631440835.114677
0,An error occurred while sending the request,Error,/BuildNotice/0,MobileSDK,samsung SM-M325F,OpenGLES2,1.0,1.11.0,False,Programmatic1,Programmatic,12/09/2021 10:00:28,6028e36ad1e80652e41054ca,6028e407a1ba2a0d3d760566,com.mytalkingcatemma.ballerinagames,1.0,en,Android OS 11 / API-30 (RP1A.200720.012/M325FXXU1AUF2),18baed6e-244f-446a-b232-96cb1f977b5c,False,False,MM,1631440835.14171
0,could not receive ip address from ipfy,Error,/BuildNotice/0,MobileSDK,samsung SM-A307FN,OpenGLES2,1.0,1.11.0,False,Programmatic1,Programmatic,12.09.2021 10:00:33,6028e36ad1e80652e41054ca,6028e407a1ba2a0d3d760566,com.mytalkingcatemma.ballerinagames,1.0,ru,Android OS 11 / API-30 (RP1A.200720.012/A307FNXXS2CUH4),279297b4-f16b-47de-8558-d59322e20605,False,False,PK,1631440835.187364
0,An error occurred while sending the request,Error,/BuildNotice/0,MobileSDK,samsung SM-A307FN,OpenGLES2,1.0,1.11.0,False,Programmatic1,Programmatic,12.09.2021 10:00:33,6028e36ad1e80652e41054ca,6028e407a1ba2a0d3d760566,com.mytalkingcatemma.ballerinagames,1.0,ru,Android OS 11 / API-30 (RP1A.200720.012/A307FNXXS2CUH4),279297b4-f16b-47de-8558-d59322e20605,False,False,PK,1631440835.201793
0,could not receive ip address from ipfy,Error,/BuildNotice/0,MobileSDK,Realme RMX1821,OpenGLES2,1.0,1.11.0,False,LowRevenueCountryBlock,LowRevenueCountryBlock,09/12/2021 10:00:05,6028e36ad1e80652e41054ca,609d69021c511f4b1d4df1c4,com.pregnantcatemma.virtualpet,1.0,iv,Android OS 10 / API-29 (QP1A.190711.020/1624873154),e038be81-11ad-417f-990a-cf4faa24a61b,False,False,IQ,1631440835.281041
0,could not receive ip address from ipfy,Error,/BuildNotice/0,MobileSDK,samsung SM-M325F,OpenGLES2,1.0,1.11.0,False,Programmatic1,Programmatic,12/09/2021 10:00:28,6028e36ad1e80652e41054ca,6028e407a1ba2a0d3d760566,com.mytalkingcatemma.ballerinagames,1.0,en,Android OS 11 / API-30 (RP1A.200720.012/M325FXXU1AUF2),18baed6e-244f-446a-b232-96cb1f977b5c,False,False,MM,1631440835.32189
0,An error occurred while sending the request,Error,/BuildNotice/0,MobileSDK,Realme RMX1821,OpenGLES2,1.0,1.11.0,False,LowRevenueCountryBlock,LowRevenueCountryBlock,09/12/2021 10:00:05,6028e36ad1e80652e41054ca,609d69021c511f4b1d4df1c4,com.pregnantcatemma.virtualpet,1.0,iv,Android OS 10 / API-29 (QP1A.190711.020/1624873154),e038be81-11ad-417f-990a-cf4faa24a61b,False,False,IQ,1631440835.378341
0,could not receive ip address from ipfy,Error,/BuildNotice/0,MobileSDK,HUAWEI DUB-LX2,OpenGLES2,1.0,1.11.0,False,LowRevenueCountryBlock,LowRevenueCountryBlock,09/12/2021 09:58:55,6028e36ad1e80652e41054ca,609d69021c511f4b1d4df1c4,com.pregnantcatemma.virtualpet,1.0,iv,Android OS 8.1.0 / API-27 (HUAWEIDUB-LX2/140(C636)),14a3d655-ee5f-4d4a-95c6-0665fec1a763,False,False,IQ,1631440835.681254
0,An error occurred while sending the request,Error,/BuildNotice/0,MobileSDK,HUAWEI DUB-LX2,OpenGLES2,1.0,1.11.0,False,LowRevenueCountryBlock,LowRevenueCountryBlock,09/12/2021 09:58:55,6028e36ad1e80652e41054ca,609d69021c511f4b1d4df1c4,com.pregnantcatemma.virtualpet,1.0,iv,Android OS 8.1.0 / API-27 (HUAWEIDUB-LX2/140(C636)),14a3d655-ee5f-4d4a-95c6-0665fec1a763,False,False,IQ,1631440835.693896
0,An error occurred while sending the request,Error,/BuildNotice/0,MobileSDK,samsung SM-M325F,OpenGLES2,1.0,1.11.0,False,Programmatic1,Programmatic,12/09/2021 10:00:29,6028e36ad1e80652e41054ca,6028e407a1ba2a0d3d760566,com.mytalkingcatemma.ballerinagames,1.0,en,Android OS 11 / API-30 (RP1A.200720.012/M325FXXU1AUF2),18baed6e-244f-446a-b232-96cb1f977b5c,False,False,MM,1631440835.706429
0,could not receive ip address from ipfy,Error,/BuildNotice/0,MobileSDK,Realme RMX1821,OpenGLES2,1.0,1.11.0,False,LowRevenueCountryBlock,LowRevenueCountryBlock,09/12/2021 10:00:05,6028e36ad1e80652e41054ca,609d69021c511f4b1d4df1c4,com.pregnantcatemma.virtualpet,1.0,iv,Android OS 10 / API-29 (QP1A.190711.020/1624873154),e038be81-11ad-417f-990a-cf4faa24a61b,False,False,IQ,1631440835.793084
0,An error occurred while sending the request,Error,/BuildNotice/0,MobileSDK,Realme RMX1821,OpenGLES2,1.0,1.11.0,False,LowRevenueCountryBlock,LowRevenueCountryBlock,09/12/2021 10:00:05,6028e36ad1e80652e41054ca,609d69021c511f4b1d4df1c4,com.pregnantcatemma.virtualpet,1.0,iv,Android OS 10 / API-29 (QP1A.190711.020/1624873154),e038be81-11ad-417f-990a-cf4faa24a61b,False,False,IQ,1631440835.88069
0,could not receive ip address from ipfy,Error,/BuildNotice/0,MobileSDK,samsung SM-M325F,OpenGLES2,1.0,1.11.0,False,Programmatic1,Programmatic,12/09/2021 10:00:29,6028e36ad1e80652e41054ca,6028e407a1ba2a0d3d760566,com.mytalkingcatemma.ballerinagames,1.0,en,Android OS 11 / API-30 (RP1A.200720.012/M325FXXU1AUF2),18baed6e-244f-446a-b232-96cb1f977b5c,False,False,MM,1631440835.895217
0,could not receive ip address from ipfy,Error,/BuildNotice/0,MobileSDK,HUAWEI DUB-LX2,OpenGLES2,1.0,1.11.0,False,LowRevenueCountryBlock,LowRevenueCountryBlock,09/12/2021 09:58:55,6028e36ad1e80652e41054ca,609d69021c511f4b1d4df1c4,com.pregnantcatemma.virtualpet,1.0,iv,Android OS 8.1.0 / API-27 (HUAWEIDUB-LX2/140(C636)),14a3d655-ee5f-4d4a-95c6-0665fec1a763,False,False,IQ,1631440835.948541
0,An error occurred while sending the request,Error,/BuildNotice/0,MobileSDK,HUAWEI DUB-LX2,OpenGLES2,1.0,1.11.0,False,LowRevenueCountryBlock,LowRevenueCountryBlock,09/12/2021 09:58:55,6028e36ad1e80652e41054ca,609d69021c511f4b1d4df1c4,com.pregnantcatemma.virtualpet,1.0,iv,Android OS 8.1.0 / API-27 (HUAWEIDUB-LX2/140(C636)),14a3d655-ee5f-4d4a-95c6-0665fec1a763,False,False,IQ,1631440835.994922
0,could not receive ip address from ipfy,Error,/BuildNotice/0,MobileSDK,Realme RMX1821,OpenGLES2,1.0,1.11.0,False,LowRevenueCountryBlock,LowRevenueCountryBlock,09/12/2021 10:00:05,6028e36ad1e80652e41054ca,609d69021c511f4b1d4df1c4,com.pregnantcatemma.virtualpet,1.0,iv,Android OS 10 / API-29 (QP1A.190711.020/1624873154),e038be81-11ad-417f-990a-cf4faa24a61b,False,False,IQ,1631440836.047342
0,An error occurred while sending the request,Error,/BuildNotice/0,MobileSDK,samsung SM-M325F,OpenGLES2,1.0,1.11.0,False,Programmatic1,Programmatic,12/09/2021 10:00:29,6028e36ad1e80652e41054ca,6028e407a1ba2a0d3d760566,com.mytalkingcatemma.ballerinagames,1.0,en,Android OS 11 / API-30 (RP1A.200720.012/M325FXXU1AUF2),18baed6e-244f-446a-b232-96cb1f977b5c,False,False,MM,1631440836.114822
0,could not receive ip address from ipfy,Error,/BuildNotice/0,MobileSDK,samsung SM-A307FN,OpenGLES2,1.0,1.11.0,False,Programmatic1,Programmatic,12.09.2021 10:00:34,6028e36ad1e80652e41054ca,6028e407a1ba2a0d3d760566,com.mytalkingcatemma.ballerinagames,1.0,ru,Android OS 11 / API-30 (RP1A.200720.012/A307FNXXS2CUH4),279297b4-f16b-47de-8558-d59322e20605,False,False,PK,1631440836.128382
0,An error occurred while sending the request,Error,/BuildNotice/0,MobileSDK,samsung SM-A307FN,OpenGLES2,1.0,1.11.0,False,Programmatic1,Programmatic,12.09.2021 10:00:34,6028e36ad1e80652e41054ca,6028e407a1ba2a0d3d760566,com.mytalkingcatemma.ballerinagames,1.0,ru,Android OS 11 / API-30 (RP1A.200720.012/A307FNXXS2CUH4),279297b4-f16b-47de-8558-d59322e20605,False,False,PK,1631440836.143137
0,An error occurred while sending the request,Error,/BuildNotice/0,MobileSDK,Realme RMX1821,OpenGLES2,1.0,1.11.0,False,LowRevenueCountryBlock,LowRevenueCountryBlock,09/12/2021 10:00:05,6028e36ad1e80652e41054ca,609d69021c511f4b1d4df1c4,com.pregnantcatemma.virtualpet,1.0,iv,Android OS 10 / API-29 (QP1A.190711.020/1624873154),e038be81-11ad-417f-990a-cf4faa24a61b,False,False,IQ,1631440836.195068
0,could not receive ip address from ipfy,Error,/BuildNotice/0,MobileSDK,samsung SM-M325F,OpenGLES2,1.0,1.11.0,False,Programmatic1,Programmatic,12/09/2021 10:00:29,6028e36ad1e80652e41054ca,6028e407a1ba2a0d3d760566,com.mytalkingcatemma.ballerinagames,1.0,en,Android OS 11 / API-30 (RP1A.200720.012/M325FXXU1AUF2),18baed6e-244f-446a-b232-96cb1f977b5c,False,False,MM,1631440836.245004
0,could not receive ip address from ipfy,Error,/BuildNotice/0,MobileSDK,HUAWEI DUB-LX2,OpenGLES2,1.0,1.11.0,False,LowRevenueCountryBlock,LowRevenueCountryBlock,09/12/2021 09:58:55,6028e36ad1e80652e41054ca,609d69021c511f4b1d4df1c4,com.pregnantcatemma.virtualpet,1.0,iv,Android OS 8.1.0 / API-27 (HUAWEIDUB-LX2/140(C636)),14a3d655-ee5f-4d4a-95c6-0665fec1a763,False,False,IQ,1631440836.283023
0,An error occurred while sending the request,Error,/BuildNotice/0,MobileSDK,HUAWEI DUB-LX2,OpenGLES2,1.0,1.11.0,False,LowRevenueCountryBlock,LowRevenueCountryBlock,09/12/2021 09:58:55,6028e36ad1e80652e41054ca,609d69021c511f4b1d4df1c4,com.pregnantcatemma.virtualpet,1.0,iv,Android OS 8.1.0 / API-27 (HUAWEIDUB-LX2/140(C636)),14a3d655-ee5f-4d4a-95c6-0665fec1a763,False,False,IQ,1631440836.296265
0,could not receive ip address from ipfy,Error,/BuildNotice/0,MobileSDK,Realme RMX1821,OpenGLES2,1.0,1.11.0,False,LowRevenueCountryBlock,LowRevenueCountryBlock,09/12/2021 10:00:06,6028e36ad1e80652e41054ca,609d69021c511f4b1d4df1c4,com.pregnantcatemma.virtualpet,1.0,iv,Android OS 10 / API-29 (QP1A.190711.020/1624873154),e038be81-11ad-417f-990a-cf4faa24a61b,False,False,IQ,1631440836.382761
0,An error occurred while sending the request,Error,/BuildNotice/0,MobileSDK,Realme RMX1821,OpenGLES2,1.0,1.11.0,False,LowRevenueCountryBlock,LowRevenueCountryBlock,09/12/2021 10:00:06,6028e36ad1e80652e41054ca,609d69021c511f4b1d4df1c4,com.pregnantcatemma.virtualpet,1.0,iv,Android OS 10 / API-29 (QP1A.190711.020/1624873154),e038be81-11ad-417f-990a-cf4faa24a61b,False,False,IQ,1631440836.452846
0,An error occurred while sending the request,Error,/BuildNotice/0,MobileSDK,samsung SM-M325F,OpenGLES2,1.0,1.11.0,False,Programmatic1,Programmatic,12/09/2021 10:00:29,6028e36ad1e80652e41054ca,6028e407a1ba2a0d3d760566,com.mytalkingcatemma.ballerinagames,1.0,en,Android OS 11 / API-30 (RP1A.200720.012/M325FXXU1AUF2),18baed6e-244f-446a-b232-96cb1f977b5c,False,False,MM,1631440836.480516
0,could not receive ip address from ipfy,Error,/BuildNotice/0,MobileSDK,HUAWEI DUB-LX2,OpenGLES2,1.0,1.11.0,False,LowRevenueCountryBlock,LowRevenueCountryBlock,09/12/2021 09:58:56,6028e36ad1e80652e41054ca,609d69021c511f4b1d4df1c4,com.pregnantcatemma.virtualpet,1.0,iv,Android OS 8.1.0 / API-27 (HUAWEIDUB-LX2/140(C636)),14a3d655-ee5f-4d4a-95c6-0665fec1a763,False,False,IQ,1631440836.547815
0,could not receive ip address from ipfy,Error,/BuildNotice/0,MobileSDK,Realme RMX1821,OpenGLES2,1.0,1.11.0,False,LowRevenueCountryBlock,LowRevenueCountryBlock,09/12/2021 10:00:06,6028e36ad1e80652e41054ca,609d69021c511f4b1d4df1c4,com.pregnantcatemma.virtualpet,1.0,iv,Android OS 10 / API-29 (QP1A.190711.020/1624873154),e038be81-11ad-417f-990a-cf4faa24a61b,False,False,IQ,1631440836.634383
0,An error occurred while sending the request,Error,/BuildNotice/0,MobileSDK,HUAWEI DUB-LX2,OpenGLES2,1.0,1.11.0,False,LowRevenueCountryBlock,LowRevenueCountryBlock,09/12/2021 09:58:56,6028e36ad1e80652e41054ca,609d69021c511f4b1d4df1c4,com.pregnantcatemma.virtualpet,1.0,iv,Android OS 8.1.0 / API-27 (HUAWEIDUB-LX2/140(C636)),14a3d655-ee5f-4d4a-95c6-0665fec1a763,False,False,IQ,1631440836.649125
0,could not receive ip address from ipfy,Error,/BuildNotice/0,MobileSDK,samsung SM-M325F,OpenGLES2,1.0,1.11.0,False,Programmatic1,Programmatic,12/09/2021 10:00:29,6028e36ad1e80652e41054ca,6028e407a1ba2a0d3d760566,com.mytalkingcatemma.ballerinagames,1.0,en,Android OS 11 / API-30 (RP1A.200720.012/M325FXXU1AUF2),18baed6e-244f-446a-b232-96cb1f977b5c,False,False,MM,1631440836.667866
0,An error occurred while sending the request,Error,/BuildNotice/0,MobileSDK,Realme RMX1821,OpenGLES2,1.0,1.11.0,False,LowRevenueCountryBlock,LowRevenueCountryBlock,09/12/2021 10:00:06,6028e36ad1e80652e41054ca,609d69021c511f4b1d4df1c4,com.pregnantcatemma.virtualpet,1.0,iv,Android OS 10 / API-29 (QP1A.190711.020/1624873154),e038be81-11ad-417f-990a-cf4faa24a61b,False,False,IQ,1631440836.706237
0,could not receive ip address from ipfy,Error,/BuildNotice/0,MobileSDK,samsung SM-A307FN,OpenGLES2,1.0,1.11.0,False,Programmatic1,Programmatic,12.09.2021 10:00:35,6028e36ad1e80652e41054ca,6028e407a1ba2a0d3d760566,com.mytalkingcatemma.ballerinagames,1.0,ru,Android OS 11 / API-30 (RP1A.200720.012/A307FNXXS2CUH4),279297b4-f16b-47de-8558-d59322e20605,False,False,PK,1631440836.77466
0,An error occurred while sending the request,Error,/BuildNotice/0,MobileSDK,samsung SM-A307FN,OpenGLES2,1.0,1.11.0,False,Programmatic1,Programmatic,12.09.2021 10:00:35,6028e36ad1e80652e41054ca,6028e407a1ba2a0d3d760566,com.mytalkingcatemma.ballerinagames,1.0,ru,Android OS 11 / API-30 (RP1A.200720.012/A307FNXXS2CUH4),279297b4-f16b-47de-8558-d59322e20605,False,False,PK,1631440836.7982
0,An error occurred while sending the request,Error,/BuildNotice/0,MobileSDK,samsung SM-M325F,OpenGLES2,1.0,1.11.0,False,Programmatic1,Programmatic,12/09/2021 10:00:29,6028e36ad1e80652e41054ca,6028e407a1ba2a0d3d760566,com.mytalkingcatemma.ballerinagames,1.0,en,Android OS 11 / API-30 (RP1A.200720.012/M325FXXU1AUF2),18baed6e-244f-446a-b232-96cb1f977b5c,False,False,MM,1631440836.814324
0,could not receive ip address from ipfy,Error,/BuildNotice/0,MobileSDK,Realme RMX1821,OpenGLES2,1.0,1.11.0,False,LowRevenueCountryBlock,LowRevenueCountryBlock,09/12/2021 10:00:06,6028e36ad1e80652e41054ca,609d69021c511f4b1d4df1c4,com.pregnantcatemma.virtualpet,1.0,iv,Android OS 10 / API-29 (QP1A.190711.020/1624873154),e038be81-11ad-417f-990a-cf4faa24a61b,False,False,IQ,1631440836.892061
0,An error occurred while sending the request,Error,/BuildNotice/0,MobileSDK,Realme RMX1821,OpenGLES2,1.0,1.11.0,False,LowRevenueCountryBlock,LowRevenueCountryBlock,09/12/2021 10:00:06,6028e36ad1e80652e41054ca,609d69021c511f4b1d4df1c4,com.pregnantcatemma.virtualpet,1.0,iv,Android OS 10 / API-29 (QP1A.190711.020/1624873154),e038be81-11ad-417f-990a-cf4faa24a61b,False,False,IQ,1631440836.965247
0,could not receive ip address from ipfy,Error,/BuildNotice/0,MobileSDK,samsung SM-M325F,OpenGLES2,1.0,1.11.0,False,Programmatic1,Programmatic,12/09/2021 10:00:30,6028e36ad1e80652e41054ca,6028e407a1ba2a0d3d760566,com.mytalkingcatemma.ballerinagames,1.0,en,Android OS 11 / API-30 (RP1A.200720.012/M325FXXU1AUF2),18baed6e-244f-446a-b232-96cb1f977b5c,False,False,MM,1631440837.011143
0,could not receive ip address from ipfy,Error,/BuildNotice/0,MobileSDK,samsung SM-A307FN,OpenGLES2,1.0,1.11.0,False,Programmatic1,Programmatic,12.09.2021 10:00:35,6028e36ad1e80652e41054ca,6028e407a1ba2a0d3d760566,com.mytalkingcatemma.ballerinagames,1.0,ru,Android OS 11 / API-30 (RP1A.200720.012/A307FNXXS2CUH4),279297b4-f16b-47de-8558-d59322e20605,False,False,PK,1631440837.064445
0,An error occurred while sending the request,Error,/BuildNotice/0,MobileSDK,samsung SM-A307FN,OpenGLES2,1.0,1.11.0,False,Programmatic1,Programmatic,12.09.2021 10:00:35,6028e36ad1e80652e41054ca,6028e407a1ba2a0d3d760566,com.mytalkingcatemma.ballerinagames,1.0,ru,Android OS 11 / API-30 (RP1A.200720.012/A307FNXXS2CUH4),279297b4-f16b-47de-8558-d59322e20605,False,False,PK,1631440837.093278
0,could not receive ip address from ipfy,Error,/BuildNotice/0,MobileSDK,samsung SM-A107F,OpenGLES2,1.0,1.11.0,False,Programmatic1,Programmatic,12/09/2021 10:00:37 AM,6028e36ad1e80652e41054ca,6028e407a1ba2a0d3d760566,com.mytalkingcatemma.ballerinagames,1.0,en,Android OS 11 / API-30 (RP1A.200720.012/A107FXXU8CUG3),ce4af260-dd28-4a62-8aae-9c65ea88a54e,False,False,PH,1631440837.116319
0,An error occurred while sending the request,Error,/BuildNotice/0,MobileSDK,samsung SM-A107F,OpenGLES2,1.0,1.11.0,False,Programmatic1,Programmatic,12/09/2021 10:00:37 AM,6028e36ad1e80652e41054ca,6028e407a1ba2a0d3d760566,com.mytalkingcatemma.ballerinagames,1.0,en,Android OS 11 / API-30 (RP1A.200720.012/A107FXXU8CUG3),ce4af260-dd28-4a62-8aae-9c65ea88a54e,False,False,PH,1631440837.181101
0,could not receive ip address from ipfy,Error,/BuildNotice/0,MobileSDK,Realme RMX1821,OpenGLES2,1.0,1.11.0,False,LowRevenueCountryBlock,LowRevenueCountryBlock,09/12/2021 10:00:06,6028e36ad1e80652e41054ca,609d69021c511f4b1d4df1c4,com.pregnantcatemma.virtualpet,1.0,iv,Android OS 10 / API-29 (QP1A.190711.020/1624873154),e038be81-11ad-417f-990a-cf4faa24a61b,False,False,IQ,1631440837.196405
0,An error occurred while sending the request,Error,/BuildNotice/0,MobileSDK,samsung SM-M325F,OpenGLES2,1.0,1.11.0,False,Programmatic1,Programmatic,12/09/2021 10:00:30,6028e36ad1e80652e41054ca,6028e407a1ba2a0d3d760566,com.mytalkingcatemma.ballerinagames,1.0,en,Android OS 11 / API-30 (RP1A.200720.012/M325FXXU1AUF2),18baed6e-244f-446a-b232-96cb1f977b5c,False,False,MM,1631440837.214346
0,An error occurred while sending the request,Error,/BuildNotice/0,MobileSDK,Realme RMX1821,OpenGLES2,1.0,1.11.0,False,LowRevenueCountryBlock,LowRevenueCountryBlock,09/12/2021 10:00:06,6028e36ad1e80652e41054ca,609d69021c511f4b1d4df1c4,com.pregnantcatemma.virtualpet,1.0,iv,Android OS 10 / API-29 (QP1A.190711.020/1624873154),e038be81-11ad-417f-990a-cf4faa24a61b,False,False,IQ,1631440837.297114
0,could not receive ip address from ipfy,Error,/BuildNotice/0,MobileSDK,samsung SM-M325F,OpenGLES2,1.0,1.11.0,False,Programmatic1,Programmatic,12/09/2021 10:00:30,6028e36ad1e80652e41054ca,6028e407a1ba2a0d3d760566,com.mytalkingcatemma.ballerinagames,1.0,en,Android OS 11 / API-30 (RP1A.200720.012/M325FXXU1AUF2),18baed6e-244f-446a-b232-96cb1f977b5c,False,False,MM,1631440837.382979
0,could not receive ip address from ipfy,Error,/BuildNotice/0,MobileSDK,samsung SM-A307FN,OpenGLES2,1.0,1.11.0,False,Programmatic1,Programmatic,12.09.2021 10:00:35,6028e36ad1e80652e41054ca,6028e407a1ba2a0d3d760566,com.mytalkingcatemma.ballerinagames,1.0,ru,Android OS 11 / API-30 (RP1A.200720.012/A307FNXXS2CUH4),279297b4-f16b-47de-8558-d59322e20605,False,False,PK,1631440837.398201
0,An error occurred while sending the request,Error,/BuildNotice/0,MobileSDK,samsung SM-A307FN,OpenGLES2,1.0,1.11.0,False,Programmatic1,Programmatic,12.09.2021 10:00:35,6028e36ad1e80652e41054ca,6028e407a1ba2a0d3d760566,com.mytalkingcatemma.ballerinagames,1.0,ru,Android OS 11 / API-30 (RP1A.200720.012/A307FNXXS2CUH4),279297b4-f16b-47de-8558-d59322e20605,False,False,PK,1631440837.416157
0,could not receive ip address from ipfy,Error,/BuildNotice/0,MobileSDK,Realme RMX1821,OpenGLES2,1.0,1.11.0,False,LowRevenueCountryBlock,LowRevenueCountryBlock,09/12/2021 10:00:06,6028e36ad1e80652e41054ca,609d69021c511f4b1d4df1c4,com.pregnantcatemma.virtualpet,1.0,iv,Android OS 10 / API-29 (QP1A.190711.020/1624873154),e038be81-11ad-417f-990a-cf4faa24a61b,False,False,IQ,1631440837.481328
0,An error occurred while sending the request,Error,/BuildNotice/0,MobileSDK,samsung SM-M325F,OpenGLES2,1.0,1.11.0,False,Programmatic1,Programmatic,12/09/2021 10:00:30,6028e36ad1e80652e41054ca,6028e407a1ba2a0d3d760566,com.mytalkingcatemma.ballerinagames,1.0,en,Android OS 11 / API-30 (RP1A.200720.012/M325FXXU1AUF2),18baed6e-244f-446a-b232-96cb1f977b5c,False,False,MM,1631440837.621508
0,An error occurred while sending the request,Error,/BuildNotice/0,MobileSDK,Realme RMX1821,OpenGLES2,1.0,1.11.0,False,LowRevenueCountryBlock,LowRevenueCountryBlock,09/12/2021 10:00:06,6028e36ad1e80652e41054ca,609d69021c511f4b1d4df1c4,com.pregnantcatemma.virtualpet,1.0,iv,Android OS 10 / API-29 (QP1A.190711.020/1624873154),e038be81-11ad-417f-990a-cf4faa24a61b,False,False,IQ,1631440837.636704
0,could not receive ip address from ipfy,Error,/BuildNotice/0,MobileSDK,samsung SM-M325F,OpenGLES2,1.0,1.11.0,False,Programmatic1,Programmatic,12/09/2021 10:00:30,6028e36ad1e80652e41054ca,6028e407a1ba2a0d3d760566,com.mytalkingcatemma.ballerinagames,1.0,en,Android OS 11 / API-30 (RP1A.200720.012/M325FXXU1AUF2),18baed6e-244f-446a-b232-96cb1f977b5c,False,False,MM,1631440837.701944
0,could not receive ip address from ipfy,Error,/BuildNotice/0,MobileSDK,Realme RMX1821,OpenGLES2,1.0,1.11.0,False,LowRevenueCountryBlock,LowRevenueCountryBlock,09/12/2021 10:00:07,6028e36ad1e80652e41054ca,609d69021c511f4b1d4df1c4,com.pregnantcatemma.virtualpet,1.0,iv,Android OS 10 / API-29 (QP1A.190711.020/1624873154),e038be81-11ad-417f-990a-cf4faa24a61b,False,False,IQ,1631440837.735071
0,An error occurred while sending the request,Error,/BuildNotice/0,MobileSDK,Realme RMX1821,OpenGLES2,1.0,1.11.0,False,LowRevenueCountryBlock,LowRevenueCountryBlock,09/12/2021 10:00:07,6028e36ad1e80652e41054ca,609d69021c511f4b1d4df1c4,com.pregnantcatemma.virtualpet,1.0,iv,Android OS 10 / API-29 (QP1A.190711.020/1624873154),e038be81-11ad-417f-990a-cf4faa24a61b,False,False,IQ,1631440837.899044
0,could not receive ip address from ipfy,Error,/BuildNotice/0,MobileSDK,Realme RMX1821,OpenGLES2,1.0,1.11.0,False,LowRevenueCountryBlock,LowRevenueCountryBlock,09/12/2021 10:00:07,6028e36ad1e80652e41054ca,609d69021c511f4b1d4df1c4,com.pregnantcatemma.virtualpet,1.0,iv,Android OS 10 / API-29 (QP1A.190711.020/1624873154),e038be81-11ad-417f-990a-cf4faa24a61b,False,False,IQ,1631440837.990359
0,An error occurred while sending the request,Error,/BuildNotice/0,MobileSDK,Realme RMX1821,OpenGLES2,1.0,1.11.0,False,LowRevenueCountryBlock,LowRevenueCountryBlock,09/12/2021 10:00:07,6028e36ad1e80652e41054ca,609d69021c511f4b1d4df1c4,com.pregnantcatemma.virtualpet,1.0,iv,Android OS 10 / API-29 (QP1A.190711.020/1624873154),e038be81-11ad-417f-990a-cf4faa24a61b,False,False,IQ,1631440838.151336
0,could not receive ip address from ipfy,Error,/BuildNotice/0,MobileSDK,samsung SM-A307FN,OpenGLES2,1.0,1.11.0,False,Programmatic1,Programmatic,12.09.2021 10:00:36,6028e36ad1e80652e41054ca,6028e407a1ba2a0d3d760566,com.mytalkingcatemma.ballerinagames,1.0,ru,Android OS 11 / API-30 (RP1A.200720.012/A307FNXXS2CUH4),279297b4-f16b-47de-8558-d59322e20605,False,False,PK,1631440838.164985
0,An error occurred while sending the request,Error,/BuildNotice/0,MobileSDK,samsung SM-A307FN,OpenGLES2,1.0,1.11.0,False,Programmatic1,Programmatic,12.09.2021 10:00:36,6028e36ad1e80652e41054ca,6028e407a1ba2a0d3d760566,com.mytalkingcatemma.ballerinagames,1.0,ru,Android OS 11 / API-30 (RP1A.200720.012/A307FNXXS2CUH4),279297b4-f16b-47de-8558-d59322e20605,False,False,PK,1631440838.192305
0,could not receive ip address from ipfy,Error,/BuildNotice/0,MobileSDK,Realme RMX1821,OpenGLES2,1.0,1.11.0,False,LowRevenueCountryBlock,LowRevenueCountryBlock,09/12/2021 10:00:07,6028e36ad1e80652e41054ca,609d69021c511f4b1d4df1c4,com.pregnantcatemma.virtualpet,1.0,iv,Android OS 10 / API-29 (QP1A.190711.020/1624873154),e038be81-11ad-417f-990a-cf4faa24a61b,False,False,IQ,1631440838.247907
0,could not receive ip address from ipfy,Error,/BuildNotice/0,MobileSDK,HUAWEI DUB-LX2,OpenGLES2,1.0,1.11.0,False,LowRevenueCountryBlock,LowRevenueCountryBlock,09/12/2021 09:58:58,6028e36ad1e80652e41054ca,609d69021c511f4b1d4df1c4,com.pregnantcatemma.virtualpet,1.0,iv,Android OS 8.1.0 / API-27 (HUAWEIDUB-LX2/140(C636)),14a3d655-ee5f-4d4a-95c6-0665fec1a763,False,False,IQ,1631440838.381708
0,An error occurred while sending the request,Error,/BuildNotice/0,MobileSDK,Realme RMX1821,OpenGLES2,1.0,1.11.0,False,LowRevenueCountryBlock,LowRevenueCountryBlock,09/12/2021 10:00:07,6028e36ad1e80652e41054ca,609d69021c511f4b1d4df1c4,com.pregnantcatemma.virtualpet,1.0,iv,Android OS 10 / API-29 (QP1A.190711.020/1624873154),e038be81-11ad-417f-990a-cf4faa24a61b,False,False,IQ,1631440838.405323
0,An error occurred while sending the request,Error,/BuildNotice/0,MobileSDK,HUAWEI DUB-LX2,OpenGLES2,1.0,1.11.0,False,LowRevenueCountryBlock,LowRevenueCountryBlock,09/12/2021 09:58:58,6028e36ad1e80652e41054ca,609d69021c511f4b1d4df1c4,com.pregnantcatemma.virtualpet,1.0,iv,Android OS 8.1.0 / API-27 (HUAWEIDUB-LX2/140(C636)),14a3d655-ee5f-4d4a-95c6-0665fec1a763,False,False,IQ,1631440838.480877
0,could not receive ip address from ipfy,Error,/BuildNotice/0,MobileSDK,Realme RMX1821,OpenGLES2,1.0,1.11.0,False,LowRevenueCountryBlock,LowRevenueCountryBlock,09/12/2021 10:00:07,6028e36ad1e80652e41054ca,609d69021c511f4b1d4df1c4,com.pregnantcatemma.virtualpet,1.0,iv,Android OS 10 / API-29 (QP1A.190711.020/1624873154),e038be81-11ad-417f-990a-cf4faa24a61b,False,False,IQ,1631440838.505859
0,could not receive ip address from ipfy,Error,/BuildNotice/0,MobileSDK,samsung SM-A307FN,OpenGLES2,1.0,1.11.0,False,Programmatic1,Programmatic,12.09.2021 10:00:37,6028e36ad1e80652e41054ca,6028e407a1ba2a0d3d760566,com.mytalkingcatemma.ballerinagames,1.0,ru,Android OS 11 / API-30 (RP1A.200720.012/A307FNXXS2CUH4),279297b4-f16b-47de-8558-d59322e20605,False,False,PK,1631440838.56079
0,An error occurred while sending the request,Error,/BuildNotice/0,MobileSDK,samsung SM-A307FN,OpenGLES2,1.0,1.11.0,False,Programmatic1,Programmatic,12.09.2021 10:00:37,6028e36ad1e80652e41054ca,6028e407a1ba2a0d3d760566,com.mytalkingcatemma.ballerinagames,1.0,ru,Android OS 11 / API-30 (RP1A.200720.012/A307FNXXS2CUH4),279297b4-f16b-47de-8558-d59322e20605,False,False,PK,1631440838.582563
0,An error occurred while sending the request,Error,/BuildNotice/0,MobileSDK,Realme RMX1821,OpenGLES2,1.0,1.11.0,False,LowRevenueCountryBlock,LowRevenueCountryBlock,09/12/2021 10:00:07,6028e36ad1e80652e41054ca,609d69021c511f4b1d4df1c4,com.pregnantcatemma.virtualpet,1.0,iv,Android OS 10 / API-29 (QP1A.190711.020/1624873154),e038be81-11ad-417f-990a-cf4faa24a61b,False,False,IQ,1631440838.660527
0,could not receive ip address from ipfy,Error,/BuildNotice/0,MobileSDK,HUAWEI DUB-LX2,OpenGLES2,1.0,1.11.0,False,LowRevenueCountryBlock,LowRevenueCountryBlock,09/12/2021 09:58:58,6028e36ad1e80652e41054ca,609d69021c511f4b1d4df1c4,com.pregnantcatemma.virtualpet,1.0,iv,Android OS 8.1.0 / API-27 (HUAWEIDUB-LX2/140(C636)),14a3d655-ee5f-4d4a-95c6-0665fec1a763,False,False,IQ,1631440838.720499
0,An error occurred while sending the request,Error,/BuildNotice/0,MobileSDK,HUAWEI DUB-LX2,OpenGLES2,1.0,1.11.0,False,LowRevenueCountryBlock,LowRevenueCountryBlock,09/12/2021 09:58:58,6028e36ad1e80652e41054ca,609d69021c511f4b1d4df1c4,com.pregnantcatemma.virtualpet,1.0,iv,Android OS 8.1.0 / API-27 (HUAWEIDUB-LX2/140(C636)),14a3d655-ee5f-4d4a-95c6-0665fec1a763,False,False,IQ,1631440838.820549
0,could not receive ip address from ipfy,Error,/BuildNotice/0,MobileSDK,Realme RMX1821,OpenGLES2,1.0,1.11.0,False,LowRevenueCountryBlock,LowRevenueCountryBlock,09/12/2021 10:00:07,6028e36ad1e80652e41054ca,609d69021c511f4b1d4df1c4,com.pregnantcatemma.virtualpet,1.0,iv,Android OS 10 / API-29 (QP1A.190711.020/1624873154),e038be81-11ad-417f-990a-cf4faa24a61b,False,False,IQ,1631440838.881707
0,could not receive ip address from ipfy,Error,/BuildNotice/0,MobileSDK,samsung SM-A307FN,OpenGLES2,1.0,1.11.0,False,Programmatic1,Programmatic,12.09.2021 10:00:37,6028e36ad1e80652e41054ca,6028e407a1ba2a0d3d760566,com.mytalkingcatemma.ballerinagames,1.0,ru,Android OS 11 / API-30 (RP1A.200720.012/A307FNXXS2CUH4),279297b4-f16b-47de-8558-d59322e20605,False,False,PK,1631440838.899203
0,An error occurred while sending the request,Error,/BuildNotice/0,MobileSDK,Realme RMX1821,OpenGLES2,1.0,1.11.0,False,LowRevenueCountryBlock,LowRevenueCountryBlock,09/12/2021 10:00:07,6028e36ad1e80652e41054ca,609d69021c511f4b1d4df1c4,com.pregnantcatemma.virtualpet,1.0,iv,Android OS 10 / API-29 (QP1A.190711.020/1624873154),e038be81-11ad-417f-990a-cf4faa24a61b,False,False,IQ,1631440838.981135
0,could not receive ip address from ipfy,Error,/BuildNotice/0,MobileSDK,HUAWEI DUB-LX2,OpenGLES2,1.0,1.11.0,False,LowRevenueCountryBlock,LowRevenueCountryBlock,09/12/2021 09:58:58,6028e36ad1e80652e41054ca,609d69021c511f4b1d4df1c4,com.pregnantcatemma.virtualpet,1.0,iv,Android OS 8.1.0 / API-27 (HUAWEIDUB-LX2/140(C636)),14a3d655-ee5f-4d4a-95c6-0665fec1a763,False,False,IQ,1631440839.076309
0,An error occurred while sending the request,Error,/BuildNotice/0,MobileSDK,HUAWEI DUB-LX2,OpenGLES2,1.0,1.11.0,False,LowRevenueCountryBlock,LowRevenueCountryBlock,09/12/2021 09:58:58,6028e36ad1e80652e41054ca,609d69021c511f4b1d4df1c4,com.pregnantcatemma.virtualpet,1.0,iv,Android OS 8.1.0 / API-27 (HUAWEIDUB-LX2/140(C636)),14a3d655-ee5f-4d4a-95c6-0665fec1a763,False,False,IQ,1631440839.093834
0,An error occurred while sending the request,Error,/BuildNotice/0,MobileSDK,samsung SM-A307FN,OpenGLES2,1.0,1.11.0,False,Programmatic1,Programmatic,12.09.2021 10:00:37,6028e36ad1e80652e41054ca,6028e407a1ba2a0d3d760566,com.mytalkingcatemma.ballerinagames,1.0,ru,Android OS 11 / API-30 (RP1A.200720.012/A307FNXXS2CUH4),279297b4-f16b-47de-8558-d59322e20605,False,False,PK,1631440839.143321
0,could not receive ip address from ipfy,Error,/BuildNotice/0,MobileSDK,Realme RMX1821,OpenGLES2,1.0,1.11.0,False,LowRevenueCountryBlock,LowRevenueCountryBlock,09/12/2021 10:00:07,6028e36ad1e80652e41054ca,609d69021c511f4b1d4df1c4,com.pregnantcatemma.virtualpet,1.0,iv,Android OS 10 / API-29 (QP1A.190711.020/1624873154),e038be81-11ad-417f-990a-cf4faa24a61b,False,False,IQ,1631440839.180332
0,could not receive ip address from ipfy,Error,/BuildNotice/0,MobileSDK,samsung SM-A307FN,OpenGLES2,1.0,1.11.0,False,Programmatic1,Programmatic,12.09.2021 10:00:37,6028e36ad1e80652e41054ca,6028e407a1ba2a0d3d760566,com.mytalkingcatemma.ballerinagames,1.0,ru,Android OS 11 / API-30 (RP1A.200720.012/A307FNXXS2CUH4),279297b4-f16b-47de-8558-d59322e20605,False,False,PK,1631440839.272283
0,An error occurred while sending the request,Error,/BuildNotice/0,MobileSDK,Realme RMX1821,OpenGLES2,1.0,1.11.0,False,LowRevenueCountryBlock,LowRevenueCountryBlock,09/12/2021 10:00:07,6028e36ad1e80652e41054ca,609d69021c511f4b1d4df1c4,com.pregnantcatemma.virtualpet,1.0,iv,Android OS 10 / API-29 (QP1A.190711.020/1624873154),e038be81-11ad-417f-990a-cf4faa24a61b,False,False,IQ,1631440839.285184
0,could not receive ip address from ipfy,Error,/BuildNotice/0,MobileSDK,HUAWEI DUB-LX2,OpenGLES2,1.0,1.11.0,False,LowRevenueCountryBlock,LowRevenueCountryBlock,09/12/2021 09:58:59,6028e36ad1e80652e41054ca,609d69021c511f4b1d4df1c4,com.pregnantcatemma.virtualpet,1.0,iv,Android OS 8.1.0 / API-27 (HUAWEIDUB-LX2/140(C636)),14a3d655-ee5f-4d4a-95c6-0665fec1a763,False,False,IQ,1631440839.349123
0,An error occurred while sending the request,Error,/BuildNotice/0,MobileSDK,HUAWEI DUB-LX2,OpenGLES2,1.0,1.11.0,False,LowRevenueCountryBlock,LowRevenueCountryBlock,09/12/2021 09:58:59,6028e36ad1e80652e41054ca,609d69021c511f4b1d4df1c4,com.pregnantcatemma.virtualpet,1.0,iv,Android OS 8.1.0 / API-27 (HUAWEIDUB-LX2/140(C636)),14a3d655-ee5f-4d4a-95c6-0665fec1a763,False,False,IQ,1631440839.361977
0,An error occurred while sending the request,Error,/BuildNotice/0,MobileSDK,samsung SM-A307FN,OpenGLES2,1.0,1.11.0,False,Programmatic1,Programmatic,12.09.2021 10:00:37,6028e36ad1e80652e41054ca,6028e407a1ba2a0d3d760566,com.mytalkingcatemma.ballerinagames,1.0,ru,Android OS 11 / API-30 (RP1A.200720.012/A307FNXXS2CUH4),279297b4-f16b-47de-8558-d59322e20605,False,False,PK,1631440839.393791
0,could not receive ip address from ipfy,Error,/BuildNotice/0,MobileSDK,Realme RMX1821,OpenGLES2,1.0,1.11.0,False,LowRevenueCountryBlock,LowRevenueCountryBlock,09/12/2021 10:00:08,6028e36ad1e80652e41054ca,609d69021c511f4b1d4df1c4,com.pregnantcatemma.virtualpet,1.0,iv,Android OS 10 / API-29 (QP1A.190711.020/1624873154),e038be81-11ad-417f-990a-cf4faa24a61b,False,False,IQ,1631440839.435147
0,An error occurred while sending the request,Error,/BuildNotice/0,MobileSDK,Realme RMX1821,OpenGLES2,1.0,1.11.0,False,LowRevenueCountryBlock,LowRevenueCountryBlock,09/12/2021 10:00:08,6028e36ad1e80652e41054ca,609d69021c511f4b1d4df1c4,com.pregnantcatemma.virtualpet,1.0,iv,Android OS 10 / API-29 (QP1A.190711.020/1624873154),e038be81-11ad-417f-990a-cf4faa24a61b,False,False,IQ,1631440839.538452
0,could not receive ip address from ipfy,Error,/BuildNotice/0,MobileSDK,HUAWEI DUB-LX2,OpenGLES2,1.0,1.11.0,False,LowRevenueCountryBlock,LowRevenueCountryBlock,09/12/2021 09:58:59,6028e36ad1e80652e41054ca,609d69021c511f4b1d4df1c4,com.pregnantcatemma.virtualpet,1.0,iv,Android OS 8.1.0 / API-27 (HUAWEIDUB-LX2/140(C636)),14a3d655-ee5f-4d4a-95c6-0665fec1a763,False,False,IQ,1631440839.617979
0,An error occurred while sending the request,Error,/BuildNotice/0,MobileSDK,HUAWEI DUB-LX2,OpenGLES2,1.0,1.11.0,False,LowRevenueCountryBlock,LowRevenueCountryBlock,09/12/2021 09:58:59,6028e36ad1e80652e41054ca,609d69021c511f4b1d4df1c4,com.pregnantcatemma.virtualpet,1.0,iv,Android OS 8.1.0 / API-27 (HUAWEIDUB-LX2/140(C636)),14a3d655-ee5f-4d4a-95c6-0665fec1a763,False,False,IQ,1631440839.633713
0,could not receive ip address from ipfy,Error,/BuildNotice/0,MobileSDK,Realme RMX1821,OpenGLES2,1.0,1.11.0,False,LowRevenueCountryBlock,LowRevenueCountryBlock,09/12/2021 10:00:08,6028e36ad1e80652e41054ca,609d69021c511f4b1d4df1c4,com.pregnantcatemma.virtualpet,1.0,iv,Android OS 10 / API-29 (QP1A.190711.020/1624873154),e038be81-11ad-417f-990a-cf4faa24a61b,False,False,IQ,1631440839.72403
0,An error occurred while sending the request,Error,/BuildNotice/0,MobileSDK,Realme RMX1821,OpenGLES2,1.0,1.11.0,False,LowRevenueCountryBlock,LowRevenueCountryBlock,09/12/2021 10:00:08,6028e36ad1e80652e41054ca,609d69021c511f4b1d4df1c4,com.pregnantcatemma.virtualpet,1.0,iv,Android OS 10 / API-29 (QP1A.190711.020/1624873154),e038be81-11ad-417f-990a-cf4faa24a61b,False,False,IQ,1631440839.795958
0,could not receive ip address from ipfy,Error,/BuildNotice/0,MobileSDK,HUAWEI DUB-LX2,OpenGLES2,1.0,1.11.0,False,LowRevenueCountryBlock,LowRevenueCountryBlock,09/12/2021 09:58:59,6028e36ad1e80652e41054ca,609d69021c511f4b1d4df1c4,com.pregnantcatemma.virtualpet,1.0,iv,Android OS 8.1.0 / API-27 (HUAWEIDUB-LX2/140(C636)),14a3d655-ee5f-4d4a-95c6-0665fec1a763,False,False,IQ,1631440839.892102
0,An error occurred while sending the request,Error,/BuildNotice/0,MobileSDK,HUAWEI DUB-LX2,OpenGLES2,1.0,1.11.0,False,LowRevenueCountryBlock,LowRevenueCountryBlock,09/12/2021 09:58:59,6028e36ad1e80652e41054ca,609d69021c511f4b1d4df1c4,com.pregnantcatemma.virtualpet,1.0,iv,Android OS 8.1.0 / API-27 (HUAWEIDUB-LX2/140(C636)),14a3d655-ee5f-4d4a-95c6-0665fec1a763,False,False,IQ,1631440839.906688
0,could not receive ip address from ipfy,Error,/BuildNotice/0,MobileSDK,Realme RMX1821,OpenGLES2,1.0,1.11.0,False,LowRevenueCountryBlock,LowRevenueCountryBlock,09/12/2021 10:00:08,6028e36ad1e80652e41054ca,609d69021c511f4b1d4df1c4,com.pregnantcatemma.virtualpet,1.0,iv,Android OS 10 / API-29 (QP1A.190711.020/1624873154),e038be81-11ad-417f-990a-cf4faa24a61b,False,False,IQ,1631440839.978445
0,could not receive ip address from ipfy,Error,/BuildNotice/0,MobileSDK,samsung SM-A307FN,OpenGLES2,1.0,1.11.0,False,Programmatic1,Programmatic,12.09.2021 10:00:38,6028e36ad1e80652e41054ca,6028e407a1ba2a0d3d760566,com.mytalkingcatemma.ballerinagames,1.0,ru,Android OS 11 / API-30 (RP1A.200720.012/A307FNXXS2CUH4),279297b4-f16b-47de-8558-d59322e20605,False,False,PK,1631440840.032281
0,An error occurred while sending the request,Error,/BuildNotice/0,MobileSDK,Realme RMX1821,OpenGLES2,1.0,1.11.0,False,LowRevenueCountryBlock,LowRevenueCountryBlock,09/12/2021 10:00:08,6028e36ad1e80652e41054ca,609d69021c511f4b1d4df1c4,com.pregnantcatemma.virtualpet,1.0,iv,Android OS 10 / API-29 (QP1A.190711.020/1624873154),e038be81-11ad-417f-990a-cf4faa24a61b,False,False,IQ,1631440840.053403
0,An error occurred while sending the request,Error,/BuildNotice/0,MobileSDK,samsung SM-A307FN,OpenGLES2,1.0,1.11.0,False,Programmatic1,Programmatic,12.09.2021 10:00:38,6028e36ad1e80652e41054ca,6028e407a1ba2a0d3d760566,com.mytalkingcatemma.ballerinagames,1.0,ru,Android OS 11 / API-30 (RP1A.200720.012/A307FNXXS2CUH4),279297b4-f16b-47de-8558-d59322e20605,False,False,PK,1631440840.082763
0,could not receive ip address from ipfy,Error,/BuildNotice/0,MobileSDK,samsung SM-A107F,OpenGLES2,1.0,1.11.0,False,Programmatic1,Programmatic,12/09/2021 10:00:40 AM,6028e36ad1e80652e41054ca,6028e407a1ba2a0d3d760566,com.mytalkingcatemma.ballerinagames,1.0,en,Android OS 11 / API-30 (RP1A.200720.012/A107FXXU8CUG3),ce4af260-dd28-4a62-8aae-9c65ea88a54e,False,False,PH,1631440840.16783
0,could not receive ip address from ipfy,Error,/BuildNotice/0,MobileSDK,HUAWEI DUB-LX2,OpenGLES2,1.0,1.11.0,False,LowRevenueCountryBlock,LowRevenueCountryBlock,09/12/2021 09:58:59,6028e36ad1e80652e41054ca,609d69021c511f4b1d4df1c4,com.pregnantcatemma.virtualpet,1.0,iv,Android OS 8.1.0 / API-27 (HUAWEIDUB-LX2/140(C636)),14a3d655-ee5f-4d4a-95c6-0665fec1a763,False,False,IQ,1631440840.191189
0,An error occurred while sending the request,Error,/BuildNotice/0,MobileSDK,samsung SM-A107F,OpenGLES2,1.0,1.11.0,False,Programmatic1,Programmatic,12/09/2021 10:00:40 AM,6028e36ad1e80652e41054ca,6028e407a1ba2a0d3d760566,com.mytalkingcatemma.ballerinagames,1.0,en,Android OS 11 / API-30 (RP1A.200720.012/A107FXXU8CUG3),ce4af260-dd28-4a62-8aae-9c65ea88a54e,False,False,PH,1631440840.238389
0,An error occurred while sending the request,Error,/BuildNotice/0,MobileSDK,HUAWEI DUB-LX2,OpenGLES2,1.0,1.11.0,False,LowRevenueCountryBlock,LowRevenueCountryBlock,09/12/2021 09:58:59,6028e36ad1e80652e41054ca,609d69021c511f4b1d4df1c4,com.pregnantcatemma.virtualpet,1.0,iv,Android OS 8.1.0 / API-27 (HUAWEIDUB-LX2/140(C636)),14a3d655-ee5f-4d4a-95c6-0665fec1a763,False,False,IQ,1631440840.251826
0,could not receive ip address from ipfy,Error,/BuildNotice/0,MobileSDK,Realme RMX1821,OpenGLES2,1.0,1.11.0,False,LowRevenueCountryBlock,LowRevenueCountryBlock,09/12/2021 10:00:08,6028e36ad1e80652e41054ca,609d69021c511f4b1d4df1c4,com.pregnantcatemma.virtualpet,1.0,iv,Android OS 10 / API-29 (QP1A.190711.020/1624873154),e038be81-11ad-417f-990a-cf4faa24a61b,False,False,IQ,1631440840.300175
0,An error occurred while sending the request,Error,/BuildNotice/0,MobileSDK,Realme RMX1821,OpenGLES2,1.0,1.11.0,False,LowRevenueCountryBlock,LowRevenueCountryBlock,09/12/2021 10:00:08,6028e36ad1e80652e41054ca,609d69021c511f4b1d4df1c4,com.pregnantcatemma.virtualpet,1.0,iv,Android OS 10 / API-29 (QP1A.190711.020/1624873154),e038be81-11ad-417f-990a-cf4faa24a61b,False,False,IQ,1631440840.32591
0,could not receive ip address from ipfy,Error,/BuildNotice/0,MobileSDK,HUAWEI DUB-LX2,OpenGLES2,1.0,1.11.0,False,LowRevenueCountryBlock,LowRevenueCountryBlock,09/12/2021 09:59:00,6028e36ad1e80652e41054ca,609d69021c511f4b1d4df1c4,com.pregnantcatemma.virtualpet,1.0,iv,Android OS 8.1.0 / API-27 (HUAWEIDUB-LX2/140(C636)),14a3d655-ee5f-4d4a-95c6-0665fec1a763,False,False,IQ,1631440840.496706
0,An error occurred while sending the request,Error,/BuildNotice/0,MobileSDK,HUAWEI DUB-LX2,OpenGLES2,1.0,1.11.0,False,LowRevenueCountryBlock,LowRevenueCountryBlock,09/12/2021 09:59:00,6028e36ad1e80652e41054ca,609d69021c511f4b1d4df1c4,com.pregnantcatemma.virtualpet,1.0,iv,Android OS 8.1.0 / API-27 (HUAWEIDUB-LX2/140(C636)),14a3d655-ee5f-4d4a-95c6-0665fec1a763,False,False,IQ,1631440840.550399
0,could not receive ip address from ipfy,Error,/BuildNotice/0,MobileSDK,Realme RMX1821,OpenGLES2,1.0,1.11.0,False,LowRevenueCountryBlock,LowRevenueCountryBlock,09/12/2021 10:00:08,6028e36ad1e80652e41054ca,609d69021c511f4b1d4df1c4,com.pregnantcatemma.virtualpet,1.0,iv,Android OS 10 / API-29 (QP1A.190711.020/1624873154),e038be81-11ad-417f-990a-cf4faa24a61b,False,False,IQ,1631440840.5654
0,could not receive ip address from ipfy,Error,/BuildNotice/0,MobileSDK,samsung SM-A307FN,OpenGLES2,1.0,1.11.0,False,Programmatic1,Programmatic,12.09.2021 10:00:39,6028e36ad1e80652e41054ca,6028e407a1ba2a0d3d760566,com.mytalkingcatemma.ballerinagames,1.0,ru,Android OS 11 / API-30 (RP1A.200720.012/A307FNXXS2CUH4),279297b4-f16b-47de-8558-d59322e20605,False,False,PK,1631440840.58378
0,An error occurred while sending the request,Error,/BuildNotice/0,MobileSDK,samsung SM-A307FN,OpenGLES2,1.0,1.11.0,False,Programmatic1,Programmatic,12.09.2021 10:00:39,6028e36ad1e80652e41054ca,6028e407a1ba2a0d3d760566,com.mytalkingcatemma.ballerinagames,1.0,ru,Android OS 11 / API-30 (RP1A.200720.012/A307FNXXS2CUH4),279297b4-f16b-47de-8558-d59322e20605,False,False,PK,1631440840.611416
0,An error occurred while sending the request,Error,/BuildNotice/0,MobileSDK,Realme RMX1821,OpenGLES2,1.0,1.11.0,False,LowRevenueCountryBlock,LowRevenueCountryBlock,09/12/2021 10:00:08,6028e36ad1e80652e41054ca,609d69021c511f4b1d4df1c4,com.pregnantcatemma.virtualpet,1.0,iv,Android OS 10 / API-29 (QP1A.190711.020/1624873154),e038be81-11ad-417f-990a-cf4faa24a61b,False,False,IQ,1631440840.680787
0,could not receive ip address from ipfy,Error,/BuildNotice/0,MobileSDK,HUAWEI DUB-LX2,OpenGLES2,1.0,1.11.0,False,LowRevenueCountryBlock,LowRevenueCountryBlock,09/12/2021 09:59:00,6028e36ad1e80652e41054ca,609d69021c511f4b1d4df1c4,com.pregnantcatemma.virtualpet,1.0,iv,Android OS 8.1.0 / API-27 (HUAWEIDUB-LX2/140(C636)),14a3d655-ee5f-4d4a-95c6-0665fec1a763,False,False,IQ,1631440840.774246
0,An error occurred while sending the request,Error,/BuildNotice/0,MobileSDK,HUAWEI DUB-LX2,OpenGLES2,1.0,1.11.0,False,LowRevenueCountryBlock,LowRevenueCountryBlock,09/12/2021 09:59:00,6028e36ad1e80652e41054ca,609d69021c511f4b1d4df1c4,com.pregnantcatemma.virtualpet,1.0,iv,Android OS 8.1.0 / API-27 (HUAWEIDUB-LX2/140(C636)),14a3d655-ee5f-4d4a-95c6-0665fec1a763,False,False,IQ,1631440840.817712
0,could not receive ip address from ipfy,Error,/BuildNotice/0,MobileSDK,Realme RMX1821,OpenGLES2,1.0,1.11.0,False,LowRevenueCountryBlock,LowRevenueCountryBlock,09/12/2021 10:00:09,6028e36ad1e80652e41054ca,609d69021c511f4b1d4df1c4,com.pregnantcatemma.virtualpet,1.0,iv,Android OS 10 / API-29 (QP1A.190711.020/1624873154),e038be81-11ad-417f-990a-cf4faa24a61b,False,False,IQ,1631440840.835469
0,could not receive ip address from ipfy,Error,/BuildNotice/0,MobileSDK,vivo vivo 1603,OpenGLES2,1.0,1.11.0,False,LowRevenueCountryBlock,LowRevenueCountryBlock,09/12/2021 10:00:46,6028e36ad1e80652e41054ca,609d69021c511f4b1d4df1c4,com.pregnantcatemma.virtualpet,1.0,iv,Android OS 6.0.1 / API-23 (MMB29M/eng.compiler.20190306.175921),927fb6e7-755f-42c2-8bd2-85e9d9a6554f,False,False,IQ,1631440840.849874
0,An error occurred while sending the request,Error,/BuildNotice/0,MobileSDK,vivo vivo 1603,OpenGLES2,1.0,1.11.0,False,LowRevenueCountryBlock,LowRevenueCountryBlock,09/12/2021 10:00:46,6028e36ad1e80652e41054ca,609d69021c511f4b1d4df1c4,com.pregnantcatemma.virtualpet,1.0,iv,Android OS 6.0.1 / API-23 (MMB29M/eng.compiler.20190306.175921),927fb6e7-755f-42c2-8bd2-85e9d9a6554f,False,False,IQ,1631440840.8826
0,could not receive ip address from ipfy,Error,/BuildNotice/0,MobileSDK,samsung SM-A307FN,OpenGLES2,1.0,1.11.0,False,Programmatic1,Programmatic,12.09.2021 10:00:39,6028e36ad1e80652e41054ca,6028e407a1ba2a0d3d760566,com.mytalkingcatemma.ballerinagames,1.0,ru,Android OS 11 / API-30 (RP1A.200720.012/A307FNXXS2CUH4),279297b4-f16b-47de-8558-d59322e20605,False,False,PK,1631440840.897043
0,An error occurred while sending the request,Error,/BuildNotice/0,MobileSDK,samsung SM-A307FN,OpenGLES2,1.0,1.11.0,False,Programmatic1,Programmatic,12.09.2021 10:00:39,6028e36ad1e80652e41054ca,6028e407a1ba2a0d3d760566,com.mytalkingcatemma.ballerinagames,1.0,ru,Android OS 11 / API-30 (RP1A.200720.012/A307FNXXS2CUH4),279297b4-f16b-47de-8558-d59322e20605,False,False,PK,1631440840.99369
0,An error occurred while sending the request,Error,/BuildNotice/0,MobileSDK,Realme RMX1821,OpenGLES2,1.0,1.11.0,False,LowRevenueCountryBlock,LowRevenueCountryBlock,09/12/2021 10:00:09,6028e36ad1e80652e41054ca,609d69021c511f4b1d4df1c4,com.pregnantcatemma.virtualpet,1.0,iv,Android OS 10 / API-29 (QP1A.190711.020/1624873154),e038be81-11ad-417f-990a-cf4faa24a61b,False,False,IQ,1631440841.00983
0,could not receive ip address from ipfy,Error,/BuildNotice/0,MobileSDK,HUAWEI DUB-LX2,OpenGLES2,1.0,1.11.0,False,LowRevenueCountryBlock,LowRevenueCountryBlock,09/12/2021 09:59:00,6028e36ad1e80652e41054ca,609d69021c511f4b1d4df1c4,com.pregnantcatemma.virtualpet,1.0,iv,Android OS 8.1.0 / API-27 (HUAWEIDUB-LX2/140(C636)),14a3d655-ee5f-4d4a-95c6-0665fec1a763,False,False,IQ,1631440841.082326
0,An error occurred while sending the request,Error,/BuildNotice/0,MobileSDK,HUAWEI DUB-LX2,OpenGLES2,1.0,1.11.0,False,LowRevenueCountryBlock,LowRevenueCountryBlock,09/12/2021 09:59:00,6028e36ad1e80652e41054ca,609d69021c511f4b1d4df1c4,com.pregnantcatemma.virtualpet,1.0,iv,Android OS 8.1.0 / API-27 (HUAWEIDUB-LX2/140(C636)),14a3d655-ee5f-4d4a-95c6-0665fec1a763,False,False,IQ,1631440841.142938
0,could not receive ip address from ipfy,Error,/BuildNotice/0,MobileSDK,Realme RMX1821,OpenGLES2,1.0,1.11.0,False,LowRevenueCountryBlock,LowRevenueCountryBlock,09/12/2021 10:00:09,6028e36ad1e80652e41054ca,609d69021c511f4b1d4df1c4,com.pregnantcatemma.virtualpet,1.0,iv,Android OS 10 / API-29 (QP1A.190711.020/1624873154),e038be81-11ad-417f-990a-cf4faa24a61b,False,False,IQ,1631440841.159807
0,could not receive ip address from ipfy,Error,/BuildNotice/0,MobileSDK,samsung SM-A307FN,OpenGLES2,1.0,1.11.0,False,Programmatic1,Programmatic,12.09.2021 10:00:39,6028e36ad1e80652e41054ca,6028e407a1ba2a0d3d760566,com.mytalkingcatemma.ballerinagames,1.0,ru,Android OS 11 / API-30 (RP1A.200720.012/A307FNXXS2CUH4),279297b4-f16b-47de-8558-d59322e20605,False,False,PK,1631440841.219338
0,An error occurred while sending the request,Error,/BuildNotice/0,MobileSDK,samsung SM-A307FN,OpenGLES2,1.0,1.11.0,False,Programmatic1,Programmatic,12.09.2021 10:00:39,6028e36ad1e80652e41054ca,6028e407a1ba2a0d3d760566,com.mytalkingcatemma.ballerinagames,1.0,ru,Android OS 11 / API-30 (RP1A.200720.012/A307FNXXS2CUH4),279297b4-f16b-47de-8558-d59322e20605,False,False,PK,1631440841.280514
0,An error occurred while sending the request,Error,/BuildNotice/0,MobileSDK,Realme RMX1821,OpenGLES2,1.0,1.11.0,False,LowRevenueCountryBlock,LowRevenueCountryBlock,09/12/2021 10:00:09,6028e36ad1e80652e41054ca,609d69021c511f4b1d4df1c4,com.pregnantcatemma.virtualpet,1.0,iv,Android OS 10 / API-29 (QP1A.190711.020/1624873154),e038be81-11ad-417f-990a-cf4faa24a61b,False,False,IQ,1631440841.321913
0,could not receive ip address from ipfy,Error,/BuildNotice/0,MobileSDK,HUAWEI DUB-LX2,OpenGLES2,1.0,1.11.0,False,LowRevenueCountryBlock,LowRevenueCountryBlock,09/12/2021 09:59:00,6028e36ad1e80652e41054ca,609d69021c511f4b1d4df1c4,com.pregnantcatemma.virtualpet,1.0,iv,Android OS 8.1.0 / API-27 (HUAWEIDUB-LX2/140(C636)),14a3d655-ee5f-4d4a-95c6-0665fec1a763,False,False,IQ,1631440841.402604
0,An error occurred while sending the request,Error,/BuildNotice/0,MobileSDK,HUAWEI DUB-LX2,OpenGLES2,1.0,1.11.0,False,LowRevenueCountryBlock,LowRevenueCountryBlock,09/12/2021 09:59:00,6028e36ad1e80652e41054ca,609d69021c511f4b1d4df1c4,com.pregnantcatemma.virtualpet,1.0,iv,Android OS 8.1.0 / API-27 (HUAWEIDUB-LX2/140(C636)),14a3d655-ee5f-4d4a-95c6-0665fec1a763,False,False,IQ,1631440841.417665
0,could not receive ip address from ipfy,Error,/BuildNotice/0,MobileSDK,Realme RMX1821,OpenGLES2,1.0,1.11.0,False,LowRevenueCountryBlock,LowRevenueCountryBlock,09/12/2021 10:00:09,6028e36ad1e80652e41054ca,609d69021c511f4b1d4df1c4,com.pregnantcatemma.virtualpet,1.0,iv,Android OS 10 / API-29 (QP1A.190711.020/1624873154),e038be81-11ad-417f-990a-cf4faa24a61b,False,False,IQ,1631440841.439009
0,could not receive ip address from ipfy,Error,/BuildNotice/0,MobileSDK,samsung SM-A307FN,OpenGLES2,1.0,1.11.0,False,Programmatic1,Programmatic,12.09.2021 10:00:39,6028e36ad1e80652e41054ca,6028e407a1ba2a0d3d760566,com.mytalkingcatemma.ballerinagames,1.0,ru,Android OS 11 / API-30 (RP1A.200720.012/A307FNXXS2CUH4),279297b4-f16b-47de-8558-d59322e20605,False,False,PK,1631440841.554058
0,An error occurred while sending the request,Error,/BuildNotice/0,MobileSDK,samsung SM-A307FN,OpenGLES2,1.0,1.11.0,False,Programmatic1,Programmatic,12.09.2021 10:00:39,6028e36ad1e80652e41054ca,6028e407a1ba2a0d3d760566,com.mytalkingcatemma.ballerinagames,1.0,ru,Android OS 11 / API-30 (RP1A.200720.012/A307FNXXS2CUH4),279297b4-f16b-47de-8558-d59322e20605,False,False,PK,1631440841.571048
0,An error occurred while sending the request,Error,/BuildNotice/0,MobileSDK,Realme RMX1821,OpenGLES2,1.0,1.11.0,False,LowRevenueCountryBlock,LowRevenueCountryBlock,09/12/2021 10:00:09,6028e36ad1e80652e41054ca,609d69021c511f4b1d4df1c4,com.pregnantcatemma.virtualpet,1.0,iv,Android OS 10 / API-29 (QP1A.190711.020/1624873154),e038be81-11ad-417f-990a-cf4faa24a61b,False,False,IQ,1631440841.5859
0,could not receive ip address from ipfy,Error,/BuildNotice/0,MobileSDK,HUAWEI DUB-LX2,OpenGLES2,1.0,1.11.0,False,LowRevenueCountryBlock,LowRevenueCountryBlock,09/12/2021 09:59:01,6028e36ad1e80652e41054ca,609d69021c511f4b1d4df1c4,com.pregnantcatemma.virtualpet,1.0,iv,Android OS 8.1.0 / API-27 (HUAWEIDUB-LX2/140(C636)),14a3d655-ee5f-4d4a-95c6-0665fec1a763,False,False,IQ,1631440841.675271
0,An error occurred while sending the request,Error,/BuildNotice/0,MobileSDK,HUAWEI DUB-LX2,OpenGLES2,1.0,1.11.0,False,LowRevenueCountryBlock,LowRevenueCountryBlock,09/12/2021 09:59:01,6028e36ad1e80652e41054ca,609d69021c511f4b1d4df1c4,com.pregnantcatemma.virtualpet,1.0,iv,Android OS 8.1.0 / API-27 (HUAWEIDUB-LX2/140(C636)),14a3d655-ee5f-4d4a-95c6-0665fec1a763,False,False,IQ,1631440841.691897
0,could not receive ip address from ipfy,Error,/BuildNotice/0,MobileSDK,Realme RMX1821,OpenGLES2,1.0,1.11.0,False,LowRevenueCountryBlock,LowRevenueCountryBlock,09/12/2021 10:00:09,6028e36ad1e80652e41054ca,609d69021c511f4b1d4df1c4,com.pregnantcatemma.virtualpet,1.0,iv,Android OS 10 / API-29 (QP1A.190711.020/1624873154),e038be81-11ad-417f-990a-cf4faa24a61b,False,False,IQ,1631440841.734423
0,An error occurred while sending the request,Error,/BuildNotice/0,MobileSDK,Realme RMX1821,OpenGLES2,1.0,1.11.0,False,LowRevenueCountryBlock,LowRevenueCountryBlock,09/12/2021 10:00:09,6028e36ad1e80652e41054ca,609d69021c511f4b1d4df1c4,com.pregnantcatemma.virtualpet,1.0,iv,Android OS 10 / API-29 (QP1A.190711.020/1624873154),e038be81-11ad-417f-990a-cf4faa24a61b,False,False,IQ,1631440841.845151
0,could not receive ip address from ipfy,Error,/BuildNotice/0,MobileSDK,HUAWEI DUB-LX2,OpenGLES2,1.0,1.11.0,False,LowRevenueCountryBlock,LowRevenueCountryBlock,09/12/2021 09:59:01,6028e36ad1e80652e41054ca,609d69021c511f4b1d4df1c4,com.pregnantcatemma.virtualpet,1.0,iv,Android OS 8.1.0 / API-27 (HUAWEIDUB-LX2/140(C636)),14a3d655-ee5f-4d4a-95c6-0665fec1a763,False,False,IQ,1631440841.949347
0,An error occurred while sending the request,Error,/BuildNotice/0,MobileSDK,HUAWEI DUB-LX2,OpenGLES2,1.0,1.11.0,False,LowRevenueCountryBlock,LowRevenueCountryBlock,09/12/2021 09:59:01,6028e36ad1e80652e41054ca,609d69021c511f4b1d4df1c4,com.pregnantcatemma.virtualpet,1.0,iv,Android OS 8.1.0 / API-27 (HUAWEIDUB-LX2/140(C636)),14a3d655-ee5f-4d4a-95c6-0665fec1a763,False,False,IQ,1631440841.962676
0,could not receive ip address from ipfy,Error,/BuildNotice/0,MobileSDK,Realme RMX1821,OpenGLES2,1.0,1.11.0,False,LowRevenueCountryBlock,LowRevenueCountryBlock,09/12/2021 10:00:09,6028e36ad1e80652e41054ca,609d69021c511f4b1d4df1c4,com.pregnantcatemma.virtualpet,1.0,iv,Android OS 10 / API-29 (QP1A.190711.020/1624873154),e038be81-11ad-417f-990a-cf4faa24a61b,False,False,IQ,1631440841.992979
0,could not receive ip address from ipfy,Error,/BuildNotice/0,MobileSDK,samsung SM-A307FN,OpenGLES2,1.0,1.11.0,False,Programmatic1,Programmatic,12.09.2021 10:00:40,6028e36ad1e80652e41054ca,6028e407a1ba2a0d3d760566,com.mytalkingcatemma.ballerinagames,1.0,ru,Android OS 11 / API-30 (RP1A.200720.012/A307FNXXS2CUH4),279297b4-f16b-47de-8558-d59322e20605,False,False,PK,1631440842.097081
0,An error occurred while sending the request,Error,/BuildNotice/0,MobileSDK,Realme RMX1821,OpenGLES2,1.0,1.11.0,False,LowRevenueCountryBlock,LowRevenueCountryBlock,09/12/2021 10:00:09,6028e36ad1e80652e41054ca,609d69021c511f4b1d4df1c4,com.pregnantcatemma.virtualpet,1.0,iv,Android OS 10 / API-29 (QP1A.190711.020/1624873154),e038be81-11ad-417f-990a-cf4faa24a61b,False,False,IQ,1631440842.111884
0,could not receive ip address from ipfy,Error,/BuildNotice/0,MobileSDK,HUAWEI DUB-LX2,OpenGLES2,1.0,1.11.0,False,LowRevenueCountryBlock,LowRevenueCountryBlock,09/12/2021 09:59:01,6028e36ad1e80652e41054ca,609d69021c511f4b1d4df1c4,com.pregnantcatemma.virtualpet,1.0,iv,Android OS 8.1.0 / API-27 (HUAWEIDUB-LX2/140(C636)),14a3d655-ee5f-4d4a-95c6-0665fec1a763,False,False,IQ,1631440842.238077
0,An error occurred while sending the request,Error,/BuildNotice/0,MobileSDK,HUAWEI DUB-LX2,OpenGLES2,1.0,1.11.0,False,LowRevenueCountryBlock,LowRevenueCountryBlock,09/12/2021 09:59:01,6028e36ad1e80652e41054ca,609d69021c511f4b1d4df1c4,com.pregnantcatemma.virtualpet,1.0,iv,Android OS 8.1.0 / API-27 (HUAWEIDUB-LX2/140(C636)),14a3d655-ee5f-4d4a-95c6-0665fec1a763,False,False,IQ,1631440842.253994
0,could not receive ip address from ipfy,Error,/BuildNotice/0,MobileSDK,Realme RMX1821,OpenGLES2,1.0,1.11.0,False,LowRevenueCountryBlock,LowRevenueCountryBlock,09/12/2021 10:00:10,6028e36ad1e80652e41054ca,609d69021c511f4b1d4df1c4,com.pregnantcatemma.virtualpet,1.0,iv,Android OS 10 / API-29 (QP1A.190711.020/1624873154),e038be81-11ad-417f-990a-cf4faa24a61b,False,False,IQ,1631440842.269633
0,An error occurred while sending the request,Error,/BuildNotice/0,MobileSDK,samsung SM-A307FN,OpenGLES2,1.0,1.11.0,False,Programmatic1,Programmatic,12.09.2021 10:00:40,6028e36ad1e80652e41054ca,6028e407a1ba2a0d3d760566,com.mytalkingcatemma.ballerinagames,1.0,ru,Android OS 11 / API-30 (RP1A.200720.012/A307FNXXS2CUH4),279297b4-f16b-47de-8558-d59322e20605,False,False,PK,1631440842.283473
0,An error occurred while sending the request,Error,/BuildNotice/0,MobileSDK,Realme RMX1821,OpenGLES2,1.0,1.11.0,False,LowRevenueCountryBlock,LowRevenueCountryBlock,09/12/2021 10:00:10,6028e36ad1e80652e41054ca,609d69021c511f4b1d4df1c4,com.pregnantcatemma.virtualpet,1.0,iv,Android OS 10 / API-29 (QP1A.190711.020/1624873154),e038be81-11ad-417f-990a-cf4faa24a61b,False,False,IQ,1631440842.370943
0,could not receive ip address from ipfy,Error,/BuildNotice/0,MobileSDK,HUAWEI DUB-LX2,OpenGLES2,1.0,1.11.0,False,LowRevenueCountryBlock,LowRevenueCountryBlock,09/12/2021 09:59:01,6028e36ad1e80652e41054ca,609d69021c511f4b1d4df1c4,com.pregnantcatemma.virtualpet,1.0,iv,Android OS 8.1.0 / API-27 (HUAWEIDUB-LX2/140(C636)),14a3d655-ee5f-4d4a-95c6-0665fec1a763,False,False,IQ,1631440842.512097
0,An error occurred while sending the request,Error,/BuildNotice/0,MobileSDK,HUAWEI DUB-LX2,OpenGLES2,1.0,1.11.0,False,LowRevenueCountryBlock,LowRevenueCountryBlock,09/12/2021 09:59:01,6028e36ad1e80652e41054ca,609d69021c511f4b1d4df1c4,com.pregnantcatemma.virtualpet,1.0,iv,Android OS 8.1.0 / API-27 (HUAWEIDUB-LX2/140(C636)),14a3d655-ee5f-4d4a-95c6-0665fec1a763,False,False,IQ,1631440842.528594
0,could not receive ip address from ipfy,Error,/BuildNotice/0,MobileSDK,Realme RMX1821,OpenGLES2,1.0,1.11.0,False,LowRevenueCountryBlock,LowRevenueCountryBlock,09/12/2021 10:00:10,6028e36ad1e80652e41054ca,609d69021c511f4b1d4df1c4,com.pregnantcatemma.virtualpet,1.0,iv,Android OS 10 / API-29 (QP1A.190711.020/1624873154),e038be81-11ad-417f-990a-cf4faa24a61b,False,False,IQ,1631440842.544034
0,An error occurred while sending the request,Error,/BuildNotice/0,MobileSDK,Realme RMX1821,OpenGLES2,1.0,1.11.0,False,LowRevenueCountryBlock,LowRevenueCountryBlock,09/12/2021 10:00:10,6028e36ad1e80652e41054ca,609d69021c511f4b1d4df1c4,com.pregnantcatemma.virtualpet,1.0,iv,Android OS 10 / API-29 (QP1A.190711.020/1624873154),e038be81-11ad-417f-990a-cf4faa24a61b,False,False,IQ,1631440842.626048
0,could not receive ip address from ipfy,Error,/BuildNotice/0,MobileSDK,HUAWEI DUB-LX2,OpenGLES2,1.0,1.11.0,False,LowRevenueCountryBlock,LowRevenueCountryBlock,09/12/2021 09:59:02,6028e36ad1e80652e41054ca,609d69021c511f4b1d4df1c4,com.pregnantcatemma.virtualpet,1.0,iv,Android OS 8.1.0 / API-27 (HUAWEIDUB-LX2/140(C636)),14a3d655-ee5f-4d4a-95c6-0665fec1a763,False,False,IQ,1631440842.791172
0,An error occurred while sending the request,Error,/BuildNotice/0,MobileSDK,HUAWEI DUB-LX2,OpenGLES2,1.0,1.11.0,False,LowRevenueCountryBlock,LowRevenueCountryBlock,09/12/2021 09:59:02,6028e36ad1e80652e41054ca,609d69021c511f4b1d4df1c4,com.pregnantcatemma.virtualpet,1.0,iv,Android OS 8.1.0 / API-27 (HUAWEIDUB-LX2/140(C636)),14a3d655-ee5f-4d4a-95c6-0665fec1a763,False,False,IQ,1631440842.805891
0,could not receive ip address from ipfy,Error,/BuildNotice/0,MobileSDK,Realme RMX1821,OpenGLES2,1.0,1.11.0,False,LowRevenueCountryBlock,LowRevenueCountryBlock,09/12/2021 10:00:10,6028e36ad1e80652e41054ca,609d69021c511f4b1d4df1c4,com.pregnantcatemma.virtualpet,1.0,iv,Android OS 10 / API-29 (QP1A.190711.020/1624873154),e038be81-11ad-417f-990a-cf4faa24a61b,False,False,IQ,1631440842.831939
0,could not receive ip address from ipfy,Error,/BuildNotice/0,MobileSDK,samsung SM-A307FN,OpenGLES2,1.0,1.11.0,False,Programmatic1,Programmatic,12.09.2021 10:00:41,6028e36ad1e80652e41054ca,6028e407a1ba2a0d3d760566,com.mytalkingcatemma.ballerinagames,1.0,ru,Android OS 11 / API-30 (RP1A.200720.012/A307FNXXS2CUH4),279297b4-f16b-47de-8558-d59322e20605,False,False,PK,1631440842.883421
0,An error occurred while sending the request,Error,/BuildNotice/0,MobileSDK,samsung SM-A307FN,OpenGLES2,1.0,1.11.0,False,Programmatic1,Programmatic,12.09.2021 10:00:41,6028e36ad1e80652e41054ca,6028e407a1ba2a0d3d760566,com.mytalkingcatemma.ballerinagames,1.0,ru,Android OS 11 / API-30 (RP1A.200720.012/A307FNXXS2CUH4),279297b4-f16b-47de-8558-d59322e20605,False,False,PK,1631440842.898292
0,An error occurred while sending the request,Error,/BuildNotice/0,MobileSDK,Realme RMX1821,OpenGLES2,1.0,1.11.0,False,LowRevenueCountryBlock,LowRevenueCountryBlock,09/12/2021 10:00:10,6028e36ad1e80652e41054ca,609d69021c511f4b1d4df1c4,com.pregnantcatemma.virtualpet,1.0,iv,Android OS 10 / API-29 (QP1A.190711.020/1624873154),e038be81-11ad-417f-990a-cf4faa24a61b,False,False,IQ,1631440842.98112
0,could not receive ip address from ipfy,Error,/BuildNotice/0,MobileSDK,HUAWEI DUB-LX2,OpenGLES2,1.0,1.11.0,False,LowRevenueCountryBlock,LowRevenueCountryBlock,09/12/2021 09:59:02,6028e36ad1e80652e41054ca,609d69021c511f4b1d4df1c4,com.pregnantcatemma.virtualpet,1.0,iv,Android OS 8.1.0 / API-27 (HUAWEIDUB-LX2/140(C636)),14a3d655-ee5f-4d4a-95c6-0665fec1a763,False,False,IQ,1631440843.061475
0,An error occurred while sending the request,Error,/BuildNotice/0,MobileSDK,HUAWEI DUB-LX2,OpenGLES2,1.0,1.11.0,False,LowRevenueCountryBlock,LowRevenueCountryBlock,09/12/2021 09:59:02,6028e36ad1e80652e41054ca,609d69021c511f4b1d4df1c4,com.pregnantcatemma.virtualpet,1.0,iv,Android OS 8.1.0 / API-27 (HUAWEIDUB-LX2/140(C636)),14a3d655-ee5f-4d4a-95c6-0665fec1a763,False,False,IQ,1631440843.082941
0,could not receive ip address from ipfy,Error,/BuildNotice/0,MobileSDK,Realme RMX1821,OpenGLES2,1.0,1.11.0,False,LowRevenueCountryBlock,LowRevenueCountryBlock,09/12/2021 10:00:10,6028e36ad1e80652e41054ca,609d69021c511f4b1d4df1c4,com.pregnantcatemma.virtualpet,1.0,iv,Android OS 10 / API-29 (QP1A.190711.020/1624873154),e038be81-11ad-417f-990a-cf4faa24a61b,False,False,IQ,1631440843.125218
0,could not receive ip address from ipfy,Error,/BuildNotice/0,MobileSDK,samsung SM-A307FN,OpenGLES2,1.0,1.11.0,False,Programmatic1,Programmatic,12.09.2021 10:00:41,6028e36ad1e80652e41054ca,6028e407a1ba2a0d3d760566,com.mytalkingcatemma.ballerinagames,1.0,ru,Android OS 11 / API-30 (RP1A.200720.012/A307FNXXS2CUH4),279297b4-f16b-47de-8558-d59322e20605,False,False,PK,1631440843.181007
0,An error occurred while sending the request,Error,/BuildNotice/0,MobileSDK,samsung SM-A307FN,OpenGLES2,1.0,1.11.0,False,Programmatic1,Programmatic,12.09.2021 10:00:41,6028e36ad1e80652e41054ca,6028e407a1ba2a0d3d760566,com.mytalkingcatemma.ballerinagames,1.0,ru,Android OS 11 / API-30 (RP1A.200720.012/A307FNXXS2CUH4),279297b4-f16b-47de-8558-d59322e20605,False,False,PK,1631440843.195711
0,An error occurred while sending the request,Error,/BuildNotice/0,MobileSDK,Realme RMX1821,OpenGLES2,1.0,1.11.0,False,LowRevenueCountryBlock,LowRevenueCountryBlock,09/12/2021 10:00:10,6028e36ad1e80652e41054ca,609d69021c511f4b1d4df1c4,com.pregnantcatemma.virtualpet,1.0,iv,Android OS 10 / API-29 (QP1A.190711.020/1624873154),e038be81-11ad-417f-990a-cf4faa24a61b,False,False,IQ,1631440843.234999
0,could not receive ip address from ipfy,Error,/BuildNotice/0,MobileSDK,HUAWEI DUB-LX2,OpenGLES2,1.0,1.11.0,False,LowRevenueCountryBlock,LowRevenueCountryBlock,09/12/2021 09:59:02,6028e36ad1e80652e41054ca,609d69021c511f4b1d4df1c4,com.pregnantcatemma.virtualpet,1.0,iv,Android OS 8.1.0 / API-27 (HUAWEIDUB-LX2/140(C636)),14a3d655-ee5f-4d4a-95c6-0665fec1a763,False,False,IQ,1631440843.333904
0,An error occurred while sending the request,Error,/BuildNotice/0,MobileSDK,HUAWEI DUB-LX2,OpenGLES2,1.0,1.11.0,False,LowRevenueCountryBlock,LowRevenueCountryBlock,09/12/2021 09:59:02,6028e36ad1e80652e41054ca,609d69021c511f4b1d4df1c4,com.pregnantcatemma.virtualpet,1.0,iv,Android OS 8.1.0 / API-27 (HUAWEIDUB-LX2/140(C636)),14a3d655-ee5f-4d4a-95c6-0665fec1a763,False,False,IQ,1631440843.351251
0,could not receive ip address from ipfy,Error,/BuildNotice/0,MobileSDK,Realme RMX1821,OpenGLES2,1.0,1.11.0,False,LowRevenueCountryBlock,LowRevenueCountryBlock,09/12/2021 10:00:10,6028e36ad1e80652e41054ca,609d69021c511f4b1d4df1c4,com.pregnantcatemma.virtualpet,1.0,iv,Android OS 10 / API-29 (QP1A.190711.020/1624873154),e038be81-11ad-417f-990a-cf4faa24a61b,False,False,IQ,1631440843.395417
0,could not receive ip address from ipfy,Error,/BuildNotice/0,MobileSDK,samsung SM-A307FN,OpenGLES2,1.0,1.11.0,False,Programmatic1,Programmatic,12.09.2021 10:00:41,6028e36ad1e80652e41054ca,6028e407a1ba2a0d3d760566,com.mytalkingcatemma.ballerinagames,1.0,ru,Android OS 11 / API-30 (RP1A.200720.012/A307FNXXS2CUH4),279297b4-f16b-47de-8558-d59322e20605,False,False,PK,1631440843.430263
0,An error occurred while sending the request,Error,/BuildNotice/0,MobileSDK,samsung SM-A307FN,OpenGLES2,1.0,1.11.0,False,Programmatic1,Programmatic,12.09.2021 10:00:41,6028e36ad1e80652e41054ca,6028e407a1ba2a0d3d760566,com.mytalkingcatemma.ballerinagames,1.0,ru,Android OS 11 / API-30 (RP1A.200720.012/A307FNXXS2CUH4),279297b4-f16b-47de-8558-d59322e20605,False,False,PK,1631440843.482279
0,An error occurred while sending the request,Error,/BuildNotice/0,MobileSDK,Realme RMX1821,OpenGLES2,1.0,1.11.0,False,LowRevenueCountryBlock,LowRevenueCountryBlock,09/12/2021 10:00:10,6028e36ad1e80652e41054ca,609d69021c511f4b1d4df1c4,com.pregnantcatemma.virtualpet,1.0,iv,Android OS 10 / API-29 (QP1A.190711.020/1624873154),e038be81-11ad-417f-990a-cf4faa24a61b,False,False,IQ,1631440843.539562
0,could not receive ip address from ipfy,Error,/BuildNotice/0,MobileSDK,HUAWEI DUB-LX2,OpenGLES2,1.0,1.11.0,False,LowRevenueCountryBlock,LowRevenueCountryBlock,09/12/2021 09:59:02,6028e36ad1e80652e41054ca,609d69021c511f4b1d4df1c4,com.pregnantcatemma.virtualpet,1.0,iv,Android OS 8.1.0 / API-27 (HUAWEIDUB-LX2/140(C636)),14a3d655-ee5f-4d4a-95c6-0665fec1a763,False,False,IQ,1631440843.605246
0,An error occurred while sending the request,Error,/BuildNotice/0,MobileSDK,HUAWEI DUB-LX2,OpenGLES2,1.0,1.11.0,False,LowRevenueCountryBlock,LowRevenueCountryBlock,09/12/2021 09:59:02,6028e36ad1e80652e41054ca,609d69021c511f4b1d4df1c4,com.pregnantcatemma.virtualpet,1.0,iv,Android OS 8.1.0 / API-27 (HUAWEIDUB-LX2/140(C636)),14a3d655-ee5f-4d4a-95c6-0665fec1a763,False,False,IQ,1631440843.646197
0,could not receive ip address from ipfy,Error,/BuildNotice/0,MobileSDK,Realme RMX1821,OpenGLES2,1.0,1.11.0,False,LowRevenueCountryBlock,LowRevenueCountryBlock,09/12/2021 10:00:11,6028e36ad1e80652e41054ca,609d69021c511f4b1d4df1c4,com.pregnantcatemma.virtualpet,1.0,iv,Android OS 10 / API-29 (QP1A.190711.020/1624873154),e038be81-11ad-417f-990a-cf4faa24a61b,False,False,IQ,1631440843.680681
0,could not receive ip address from ipfy,Error,/BuildNotice/0,MobileSDK,samsung SM-A307FN,OpenGLES2,1.0,1.11.0,False,Programmatic1,Programmatic,12.09.2021 10:00:42,6028e36ad1e80652e41054ca,6028e407a1ba2a0d3d760566,com.mytalkingcatemma.ballerinagames,1.0,ru,Android OS 11 / API-30 (RP1A.200720.012/A307FNXXS2CUH4),279297b4-f16b-47de-8558-d59322e20605,False,False,PK,1631440843.718964
0,An error occurred while sending the request,Error,/BuildNotice/0,MobileSDK,samsung SM-A307FN,OpenGLES2,1.0,1.11.0,False,Programmatic1,Programmatic,12.09.2021 10:00:42,6028e36ad1e80652e41054ca,6028e407a1ba2a0d3d760566,com.mytalkingcatemma.ballerinagames,1.0,ru,Android OS 11 / API-30 (RP1A.200720.012/A307FNXXS2CUH4),279297b4-f16b-47de-8558-d59322e20605,False,False,PK,1631440843.780524
0,An error occurred while sending the request,Error,/BuildNotice/0,MobileSDK,Realme RMX1821,OpenGLES2,1.0,1.11.0,False,LowRevenueCountryBlock,LowRevenueCountryBlock,09/12/2021 10:00:11,6028e36ad1e80652e41054ca,609d69021c511f4b1d4df1c4,com.pregnantcatemma.virtualpet,1.0,iv,Android OS 10 / API-29 (QP1A.190711.020/1624873154),e038be81-11ad-417f-990a-cf4faa24a61b,False,False,IQ,1631440843.824976
0,could not receive ip address from ipfy,Error,/BuildNotice/0,MobileSDK,HUAWEI DUB-LX2,OpenGLES2,1.0,1.11.0,False,LowRevenueCountryBlock,LowRevenueCountryBlock,09/12/2021 09:59:03,6028e36ad1e80652e41054ca,609d69021c511f4b1d4df1c4,com.pregnantcatemma.virtualpet,1.0,iv,Android OS 8.1.0 / API-27 (HUAWEIDUB-LX2/140(C636)),14a3d655-ee5f-4d4a-95c6-0665fec1a763,False,False,IQ,1631440843.876338
0,An error occurred while sending the request,Error,/BuildNotice/0,MobileSDK,HUAWEI DUB-LX2,OpenGLES2,1.0,1.11.0,False,LowRevenueCountryBlock,LowRevenueCountryBlock,09/12/2021 09:59:03,6028e36ad1e80652e41054ca,609d69021c511f4b1d4df1c4,com.pregnantcatemma.virtualpet,1.0,iv,Android OS 8.1.0 / API-27 (HUAWEIDUB-LX2/140(C636)),14a3d655-ee5f-4d4a-95c6-0665fec1a763,False,False,IQ,1631440844.008345
0,could not receive ip address from ipfy,Error,/BuildNotice/0,MobileSDK,Realme RMX1821,OpenGLES2,1.0,1.11.0,False,LowRevenueCountryBlock,LowRevenueCountryBlock,09/12/2021 10:00:11,6028e36ad1e80652e41054ca,609d69021c511f4b1d4df1c4,com.pregnantcatemma.virtualpet,1.0,iv,Android OS 10 / API-29 (QP1A.190711.020/1624873154),e038be81-11ad-417f-990a-cf4faa24a61b,False,False,IQ,1631440844.08115
0,could not receive ip address from ipfy,Error,/BuildNotice/0,MobileSDK,samsung SM-A307FN,OpenGLES2,1.0,1.11.0,False,Programmatic1,Programmatic,12.09.2021 10:00:42,6028e36ad1e80652e41054ca,6028e407a1ba2a0d3d760566,com.mytalkingcatemma.ballerinagames,1.0,ru,Android OS 11 / API-30 (RP1A.200720.012/A307FNXXS2CUH4),279297b4-f16b-47de-8558-d59322e20605,False,False,PK,1631440844.095508
0,An error occurred while sending the request,Error,/BuildNotice/0,MobileSDK,samsung SM-A307FN,OpenGLES2,1.0,1.11.0,False,Programmatic1,Programmatic,12.09.2021 10:00:42,6028e36ad1e80652e41054ca,6028e407a1ba2a0d3d760566,com.mytalkingcatemma.ballerinagames,1.0,ru,Android OS 11 / API-30 (RP1A.200720.012/A307FNXXS2CUH4),279297b4-f16b-47de-8558-d59322e20605,False,False,PK,1631440844.181374
0,An error occurred while sending the request,Error,/BuildNotice/0,MobileSDK,Realme RMX1821,OpenGLES2,1.0,1.11.0,False,LowRevenueCountryBlock,LowRevenueCountryBlock,09/12/2021 10:00:11,6028e36ad1e80652e41054ca,609d69021c511f4b1d4df1c4,com.pregnantcatemma.virtualpet,1.0,iv,Android OS 10 / API-29 (QP1A.190711.020/1624873154),e038be81-11ad-417f-990a-cf4faa24a61b,False,False,IQ,1631440844.197362
0,could not receive ip address from ipfy,Error,/BuildNotice/0,MobileSDK,HUAWEI DUB-LX2,OpenGLES2,1.0,1.11.0,False,LowRevenueCountryBlock,LowRevenueCountryBlock,09/12/2021 09:59:03,6028e36ad1e80652e41054ca,609d69021c511f4b1d4df1c4,com.pregnantcatemma.virtualpet,1.0,iv,Android OS 8.1.0 / API-27 (HUAWEIDUB-LX2/140(C636)),14a3d655-ee5f-4d4a-95c6-0665fec1a763,False,False,IQ,1631440844.259722
0,An error occurred while sending the request,Error,/BuildNotice/0,MobileSDK,HUAWEI DUB-LX2,OpenGLES2,1.0,1.11.0,False,LowRevenueCountryBlock,LowRevenueCountryBlock,09/12/2021 09:59:03,6028e36ad1e80652e41054ca,609d69021c511f4b1d4df1c4,com.pregnantcatemma.virtualpet,1.0,iv,Android OS 8.1.0 / API-27 (HUAWEIDUB-LX2/140(C636)),14a3d655-ee5f-4d4a-95c6-0665fec1a763,False,False,IQ,1631440844.283652
0,could not receive ip address from ipfy,Error,/BuildNotice/0,MobileSDK,Realme RMX1821,OpenGLES2,1.0,1.11.0,False,LowRevenueCountryBlock,LowRevenueCountryBlock,09/12/2021 10:00:11,6028e36ad1e80652e41054ca,609d69021c511f4b1d4df1c4,com.pregnantcatemma.virtualpet,1.0,iv,Android OS 10 / API-29 (QP1A.190711.020/1624873154),e038be81-11ad-417f-990a-cf4faa24a61b,False,False,IQ,1631440844.337337
0,could not receive ip address from ipfy,Error,/BuildNotice/0,MobileSDK,samsung SM-A307FN,OpenGLES2,1.0,1.11.0,False,Programmatic1,Programmatic,12.09.2021 10:00:42,6028e36ad1e80652e41054ca,6028e407a1ba2a0d3d760566,com.mytalkingcatemma.ballerinagames,1.0,ru,Android OS 11 / API-30 (RP1A.200720.012/A307FNXXS2CUH4),279297b4-f16b-47de-8558-d59322e20605,False,False,PK,1631440844.350819
0,An error occurred while sending the request,Error,/BuildNotice/0,MobileSDK,samsung SM-A307FN,OpenGLES2,1.0,1.11.0,False,Programmatic1,Programmatic,12.09.2021 10:00:42,6028e36ad1e80652e41054ca,6028e407a1ba2a0d3d760566,com.mytalkingcatemma.ballerinagames,1.0,ru,Android OS 11 / API-30 (RP1A.200720.012/A307FNXXS2CUH4),279297b4-f16b-47de-8558-d59322e20605,False,False,PK,1631440844.424316
0,An error occurred while sending the request,Error,/BuildNotice/0,MobileSDK,Realme RMX1821,OpenGLES2,1.0,1.11.0,False,LowRevenueCountryBlock,LowRevenueCountryBlock,09/12/2021 10:00:11,6028e36ad1e80652e41054ca,609d69021c511f4b1d4df1c4,com.pregnantcatemma.virtualpet,1.0,iv,Android OS 10 / API-29 (QP1A.190711.020/1624873154),e038be81-11ad-417f-990a-cf4faa24a61b,False,False,IQ,1631440844.48114
0,could not receive ip address from ipfy,Error,/BuildNotice/0,MobileSDK,HUAWEI DUB-LX2,OpenGLES2,1.0,1.11.0,False,LowRevenueCountryBlock,LowRevenueCountryBlock,09/12/2021 09:59:03,6028e36ad1e80652e41054ca,609d69021c511f4b1d4df1c4,com.pregnantcatemma.virtualpet,1.0,iv,Android OS 8.1.0 / API-27 (HUAWEIDUB-LX2/140(C636)),14a3d655-ee5f-4d4a-95c6-0665fec1a763,False,False,IQ,1631440844.540266
0,An error occurred while sending the request,Error,/BuildNotice/0,MobileSDK,HUAWEI DUB-LX2,OpenGLES2,1.0,1.11.0,False,LowRevenueCountryBlock,LowRevenueCountryBlock,09/12/2021 09:59:03,6028e36ad1e80652e41054ca,609d69021c511f4b1d4df1c4,com.pregnantcatemma.virtualpet,1.0,iv,Android OS 8.1.0 / API-27 (HUAWEIDUB-LX2/140(C636)),14a3d655-ee5f-4d4a-95c6-0665fec1a763,False,False,IQ,1631440844.557567
0,could not receive ip address from ipfy,Error,/BuildNotice/0,MobileSDK,Realme RMX1821,OpenGLES2,1.0,1.11.0,False,LowRevenueCountryBlock,LowRevenueCountryBlock,09/12/2021 10:00:12,6028e36ad1e80652e41054ca,609d69021c511f4b1d4df1c4,com.pregnantcatemma.virtualpet,1.0,iv,Android OS 10 / API-29 (QP1A.190711.020/1624873154),e038be81-11ad-417f-990a-cf4faa24a61b,False,False,IQ,1631440844.594616
0,An error occurred while sending the request,Error,/BuildNotice/0,MobileSDK,Realme RMX1821,OpenGLES2,1.0,1.11.0,False,LowRevenueCountryBlock,LowRevenueCountryBlock,09/12/2021 10:00:12,6028e36ad1e80652e41054ca,609d69021c511f4b1d4df1c4,com.pregnantcatemma.virtualpet,1.0,iv,Android OS 10 / API-29 (QP1A.190711.020/1624873154),e038be81-11ad-417f-990a-cf4faa24a61b,False,False,IQ,1631440844.737762
0,could not receive ip address from ipfy,Error,/BuildNotice/0,MobileSDK,HUAWEI DUB-LX2,OpenGLES2,1.0,1.11.0,False,LowRevenueCountryBlock,LowRevenueCountryBlock,09/12/2021 09:59:03,6028e36ad1e80652e41054ca,609d69021c511f4b1d4df1c4,com.pregnantcatemma.virtualpet,1.0,iv,Android OS 8.1.0 / API-27 (HUAWEIDUB-LX2/140(C636)),14a3d655-ee5f-4d4a-95c6-0665fec1a763,False,False,IQ,1631440844.821564
0,An error occurred while sending the request,Error,/BuildNotice/0,MobileSDK,HUAWEI DUB-LX2,OpenGLES2,1.0,1.11.0,False,LowRevenueCountryBlock,LowRevenueCountryBlock,09/12/2021 09:59:03,6028e36ad1e80652e41054ca,609d69021c511f4b1d4df1c4,com.pregnantcatemma.virtualpet,1.0,iv,Android OS 8.1.0 / API-27 (HUAWEIDUB-LX2/140(C636)),14a3d655-ee5f-4d4a-95c6-0665fec1a763,False,False,IQ,1631440844.84881
0,could not receive ip address from ipfy,Error,/BuildNotice/0,MobileSDK,Realme RMX1821,OpenGLES2,1.0,1.11.0,False,LowRevenueCountryBlock,LowRevenueCountryBlock,09/12/2021 10:00:12,6028e36ad1e80652e41054ca,609d69021c511f4b1d4df1c4,com.pregnantcatemma.virtualpet,1.0,iv,Android OS 10 / API-29 (QP1A.190711.020/1624873154),e038be81-11ad-417f-990a-cf4faa24a61b,False,False,IQ,1631440844.8639
0,could not receive ip address from ipfy,Error,/BuildNotice/0,MobileSDK,samsung SM-A307FN,OpenGLES2,1.0,1.11.0,False,Programmatic1,Programmatic,12.09.2021 10:00:43,6028e36ad1e80652e41054ca,6028e407a1ba2a0d3d760566,com.mytalkingcatemma.ballerinagames,1.0,ru,Android OS 11 / API-30 (RP1A.200720.012/A307FNXXS2CUH4),279297b4-f16b-47de-8558-d59322e20605,False,False,PK,1631440844.938473
0,An error occurred while sending the request,Error,/BuildNotice/0,MobileSDK,samsung SM-A307FN,OpenGLES2,1.0,1.11.0,False,Programmatic1,Programmatic,12.09.2021 10:00:43,6028e36ad1e80652e41054ca,6028e407a1ba2a0d3d760566,com.mytalkingcatemma.ballerinagames,1.0,ru,Android OS 11 / API-30 (RP1A.200720.012/A307FNXXS2CUH4),279297b4-f16b-47de-8558-d59322e20605,False,False,PK,1631440844.962119
0,An error occurred while sending the request,Error,/BuildNotice/0,MobileSDK,Realme RMX1821,OpenGLES2,1.0,1.11.0,False,LowRevenueCountryBlock,LowRevenueCountryBlock,09/12/2021 10:00:12,6028e36ad1e80652e41054ca,609d69021c511f4b1d4df1c4,com.pregnantcatemma.virtualpet,1.0,iv,Android OS 10 / API-29 (QP1A.190711.020/1624873154),e038be81-11ad-417f-990a-cf4faa24a61b,False,False,IQ,1631440844.994863
0,could not receive ip address from ipfy,Error,/BuildNotice/0,MobileSDK,HUAWEI DUB-LX2,OpenGLES2,1.0,1.11.0,False,LowRevenueCountryBlock,LowRevenueCountryBlock,09/12/2021 09:59:04,6028e36ad1e80652e41054ca,609d69021c511f4b1d4df1c4,com.pregnantcatemma.virtualpet,1.0,iv,Android OS 8.1.0 / API-27 (HUAWEIDUB-LX2/140(C636)),14a3d655-ee5f-4d4a-95c6-0665fec1a763,False,False,IQ,1631440845.096867
0,An error occurred while sending the request,Error,/BuildNotice/0,MobileSDK,HUAWEI DUB-LX2,OpenGLES2,1.0,1.11.0,False,LowRevenueCountryBlock,LowRevenueCountryBlock,09/12/2021 09:59:04,6028e36ad1e80652e41054ca,609d69021c511f4b1d4df1c4,com.pregnantcatemma.virtualpet,1.0,iv,Android OS 8.1.0 / API-27 (HUAWEIDUB-LX2/140(C636)),14a3d655-ee5f-4d4a-95c6-0665fec1a763,False,False,IQ,1631440845.115289
0,could not receive ip address from ipfy,Error,/BuildNotice/0,MobileSDK,Realme RMX1821,OpenGLES2,1.0,1.11.0,False,LowRevenueCountryBlock,LowRevenueCountryBlock,09/12/2021 10:00:12,6028e36ad1e80652e41054ca,609d69021c511f4b1d4df1c4,com.pregnantcatemma.virtualpet,1.0,iv,Android OS 10 / API-29 (QP1A.190711.020/1624873154),e038be81-11ad-417f-990a-cf4faa24a61b,False,False,IQ,1631440845.134904
0,could not receive ip address from ipfy,Error,/BuildNotice/0,MobileSDK,samsung SM-A307FN,OpenGLES2,1.0,1.11.0,False,Programmatic1,Programmatic,12.09.2021 10:00:43,6028e36ad1e80652e41054ca,6028e407a1ba2a0d3d760566,com.mytalkingcatemma.ballerinagames,1.0,ru,Android OS 11 / API-30 (RP1A.200720.012/A307FNXXS2CUH4),279297b4-f16b-47de-8558-d59322e20605,False,False,PK,1631440845.210645
0,An error occurred while sending the request,Error,/BuildNotice/0,MobileSDK,samsung SM-A307FN,OpenGLES2,1.0,1.11.0,False,Programmatic1,Programmatic,12.09.2021 10:00:43,6028e36ad1e80652e41054ca,6028e407a1ba2a0d3d760566,com.mytalkingcatemma.ballerinagames,1.0,ru,Android OS 11 / API-30 (RP1A.200720.012/A307FNXXS2CUH4),279297b4-f16b-47de-8558-d59322e20605,False,False,PK,1631440845.230099
0,An error occurred while sending the request,Error,/BuildNotice/0,MobileSDK,Realme RMX1821,OpenGLES2,1.0,1.11.0,False,LowRevenueCountryBlock,LowRevenueCountryBlock,09/12/2021 10:00:12,6028e36ad1e80652e41054ca,609d69021c511f4b1d4df1c4,com.pregnantcatemma.virtualpet,1.0,iv,Android OS 10 / API-29 (QP1A.190711.020/1624873154),e038be81-11ad-417f-990a-cf4faa24a61b,False,False,IQ,1631440845.282743
0,could not receive ip address from ipfy,Error,/BuildNotice/0,MobileSDK,HUAWEI DUB-LX2,OpenGLES2,1.0,1.11.0,False,LowRevenueCountryBlock,LowRevenueCountryBlock,09/12/2021 09:59:04,6028e36ad1e80652e41054ca,609d69021c511f4b1d4df1c4,com.pregnantcatemma.virtualpet,1.0,iv,Android OS 8.1.0 / API-27 (HUAWEIDUB-LX2/140(C636)),14a3d655-ee5f-4d4a-95c6-0665fec1a763,False,False,IQ,1631440845.585747
0,An error occurred while sending the request,Error,/BuildNotice/0,MobileSDK,HUAWEI DUB-LX2,OpenGLES2,1.0,1.11.0,False,LowRevenueCountryBlock,LowRevenueCountryBlock,09/12/2021 09:59:04,6028e36ad1e80652e41054ca,609d69021c511f4b1d4df1c4,com.pregnantcatemma.virtualpet,1.0,iv,Android OS 8.1.0 / API-27 (HUAWEIDUB-LX2/140(C636)),14a3d655-ee5f-4d4a-95c6-0665fec1a763,False,False,IQ,1631440845.600791
0,could not receive ip address from ipfy,Error,/BuildNotice/0,MobileSDK,Realme RMX1821,OpenGLES2,1.0,1.11.0,False,LowRevenueCountryBlock,LowRevenueCountryBlock,09/12/2021 10:00:12,6028e36ad1e80652e41054ca,609d69021c511f4b1d4df1c4,com.pregnantcatemma.virtualpet,1.0,iv,Android OS 10 / API-29 (QP1A.190711.020/1624873154),e038be81-11ad-417f-990a-cf4faa24a61b,False,False,IQ,1631440845.699626
0,An error occurred while sending the request,Error,/BuildNotice/0,MobileSDK,Realme RMX1821,OpenGLES2,1.0,1.11.0,False,LowRevenueCountryBlock,LowRevenueCountryBlock,09/12/2021 10:00:12,6028e36ad1e80652e41054ca,609d69021c511f4b1d4df1c4,com.pregnantcatemma.virtualpet,1.0,iv,Android OS 10 / API-29 (QP1A.190711.020/1624873154),e038be81-11ad-417f-990a-cf4faa24a61b,False,False,IQ,1631440845.713052
0,could not receive ip address from ipfy,Error,/BuildNotice/0,MobileSDK,HUAWEI DUB-LX2,OpenGLES2,1.0,1.11.0,False,LowRevenueCountryBlock,LowRevenueCountryBlock,09/12/2021 09:59:04,6028e36ad1e80652e41054ca,609d69021c511f4b1d4df1c4,com.pregnantcatemma.virtualpet,1.0,iv,Android OS 8.1.0 / API-27 (HUAWEIDUB-LX2/140(C636)),14a3d655-ee5f-4d4a-95c6-0665fec1a763,False,False,IQ,1631440845.860895
0,could not receive ip address from ipfy,Error,/BuildNotice/0,MobileSDK,Realme RMX1821,OpenGLES2,1.0,1.11.0,False,LowRevenueCountryBlock,LowRevenueCountryBlock,09/12/2021 10:00:13,6028e36ad1e80652e41054ca,609d69021c511f4b1d4df1c4,com.pregnantcatemma.virtualpet,1.0,iv,Android OS 10 / API-29 (QP1A.190711.020/1624873154),e038be81-11ad-417f-990a-cf4faa24a61b,False,False,IQ,1631440845.956875
0,An error occurred while sending the request,Error,/BuildNotice/0,MobileSDK,HUAWEI DUB-LX2,OpenGLES2,1.0,1.11.0,False,LowRevenueCountryBlock,LowRevenueCountryBlock,09/12/2021 09:59:04,6028e36ad1e80652e41054ca,609d69021c511f4b1d4df1c4,com.pregnantcatemma.virtualpet,1.0,iv,Android OS 8.1.0 / API-27 (HUAWEIDUB-LX2/140(C636)),14a3d655-ee5f-4d4a-95c6-0665fec1a763,False,False,IQ,1631440845.995512
0,could not receive ip address from ipfy,Error,/BuildNotice/0,MobileSDK,samsung SM-A307FN,OpenGLES2,1.0,1.11.0,False,Programmatic1,Programmatic,12.09.2021 10:00:44,6028e36ad1e80652e41054ca,6028e407a1ba2a0d3d760566,com.mytalkingcatemma.ballerinagames,1.0,ru,Android OS 11 / API-30 (RP1A.200720.012/A307FNXXS2CUH4),279297b4-f16b-47de-8558-d59322e20605,False,False,PK,1631440846.034611
0,An error occurred while sending the request,Error,/BuildNotice/0,MobileSDK,samsung SM-A307FN,OpenGLES2,1.0,1.11.0,False,Programmatic1,Programmatic,12.09.2021 10:00:44,6028e36ad1e80652e41054ca,6028e407a1ba2a0d3d760566,com.mytalkingcatemma.ballerinagames,1.0,ru,Android OS 11 / API-30 (RP1A.200720.012/A307FNXXS2CUH4),279297b4-f16b-47de-8558-d59322e20605,False,False,PK,1631440846.060999
0,An error occurred while sending the request,Error,/BuildNotice/0,MobileSDK,Realme RMX1821,OpenGLES2,1.0,1.11.0,False,LowRevenueCountryBlock,LowRevenueCountryBlock,09/12/2021 10:00:13,6028e36ad1e80652e41054ca,609d69021c511f4b1d4df1c4,com.pregnantcatemma.virtualpet,1.0,iv,Android OS 10 / API-29 (QP1A.190711.020/1624873154),e038be81-11ad-417f-990a-cf4faa24a61b,False,False,IQ,1631440846.082874
0,could not receive ip address from ipfy,Error,/BuildNotice/0,MobileSDK,HUAWEI DUB-LX2,OpenGLES2,1.0,1.11.0,False,LowRevenueCountryBlock,LowRevenueCountryBlock,09/12/2021 09:59:04,6028e36ad1e80652e41054ca,609d69021c511f4b1d4df1c4,com.pregnantcatemma.virtualpet,1.0,iv,Android OS 8.1.0 / API-27 (HUAWEIDUB-LX2/140(C636)),14a3d655-ee5f-4d4a-95c6-0665fec1a763,False,False,IQ,1631440846.150598
0,could not receive ip address from ipfy,Error,/BuildNotice/0,MobileSDK,Realme RMX1821,OpenGLES2,1.0,1.11.0,False,LowRevenueCountryBlock,LowRevenueCountryBlock,09/12/2021 10:00:13,6028e36ad1e80652e41054ca,609d69021c511f4b1d4df1c4,com.pregnantcatemma.virtualpet,1.0,iv,Android OS 10 / API-29 (QP1A.190711.020/1624873154),e038be81-11ad-417f-990a-cf4faa24a61b,False,False,IQ,1631440846.211514
0,An error occurred while sending the request,Error,/BuildNotice/0,MobileSDK,HUAWEI DUB-LX2,OpenGLES2,1.0,1.11.0,False,LowRevenueCountryBlock,LowRevenueCountryBlock,09/12/2021 09:59:04,6028e36ad1e80652e41054ca,609d69021c511f4b1d4df1c4,com.pregnantcatemma.virtualpet,1.0,iv,Android OS 8.1.0 / API-27 (HUAWEIDUB-LX2/140(C636)),14a3d655-ee5f-4d4a-95c6-0665fec1a763,False,False,IQ,1631440846.27094
0,An error occurred while sending the request,Error,/BuildNotice/0,MobileSDK,Realme RMX1821,OpenGLES2,1.0,1.11.0,False,LowRevenueCountryBlock,LowRevenueCountryBlock,09/12/2021 10:00:13,6028e36ad1e80652e41054ca,609d69021c511f4b1d4df1c4,com.pregnantcatemma.virtualpet,1.0,iv,Android OS 10 / API-29 (QP1A.190711.020/1624873154),e038be81-11ad-417f-990a-cf4faa24a61b,False,False,IQ,1631440846.343233
0,could not receive ip address from ipfy,Error,/BuildNotice/0,MobileSDK,HUAWEI DUB-LX2,OpenGLES2,1.0,1.11.0,False,LowRevenueCountryBlock,LowRevenueCountryBlock,09/12/2021 09:59:05,6028e36ad1e80652e41054ca,609d69021c511f4b1d4df1c4,com.pregnantcatemma.virtualpet,1.0,iv,Android OS 8.1.0 / API-27 (HUAWEIDUB-LX2/140(C636)),14a3d655-ee5f-4d4a-95c6-0665fec1a763,False,False,IQ,1631440846.424827
0,An error occurred while sending the request,Error,/BuildNotice/0,MobileSDK,HUAWEI DUB-LX2,OpenGLES2,1.0,1.11.0,False,LowRevenueCountryBlock,LowRevenueCountryBlock,09/12/2021 09:59:05,6028e36ad1e80652e41054ca,609d69021c511f4b1d4df1c4,com.pregnantcatemma.virtualpet,1.0,iv,Android OS 8.1.0 / API-27 (HUAWEIDUB-LX2/140(C636)),14a3d655-ee5f-4d4a-95c6-0665fec1a763,False,False,IQ,1631440846.551424
0,could not receive ip address from ipfy,Error,/BuildNotice/0,MobileSDK,Realme RMX1821,OpenGLES2,1.0,1.11.0,False,LowRevenueCountryBlock,LowRevenueCountryBlock,09/12/2021 10:00:13,6028e36ad1e80652e41054ca,609d69021c511f4b1d4df1c4,com.pregnantcatemma.virtualpet,1.0,iv,Android OS 10 / API-29 (QP1A.190711.020/1624873154),e038be81-11ad-417f-990a-cf4faa24a61b,False,False,IQ,1631440846.591188
0,An error occurred while sending the request,Error,/BuildNotice/0,MobileSDK,Realme RMX1821,OpenGLES2,1.0,1.11.0,False,LowRevenueCountryBlock,LowRevenueCountryBlock,09/12/2021 10:00:13,6028e36ad1e80652e41054ca,609d69021c511f4b1d4df1c4,com.pregnantcatemma.virtualpet,1.0,iv,Android OS 10 / API-29 (QP1A.190711.020/1624873154),e038be81-11ad-417f-990a-cf4faa24a61b,False,False,IQ,1631440846.627497
0,could not receive ip address from ipfy,Error,/BuildNotice/0,MobileSDK,samsung SM-A307FN,OpenGLES2,1.0,1.11.0,False,Programmatic1,Programmatic,12.09.2021 10:00:45,6028e36ad1e80652e41054ca,6028e407a1ba2a0d3d760566,com.mytalkingcatemma.ballerinagames,1.0,ru,Android OS 11 / API-30 (RP1A.200720.012/A307FNXXS2CUH4),279297b4-f16b-47de-8558-d59322e20605,False,False,PK,1631440846.801956
0,An error occurred while sending the request,Error,/BuildNotice/0,MobileSDK,samsung SM-A307FN,OpenGLES2,1.0,1.11.0,False,Programmatic1,Programmatic,12.09.2021 10:00:45,6028e36ad1e80652e41054ca,6028e407a1ba2a0d3d760566,com.mytalkingcatemma.ballerinagames,1.0,ru,Android OS 11 / API-30 (RP1A.200720.012/A307FNXXS2CUH4),279297b4-f16b-47de-8558-d59322e20605,False,False,PK,1631440846.81805
0,could not receive ip address from ipfy,Error,/BuildNotice/0,MobileSDK,Realme RMX1821,OpenGLES2,1.0,1.11.0,False,LowRevenueCountryBlock,LowRevenueCountryBlock,09/12/2021 10:00:13,6028e36ad1e80652e41054ca,609d69021c511f4b1d4df1c4,com.pregnantcatemma.virtualpet,1.0,iv,Android OS 10 / API-29 (QP1A.190711.020/1624873154),e038be81-11ad-417f-990a-cf4faa24a61b,False,False,IQ,1631440846.859838
0,An error occurred while sending the request,Error,/BuildNotice/0,MobileSDK,Realme RMX1821,OpenGLES2,1.0,1.11.0,False,LowRevenueCountryBlock,LowRevenueCountryBlock,09/12/2021 10:00:13,6028e36ad1e80652e41054ca,609d69021c511f4b1d4df1c4,com.pregnantcatemma.virtualpet,1.0,iv,Android OS 10 / API-29 (QP1A.190711.020/1624873154),e038be81-11ad-417f-990a-cf4faa24a61b,False,False,IQ,1631440846.884286
0,could not receive ip address from ipfy,Error,/BuildNotice/0,MobileSDK,samsung SM-A107F,OpenGLES2,1.0,1.11.0,False,Programmatic1,Programmatic,12/09/2021 10:00:47 AM,6028e36ad1e80652e41054ca,6028e407a1ba2a0d3d760566,com.mytalkingcatemma.ballerinagames,1.0,en,Android OS 11 / API-30 (RP1A.200720.012/A107FXXU8CUG3),ce4af260-dd28-4a62-8aae-9c65ea88a54e,False,False,PH,1631440847.098228
0,could not receive ip address from ipfy,Error,/BuildNotice/0,MobileSDK,samsung SM-A307FN,OpenGLES2,1.0,1.11.0,False,Programmatic1,Programmatic,12.09.2021 10:00:45,6028e36ad1e80652e41054ca,6028e407a1ba2a0d3d760566,com.mytalkingcatemma.ballerinagames,1.0,ru,Android OS 11 / API-30 (RP1A.200720.012/A307FNXXS2CUH4),279297b4-f16b-47de-8558-d59322e20605,False,False,PK,1631440847.116628
0,An error occurred while sending the request,Error,/BuildNotice/0,MobileSDK,samsung SM-A107F,OpenGLES2,1.0,1.11.0,False,Programmatic1,Programmatic,12/09/2021 10:00:47 AM,6028e36ad1e80652e41054ca,6028e407a1ba2a0d3d760566,com.mytalkingcatemma.ballerinagames,1.0,en,Android OS 11 / API-30 (RP1A.200720.012/A107FXXU8CUG3),ce4af260-dd28-4a62-8aae-9c65ea88a54e,False,False,PH,1631440847.180716
0,An error occurred while sending the request,Error,/BuildNotice/0,MobileSDK,samsung SM-A307FN,OpenGLES2,1.0,1.11.0,False,Programmatic1,Programmatic,12.09.2021 10:00:45,6028e36ad1e80652e41054ca,6028e407a1ba2a0d3d760566,com.mytalkingcatemma.ballerinagames,1.0,ru,Android OS 11 / API-30 (RP1A.200720.012/A307FNXXS2CUH4),279297b4-f16b-47de-8558-d59322e20605,False,False,PK,1631440847.194216
0,could not receive ip address from ipfy,Error,/BuildNotice/0,MobileSDK,Realme RMX1821,OpenGLES2,1.0,1.11.0,False,LowRevenueCountryBlock,LowRevenueCountryBlock,09/12/2021 10:00:13,6028e36ad1e80652e41054ca,609d69021c511f4b1d4df1c4,com.pregnantcatemma.virtualpet,1.0,iv,Android OS 10 / API-29 (QP1A.190711.020/1624873154),e038be81-11ad-417f-990a-cf4faa24a61b,False,False,IQ,1631440847.207734
0,An error occurred while sending the request,Error,/BuildNotice/0,MobileSDK,Realme RMX1821,OpenGLES2,1.0,1.11.0,False,LowRevenueCountryBlock,LowRevenueCountryBlock,09/12/2021 10:00:13,6028e36ad1e80652e41054ca,609d69021c511f4b1d4df1c4,com.pregnantcatemma.virtualpet,1.0,iv,Android OS 10 / API-29 (QP1A.190711.020/1624873154),e038be81-11ad-417f-990a-cf4faa24a61b,False,False,IQ,1631440847.22356
0,could not receive ip address from ipfy,Error,/BuildNotice/0,MobileSDK,Realme RMX1821,OpenGLES2,1.0,1.11.0,False,LowRevenueCountryBlock,LowRevenueCountryBlock,09/12/2021 10:00:13,6028e36ad1e80652e41054ca,609d69021c511f4b1d4df1c4,com.pregnantcatemma.virtualpet,1.0,iv,Android OS 10 / API-29 (QP1A.190711.020/1624873154),e038be81-11ad-417f-990a-cf4faa24a61b,False,False,IQ,1631440847.46317
0,An error occurred while sending the request,Error,/BuildNotice/0,MobileSDK,Realme RMX1821,OpenGLES2,1.0,1.11.0,False,LowRevenueCountryBlock,LowRevenueCountryBlock,09/12/2021 10:00:13,6028e36ad1e80652e41054ca,609d69021c511f4b1d4df1c4,com.pregnantcatemma.virtualpet,1.0,iv,Android OS 10 / API-29 (QP1A.190711.020/1624873154),e038be81-11ad-417f-990a-cf4faa24a61b,False,False,IQ,1631440847.533897
0,could not receive ip address from ipfy,Error,/BuildNotice/0,MobileSDK,Realme RMX1821,OpenGLES2,1.0,1.11.0,False,LowRevenueCountryBlock,LowRevenueCountryBlock,09/12/2021 10:00:14,6028e36ad1e80652e41054ca,609d69021c511f4b1d4df1c4,com.pregnantcatemma.virtualpet,1.0,iv,Android OS 10 / API-29 (QP1A.190711.020/1624873154),e038be81-11ad-417f-990a-cf4faa24a61b,False,False,IQ,1631440847.718362
0,could not receive ip address from ipfy,Error,/BuildNotice/0,MobileSDK,samsung SM-A307FN,OpenGLES2,1.0,1.11.0,False,Programmatic1,Programmatic,12.09.2021 10:00:46,6028e36ad1e80652e41054ca,6028e407a1ba2a0d3d760566,com.mytalkingcatemma.ballerinagames,1.0,ru,Android OS 11 / API-30 (RP1A.200720.012/A307FNXXS2CUH4),279297b4-f16b-47de-8558-d59322e20605,False,False,PK,1631440847.783945
0,An error occurred while sending the request,Error,/BuildNotice/0,MobileSDK,samsung SM-A307FN,OpenGLES2,1.0,1.11.0,False,Programmatic1,Programmatic,12.09.2021 10:00:46,6028e36ad1e80652e41054ca,6028e407a1ba2a0d3d760566,com.mytalkingcatemma.ballerinagames,1.0,ru,Android OS 11 / API-30 (RP1A.200720.012/A307FNXXS2CUH4),279297b4-f16b-47de-8558-d59322e20605,False,False,PK,1631440847.798136
0,An error occurred while sending the request,Error,/BuildNotice/0,MobileSDK,Realme RMX1821,OpenGLES2,1.0,1.11.0,False,LowRevenueCountryBlock,LowRevenueCountryBlock,09/12/2021 10:00:14,6028e36ad1e80652e41054ca,609d69021c511f4b1d4df1c4,com.pregnantcatemma.virtualpet,1.0,iv,Android OS 10 / API-29 (QP1A.190711.020/1624873154),e038be81-11ad-417f-990a-cf4faa24a61b,False,False,IQ,1631440847.814832
0,could not receive ip address from ipfy,Error,/BuildNotice/0,MobileSDK,Realme RMX1821,OpenGLES2,1.0,1.11.0,False,LowRevenueCountryBlock,LowRevenueCountryBlock,09/12/2021 10:00:14,6028e36ad1e80652e41054ca,609d69021c511f4b1d4df1c4,com.pregnantcatemma.virtualpet,1.0,iv,Android OS 10 / API-29 (QP1A.190711.020/1624873154),e038be81-11ad-417f-990a-cf4faa24a61b,False,False,IQ,1631440847.975333
0,could not receive ip address from ipfy,Error,/BuildNotice/0,MobileSDK,samsung SM-A307FN,OpenGLES2,1.0,1.11.0,False,Programmatic1,Programmatic,12.09.2021 10:00:46,6028e36ad1e80652e41054ca,6028e407a1ba2a0d3d760566,com.mytalkingcatemma.ballerinagames,1.0,ru,Android OS 11 / API-30 (RP1A.200720.012/A307FNXXS2CUH4),279297b4-f16b-47de-8558-d59322e20605,False,False,PK,1631440848.077674
0,An error occurred while sending the request,Error,/BuildNotice/0,MobileSDK,samsung SM-A307FN,OpenGLES2,1.0,1.11.0,False,Programmatic1,Programmatic,12.09.2021 10:00:46,6028e36ad1e80652e41054ca,6028e407a1ba2a0d3d760566,com.mytalkingcatemma.ballerinagames,1.0,ru,Android OS 11 / API-30 (RP1A.200720.012/A307FNXXS2CUH4),279297b4-f16b-47de-8558-d59322e20605,False,False,PK,1631440848.102528
0,An error occurred while sending the request,Error,/BuildNotice/0,MobileSDK,Realme RMX1821,OpenGLES2,1.0,1.11.0,False,LowRevenueCountryBlock,LowRevenueCountryBlock,09/12/2021 10:00:14,6028e36ad1e80652e41054ca,609d69021c511f4b1d4df1c4,com.pregnantcatemma.virtualpet,1.0,iv,Android OS 10 / API-29 (QP1A.190711.020/1624873154),e038be81-11ad-417f-990a-cf4faa24a61b,False,False,IQ,1631440848.122939
0,could not receive ip address from ipfy,Error,/BuildNotice/0,MobileSDK,Realme RMX1821,OpenGLES2,1.0,1.11.0,False,LowRevenueCountryBlock,LowRevenueCountryBlock,09/12/2021 10:00:14,6028e36ad1e80652e41054ca,609d69021c511f4b1d4df1c4,com.pregnantcatemma.virtualpet,1.0,iv,Android OS 10 / API-29 (QP1A.190711.020/1624873154),e038be81-11ad-417f-990a-cf4faa24a61b,False,False,IQ,1631440848.229225
0,An error occurred while sending the request,Error,/BuildNotice/0,MobileSDK,Realme RMX1821,OpenGLES2,1.0,1.11.0,False,LowRevenueCountryBlock,LowRevenueCountryBlock,09/12/2021 10:00:14,6028e36ad1e80652e41054ca,609d69021c511f4b1d4df1c4,com.pregnantcatemma.virtualpet,1.0,iv,Android OS 10 / API-29 (QP1A.190711.020/1624873154),e038be81-11ad-417f-990a-cf4faa24a61b,False,False,IQ,1631440848.386243
0,could not receive ip address from ipfy,Error,/BuildNotice/0,MobileSDK,Realme RMX1821,OpenGLES2,1.0,1.11.0,False,LowRevenueCountryBlock,LowRevenueCountryBlock,09/12/2021 10:00:15,6028e36ad1e80652e41054ca,609d69021c511f4b1d4df1c4,com.pregnantcatemma.virtualpet,1.0,iv,Android OS 10 / API-29 (QP1A.190711.020/1624873154),e038be81-11ad-417f-990a-cf4faa24a61b,False,False,IQ,1631440848.490251
0,An error occurred while sending the request,Error,/BuildNotice/0,MobileSDK,Xiaomi MI PLAY,OpenGLES2,1.0,1.11.0,False,LowRevenueCountryBlock,LowRevenueCountryBlock,12.09.2021 9:57:20,6028e36ad1e80652e41054ca,6028e407a1ba2a0d3d760566,com.mytalkingcatemma.ballerinagames,1.0,ru,Android OS 8.1.0 / API-27 (O11019/V11.0.10.0.OFIMIXM),16b86e6b-d71c-46bc-80ce-72f6b0bc6861,False,False,BD,1631440848.619022
0,could not receive ip address from ipfy,Error,/BuildNotice/0,MobileSDK,Xiaomi MI PLAY,OpenGLES2,1.0,1.11.0,False,LowRevenueCountryBlock,LowRevenueCountryBlock,12.09.2021 9:57:20,6028e36ad1e80652e41054ca,6028e407a1ba2a0d3d760566,com.mytalkingcatemma.ballerinagames,1.0,ru,Android OS 8.1.0 / API-27 (O11019/V11.0.10.0.OFIMIXM),16b86e6b-d71c-46bc-80ce-72f6b0bc6861,False,False,BD,1631440848.637246
0,An error occurred while sending the request,Error,/BuildNotice/0,MobileSDK,Realme RMX1821,OpenGLES2,1.0,1.11.0,False,LowRevenueCountryBlock,LowRevenueCountryBlock,09/12/2021 10:00:15,6028e36ad1e80652e41054ca,609d69021c511f4b1d4df1c4,com.pregnantcatemma.virtualpet,1.0,iv,Android OS 10 / API-29 (QP1A.190711.020/1624873154),e038be81-11ad-417f-990a-cf4faa24a61b,False,False,IQ,1631440848.651807
0,could not receive ip address from ipfy,Error,/BuildNotice/0,MobileSDK,Realme RMX1821,OpenGLES2,1.0,1.11.0,False,LowRevenueCountryBlock,LowRevenueCountryBlock,09/12/2021 10:00:15,6028e36ad1e80652e41054ca,609d69021c511f4b1d4df1c4,com.pregnantcatemma.virtualpet,1.0,iv,Android OS 10 / API-29 (QP1A.190711.020/1624873154),e038be81-11ad-417f-990a-cf4faa24a61b,False,False,IQ,1631440848.749565
0,could not receive ip address from ipfy,Error,/BuildNotice/0,MobileSDK,samsung SM-A307FN,OpenGLES2,1.0,1.11.0,False,Programmatic1,Programmatic,12.09.2021 10:00:46,6028e36ad1e80652e41054ca,6028e407a1ba2a0d3d760566,com.mytalkingcatemma.ballerinagames,1.0,ru,Android OS 11 / API-30 (RP1A.200720.012/A307FNXXS2CUH4),279297b4-f16b-47de-8558-d59322e20605,False,False,PK,1631440848.775817
0,An error occurred while sending the request,Error,/BuildNotice/0,MobileSDK,samsung SM-A307FN,OpenGLES2,1.0,1.11.0,False,Programmatic1,Programmatic,12.09.2021 10:00:46,6028e36ad1e80652e41054ca,6028e407a1ba2a0d3d760566,com.mytalkingcatemma.ballerinagames,1.0,ru,Android OS 11 / API-30 (RP1A.200720.012/A307FNXXS2CUH4),279297b4-f16b-47de-8558-d59322e20605,False,False,PK,1631440848.808604
0,An error occurred while sending the request,Error,/BuildNotice/0,MobileSDK,Realme RMX1821,OpenGLES2,1.0,1.11.0,False,LowRevenueCountryBlock,LowRevenueCountryBlock,09/12/2021 10:00:15,6028e36ad1e80652e41054ca,609d69021c511f4b1d4df1c4,com.pregnantcatemma.virtualpet,1.0,iv,Android OS 10 / API-29 (QP1A.190711.020/1624873154),e038be81-11ad-417f-990a-cf4faa24a61b,False,False,IQ,1631440848.925465
0,could not receive ip address from ipfy,Error,/BuildNotice/0,MobileSDK,Realme RMX1821,OpenGLES2,1.0,1.11.0,False,LowRevenueCountryBlock,LowRevenueCountryBlock,09/12/2021 10:00:15,6028e36ad1e80652e41054ca,609d69021c511f4b1d4df1c4,com.pregnantcatemma.virtualpet,1.0,iv,Android OS 10 / API-29 (QP1A.190711.020/1624873154),e038be81-11ad-417f-990a-cf4faa24a61b,False,False,IQ,1631440849.007629
0,could not receive ip address from ipfy,Error,/BuildNotice/0,MobileSDK,samsung SM-A307FN,OpenGLES2,1.0,1.11.0,False,Programmatic1,Programmatic,12.09.2021 10:00:47,6028e36ad1e80652e41054ca,6028e407a1ba2a0d3d760566,com.mytalkingcatemma.ballerinagames,1.0,ru,Android OS 11 / API-30 (RP1A.200720.012/A307FNXXS2CUH4),279297b4-f16b-47de-8558-d59322e20605,False,False,PK,1631440849.024634
0,An error occurred while sending the request,Error,/BuildNotice/0,MobileSDK,samsung SM-A307FN,OpenGLES2,1.0,1.11.0,False,Programmatic1,Programmatic,12.09.2021 10:00:47,6028e36ad1e80652e41054ca,6028e407a1ba2a0d3d760566,com.mytalkingcatemma.ballerinagames,1.0,ru,Android OS 11 / API-30 (RP1A.200720.012/A307FNXXS2CUH4),279297b4-f16b-47de-8558-d59322e20605,False,False,PK,1631440849.061177
0,An error occurred while sending the request,Error,/BuildNotice/0,MobileSDK,Xiaomi MI PLAY,OpenGLES2,1.0,1.11.0,False,LowRevenueCountryBlock,LowRevenueCountryBlock,12.09.2021 9:57:51,6028e36ad1e80652e41054ca,6028e407a1ba2a0d3d760566,com.mytalkingcatemma.ballerinagames,1.0,ru,Android OS 8.1.0 / API-27 (O11019/V11.0.10.0.OFIMIXM),16b86e6b-d71c-46bc-80ce-72f6b0bc6861,False,False,BD,1631440849.08313
0,could not receive ip address from ipfy,Error,/BuildNotice/0,MobileSDK,Xiaomi MI PLAY,OpenGLES2,1.0,1.11.0,False,LowRevenueCountryBlock,LowRevenueCountryBlock,12.09.2021 9:57:51,6028e36ad1e80652e41054ca,6028e407a1ba2a0d3d760566,com.mytalkingcatemma.ballerinagames,1.0,ru,Android OS 8.1.0 / API-27 (O11019/V11.0.10.0.OFIMIXM),16b86e6b-d71c-46bc-80ce-72f6b0bc6861,False,False,BD,1631440849.103587
0,An error occurred while sending the request,Error,/BuildNotice/0,MobileSDK,Realme RMX1821,OpenGLES2,1.0,1.11.0,False,LowRevenueCountryBlock,LowRevenueCountryBlock,09/12/2021 10:00:15,6028e36ad1e80652e41054ca,609d69021c511f4b1d4df1c4,com.pregnantcatemma.virtualpet,1.0,iv,Android OS 10 / API-29 (QP1A.190711.020/1624873154),e038be81-11ad-417f-990a-cf4faa24a61b,False,False,IQ,1631440849.183156
0,could not receive ip address from ipfy,Error,/BuildNotice/0,MobileSDK,Realme RMX1821,OpenGLES2,1.0,1.11.0,False,LowRevenueCountryBlock,LowRevenueCountryBlock,09/12/2021 10:00:15,6028e36ad1e80652e41054ca,609d69021c511f4b1d4df1c4,com.pregnantcatemma.virtualpet,1.0,iv,Android OS 10 / API-29 (QP1A.190711.020/1624873154),e038be81-11ad-417f-990a-cf4faa24a61b,False,False,IQ,1631440849.267002
0,could not receive ip address from ipfy,Error,/BuildNotice/0,MobileSDK,samsung SM-A307FN,OpenGLES2,1.0,1.11.0,False,Programmatic1,Programmatic,12.09.2021 10:00:47,6028e36ad1e80652e41054ca,6028e407a1ba2a0d3d760566,com.mytalkingcatemma.ballerinagames,1.0,ru,Android OS 11 / API-30 (RP1A.200720.012/A307FNXXS2CUH4),279297b4-f16b-47de-8558-d59322e20605,False,False,PK,1631440849.284428
0,An error occurred while sending the request,Error,/BuildNotice/0,MobileSDK,samsung SM-A307FN,OpenGLES2,1.0,1.11.0,False,Programmatic1,Programmatic,12.09.2021 10:00:47,6028e36ad1e80652e41054ca,6028e407a1ba2a0d3d760566,com.mytalkingcatemma.ballerinagames,1.0,ru,Android OS 11 / API-30 (RP1A.200720.012/A307FNXXS2CUH4),279297b4-f16b-47de-8558-d59322e20605,False,False,PK,1631440849.318628
0,An error occurred while sending the request,Error,/BuildNotice/0,MobileSDK,Realme RMX1821,OpenGLES2,1.0,1.11.0,False,LowRevenueCountryBlock,LowRevenueCountryBlock,09/12/2021 10:00:15,6028e36ad1e80652e41054ca,609d69021c511f4b1d4df1c4,com.pregnantcatemma.virtualpet,1.0,iv,Android OS 10 / API-29 (QP1A.190711.020/1624873154),e038be81-11ad-417f-990a-cf4faa24a61b,False,False,IQ,1631440849.44292
0,could not receive ip address from ipfy,Error,/BuildNotice/0,MobileSDK,Realme RMX1821,OpenGLES2,1.0,1.11.0,False,LowRevenueCountryBlock,LowRevenueCountryBlock,09/12/2021 10:00:15,6028e36ad1e80652e41054ca,609d69021c511f4b1d4df1c4,com.pregnantcatemma.virtualpet,1.0,iv,Android OS 10 / API-29 (QP1A.190711.020/1624873154),e038be81-11ad-417f-990a-cf4faa24a61b,False,False,IQ,1631440849.525687
0,could not receive ip address from ipfy,Error,/BuildNotice/0,MobileSDK,samsung SM-A307FN,OpenGLES2,1.0,1.11.0,False,Programmatic1,Programmatic,12.09.2021 10:00:47,6028e36ad1e80652e41054ca,6028e407a1ba2a0d3d760566,com.mytalkingcatemma.ballerinagames,1.0,ru,Android OS 11 / API-30 (RP1A.200720.012/A307FNXXS2CUH4),279297b4-f16b-47de-8558-d59322e20605,False,False,PK,1631440849.541082
0,An error occurred while sending the request,Error,/BuildNotice/0,MobileSDK,samsung SM-A307FN,OpenGLES2,1.0,1.11.0,False,Programmatic1,Programmatic,12.09.2021 10:00:47,6028e36ad1e80652e41054ca,6028e407a1ba2a0d3d760566,com.mytalkingcatemma.ballerinagames,1.0,ru,Android OS 11 / API-30 (RP1A.200720.012/A307FNXXS2CUH4),279297b4-f16b-47de-8558-d59322e20605,False,False,PK,1631440849.57401
0,could not receive ip address from ipfy,Error,/BuildNotice/0,MobileSDK,Xiaomi MI PLAY,OpenGLES2,1.0,1.11.0,False,LowRevenueCountryBlock,LowRevenueCountryBlock,12.09.2021 9:58:21,6028e36ad1e80652e41054ca,6028e407a1ba2a0d3d760566,com.mytalkingcatemma.ballerinagames,1.0,ru,Android OS 8.1.0 / API-27 (O11019/V11.0.10.0.OFIMIXM),16b86e6b-d71c-46bc-80ce-72f6b0bc6861,False,False,BD,1631440849.699457
0,An error occurred while sending the request,Error,/BuildNotice/0,MobileSDK,Realme RMX1821,OpenGLES2,1.0,1.11.0,False,LowRevenueCountryBlock,LowRevenueCountryBlock,09/12/2021 10:00:15,6028e36ad1e80652e41054ca,609d69021c511f4b1d4df1c4,com.pregnantcatemma.virtualpet,1.0,iv,Android OS 10 / API-29 (QP1A.190711.020/1624873154),e038be81-11ad-417f-990a-cf4faa24a61b,False,False,IQ,1631440849.713751
0,An error occurred while sending the request,Error,/BuildNotice/0,MobileSDK,Xiaomi MI PLAY,OpenGLES2,1.0,1.11.0,False,LowRevenueCountryBlock,LowRevenueCountryBlock,12.09.2021 9:58:21,6028e36ad1e80652e41054ca,6028e407a1ba2a0d3d760566,com.mytalkingcatemma.ballerinagames,1.0,ru,Android OS 8.1.0 / API-27 (O11019/V11.0.10.0.OFIMIXM),16b86e6b-d71c-46bc-80ce-72f6b0bc6861,False,False,BD,1631440849.731819
0,could not receive ip address from ipfy,Error,/BuildNotice/0,MobileSDK,Realme RMX1821,OpenGLES2,1.0,1.11.0,False,LowRevenueCountryBlock,LowRevenueCountryBlock,09/12/2021 10:00:16,6028e36ad1e80652e41054ca,609d69021c511f4b1d4df1c4,com.pregnantcatemma.virtualpet,1.0,iv,Android OS 10 / API-29 (QP1A.190711.020/1624873154),e038be81-11ad-417f-990a-cf4faa24a61b,False,False,IQ,1631440849.781061
0,could not receive ip address from ipfy,Error,/BuildNotice/0,MobileSDK,samsung SM-A307FN,OpenGLES2,1.0,1.11.0,False,Programmatic1,Programmatic,12.09.2021 10:00:48,6028e36ad1e80652e41054ca,6028e407a1ba2a0d3d760566,com.mytalkingcatemma.ballerinagames,1.0,ru,Android OS 11 / API-30 (RP1A.200720.012/A307FNXXS2CUH4),279297b4-f16b-47de-8558-d59322e20605,False,False,PK,1631440849.796725
0,An error occurred while sending the request,Error,/BuildNotice/0,MobileSDK,Realme RMX1821,OpenGLES2,1.0,1.11.0,False,LowRevenueCountryBlock,LowRevenueCountryBlock,09/12/2021 10:00:16,6028e36ad1e80652e41054ca,609d69021c511f4b1d4df1c4,com.pregnantcatemma.virtualpet,1.0,iv,Android OS 10 / API-29 (QP1A.190711.020/1624873154),e038be81-11ad-417f-990a-cf4faa24a61b,False,False,IQ,1631440849.972701
0,could not receive ip address from ipfy,Error,/BuildNotice/0,MobileSDK,Realme RMX1821,OpenGLES2,1.0,1.11.0,False,LowRevenueCountryBlock,LowRevenueCountryBlock,09/12/2021 10:00:16,6028e36ad1e80652e41054ca,609d69021c511f4b1d4df1c4,com.pregnantcatemma.virtualpet,1.0,iv,Android OS 10 / API-29 (QP1A.190711.020/1624873154),e038be81-11ad-417f-990a-cf4faa24a61b,False,False,IQ,1631440850.035324
0,An error occurred while sending the request,Error,/BuildNotice/0,MobileSDK,samsung SM-A307FN,OpenGLES2,1.0,1.11.0,False,Programmatic1,Programmatic,12.09.2021 10:00:48,6028e36ad1e80652e41054ca,6028e407a1ba2a0d3d760566,com.mytalkingcatemma.ballerinagames,1.0,ru,Android OS 11 / API-30 (RP1A.200720.012/A307FNXXS2CUH4),279297b4-f16b-47de-8558-d59322e20605,False,False,PK,1631440850.050078
0,could not receive ip address from ipfy,Error,/BuildNotice/0,MobileSDK,samsung SM-A107F,OpenGLES2,1.0,1.11.0,False,Programmatic1,Programmatic,12/09/2021 10:00:50 AM,6028e36ad1e80652e41054ca,6028e407a1ba2a0d3d760566,com.mytalkingcatemma.ballerinagames,1.0,en,Android OS 11 / API-30 (RP1A.200720.012/A107FXXU8CUG3),ce4af260-dd28-4a62-8aae-9c65ea88a54e,False,False,PH,1631440850.069819
0,An error occurred while sending the request,Error,/BuildNotice/0,MobileSDK,samsung SM-A107F,OpenGLES2,1.0,1.11.0,False,Programmatic1,Programmatic,12/09/2021 10:00:50 AM,6028e36ad1e80652e41054ca,6028e407a1ba2a0d3d760566,com.mytalkingcatemma.ballerinagames,1.0,en,Android OS 11 / API-30 (RP1A.200720.012/A107FXXU8CUG3),ce4af260-dd28-4a62-8aae-9c65ea88a54e,False,False,PH,1631440850.108186
0,An error occurred while sending the request,Error,/BuildNotice/0,MobileSDK,Realme RMX1821,OpenGLES2,1.0,1.11.0,False,LowRevenueCountryBlock,LowRevenueCountryBlock,09/12/2021 10:00:16,6028e36ad1e80652e41054ca,609d69021c511f4b1d4df1c4,com.pregnantcatemma.virtualpet,1.0,iv,Android OS 10 / API-29 (QP1A.190711.020/1624873154),e038be81-11ad-417f-990a-cf4faa24a61b,False,False,IQ,1631440850.230456
0,could not receive ip address from ipfy,Error,/BuildNotice/0,MobileSDK,samsung SM-A307FN,OpenGLES2,1.0,1.11.0,False,Programmatic1,Programmatic,12.09.2021 10:00:48,6028e36ad1e80652e41054ca,6028e407a1ba2a0d3d760566,com.mytalkingcatemma.ballerinagames,1.0,ru,Android OS 11 / API-30 (RP1A.200720.012/A307FNXXS2CUH4),279297b4-f16b-47de-8558-d59322e20605,False,False,PK,1631440850.287338
0,could not receive ip address from ipfy,Error,/BuildNotice/0,MobileSDK,Realme RMX1821,OpenGLES2,1.0,1.11.0,False,LowRevenueCountryBlock,LowRevenueCountryBlock,09/12/2021 10:00:16,6028e36ad1e80652e41054ca,609d69021c511f4b1d4df1c4,com.pregnantcatemma.virtualpet,1.0,iv,Android OS 10 / API-29 (QP1A.190711.020/1624873154),e038be81-11ad-417f-990a-cf4faa24a61b,False,False,IQ,1631440850.413816
0,An error occurred while sending the request,Error,/BuildNotice/0,MobileSDK,samsung SM-A307FN,OpenGLES2,1.0,1.11.0,False,Programmatic1,Programmatic,12.09.2021 10:00:48,6028e36ad1e80652e41054ca,6028e407a1ba2a0d3d760566,com.mytalkingcatemma.ballerinagames,1.0,ru,Android OS 11 / API-30 (RP1A.200720.012/A307FNXXS2CUH4),279297b4-f16b-47de-8558-d59322e20605,False,False,PK,1631440850.425345
0,An error occurred while sending the request,Error,/BuildNotice/0,MobileSDK,Realme RMX1821,OpenGLES2,1.0,1.11.0,False,LowRevenueCountryBlock,LowRevenueCountryBlock,09/12/2021 10:00:16,6028e36ad1e80652e41054ca,609d69021c511f4b1d4df1c4,com.pregnantcatemma.virtualpet,1.0,iv,Android OS 10 / API-29 (QP1A.190711.020/1624873154),e038be81-11ad-417f-990a-cf4faa24a61b,False,False,IQ,1631440850.487554
0,could not receive ip address from ipfy,Error,/BuildNotice/0,MobileSDK,Realme RMX1821,OpenGLES2,1.0,1.11.0,False,LowRevenueCountryBlock,LowRevenueCountryBlock,09/12/2021 10:00:16,6028e36ad1e80652e41054ca,609d69021c511f4b1d4df1c4,com.pregnantcatemma.virtualpet,1.0,iv,Android OS 10 / API-29 (QP1A.190711.020/1624873154),e038be81-11ad-417f-990a-cf4faa24a61b,False,False,IQ,1631440850.66486
0,could not receive ip address from ipfy,Error,/BuildNotice/0,MobileSDK,samsung SM-A307FN,OpenGLES2,1.0,1.11.0,False,Programmatic1,Programmatic,12.09.2021 10:00:49,6028e36ad1e80652e41054ca,6028e407a1ba2a0d3d760566,com.mytalkingcatemma.ballerinagames,1.0,ru,Android OS 11 / API-30 (RP1A.200720.012/A307FNXXS2CUH4),279297b4-f16b-47de-8558-d59322e20605,False,False,PK,1631440850.702138
0,An error occurred while sending the request,Error,/BuildNotice/0,MobileSDK,samsung SM-A307FN,OpenGLES2,1.0,1.11.0,False,Programmatic1,Programmatic,12.09.2021 10:00:49,6028e36ad1e80652e41054ca,6028e407a1ba2a0d3d760566,com.mytalkingcatemma.ballerinagames,1.0,ru,Android OS 11 / API-30 (RP1A.200720.012/A307FNXXS2CUH4),279297b4-f16b-47de-8558-d59322e20605,False,False,PK,1631440850.721073
0,An error occurred while sending the request,Error,/BuildNotice/0,MobileSDK,Realme RMX1821,OpenGLES2,1.0,1.11.0,False,LowRevenueCountryBlock,LowRevenueCountryBlock,09/12/2021 10:00:16,6028e36ad1e80652e41054ca,609d69021c511f4b1d4df1c4,com.pregnantcatemma.virtualpet,1.0,iv,Android OS 10 / API-29 (QP1A.190711.020/1624873154),e038be81-11ad-417f-990a-cf4faa24a61b,False,False,IQ,1631440850.751113
0,could not receive ip address from ipfy,Error,/BuildNotice/0,MobileSDK,Realme RMX1821,OpenGLES2,1.0,1.11.0,False,LowRevenueCountryBlock,LowRevenueCountryBlock,09/12/2021 10:00:16,6028e36ad1e80652e41054ca,609d69021c511f4b1d4df1c4,com.pregnantcatemma.virtualpet,1.0,iv,Android OS 10 / API-29 (QP1A.190711.020/1624873154),e038be81-11ad-417f-990a-cf4faa24a61b,False,False,IQ,1631440850.920259
0,could not receive ip address from ipfy,Error,/BuildNotice/0,MobileSDK,samsung SM-A307FN,OpenGLES2,1.0,1.11.0,False,Programmatic1,Programmatic,12.09.2021 10:00:49,6028e36ad1e80652e41054ca,6028e407a1ba2a0d3d760566,com.mytalkingcatemma.ballerinagames,1.0,ru,Android OS 11 / API-30 (RP1A.200720.012/A307FNXXS2CUH4),279297b4-f16b-47de-8558-d59322e20605,False,False,PK,1631440851.02924
0,An error occurred while sending the request,Error,/BuildNotice/0,MobileSDK,Realme RMX1821,OpenGLES2,1.0,1.11.0,False,LowRevenueCountryBlock,LowRevenueCountryBlock,09/12/2021 10:00:16,6028e36ad1e80652e41054ca,609d69021c511f4b1d4df1c4,com.pregnantcatemma.virtualpet,1.0,iv,Android OS 10 / API-29 (QP1A.190711.020/1624873154),e038be81-11ad-417f-990a-cf4faa24a61b,False,False,IQ,1631440851.045685
0,An error occurred while sending the request,Error,/BuildNotice/0,MobileSDK,Xiaomi MI PLAY,OpenGLES2,1.0,1.11.0,False,LowRevenueCountryBlock,LowRevenueCountryBlock,12.09.2021 10:00:24,6028e36ad1e80652e41054ca,6028e407a1ba2a0d3d760566,com.mytalkingcatemma.ballerinagames,1.0,ru,Android OS 8.1.0 / API-27 (O11019/V11.0.10.0.OFIMIXM),16b86e6b-d71c-46bc-80ce-72f6b0bc6861,False,False,BD,1631440851.058841
0,could not receive ip address from ipfy,Error,/BuildNotice/0,MobileSDK,Xiaomi MI PLAY,OpenGLES2,1.0,1.11.0,False,LowRevenueCountryBlock,LowRevenueCountryBlock,12.09.2021 10:00:24,6028e36ad1e80652e41054ca,6028e407a1ba2a0d3d760566,com.mytalkingcatemma.ballerinagames,1.0,ru,Android OS 8.1.0 / API-27 (O11019/V11.0.10.0.OFIMIXM),16b86e6b-d71c-46bc-80ce-72f6b0bc6861,False,False,BD,1631440851.081999
0,An error occurred while sending the request,Error,/BuildNotice/0,MobileSDK,samsung SM-A307FN,OpenGLES2,1.0,1.11.0,False,Programmatic1,Programmatic,12.09.2021 10:00:49,6028e36ad1e80652e41054ca,6028e407a1ba2a0d3d760566,com.mytalkingcatemma.ballerinagames,1.0,ru,Android OS 11 / API-30 (RP1A.200720.012/A307FNXXS2CUH4),279297b4-f16b-47de-8558-d59322e20605,False,False,PK,1631440851.095934
0,could not receive ip address from ipfy,Error,/BuildNotice/0,MobileSDK,Realme RMX1821,OpenGLES2,1.0,1.11.0,False,LowRevenueCountryBlock,LowRevenueCountryBlock,09/12/2021 10:00:17,6028e36ad1e80652e41054ca,609d69021c511f4b1d4df1c4,com.pregnantcatemma.virtualpet,1.0,iv,Android OS 10 / API-29 (QP1A.190711.020/1624873154),e038be81-11ad-417f-990a-cf4faa24a61b,False,False,IQ,1631440851.180426
0,An error occurred while sending the request,Error,/BuildNotice/0,MobileSDK,Realme RMX1821,OpenGLES2,1.0,1.11.0,False,LowRevenueCountryBlock,LowRevenueCountryBlock,09/12/2021 10:00:17,6028e36ad1e80652e41054ca,609d69021c511f4b1d4df1c4,com.pregnantcatemma.virtualpet,1.0,iv,Android OS 10 / API-29 (QP1A.190711.020/1624873154),e038be81-11ad-417f-990a-cf4faa24a61b,False,False,IQ,1631440851.302085
0,could not receive ip address from ipfy,Error,/BuildNotice/0,MobileSDK,samsung SM-A307FN,OpenGLES2,1.0,1.11.0,False,Programmatic1,Programmatic,12.09.2021 10:00:49,6028e36ad1e80652e41054ca,6028e407a1ba2a0d3d760566,com.mytalkingcatemma.ballerinagames,1.0,ru,Android OS 11 / API-30 (RP1A.200720.012/A307FNXXS2CUH4),279297b4-f16b-47de-8558-d59322e20605,False,False,PK,1631440851.351594
0,An error occurred while sending the request,Error,/BuildNotice/0,MobileSDK,samsung SM-A307FN,OpenGLES2,1.0,1.11.0,False,Programmatic1,Programmatic,09/12/2021 09:59:36,6028e36ad1e80652e41054ca,609d69021c511f4b1d4df1c4,com.pregnantcatemma.virtualpet,1.0,iv,Android OS 9 / API-28 (PPR1.180610.011/A307FNXXU1ASHI),ec0d93a4-d857-46b7-b6d7-343c7e8cab4c,False,False,ET,1631440852.085899
0,An error occurred while sending the request,Error,/BuildNotice/0,MobileSDK,samsung SM-A307FN,OpenGLES2,1.0,1.11.0,False,Programmatic1,Programmatic,12.09.2021 10:00:49,6028e36ad1e80652e41054ca,6028e407a1ba2a0d3d760566,com.mytalkingcatemma.ballerinagames,1.0,ru,Android OS 11 / API-30 (RP1A.200720.012/A307FNXXS2CUH4),279297b4-f16b-47de-8558-d59322e20605,False,False,PK,1631440852.098563
0,could not receive ip address from ipfy,Error,/BuildNotice/0,MobileSDK,Realme RMX1821,OpenGLES2,1.0,1.11.0,False,LowRevenueCountryBlock,LowRevenueCountryBlock,09/12/2021 10:00:17,6028e36ad1e80652e41054ca,609d69021c511f4b1d4df1c4,com.pregnantcatemma.virtualpet,1.0,iv,Android OS 10 / API-29 (QP1A.190711.020/1624873154),e038be81-11ad-417f-990a-cf4faa24a61b,False,False,IQ,1631440852.112137
0,An error occurred while sending the request,Error,/BuildNotice/0,MobileSDK,Realme RMX1821,OpenGLES2,1.0,1.11.0,False,LowRevenueCountryBlock,LowRevenueCountryBlock,09/12/2021 10:00:17,6028e36ad1e80652e41054ca,609d69021c511f4b1d4df1c4,com.pregnantcatemma.virtualpet,1.0,iv,Android OS 10 / API-29 (QP1A.190711.020/1624873154),e038be81-11ad-417f-990a-cf4faa24a61b,False,False,IQ,1631440852.182805
0,could not receive ip address from ipfy,Error,/BuildNotice/0,MobileSDK,Xiaomi MI PLAY,OpenGLES2,1.0,1.11.0,False,LowRevenueCountryBlock,LowRevenueCountryBlock,12.09.2021 10:00:24,6028e36ad1e80652e41054ca,6028e407a1ba2a0d3d760566,com.mytalkingcatemma.ballerinagames,1.0,ru,Android OS 8.1.0 / API-27 (O11019/V11.0.10.0.OFIMIXM),16b86e6b-d71c-46bc-80ce-72f6b0bc6861,False,False,BD,1631440852.196406
0,could not receive ip address from ipfy,Error,/BuildNotice/0,MobileSDK,samsung SM-A307FN,OpenGLES2,1.0,1.11.0,False,Programmatic1,Programmatic,12.09.2021 10:00:50,6028e36ad1e80652e41054ca,6028e407a1ba2a0d3d760566,com.mytalkingcatemma.ballerinagames,1.0,ru,Android OS 11 / API-30 (RP1A.200720.012/A307FNXXS2CUH4),279297b4-f16b-47de-8558-d59322e20605,False,False,PK,1631440852.211972
0,An error occurred while sending the request,Error,/BuildNotice/0,MobileSDK,samsung SM-A307FN,OpenGLES2,1.0,1.11.0,False,Programmatic1,Programmatic,12.09.2021 10:00:50,6028e36ad1e80652e41054ca,6028e407a1ba2a0d3d760566,com.mytalkingcatemma.ballerinagames,1.0,ru,Android OS 11 / API-30 (RP1A.200720.012/A307FNXXS2CUH4),279297b4-f16b-47de-8558-d59322e20605,False,False,PK,1631440852.339543
0,could not receive ip address from ipfy,Error,/BuildNotice/0,MobileSDK,HUAWEI DUB-LX2,OpenGLES2,1.0,1.11.0,False,LowRevenueCountryBlock,LowRevenueCountryBlock,09/12/2021 09:59:12,6028e36ad1e80652e41054ca,609d69021c511f4b1d4df1c4,com.pregnantcatemma.virtualpet,1.0,iv,Android OS 8.1.0 / API-27 (HUAWEIDUB-LX2/140(C636)),14a3d655-ee5f-4d4a-95c6-0665fec1a763,False,False,IQ,1631440852.380566
0,An error occurred while sending the request,Error,/BuildNotice/0,MobileSDK,HUAWEI DUB-LX2,OpenGLES2,1.0,1.11.0,False,LowRevenueCountryBlock,LowRevenueCountryBlock,09/12/2021 09:59:12,6028e36ad1e80652e41054ca,609d69021c511f4b1d4df1c4,com.pregnantcatemma.virtualpet,1.0,iv,Android OS 8.1.0 / API-27 (HUAWEIDUB-LX2/140(C636)),14a3d655-ee5f-4d4a-95c6-0665fec1a763,False,False,IQ,1631440852.395538
0,could not receive ip address from ipfy,Error,/BuildNotice/0,MobileSDK,Realme RMX1821,OpenGLES2,1.0,1.11.0,False,LowRevenueCountryBlock,LowRevenueCountryBlock,09/12/2021 10:00:17,6028e36ad1e80652e41054ca,609d69021c511f4b1d4df1c4,com.pregnantcatemma.virtualpet,1.0,iv,Android OS 10 / API-29 (QP1A.190711.020/1624873154),e038be81-11ad-417f-990a-cf4faa24a61b,False,False,IQ,1631440852.425883
0,An error occurred while sending the request,Error,/BuildNotice/0,MobileSDK,Realme RMX1821,OpenGLES2,1.0,1.11.0,False,LowRevenueCountryBlock,LowRevenueCountryBlock,09/12/2021 10:00:17,6028e36ad1e80652e41054ca,609d69021c511f4b1d4df1c4,com.pregnantcatemma.virtualpet,1.0,iv,Android OS 10 / API-29 (QP1A.190711.020/1624873154),e038be81-11ad-417f-990a-cf4faa24a61b,False,False,IQ,1631440852.491349
0,could not receive ip address from ipfy,Error,/BuildNotice/0,MobileSDK,samsung SM-A307FN,OpenGLES2,1.0,1.11.0,False,Programmatic1,Programmatic,12.09.2021 10:00:50,6028e36ad1e80652e41054ca,6028e407a1ba2a0d3d760566,com.mytalkingcatemma.ballerinagames,1.0,ru,Android OS 11 / API-30 (RP1A.200720.012/A307FNXXS2CUH4),279297b4-f16b-47de-8558-d59322e20605,False,False,PK,1631440852.536135
0,An error occurred while sending the request,Error,/BuildNotice/0,MobileSDK,Xiaomi MI PLAY,OpenGLES2,1.0,1.11.0,False,LowRevenueCountryBlock,LowRevenueCountryBlock,12.09.2021 10:00:24,6028e36ad1e80652e41054ca,6028e407a1ba2a0d3d760566,com.mytalkingcatemma.ballerinagames,1.0,ru,Android OS 8.1.0 / API-27 (O11019/V11.0.10.0.OFIMIXM),16b86e6b-d71c-46bc-80ce-72f6b0bc6861,False,False,BD,1631440852.582499
0,An error occurred while sending the request,Error,/BuildNotice/0,MobileSDK,samsung SM-A307FN,OpenGLES2,1.0,1.11.0,False,Programmatic1,Programmatic,12.09.2021 10:00:50,6028e36ad1e80652e41054ca,6028e407a1ba2a0d3d760566,com.mytalkingcatemma.ballerinagames,1.0,ru,Android OS 11 / API-30 (RP1A.200720.012/A307FNXXS2CUH4),279297b4-f16b-47de-8558-d59322e20605,False,False,PK,1631440852.598909
0,could not receive ip address from ipfy,Error,/BuildNotice/0,MobileSDK,Xiaomi MI PLAY,OpenGLES2,1.0,1.11.0,False,LowRevenueCountryBlock,LowRevenueCountryBlock,12.09.2021 10:00:46,6028e36ad1e80652e41054ca,6028e407a1ba2a0d3d760566,com.mytalkingcatemma.ballerinagames,1.0,ru,Android OS 8.1.0 / API-27 (O11019/V11.0.10.0.OFIMIXM),16b86e6b-d71c-46bc-80ce-72f6b0bc6861,False,False,BD,1631440852.617691
0,could not receive ip address from ipfy,Error,/BuildNotice/0,MobileSDK,HUAWEI DUB-LX2,OpenGLES2,1.0,1.11.0,False,LowRevenueCountryBlock,LowRevenueCountryBlock,09/12/2021 09:59:12,6028e36ad1e80652e41054ca,609d69021c511f4b1d4df1c4,com.pregnantcatemma.virtualpet,1.0,iv,Android OS 8.1.0 / API-27 (HUAWEIDUB-LX2/140(C636)),14a3d655-ee5f-4d4a-95c6-0665fec1a763,False,False,IQ,1631440852.68233
0,An error occurred while sending the request,Error,/BuildNotice/0,MobileSDK,HUAWEI DUB-LX2,OpenGLES2,1.0,1.11.0,False,LowRevenueCountryBlock,LowRevenueCountryBlock,09/12/2021 09:59:12,6028e36ad1e80652e41054ca,609d69021c511f4b1d4df1c4,com.pregnantcatemma.virtualpet,1.0,iv,Android OS 8.1.0 / API-27 (HUAWEIDUB-LX2/140(C636)),14a3d655-ee5f-4d4a-95c6-0665fec1a763,False,False,IQ,1631440852.697361
0,could not receive ip address from ipfy,Error,/BuildNotice/0,MobileSDK,Realme RMX1821,OpenGLES2,1.0,1.11.0,False,LowRevenueCountryBlock,LowRevenueCountryBlock,09/12/2021 10:00:17,6028e36ad1e80652e41054ca,609d69021c511f4b1d4df1c4,com.pregnantcatemma.virtualpet,1.0,iv,Android OS 10 / API-29 (QP1A.190711.020/1624873154),e038be81-11ad-417f-990a-cf4faa24a61b,False,False,IQ,1631440852.782412
0,An error occurred while sending the request,Error,/BuildNotice/0,MobileSDK,Realme RMX1821,OpenGLES2,1.0,1.11.0,False,LowRevenueCountryBlock,LowRevenueCountryBlock,09/12/2021 10:00:17,6028e36ad1e80652e41054ca,609d69021c511f4b1d4df1c4,com.pregnantcatemma.virtualpet,1.0,iv,Android OS 10 / API-29 (QP1A.190711.020/1624873154),e038be81-11ad-417f-990a-cf4faa24a61b,False,False,IQ,1631440852.797446
0,could not receive ip address from ipfy,Error,/BuildNotice/0,MobileSDK,HUAWEI DUB-LX2,OpenGLES2,1.0,1.11.0,False,LowRevenueCountryBlock,LowRevenueCountryBlock,09/12/2021 09:59:12,6028e36ad1e80652e41054ca,609d69021c511f4b1d4df1c4,com.pregnantcatemma.virtualpet,1.0,iv,Android OS 8.1.0 / API-27 (HUAWEIDUB-LX2/140(C636)),14a3d655-ee5f-4d4a-95c6-0665fec1a763,False,False,IQ,1631440852.948808
0,could not receive ip address from ipfy,Error,/BuildNotice/0,MobileSDK,Xiaomi MI PLAY,OpenGLES2,1.0,1.11.0,False,LowRevenueCountryBlock,LowRevenueCountryBlock,12.09.2021 10:00:47,6028e36ad1e80652e41054ca,6028e407a1ba2a0d3d760566,com.mytalkingcatemma.ballerinagames,1.0,ru,Android OS 8.1.0 / API-27 (O11019/V11.0.10.0.OFIMIXM),16b86e6b-d71c-46bc-80ce-72f6b0bc6861,False,False,BD,1631440852.977916
0,An error occurred while sending the request,Error,/BuildNotice/0,MobileSDK,Xiaomi MI PLAY,OpenGLES2,1.0,1.11.0,False,LowRevenueCountryBlock,LowRevenueCountryBlock,12.09.2021 10:00:46,6028e36ad1e80652e41054ca,6028e407a1ba2a0d3d760566,com.mytalkingcatemma.ballerinagames,1.0,ru,Android OS 8.1.0 / API-27 (O11019/V11.0.10.0.OFIMIXM),16b86e6b-d71c-46bc-80ce-72f6b0bc6861,False,False,BD,1631440852.995453
203,fail to get access token,Error,/Throw/0,MobileSDK,samsung SM-A307FN,OpenGLES2,1.0,1.11.0,False,Programmatic1,Programmatic,09/12/2021 10:00:04,6028e36ad1e80652e41054ca,609d69021c511f4b1d4df1c4,com.pregnantcatemma.virtualpet,1.0,iv,Android OS 9 / API-28 (PPR1.180610.011/A307FNXXU1ASHI),ec0d93a4-d857-46b7-b6d7-343c7e8cab4c,False,False,ET,1631440853.266247
0,could not receive ip address from ipfy,Error,/BuildNotice/0,MobileSDK,Realme RMX1821,OpenGLES2,1.0,1.11.0,False,LowRevenueCountryBlock,LowRevenueCountryBlock,09/12/2021 10:00:18,6028e36ad1e80652e41054ca,609d69021c511f4b1d4df1c4,com.pregnantcatemma.virtualpet,1.0,iv,Android OS 10 / API-29 (QP1A.190711.020/1624873154),e038be81-11ad-417f-990a-cf4faa24a61b,False,False,IQ,1631440853.282375
0,An error occurred while sending the request,Error,/BuildNotice/0,MobileSDK,HUAWEI DUB-LX2,OpenGLES2,1.0,1.11.0,False,LowRevenueCountryBlock,LowRevenueCountryBlock,09/12/2021 09:59:12,6028e36ad1e80652e41054ca,609d69021c511f4b1d4df1c4,com.pregnantcatemma.virtualpet,1.0,iv,Android OS 8.1.0 / API-27 (HUAWEIDUB-LX2/140(C636)),14a3d655-ee5f-4d4a-95c6-0665fec1a763,False,False,IQ,1631440853.30635
0,could not receive ip address from ipfy,Error,/BuildNotice/0,MobileSDK,samsung SM-A107F,OpenGLES2,1.0,1.11.0,False,Programmatic1,Programmatic,12/09/2021 10:00:53 AM,6028e36ad1e80652e41054ca,6028e407a1ba2a0d3d760566,com.mytalkingcatemma.ballerinagames,1.0,en,Android OS 11 / API-30 (RP1A.200720.012/A107FXXU8CUG3),ce4af260-dd28-4a62-8aae-9c65ea88a54e,False,False,PH,1631440853.320336
0,An error occurred while sending the request,Error,/BuildNotice/0,MobileSDK,samsung SM-A107F,OpenGLES2,1.0,1.11.0,False,Programmatic1,Programmatic,12/09/2021 10:00:53 AM,6028e36ad1e80652e41054ca,6028e407a1ba2a0d3d760566,com.mytalkingcatemma.ballerinagames,1.0,en,Android OS 11 / API-30 (RP1A.200720.012/A107FXXU8CUG3),ce4af260-dd28-4a62-8aae-9c65ea88a54e,False,False,PH,1631440853.382648
0,An error occurred while sending the request,Error,/BuildNotice/0,MobileSDK,Realme RMX1821,OpenGLES2,1.0,1.11.0,False,LowRevenueCountryBlock,LowRevenueCountryBlock,09/12/2021 10:00:18,6028e36ad1e80652e41054ca,609d69021c511f4b1d4df1c4,com.pregnantcatemma.virtualpet,1.0,iv,Android OS 10 / API-29 (QP1A.190711.020/1624873154),e038be81-11ad-417f-990a-cf4faa24a61b,False,False,IQ,1631440853.397163
0,could not receive ip address from ipfy,Error,/BuildNotice/0,MobileSDK,samsung SM-A307FN,OpenGLES2,1.0,1.11.0,False,Programmatic1,Programmatic,12.09.2021 10:00:51,6028e36ad1e80652e41054ca,6028e407a1ba2a0d3d760566,com.mytalkingcatemma.ballerinagames,1.0,ru,Android OS 11 / API-30 (RP1A.200720.012/A307FNXXS2CUH4),279297b4-f16b-47de-8558-d59322e20605,False,False,PK,1631440853.480162
0,could not receive ip address from ipfy,Error,/BuildNotice/0,MobileSDK,HUAWEI DUB-LX2,OpenGLES2,1.0,1.11.0,False,LowRevenueCountryBlock,LowRevenueCountryBlock,09/12/2021 09:59:13,6028e36ad1e80652e41054ca,609d69021c511f4b1d4df1c4,com.pregnantcatemma.virtualpet,1.0,iv,Android OS 8.1.0 / API-27 (HUAWEIDUB-LX2/140(C636)),14a3d655-ee5f-4d4a-95c6-0665fec1a763,False,False,IQ,1631440853.493521
0,An error occurred while sending the request,Error,/BuildNotice/0,MobileSDK,samsung SM-A307FN,OpenGLES2,1.0,1.11.0,False,Programmatic1,Programmatic,12.09.2021 10:00:51,6028e36ad1e80652e41054ca,6028e407a1ba2a0d3d760566,com.mytalkingcatemma.ballerinagames,1.0,ru,Android OS 11 / API-30 (RP1A.200720.012/A307FNXXS2CUH4),279297b4-f16b-47de-8558-d59322e20605,False,False,PK,1631440853.580449
0,An error occurred while sending the request,Error,/BuildNotice/0,MobileSDK,Xiaomi MI PLAY,OpenGLES2,1.0,1.11.0,False,LowRevenueCountryBlock,LowRevenueCountryBlock,12.09.2021 10:00:47,6028e36ad1e80652e41054ca,6028e407a1ba2a0d3d760566,com.mytalkingcatemma.ballerinagames,1.0,ru,Android OS 8.1.0 / API-27 (O11019/V11.0.10.0.OFIMIXM),16b86e6b-d71c-46bc-80ce-72f6b0bc6861,False,False,BD,1631440853.59459
0,could not receive ip address from ipfy,Error,/BuildNotice/0,MobileSDK,Xiaomi MI PLAY,OpenGLES2,1.0,1.11.0,False,LowRevenueCountryBlock,LowRevenueCountryBlock,12.09.2021 10:00:47,6028e36ad1e80652e41054ca,6028e407a1ba2a0d3d760566,com.mytalkingcatemma.ballerinagames,1.0,ru,Android OS 8.1.0 / API-27 (O11019/V11.0.10.0.OFIMIXM),16b86e6b-d71c-46bc-80ce-72f6b0bc6861,False,False,BD,1631440853.609899
0,could not receive ip address from ipfy,Error,/BuildNotice/0,MobileSDK,Realme RMX1821,OpenGLES2,1.0,1.11.0,False,LowRevenueCountryBlock,LowRevenueCountryBlock,09/12/2021 10:00:18,6028e36ad1e80652e41054ca,609d69021c511f4b1d4df1c4,com.pregnantcatemma.virtualpet,1.0,iv,Android OS 10 / API-29 (QP1A.190711.020/1624873154),e038be81-11ad-417f-990a-cf4faa24a61b,False,False,IQ,1631440853.682428
0,An error occurred while sending the request,Error,/BuildNotice/0,MobileSDK,HUAWEI DUB-LX2,OpenGLES2,1.0,1.11.0,False,LowRevenueCountryBlock,LowRevenueCountryBlock,09/12/2021 09:59:13,6028e36ad1e80652e41054ca,609d69021c511f4b1d4df1c4,com.pregnantcatemma.virtualpet,1.0,iv,Android OS 8.1.0 / API-27 (HUAWEIDUB-LX2/140(C636)),14a3d655-ee5f-4d4a-95c6-0665fec1a763,False,False,IQ,1631440853.698946
0,An error occurred while sending the request,Error,/BuildNotice/0,MobileSDK,Realme RMX1821,OpenGLES2,1.0,1.11.0,False,LowRevenueCountryBlock,LowRevenueCountryBlock,09/12/2021 10:00:18,6028e36ad1e80652e41054ca,609d69021c511f4b1d4df1c4,com.pregnantcatemma.virtualpet,1.0,iv,Android OS 10 / API-29 (QP1A.190711.020/1624873154),e038be81-11ad-417f-990a-cf4faa24a61b,False,False,IQ,1631440853.782448
0,could not receive ip address from ipfy,Error,/BuildNotice/0,MobileSDK,samsung SM-A307FN,OpenGLES2,1.0,1.11.0,False,Programmatic1,Programmatic,12.09.2021 10:00:52,6028e36ad1e80652e41054ca,6028e407a1ba2a0d3d760566,com.mytalkingcatemma.ballerinagames,1.0,ru,Android OS 11 / API-30 (RP1A.200720.012/A307FNXXS2CUH4),279297b4-f16b-47de-8558-d59322e20605,False,False,PK,1631440853.794544
0,could not receive ip address from ipfy,Error,/BuildNotice/0,MobileSDK,HUAWEI DUB-LX2,OpenGLES2,1.0,1.11.0,False,LowRevenueCountryBlock,LowRevenueCountryBlock,09/12/2021 09:59:13,6028e36ad1e80652e41054ca,609d69021c511f4b1d4df1c4,com.pregnantcatemma.virtualpet,1.0,iv,Android OS 8.1.0 / API-27 (HUAWEIDUB-LX2/140(C636)),14a3d655-ee5f-4d4a-95c6-0665fec1a763,False,False,IQ,1631440853.880505
0,An error occurred while sending the request,Error,/BuildNotice/0,MobileSDK,samsung SM-A307FN,OpenGLES2,1.0,1.11.0,False,Programmatic1,Programmatic,12.09.2021 10:00:52,6028e36ad1e80652e41054ca,6028e407a1ba2a0d3d760566,com.mytalkingcatemma.ballerinagames,1.0,ru,Android OS 11 / API-30 (RP1A.200720.012/A307FNXXS2CUH4),279297b4-f16b-47de-8558-d59322e20605,False,False,PK,1631440853.895676
0,could not receive ip address from ipfy,Error,/BuildNotice/0,MobileSDK,Realme RMX1821,OpenGLES2,1.0,1.11.0,False,LowRevenueCountryBlock,LowRevenueCountryBlock,09/12/2021 10:00:18,6028e36ad1e80652e41054ca,609d69021c511f4b1d4df1c4,com.pregnantcatemma.virtualpet,1.0,iv,Android OS 10 / API-29 (QP1A.190711.020/1624873154),e038be81-11ad-417f-990a-cf4faa24a61b,False,False,IQ,1631440853.981323
0,could not receive ip address from ipfy,Error,/BuildNotice/0,MobileSDK,samsung SM-A307FN,OpenGLES2,1.0,1.11.0,False,Programmatic1,Programmatic,12.09.2021 10:00:52,6028e36ad1e80652e41054ca,6028e407a1ba2a0d3d760566,com.mytalkingcatemma.ballerinagames,1.0,ru,Android OS 11 / API-30 (RP1A.200720.012/A307FNXXS2CUH4),279297b4-f16b-47de-8558-d59322e20605,False,False,PK,1631440854.039751
0,An error occurred while sending the request,Error,/BuildNotice/0,MobileSDK,Realme RMX1821,OpenGLES2,1.0,1.11.0,False,LowRevenueCountryBlock,LowRevenueCountryBlock,09/12/2021 10:00:18,6028e36ad1e80652e41054ca,609d69021c511f4b1d4df1c4,com.pregnantcatemma.virtualpet,1.0,iv,Android OS 10 / API-29 (QP1A.190711.020/1624873154),e038be81-11ad-417f-990a-cf4faa24a61b,False,False,IQ,1631440854.056
0,An error occurred while sending the request,Error,/BuildNotice/0,MobileSDK,HUAWEI DUB-LX2,OpenGLES2,1.0,1.11.0,False,LowRevenueCountryBlock,LowRevenueCountryBlock,09/12/2021 09:59:13,6028e36ad1e80652e41054ca,609d69021c511f4b1d4df1c4,com.pregnantcatemma.virtualpet,1.0,iv,Android OS 8.1.0 / API-27 (HUAWEIDUB-LX2/140(C636)),14a3d655-ee5f-4d4a-95c6-0665fec1a763,False,False,IQ,1631440854.082455
0,An error occurred while sending the request,Error,/BuildNotice/0,MobileSDK,Xiaomi MI PLAY,OpenGLES2,1.0,1.11.0,False,LowRevenueCountryBlock,LowRevenueCountryBlock,12.09.2021 10:00:47,6028e36ad1e80652e41054ca,6028e407a1ba2a0d3d760566,com.mytalkingcatemma.ballerinagames,1.0,ru,Android OS 8.1.0 / API-27 (O11019/V11.0.10.0.OFIMIXM),16b86e6b-d71c-46bc-80ce-72f6b0bc6861,False,False,BD,1631440854.12048
0,An error occurred while sending the request,Error,/BuildNotice/0,MobileSDK,samsung SM-A307FN,OpenGLES2,1.0,1.11.0,False,Programmatic1,Programmatic,12.09.2021 10:00:52,6028e36ad1e80652e41054ca,6028e407a1ba2a0d3d760566,com.mytalkingcatemma.ballerinagames,1.0,ru,Android OS 11 / API-30 (RP1A.200720.012/A307FNXXS2CUH4),279297b4-f16b-47de-8558-d59322e20605,False,False,PK,1631440854.183
0,could not receive ip address from ipfy,Error,/BuildNotice/0,MobileSDK,Realme RMX1821,OpenGLES2,1.0,1.11.0,False,LowRevenueCountryBlock,LowRevenueCountryBlock,09/12/2021 10:00:18,6028e36ad1e80652e41054ca,609d69021c511f4b1d4df1c4,com.pregnantcatemma.virtualpet,1.0,iv,Android OS 10 / API-29 (QP1A.190711.020/1624873154),e038be81-11ad-417f-990a-cf4faa24a61b,False,False,IQ,1631440854.237666
0,An error occurred while sending the request,Error,/BuildNotice/0,MobileSDK,Realme RMX1821,OpenGLES2,1.0,1.11.0,False,LowRevenueCountryBlock,LowRevenueCountryBlock,09/12/2021 10:00:18,6028e36ad1e80652e41054ca,609d69021c511f4b1d4df1c4,com.pregnantcatemma.virtualpet,1.0,iv,Android OS 10 / API-29 (QP1A.190711.020/1624873154),e038be81-11ad-417f-990a-cf4faa24a61b,False,False,IQ,1631440854.323389
0,could not receive ip address from ipfy,Error,/BuildNotice/0,MobileSDK,Realme RMX1821,OpenGLES2,1.0,1.11.0,False,LowRevenueCountryBlock,LowRevenueCountryBlock,09/12/2021 10:00:18,6028e36ad1e80652e41054ca,609d69021c511f4b1d4df1c4,com.pregnantcatemma.virtualpet,1.0,iv,Android OS 10 / API-29 (QP1A.190711.020/1624873154),e038be81-11ad-417f-990a-cf4faa24a61b,False,False,IQ,1631440854.491957
0,could not receive ip address from ipfy,Error,/BuildNotice/0,MobileSDK,Xiaomi MI PLAY,OpenGLES2,1.0,1.11.0,False,LowRevenueCountryBlock,LowRevenueCountryBlock,12.09.2021 10:00:48,6028e36ad1e80652e41054ca,6028e407a1ba2a0d3d760566,com.mytalkingcatemma.ballerinagames,1.0,ru,Android OS 8.1.0 / API-27 (O11019/V11.0.10.0.OFIMIXM),16b86e6b-d71c-46bc-80ce-72f6b0bc6861,False,False,BD,1631440854.531807
0,An error occurred while sending the request,Error,/BuildNotice/0,MobileSDK,Realme RMX1821,OpenGLES2,1.0,1.11.0,False,LowRevenueCountryBlock,LowRevenueCountryBlock,09/12/2021 10:00:18,6028e36ad1e80652e41054ca,609d69021c511f4b1d4df1c4,com.pregnantcatemma.virtualpet,1.0,iv,Android OS 10 / API-29 (QP1A.190711.020/1624873154),e038be81-11ad-417f-990a-cf4faa24a61b,False,False,IQ,1631440854.582012
0,could not receive ip address from ipfy,Error,/BuildNotice/0,MobileSDK,samsung SM-A307FN,OpenGLES2,1.0,1.11.0,False,Programmatic1,Programmatic,12.09.2021 10:00:53,6028e36ad1e80652e41054ca,6028e407a1ba2a0d3d760566,com.mytalkingcatemma.ballerinagames,1.0,ru,Android OS 11 / API-30 (RP1A.200720.012/A307FNXXS2CUH4),279297b4-f16b-47de-8558-d59322e20605,False,False,PK,1631440854.744875
0,could not receive ip address from ipfy,Error,/BuildNotice/0,MobileSDK,Realme RMX1821,OpenGLES2,1.0,1.11.0,False,LowRevenueCountryBlock,LowRevenueCountryBlock,09/12/2021 10:00:18,6028e36ad1e80652e41054ca,609d69021c511f4b1d4df1c4,com.pregnantcatemma.virtualpet,1.0,iv,Android OS 10 / API-29 (QP1A.190711.020/1624873154),e038be81-11ad-417f-990a-cf4faa24a61b,False,False,IQ,1631440854.756236
0,An error occurred while sending the request,Error,/BuildNotice/0,MobileSDK,samsung SM-A307FN,OpenGLES2,1.0,1.11.0,False,Programmatic1,Programmatic,12.09.2021 10:00:53,6028e36ad1e80652e41054ca,6028e407a1ba2a0d3d760566,com.mytalkingcatemma.ballerinagames,1.0,ru,Android OS 11 / API-30 (RP1A.200720.012/A307FNXXS2CUH4),279297b4-f16b-47de-8558-d59322e20605,False,False,PK,1631440854.767496
0,An error occurred while sending the request,Error,/BuildNotice/0,MobileSDK,Realme RMX1821,OpenGLES2,1.0,1.11.0,False,LowRevenueCountryBlock,LowRevenueCountryBlock,09/12/2021 10:00:19,6028e36ad1e80652e41054ca,609d69021c511f4b1d4df1c4,com.pregnantcatemma.virtualpet,1.0,iv,Android OS 10 / API-29 (QP1A.190711.020/1624873154),e038be81-11ad-417f-990a-cf4faa24a61b,False,False,IQ,1631440854.835074
0,An error occurred while sending the request,Error,/BuildNotice/0,MobileSDK,Xiaomi MI PLAY,OpenGLES2,1.0,1.11.0,False,LowRevenueCountryBlock,LowRevenueCountryBlock,12.09.2021 10:00:48,6028e36ad1e80652e41054ca,6028e407a1ba2a0d3d760566,com.mytalkingcatemma.ballerinagames,1.0,ru,Android OS 8.1.0 / API-27 (O11019/V11.0.10.0.OFIMIXM),16b86e6b-d71c-46bc-80ce-72f6b0bc6861,False,False,BD,1631440854.920354
0,could not receive ip address from ipfy,Error,/BuildNotice/0,MobileSDK,Realme RMX1821,OpenGLES2,1.0,1.11.0,False,LowRevenueCountryBlock,LowRevenueCountryBlock,09/12/2021 10:00:19,6028e36ad1e80652e41054ca,609d69021c511f4b1d4df1c4,com.pregnantcatemma.virtualpet,1.0,iv,Android OS 10 / API-29 (QP1A.190711.020/1624873154),e038be81-11ad-417f-990a-cf4faa24a61b,False,False,IQ,1631440855.010034
0,An error occurred while sending the request,Error,/BuildNotice/0,MobileSDK,Realme RMX1821,OpenGLES2,1.0,1.11.0,False,LowRevenueCountryBlock,LowRevenueCountryBlock,09/12/2021 10:00:19,6028e36ad1e80652e41054ca,609d69021c511f4b1d4df1c4,com.pregnantcatemma.virtualpet,1.0,iv,Android OS 10 / API-29 (QP1A.190711.020/1624873154),e038be81-11ad-417f-990a-cf4faa24a61b,False,False,IQ,1631440855.086413
0,could not receive ip address from ipfy,Error,/BuildNotice/0,MobileSDK,samsung SM-A307FN,OpenGLES2,1.0,1.11.0,False,Programmatic1,Programmatic,12.09.2021 10:00:53,6028e36ad1e80652e41054ca,6028e407a1ba2a0d3d760566,com.mytalkingcatemma.ballerinagames,1.0,ru,Android OS 11 / API-30 (RP1A.200720.012/A307FNXXS2CUH4),279297b4-f16b-47de-8558-d59322e20605,False,False,PK,1631440855.143003
0,An error occurred while sending the request,Error,/BuildNotice/0,MobileSDK,samsung SM-A307FN,OpenGLES2,1.0,1.11.0,False,Programmatic1,Programmatic,12.09.2021 10:00:53,6028e36ad1e80652e41054ca,6028e407a1ba2a0d3d760566,com.mytalkingcatemma.ballerinagames,1.0,ru,Android OS 11 / API-30 (RP1A.200720.012/A307FNXXS2CUH4),279297b4-f16b-47de-8558-d59322e20605,False,False,PK,1631440855.169564
0,could not receive ip address from ipfy,Error,/BuildNotice/0,MobileSDK,Realme RMX1821,OpenGLES2,1.0,1.11.0,False,LowRevenueCountryBlock,LowRevenueCountryBlock,09/12/2021 10:00:19,6028e36ad1e80652e41054ca,609d69021c511f4b1d4df1c4,com.pregnantcatemma.virtualpet,1.0,iv,Android OS 10 / API-29 (QP1A.190711.020/1624873154),e038be81-11ad-417f-990a-cf4faa24a61b,False,False,IQ,1631440855.262952
0,could not receive ip address from ipfy,Error,/BuildNotice/0,MobileSDK,Xiaomi MI PLAY,OpenGLES2,1.0,1.11.0,False,LowRevenueCountryBlock,LowRevenueCountryBlock,12.09.2021 10:00:49,6028e36ad1e80652e41054ca,6028e407a1ba2a0d3d760566,com.mytalkingcatemma.ballerinagames,1.0,ru,Android OS 8.1.0 / API-27 (O11019/V11.0.10.0.OFIMIXM),16b86e6b-d71c-46bc-80ce-72f6b0bc6861,False,False,BD,1631440855.331708
0,An error occurred while sending the request,Error,/BuildNotice/0,MobileSDK,Realme RMX1821,OpenGLES2,1.0,1.11.0,False,LowRevenueCountryBlock,LowRevenueCountryBlock,09/12/2021 10:00:19,6028e36ad1e80652e41054ca,609d69021c511f4b1d4df1c4,com.pregnantcatemma.virtualpet,1.0,iv,Android OS 10 / API-29 (QP1A.190711.020/1624873154),e038be81-11ad-417f-990a-cf4faa24a61b,False,False,IQ,1631440855.346219
0,could not receive ip address from ipfy,Error,/BuildNotice/0,MobileSDK,samsung SM-A307FN,OpenGLES2,1.0,1.11.0,False,Programmatic1,Programmatic,12.09.2021 10:00:53,6028e36ad1e80652e41054ca,6028e407a1ba2a0d3d760566,com.mytalkingcatemma.ballerinagames,1.0,ru,Android OS 11 / API-30 (RP1A.200720.012/A307FNXXS2CUH4),279297b4-f16b-47de-8558-d59322e20605,False,False,PK,1631440855.587359
0,An error occurred while sending the request,Error,/BuildNotice/0,MobileSDK,samsung SM-A307FN,OpenGLES2,1.0,1.11.0,False,Programmatic1,Programmatic,12.09.2021 10:00:54,6028e36ad1e80652e41054ca,6028e407a1ba2a0d3d760566,com.mytalkingcatemma.ballerinagames,1.0,ru,Android OS 11 / API-30 (RP1A.200720.012/A307FNXXS2CUH4),279297b4-f16b-47de-8558-d59322e20605,False,False,PK,1631440855.68382
0,could not receive ip address from ipfy,Error,/BuildNotice/0,MobileSDK,HUAWEI DUB-LX2,OpenGLES2,1.0,1.11.0,False,LowRevenueCountryBlock,LowRevenueCountryBlock,09/12/2021 09:59:15,6028e36ad1e80652e41054ca,609d69021c511f4b1d4df1c4,com.pregnantcatemma.virtualpet,1.0,iv,Android OS 8.1.0 / API-27 (HUAWEIDUB-LX2/140(C636)),14a3d655-ee5f-4d4a-95c6-0665fec1a763,False,False,IQ,1631440855.700652
0,An error occurred while sending the request,Error,/BuildNotice/0,MobileSDK,HUAWEI DUB-LX2,OpenGLES2,1.0,1.11.0,False,LowRevenueCountryBlock,LowRevenueCountryBlock,09/12/2021 09:59:15,6028e36ad1e80652e41054ca,609d69021c511f4b1d4df1c4,com.pregnantcatemma.virtualpet,1.0,iv,Android OS 8.1.0 / API-27 (HUAWEIDUB-LX2/140(C636)),14a3d655-ee5f-4d4a-95c6-0665fec1a763,False,False,IQ,1631440855.714253
0,could not receive ip address from ipfy,Error,/BuildNotice/0,MobileSDK,Realme RMX1821,OpenGLES2,1.0,1.11.0,False,LowRevenueCountryBlock,LowRevenueCountryBlock,09/12/2021 10:00:19,6028e36ad1e80652e41054ca,609d69021c511f4b1d4df1c4,com.pregnantcatemma.virtualpet,1.0,iv,Android OS 10 / API-29 (QP1A.190711.020/1624873154),e038be81-11ad-417f-990a-cf4faa24a61b,False,False,IQ,1631440855.782386
0,An error occurred while sending the request,Error,/BuildNotice/0,MobileSDK,Realme RMX1821,OpenGLES2,1.0,1.11.0,False,LowRevenueCountryBlock,LowRevenueCountryBlock,09/12/2021 10:00:19,6028e36ad1e80652e41054ca,609d69021c511f4b1d4df1c4,com.pregnantcatemma.virtualpet,1.0,iv,Android OS 10 / API-29 (QP1A.190711.020/1624873154),e038be81-11ad-417f-990a-cf4faa24a61b,False,False,IQ,1631440855.798924
0,An error occurred while sending the request,Error,/BuildNotice/0,MobileSDK,Xiaomi MI PLAY,OpenGLES2,1.0,1.11.0,False,LowRevenueCountryBlock,LowRevenueCountryBlock,12.09.2021 10:00:49,6028e36ad1e80652e41054ca,6028e407a1ba2a0d3d760566,com.mytalkingcatemma.ballerinagames,1.0,ru,Android OS 8.1.0 / API-27 (O11019/V11.0.10.0.OFIMIXM),16b86e6b-d71c-46bc-80ce-72f6b0bc6861,False,False,BD,1631440855.893859
0,could not receive ip address from ipfy,Error,/BuildNotice/0,MobileSDK,samsung SM-A307FN,OpenGLES2,1.0,1.11.0,False,Programmatic1,Programmatic,12.09.2021 10:00:54,6028e36ad1e80652e41054ca,6028e407a1ba2a0d3d760566,com.mytalkingcatemma.ballerinagames,1.0,ru,Android OS 11 / API-30 (RP1A.200720.012/A307FNXXS2CUH4),279297b4-f16b-47de-8558-d59322e20605,False,False,PK,1631440855.929718
0,An error occurred while sending the request,Error,/BuildNotice/0,MobileSDK,samsung SM-A307FN,OpenGLES2,1.0,1.11.0,False,Programmatic1,Programmatic,12.09.2021 10:00:54,6028e36ad1e80652e41054ca,6028e407a1ba2a0d3d760566,com.mytalkingcatemma.ballerinagames,1.0,ru,Android OS 11 / API-30 (RP1A.200720.012/A307FNXXS2CUH4),279297b4-f16b-47de-8558-d59322e20605,False,False,PK,1631440855.983053
0,could not receive ip address from ipfy,Error,/BuildNotice/0,MobileSDK,HUAWEI DUB-LX2,OpenGLES2,1.0,1.11.0,False,LowRevenueCountryBlock,LowRevenueCountryBlock,09/12/2021 09:59:15,6028e36ad1e80652e41054ca,609d69021c511f4b1d4df1c4,com.pregnantcatemma.virtualpet,1.0,iv,Android OS 8.1.0 / API-27 (HUAWEIDUB-LX2/140(C636)),14a3d655-ee5f-4d4a-95c6-0665fec1a763,False,False,IQ,1631440855.998449
0,An error occurred while sending the request,Error,/BuildNotice/0,MobileSDK,HUAWEI DUB-LX2,OpenGLES2,1.0,1.11.0,False,LowRevenueCountryBlock,LowRevenueCountryBlock,09/12/2021 09:59:15,6028e36ad1e80652e41054ca,609d69021c511f4b1d4df1c4,com.pregnantcatemma.virtualpet,1.0,iv,Android OS 8.1.0 / API-27 (HUAWEIDUB-LX2/140(C636)),14a3d655-ee5f-4d4a-95c6-0665fec1a763,False,False,IQ,1631440856.081125
0,could not receive ip address from ipfy,Error,/BuildNotice/0,MobileSDK,Realme RMX1821,OpenGLES2,1.0,1.11.0,False,LowRevenueCountryBlock,LowRevenueCountryBlock,09/12/2021 10:00:19,6028e36ad1e80652e41054ca,609d69021c511f4b1d4df1c4,com.pregnantcatemma.virtualpet,1.0,iv,Android OS 10 / API-29 (QP1A.190711.020/1624873154),e038be81-11ad-417f-990a-cf4faa24a61b,False,False,IQ,1631440856.093154
0,could not receive ip address from ipfy,Error,/BuildNotice/0,MobileSDK,samsung SM-A107F,OpenGLES2,1.0,1.11.0,False,Programmatic1,Programmatic,12/09/2021 10:00:56 AM,6028e36ad1e80652e41054ca,6028e407a1ba2a0d3d760566,com.mytalkingcatemma.ballerinagames,1.0,en,Android OS 11 / API-30 (RP1A.200720.012/A107FXXU8CUG3),ce4af260-dd28-4a62-8aae-9c65ea88a54e,False,False,PH,1631440856.106013
0,An error occurred while sending the request,Error,/BuildNotice/0,MobileSDK,samsung SM-A107F,OpenGLES2,1.0,1.11.0,False,Programmatic1,Programmatic,12/09/2021 10:00:56 AM,6028e36ad1e80652e41054ca,6028e407a1ba2a0d3d760566,com.mytalkingcatemma.ballerinagames,1.0,en,Android OS 11 / API-30 (RP1A.200720.012/A107FXXU8CUG3),ce4af260-dd28-4a62-8aae-9c65ea88a54e,False,False,PH,1631440856.182966
0,An error occurred while sending the request,Error,/BuildNotice/0,MobileSDK,Realme RMX1821,OpenGLES2,1.0,1.11.0,False,LowRevenueCountryBlock,LowRevenueCountryBlock,09/12/2021 10:00:19,6028e36ad1e80652e41054ca,609d69021c511f4b1d4df1c4,com.pregnantcatemma.virtualpet,1.0,iv,Android OS 10 / API-29 (QP1A.190711.020/1624873154),e038be81-11ad-417f-990a-cf4faa24a61b,False,False,IQ,1631440856.197389
0,could not receive ip address from ipfy,Error,/BuildNotice/0,MobileSDK,samsung SM-A307FN,OpenGLES2,1.0,1.11.0,False,Programmatic1,Programmatic,12.09.2021 10:00:54,6028e36ad1e80652e41054ca,6028e407a1ba2a0d3d760566,com.mytalkingcatemma.ballerinagames,1.0,ru,Android OS 11 / API-30 (RP1A.200720.012/A307FNXXS2CUH4),279297b4-f16b-47de-8558-d59322e20605,False,False,PK,1631440856.282563
0,An error occurred while sending the request,Error,/BuildNotice/0,MobileSDK,samsung SM-A307FN,OpenGLES2,1.0,1.11.0,False,Programmatic1,Programmatic,12.09.2021 10:00:54,6028e36ad1e80652e41054ca,6028e407a1ba2a0d3d760566,com.mytalkingcatemma.ballerinagames,1.0,ru,Android OS 11 / API-30 (RP1A.200720.012/A307FNXXS2CUH4),279297b4-f16b-47de-8558-d59322e20605,False,False,PK,1631440856.29583
0,could not receive ip address from ipfy,Error,/BuildNotice/0,MobileSDK,HUAWEI DUB-LX2,OpenGLES2,1.0,1.11.0,False,LowRevenueCountryBlock,LowRevenueCountryBlock,09/12/2021 09:59:15,6028e36ad1e80652e41054ca,609d69021c511f4b1d4df1c4,com.pregnantcatemma.virtualpet,1.0,iv,Android OS 8.1.0 / API-27 (HUAWEIDUB-LX2/140(C636)),14a3d655-ee5f-4d4a-95c6-0665fec1a763,False,False,IQ,1631440856.380263
0,An error occurred while sending the request,Error,/BuildNotice/0,MobileSDK,HUAWEI DUB-LX2,OpenGLES2,1.0,1.11.0,False,LowRevenueCountryBlock,LowRevenueCountryBlock,09/12/2021 09:59:15,6028e36ad1e80652e41054ca,609d69021c511f4b1d4df1c4,com.pregnantcatemma.virtualpet,1.0,iv,Android OS 8.1.0 / API-27 (HUAWEIDUB-LX2/140(C636)),14a3d655-ee5f-4d4a-95c6-0665fec1a763,False,False,IQ,1631440856.393844
0,could not receive ip address from ipfy,Error,/BuildNotice/0,MobileSDK,Realme RMX1821,OpenGLES2,1.0,1.11.0,False,LowRevenueCountryBlock,LowRevenueCountryBlock,09/12/2021 10:00:19,6028e36ad1e80652e41054ca,609d69021c511f4b1d4df1c4,com.pregnantcatemma.virtualpet,1.0,iv,Android OS 10 / API-29 (QP1A.190711.020/1624873154),e038be81-11ad-417f-990a-cf4faa24a61b,False,False,IQ,1631440856.408729
0,could not receive ip address from ipfy,Error,/BuildNotice/0,MobileSDK,Xiaomi MI PLAY,OpenGLES2,1.0,1.11.0,False,LowRevenueCountryBlock,LowRevenueCountryBlock,12.09.2021 10:00:49,6028e36ad1e80652e41054ca,6028e407a1ba2a0d3d760566,com.mytalkingcatemma.ballerinagames,1.0,ru,Android OS 8.1.0 / API-27 (O11019/V11.0.10.0.OFIMIXM),16b86e6b-d71c-46bc-80ce-72f6b0bc6861,False,False,BD,1631440856.482922
0,An error occurred while sending the request,Error,/BuildNotice/0,MobileSDK,Xiaomi MI PLAY,OpenGLES2,1.0,1.11.0,False,LowRevenueCountryBlock,LowRevenueCountryBlock,12.09.2021 10:00:49,6028e36ad1e80652e41054ca,6028e407a1ba2a0d3d760566,com.mytalkingcatemma.ballerinagames,1.0,ru,Android OS 8.1.0 / API-27 (O11019/V11.0.10.0.OFIMIXM),16b86e6b-d71c-46bc-80ce-72f6b0bc6861,False,False,BD,1631440856.496217
0,An error occurred while sending the request,Error,/BuildNotice/0,MobileSDK,Realme RMX1821,OpenGLES2,1.0,1.11.0,False,LowRevenueCountryBlock,LowRevenueCountryBlock,09/12/2021 10:00:19,6028e36ad1e80652e41054ca,609d69021c511f4b1d4df1c4,com.pregnantcatemma.virtualpet,1.0,iv,Android OS 10 / API-29 (QP1A.190711.020/1624873154),e038be81-11ad-417f-990a-cf4faa24a61b,False,False,IQ,1631440856.710203
0,could not receive ip address from ipfy,Error,/BuildNotice/0,MobileSDK,samsung SM-A307FN,OpenGLES2,1.0,1.11.0,False,Programmatic1,Programmatic,12.09.2021 10:00:54,6028e36ad1e80652e41054ca,6028e407a1ba2a0d3d760566,com.mytalkingcatemma.ballerinagames,1.0,ru,Android OS 11 / API-30 (RP1A.200720.012/A307FNXXS2CUH4),279297b4-f16b-47de-8558-d59322e20605,False,False,PK,1631440856.724488
0,An error occurred while sending the request,Error,/BuildNotice/0,MobileSDK,samsung SM-A307FN,OpenGLES2,1.0,1.11.0,False,Programmatic1,Programmatic,12.09.2021 10:00:54,6028e36ad1e80652e41054ca,6028e407a1ba2a0d3d760566,com.mytalkingcatemma.ballerinagames,1.0,ru,Android OS 11 / API-30 (RP1A.200720.012/A307FNXXS2CUH4),279297b4-f16b-47de-8558-d59322e20605,False,False,PK,1631440856.781589
0,could not receive ip address from ipfy,Error,/BuildNotice/0,MobileSDK,HUAWEI DUB-LX2,OpenGLES2,1.0,1.11.0,False,LowRevenueCountryBlock,LowRevenueCountryBlock,09/12/2021 09:59:16,6028e36ad1e80652e41054ca,609d69021c511f4b1d4df1c4,com.pregnantcatemma.virtualpet,1.0,iv,Android OS 8.1.0 / API-27 (HUAWEIDUB-LX2/140(C636)),14a3d655-ee5f-4d4a-95c6-0665fec1a763,False,False,IQ,1631440856.794826
0,An error occurred while sending the request,Error,/BuildNotice/0,MobileSDK,HUAWEI DUB-LX2,OpenGLES2,1.0,1.11.0,False,LowRevenueCountryBlock,LowRevenueCountryBlock,09/12/2021 09:59:16,6028e36ad1e80652e41054ca,609d69021c511f4b1d4df1c4,com.pregnantcatemma.virtualpet,1.0,iv,Android OS 8.1.0 / API-27 (HUAWEIDUB-LX2/140(C636)),14a3d655-ee5f-4d4a-95c6-0665fec1a763,False,False,IQ,1631440856.810897
0,could not receive ip address from ipfy,Error,/BuildNotice/0,MobileSDK,Realme RMX1821,OpenGLES2,1.0,1.11.0,False,LowRevenueCountryBlock,LowRevenueCountryBlock,09/12/2021 10:00:20,6028e36ad1e80652e41054ca,609d69021c511f4b1d4df1c4,com.pregnantcatemma.virtualpet,1.0,iv,Android OS 10 / API-29 (QP1A.190711.020/1624873154),e038be81-11ad-417f-990a-cf4faa24a61b,False,False,IQ,1631440856.896523
0,could not receive ip address from ipfy,Error,/BuildNotice/0,MobileSDK,Xiaomi MI PLAY,OpenGLES2,1.0,1.11.0,False,LowRevenueCountryBlock,LowRevenueCountryBlock,12.09.2021 10:00:50,6028e36ad1e80652e41054ca,6028e407a1ba2a0d3d760566,com.mytalkingcatemma.ballerinagames,1.0,ru,Android OS 8.1.0 / API-27 (O11019/V11.0.10.0.OFIMIXM),16b86e6b-d71c-46bc-80ce-72f6b0bc6861,False,False,BD,1631440856.908492
0,An error occurred while sending the request,Error,/BuildNotice/0,MobileSDK,Realme RMX1821,OpenGLES2,1.0,1.11.0,False,LowRevenueCountryBlock,LowRevenueCountryBlock,09/12/2021 10:00:20,6028e36ad1e80652e41054ca,609d69021c511f4b1d4df1c4,com.pregnantcatemma.virtualpet,1.0,iv,Android OS 10 / API-29 (QP1A.190711.020/1624873154),e038be81-11ad-417f-990a-cf4faa24a61b,False,False,IQ,1631440856.981095
0,could not receive ip address from ipfy,Error,/BuildNotice/0,MobileSDK,samsung SM-A307FN,OpenGLES2,1.0,1.11.0,False,Programmatic1,Programmatic,12.09.2021 10:00:55,6028e36ad1e80652e41054ca,6028e407a1ba2a0d3d760566,com.mytalkingcatemma.ballerinagames,1.0,ru,Android OS 11 / API-30 (RP1A.200720.012/A307FNXXS2CUH4),279297b4-f16b-47de-8558-d59322e20605,False,False,PK,1631440857.025177
0,An error occurred while sending the request,Error,/BuildNotice/0,MobileSDK,samsung SM-A307FN,OpenGLES2,1.0,1.11.0,False,Programmatic1,Programmatic,12.09.2021 10:00:55,6028e36ad1e80652e41054ca,6028e407a1ba2a0d3d760566,com.mytalkingcatemma.ballerinagames,1.0,ru,Android OS 11 / API-30 (RP1A.200720.012/A307FNXXS2CUH4),279297b4-f16b-47de-8558-d59322e20605,False,False,PK,1631440857.080399
0,could not receive ip address from ipfy,Error,/BuildNotice/0,MobileSDK,HUAWEI DUB-LX2,OpenGLES2,1.0,1.11.0,False,LowRevenueCountryBlock,LowRevenueCountryBlock,09/12/2021 09:59:16,6028e36ad1e80652e41054ca,609d69021c511f4b1d4df1c4,com.pregnantcatemma.virtualpet,1.0,iv,Android OS 8.1.0 / API-27 (HUAWEIDUB-LX2/140(C636)),14a3d655-ee5f-4d4a-95c6-0665fec1a763,False,False,IQ,1631440857.097767
0,could not receive ip address from ipfy,Error,/BuildNotice/0,MobileSDK,Realme RMX1821,OpenGLES2,1.0,1.11.0,False,LowRevenueCountryBlock,LowRevenueCountryBlock,09/12/2021 10:00:20,6028e36ad1e80652e41054ca,609d69021c511f4b1d4df1c4,com.pregnantcatemma.virtualpet,1.0,iv,Android OS 10 / API-29 (QP1A.190711.020/1624873154),e038be81-11ad-417f-990a-cf4faa24a61b,False,False,IQ,1631440857.151251
0,An error occurred while sending the request,Error,/BuildNotice/0,MobileSDK,HUAWEI DUB-LX2,OpenGLES2,1.0,1.11.0,False,LowRevenueCountryBlock,LowRevenueCountryBlock,09/12/2021 09:59:16,6028e36ad1e80652e41054ca,609d69021c511f4b1d4df1c4,com.pregnantcatemma.virtualpet,1.0,iv,Android OS 8.1.0 / API-27 (HUAWEIDUB-LX2/140(C636)),14a3d655-ee5f-4d4a-95c6-0665fec1a763,False,False,IQ,1631440857.192851
0,An error occurred while sending the request,Error,/BuildNotice/0,MobileSDK,Realme RMX1821,OpenGLES2,1.0,1.11.0,False,LowRevenueCountryBlock,LowRevenueCountryBlock,09/12/2021 10:00:20,6028e36ad1e80652e41054ca,609d69021c511f4b1d4df1c4,com.pregnantcatemma.virtualpet,1.0,iv,Android OS 10 / API-29 (QP1A.190711.020/1624873154),e038be81-11ad-417f-990a-cf4faa24a61b,False,False,IQ,1631440857.242813
0,could not receive ip address from ipfy,Error,/BuildNotice/0,MobileSDK,samsung SM-A307FN,OpenGLES2,1.0,1.11.0,False,Programmatic1,Programmatic,12.09.2021 10:00:55,6028e36ad1e80652e41054ca,6028e407a1ba2a0d3d760566,com.mytalkingcatemma.ballerinagames,1.0,ru,Android OS 11 / API-30 (RP1A.200720.012/A307FNXXS2CUH4),279297b4-f16b-47de-8558-d59322e20605,False,False,PK,1631440857.295979
0,An error occurred while sending the request,Error,/BuildNotice/0,MobileSDK,Xiaomi MI PLAY,OpenGLES2,1.0,1.11.0,False,LowRevenueCountryBlock,LowRevenueCountryBlock,12.09.2021 10:00:50,6028e36ad1e80652e41054ca,6028e407a1ba2a0d3d760566,com.mytalkingcatemma.ballerinagames,1.0,ru,Android OS 8.1.0 / API-27 (O11019/V11.0.10.0.OFIMIXM),16b86e6b-d71c-46bc-80ce-72f6b0bc6861,False,False,BD,1631440857.313292
0,could not receive ip address from ipfy,Error,/BuildNotice/0,MobileSDK,Xiaomi MI PLAY,OpenGLES2,1.0,1.11.0,False,LowRevenueCountryBlock,LowRevenueCountryBlock,12.09.2021 10:00:51,6028e36ad1e80652e41054ca,6028e407a1ba2a0d3d760566,com.mytalkingcatemma.ballerinagames,1.0,ru,Android OS 8.1.0 / API-27 (O11019/V11.0.10.0.OFIMIXM),16b86e6b-d71c-46bc-80ce-72f6b0bc6861,False,False,BD,1631440857.32793
0,An error occurred while sending the request,Error,/BuildNotice/0,MobileSDK,samsung SM-A307FN,OpenGLES2,1.0,1.11.0,False,Programmatic1,Programmatic,12.09.2021 10:00:55,6028e36ad1e80652e41054ca,6028e407a1ba2a0d3d760566,com.mytalkingcatemma.ballerinagames,1.0,ru,Android OS 11 / API-30 (RP1A.200720.012/A307FNXXS2CUH4),279297b4-f16b-47de-8558-d59322e20605,False,False,PK,1631440857.393282
0,could not receive ip address from ipfy,Error,/BuildNotice/0,MobileSDK,HUAWEI DUB-LX2,OpenGLES2,1.0,1.11.0,False,LowRevenueCountryBlock,LowRevenueCountryBlock,09/12/2021 09:59:16,6028e36ad1e80652e41054ca,609d69021c511f4b1d4df1c4,com.pregnantcatemma.virtualpet,1.0,iv,Android OS 8.1.0 / API-27 (HUAWEIDUB-LX2/140(C636)),14a3d655-ee5f-4d4a-95c6-0665fec1a763,False,False,IQ,1631440857.406024
0,could not receive ip address from ipfy,Error,/BuildNotice/0,MobileSDK,Realme RMX1821,OpenGLES2,1.0,1.11.0,False,LowRevenueCountryBlock,LowRevenueCountryBlock,09/12/2021 10:00:20,6028e36ad1e80652e41054ca,609d69021c511f4b1d4df1c4,com.pregnantcatemma.virtualpet,1.0,iv,Android OS 10 / API-29 (QP1A.190711.020/1624873154),e038be81-11ad-417f-990a-cf4faa24a61b,False,False,IQ,1631440857.482678
0,An error occurred while sending the request,Error,/BuildNotice/0,MobileSDK,HUAWEI DUB-LX2,OpenGLES2,1.0,1.11.0,False,LowRevenueCountryBlock,LowRevenueCountryBlock,09/12/2021 09:59:16,6028e36ad1e80652e41054ca,609d69021c511f4b1d4df1c4,com.pregnantcatemma.virtualpet,1.0,iv,Android OS 8.1.0 / API-27 (HUAWEIDUB-LX2/140(C636)),14a3d655-ee5f-4d4a-95c6-0665fec1a763,False,False,IQ,1631440857.497349
0,An error occurred while sending the request,Error,/BuildNotice/0,MobileSDK,Realme RMX1821,OpenGLES2,1.0,1.11.0,False,LowRevenueCountryBlock,LowRevenueCountryBlock,09/12/2021 10:00:20,6028e36ad1e80652e41054ca,609d69021c511f4b1d4df1c4,com.pregnantcatemma.virtualpet,1.0,iv,Android OS 10 / API-29 (QP1A.190711.020/1624873154),e038be81-11ad-417f-990a-cf4faa24a61b,False,False,IQ,1631440857.582417
0,could not receive ip address from ipfy,Error,/BuildNotice/0,MobileSDK,samsung SM-A307FN,OpenGLES2,1.0,1.11.0,False,Programmatic1,Programmatic,12.09.2021 10:00:55,6028e36ad1e80652e41054ca,6028e407a1ba2a0d3d760566,com.mytalkingcatemma.ballerinagames,1.0,ru,Android OS 11 / API-30 (RP1A.200720.012/A307FNXXS2CUH4),279297b4-f16b-47de-8558-d59322e20605,False,False,PK,1631440857.599496
0,An error occurred while sending the request,Error,/BuildNotice/0,MobileSDK,samsung SM-A307FN,OpenGLES2,1.0,1.11.0,False,Programmatic1,Programmatic,12.09.2021 10:00:55,6028e36ad1e80652e41054ca,6028e407a1ba2a0d3d760566,com.mytalkingcatemma.ballerinagames,1.0,ru,Android OS 11 / API-30 (RP1A.200720.012/A307FNXXS2CUH4),279297b4-f16b-47de-8558-d59322e20605,False,False,PK,1631440857.681236
0,An error occurred while sending the request,Error,/BuildNotice/0,MobileSDK,Xiaomi MI PLAY,OpenGLES2,1.0,1.11.0,False,LowRevenueCountryBlock,LowRevenueCountryBlock,12.09.2021 10:00:51,6028e36ad1e80652e41054ca,6028e407a1ba2a0d3d760566,com.mytalkingcatemma.ballerinagames,1.0,ru,Android OS 8.1.0 / API-27 (O11019/V11.0.10.0.OFIMIXM),16b86e6b-d71c-46bc-80ce-72f6b0bc6861,False,False,BD,1631440857.696511
0,could not receive ip address from ipfy,Error,/BuildNotice/0,MobileSDK,Xiaomi MI PLAY,OpenGLES2,1.0,1.11.0,False,LowRevenueCountryBlock,LowRevenueCountryBlock,12.09.2021 10:00:52,6028e36ad1e80652e41054ca,6028e407a1ba2a0d3d760566,com.mytalkingcatemma.ballerinagames,1.0,ru,Android OS 8.1.0 / API-27 (O11019/V11.0.10.0.OFIMIXM),16b86e6b-d71c-46bc-80ce-72f6b0bc6861,False,False,BD,1631440857.711853
0,could not receive ip address from ipfy,Error,/BuildNotice/0,MobileSDK,Realme RMX1821,OpenGLES2,1.0,1.11.0,False,LowRevenueCountryBlock,LowRevenueCountryBlock,09/12/2021 10:00:20,6028e36ad1e80652e41054ca,609d69021c511f4b1d4df1c4,com.pregnantcatemma.virtualpet,1.0,iv,Android OS 10 / API-29 (QP1A.190711.020/1624873154),e038be81-11ad-417f-990a-cf4faa24a61b,False,False,IQ,1631440857.793322
0,could not receive ip address from ipfy,Error,/BuildNotice/0,MobileSDK,HUAWEI DUB-LX2,OpenGLES2,1.0,1.11.0,False,LowRevenueCountryBlock,LowRevenueCountryBlock,09/12/2021 09:59:16,6028e36ad1e80652e41054ca,609d69021c511f4b1d4df1c4,com.pregnantcatemma.virtualpet,1.0,iv,Android OS 8.1.0 / API-27 (HUAWEIDUB-LX2/140(C636)),14a3d655-ee5f-4d4a-95c6-0665fec1a763,False,False,IQ,1631440857.809454
0,An error occurred while sending the request,Error,/BuildNotice/0,MobileSDK,HUAWEI DUB-LX2,OpenGLES2,1.0,1.11.0,False,LowRevenueCountryBlock,LowRevenueCountryBlock,09/12/2021 09:59:16,6028e36ad1e80652e41054ca,609d69021c511f4b1d4df1c4,com.pregnantcatemma.virtualpet,1.0,iv,Android OS 8.1.0 / API-27 (HUAWEIDUB-LX2/140(C636)),14a3d655-ee5f-4d4a-95c6-0665fec1a763,False,False,IQ,1631440857.882536
0,An error occurred while sending the request,Error,/BuildNotice/0,MobileSDK,Realme RMX1821,OpenGLES2,1.0,1.11.0,False,LowRevenueCountryBlock,LowRevenueCountryBlock,09/12/2021 10:00:20,6028e36ad1e80652e41054ca,609d69021c511f4b1d4df1c4,com.pregnantcatemma.virtualpet,1.0,iv,Android OS 10 / API-29 (QP1A.190711.020/1624873154),e038be81-11ad-417f-990a-cf4faa24a61b,False,False,IQ,1631440857.897199
0,could not receive ip address from ipfy,Error,/BuildNotice/0,MobileSDK,samsung SM-A307FN,OpenGLES2,1.0,1.11.0,False,Programmatic1,Programmatic,12.09.2021 10:00:56,6028e36ad1e80652e41054ca,6028e407a1ba2a0d3d760566,com.mytalkingcatemma.ballerinagames,1.0,ru,Android OS 11 / API-30 (RP1A.200720.012/A307FNXXS2CUH4),279297b4-f16b-47de-8558-d59322e20605,False,False,PK,1631440857.909709
0,An error occurred while sending the request,Error,/BuildNotice/0,MobileSDK,samsung SM-A307FN,OpenGLES2,1.0,1.11.0,False,Programmatic1,Programmatic,12.09.2021 10:00:56,6028e36ad1e80652e41054ca,6028e407a1ba2a0d3d760566,com.mytalkingcatemma.ballerinagames,1.0,ru,Android OS 11 / API-30 (RP1A.200720.012/A307FNXXS2CUH4),279297b4-f16b-47de-8558-d59322e20605,False,False,PK,1631440857.983209
0,could not receive ip address from ipfy,Error,/BuildNotice/0,MobileSDK,Realme RMX1821,OpenGLES2,1.0,1.11.0,False,LowRevenueCountryBlock,LowRevenueCountryBlock,09/12/2021 10:00:20,6028e36ad1e80652e41054ca,609d69021c511f4b1d4df1c4,com.pregnantcatemma.virtualpet,1.0,iv,Android OS 10 / API-29 (QP1A.190711.020/1624873154),e038be81-11ad-417f-990a-cf4faa24a61b,False,False,IQ,1631440858.080761
0,An error occurred while sending the request,Error,/BuildNotice/0,MobileSDK,Xiaomi MI PLAY,OpenGLES2,1.0,1.11.0,False,LowRevenueCountryBlock,LowRevenueCountryBlock,12.09.2021 10:00:53,6028e36ad1e80652e41054ca,6028e407a1ba2a0d3d760566,com.mytalkingcatemma.ballerinagames,1.0,ru,Android OS 8.1.0 / API-27 (O11019/V11.0.10.0.OFIMIXM),16b86e6b-d71c-46bc-80ce-72f6b0bc6861,False,False,BD,1631440858.115817
0,could not receive ip address from ipfy,Error,/BuildNotice/0,MobileSDK,HUAWEI DUB-LX2,OpenGLES2,1.0,1.11.0,False,LowRevenueCountryBlock,LowRevenueCountryBlock,09/12/2021 09:59:17,6028e36ad1e80652e41054ca,609d69021c511f4b1d4df1c4,com.pregnantcatemma.virtualpet,1.0,iv,Android OS 8.1.0 / API-27 (HUAWEIDUB-LX2/140(C636)),14a3d655-ee5f-4d4a-95c6-0665fec1a763,False,False,IQ,1631440858.139967
0,An error occurred while sending the request,Error,/BuildNotice/0,MobileSDK,Realme RMX1821,OpenGLES2,1.0,1.11.0,False,LowRevenueCountryBlock,LowRevenueCountryBlock,09/12/2021 10:00:20,6028e36ad1e80652e41054ca,609d69021c511f4b1d4df1c4,com.pregnantcatemma.virtualpet,1.0,iv,Android OS 10 / API-29 (QP1A.190711.020/1624873154),e038be81-11ad-417f-990a-cf4faa24a61b,False,False,IQ,1631440858.182376
0,An error occurred while sending the request,Error,/BuildNotice/0,MobileSDK,HUAWEI DUB-LX2,OpenGLES2,1.0,1.11.0,False,LowRevenueCountryBlock,LowRevenueCountryBlock,09/12/2021 09:59:17,6028e36ad1e80652e41054ca,609d69021c511f4b1d4df1c4,com.pregnantcatemma.virtualpet,1.0,iv,Android OS 8.1.0 / API-27 (HUAWEIDUB-LX2/140(C636)),14a3d655-ee5f-4d4a-95c6-0665fec1a763,False,False,IQ,1631440858.198974
0,could not receive ip address from ipfy,Error,/BuildNotice/0,MobileSDK,samsung SM-A307FN,OpenGLES2,1.0,1.11.0,False,Programmatic1,Programmatic,12.09.2021 10:00:56,6028e36ad1e80652e41054ca,6028e407a1ba2a0d3d760566,com.mytalkingcatemma.ballerinagames,1.0,ru,Android OS 11 / API-30 (RP1A.200720.012/A307FNXXS2CUH4),279297b4-f16b-47de-8558-d59322e20605,False,False,PK,1631440858.280546
0,An error occurred while sending the request,Error,/BuildNotice/0,MobileSDK,samsung SM-A307FN,OpenGLES2,1.0,1.11.0,False,Programmatic1,Programmatic,12.09.2021 10:00:56,6028e36ad1e80652e41054ca,6028e407a1ba2a0d3d760566,com.mytalkingcatemma.ballerinagames,1.0,ru,Android OS 11 / API-30 (RP1A.200720.012/A307FNXXS2CUH4),279297b4-f16b-47de-8558-d59322e20605,False,False,PK,1631440858.295137
0,could not receive ip address from ipfy,Error,/BuildNotice/0,MobileSDK,Realme RMX1821,OpenGLES2,1.0,1.11.0,False,LowRevenueCountryBlock,LowRevenueCountryBlock,09/12/2021 10:00:21,6028e36ad1e80652e41054ca,609d69021c511f4b1d4df1c4,com.pregnantcatemma.virtualpet,1.0,iv,Android OS 10 / API-29 (QP1A.190711.020/1624873154),e038be81-11ad-417f-990a-cf4faa24a61b,False,False,IQ,1631440858.380386
0,could not receive ip address from ipfy,Error,/BuildNotice/0,MobileSDK,Xiaomi MI PLAY,OpenGLES2,1.0,1.11.0,False,LowRevenueCountryBlock,LowRevenueCountryBlock,12.09.2021 10:00:54,6028e36ad1e80652e41054ca,6028e407a1ba2a0d3d760566,com.mytalkingcatemma.ballerinagames,1.0,ru,Android OS 8.1.0 / API-27 (O11019/V11.0.10.0.OFIMIXM),16b86e6b-d71c-46bc-80ce-72f6b0bc6861,False,False,BD,1631440858.419116
0,could not receive ip address from ipfy,Error,/BuildNotice/0,MobileSDK,HUAWEI DUB-LX2,OpenGLES2,1.0,1.11.0,False,LowRevenueCountryBlock,LowRevenueCountryBlock,09/12/2021 09:59:17,6028e36ad1e80652e41054ca,609d69021c511f4b1d4df1c4,com.pregnantcatemma.virtualpet,1.0,iv,Android OS 8.1.0 / API-27 (HUAWEIDUB-LX2/140(C636)),14a3d655-ee5f-4d4a-95c6-0665fec1a763,False,False,IQ,1631440858.439521
0,An error occurred while sending the request,Error,/BuildNotice/0,MobileSDK,Realme RMX1821,OpenGLES2,1.0,1.11.0,False,LowRevenueCountryBlock,LowRevenueCountryBlock,09/12/2021 10:00:21,6028e36ad1e80652e41054ca,609d69021c511f4b1d4df1c4,com.pregnantcatemma.virtualpet,1.0,iv,Android OS 10 / API-29 (QP1A.190711.020/1624873154),e038be81-11ad-417f-990a-cf4faa24a61b,False,False,IQ,1631440858.503347
0,An error occurred while sending the request,Error,/BuildNotice/0,MobileSDK,HUAWEI DUB-LX2,OpenGLES2,1.0,1.11.0,False,LowRevenueCountryBlock,LowRevenueCountryBlock,09/12/2021 09:59:17,6028e36ad1e80652e41054ca,609d69021c511f4b1d4df1c4,com.pregnantcatemma.virtualpet,1.0,iv,Android OS 8.1.0 / API-27 (HUAWEIDUB-LX2/140(C636)),14a3d655-ee5f-4d4a-95c6-0665fec1a763,False,False,IQ,1631440858.523359
0,could not receive ip address from ipfy,Error,/BuildNotice/0,MobileSDK,samsung SM-A307FN,OpenGLES2,1.0,1.11.0,False,Programmatic1,Programmatic,12.09.2021 10:00:56,6028e36ad1e80652e41054ca,6028e407a1ba2a0d3d760566,com.mytalkingcatemma.ballerinagames,1.0,ru,Android OS 11 / API-30 (RP1A.200720.012/A307FNXXS2CUH4),279297b4-f16b-47de-8558-d59322e20605,False,False,PK,1631440858.582279
0,An error occurred while sending the request,Error,/BuildNotice/0,MobileSDK,samsung SM-A307FN,OpenGLES2,1.0,1.11.0,False,Programmatic1,Programmatic,12.09.2021 10:00:56,6028e36ad1e80652e41054ca,6028e407a1ba2a0d3d760566,com.mytalkingcatemma.ballerinagames,1.0,ru,Android OS 11 / API-30 (RP1A.200720.012/A307FNXXS2CUH4),279297b4-f16b-47de-8558-d59322e20605,False,False,PK,1631440858.603821
0,could not receive ip address from ipfy,Error,/BuildNotice/0,MobileSDK,Realme RMX1821,OpenGLES2,1.0,1.11.0,False,LowRevenueCountryBlock,LowRevenueCountryBlock,09/12/2021 10:00:21,6028e36ad1e80652e41054ca,609d69021c511f4b1d4df1c4,com.pregnantcatemma.virtualpet,1.0,iv,Android OS 10 / API-29 (QP1A.190711.020/1624873154),e038be81-11ad-417f-990a-cf4faa24a61b,False,False,IQ,1631440858.681074
0,could not receive ip address from ipfy,Error,/BuildNotice/0,MobileSDK,HUAWEI DUB-LX2,OpenGLES2,1.0,1.11.0,False,LowRevenueCountryBlock,LowRevenueCountryBlock,09/12/2021 09:59:17,6028e36ad1e80652e41054ca,609d69021c511f4b1d4df1c4,com.pregnantcatemma.virtualpet,1.0,iv,Android OS 8.1.0 / API-27 (HUAWEIDUB-LX2/140(C636)),14a3d655-ee5f-4d4a-95c6-0665fec1a763,False,False,IQ,1631440858.760402
0,An error occurred while sending the request,Error,/BuildNotice/0,MobileSDK,Realme RMX1821,OpenGLES2,1.0,1.11.0,False,LowRevenueCountryBlock,LowRevenueCountryBlock,09/12/2021 10:00:21,6028e36ad1e80652e41054ca,609d69021c511f4b1d4df1c4,com.pregnantcatemma.virtualpet,1.0,iv,Android OS 10 / API-29 (QP1A.190711.020/1624873154),e038be81-11ad-417f-990a-cf4faa24a61b,False,False,IQ,1631440858.778135
0,could not receive ip address from ipfy,Error,/BuildNotice/0,MobileSDK,Xiaomi MI PLAY,OpenGLES2,1.0,1.11.0,False,LowRevenueCountryBlock,LowRevenueCountryBlock,12.09.2021 10:00:55,6028e36ad1e80652e41054ca,6028e407a1ba2a0d3d760566,com.mytalkingcatemma.ballerinagames,1.0,ru,Android OS 8.1.0 / API-27 (O11019/V11.0.10.0.OFIMIXM),16b86e6b-d71c-46bc-80ce-72f6b0bc6861,False,False,BD,1631440858.817033
0,An error occurred while sending the request,Error,/BuildNotice/0,MobileSDK,Xiaomi MI PLAY,OpenGLES2,1.0,1.11.0,False,LowRevenueCountryBlock,LowRevenueCountryBlock,12.09.2021 10:00:54,6028e36ad1e80652e41054ca,6028e407a1ba2a0d3d760566,com.mytalkingcatemma.ballerinagames,1.0,ru,Android OS 8.1.0 / API-27 (O11019/V11.0.10.0.OFIMIXM),16b86e6b-d71c-46bc-80ce-72f6b0bc6861,False,False,BD,1631440858.836368
0,could not receive ip address from ipfy,Error,/BuildNotice/0,MobileSDK,samsung SM-A307FN,OpenGLES2,1.0,1.11.0,False,Programmatic1,Programmatic,12.09.2021 10:00:57,6028e36ad1e80652e41054ca,6028e407a1ba2a0d3d760566,com.mytalkingcatemma.ballerinagames,1.0,ru,Android OS 11 / API-30 (RP1A.200720.012/A307FNXXS2CUH4),279297b4-f16b-47de-8558-d59322e20605,False,False,PK,1631440858.88266
0,An error occurred while sending the request,Error,/BuildNotice/0,MobileSDK,HUAWEI DUB-LX2,OpenGLES2,1.0,1.11.0,False,LowRevenueCountryBlock,LowRevenueCountryBlock,09/12/2021 09:59:17,6028e36ad1e80652e41054ca,609d69021c511f4b1d4df1c4,com.pregnantcatemma.virtualpet,1.0,iv,Android OS 8.1.0 / API-27 (HUAWEIDUB-LX2/140(C636)),14a3d655-ee5f-4d4a-95c6-0665fec1a763,False,False,IQ,1631440858.896159
0,An error occurred while sending the request,Error,/BuildNotice/0,MobileSDK,samsung SM-A307FN,OpenGLES2,1.0,1.11.0,False,Programmatic1,Programmatic,12.09.2021 10:00:57,6028e36ad1e80652e41054ca,6028e407a1ba2a0d3d760566,com.mytalkingcatemma.ballerinagames,1.0,ru,Android OS 11 / API-30 (RP1A.200720.012/A307FNXXS2CUH4),279297b4-f16b-47de-8558-d59322e20605,False,False,PK,1631440858.909745
0,could not receive ip address from ipfy,Error,/BuildNotice/0,MobileSDK,Realme RMX1821,OpenGLES2,1.0,1.11.0,False,LowRevenueCountryBlock,LowRevenueCountryBlock,09/12/2021 10:00:21,6028e36ad1e80652e41054ca,609d69021c511f4b1d4df1c4,com.pregnantcatemma.virtualpet,1.0,iv,Android OS 10 / API-29 (QP1A.190711.020/1624873154),e038be81-11ad-417f-990a-cf4faa24a61b,False,False,IQ,1631440858.98247
