0,1,2,3,4,5,6,7,8,9,10,11,12,13,14,15,16,17,18,19,20,21,22,23
0,could not receive ip address from ipfy,Error,/BuildNotice/0,MobileSDK,samsung SM-A022F,OpenGLES2,1.0,1.10.2,False,LowRevenueCountryBlock,LowRevenueCountryBlock,09/13/2021 10:26:34,611bdadcd4e35d332f3d5e66,611be843d5491c7d0a6ab0ce,com.thg.battleops.shooting.game,1.0,iv,Android OS 10 / API-29 (QP1A.190711.020/A022FXXU2AUF1),b382f22c-6d88-4ca8-8432-4b4fe229aaa8,True,False,IQ,1631528798.204414
0,An error occurred while sending the request,Error,/BuildNotice/0,MobileSDK,samsung SM-A022F,OpenGLES2,1.0,1.10.2,False,LowRevenueCountryBlock,LowRevenueCountryBlock,09/13/2021 10:26:34,611bdadcd4e35d332f3d5e66,611be843d5491c7d0a6ab0ce,com.thg.battleops.shooting.game,1.0,iv,Android OS 10 / API-29 (QP1A.190711.020/A022FXXU2AUF1),b382f22c-6d88-4ca8-8432-4b4fe229aaa8,True,False,IQ,1631528798.323901
0,could not receive ip address from ipfy,Error,/BuildNotice/0,MobileSDK,samsung SM-A022F,OpenGLES2,1.0,1.10.2,False,LowRevenueCountryBlock,LowRevenueCountryBlock,09/13/2021 10:26:34,611bdadcd4e35d332f3d5e66,611be843d5491c7d0a6ab0ce,com.thg.battleops.shooting.game,1.0,iv,Android OS 10 / API-29 (QP1A.190711.020/A022FXXU2AUF1),b382f22c-6d88-4ca8-8432-4b4fe229aaa8,True,False,IQ,1631528798.593055
0,An error occurred while sending the request,Error,/BuildNotice/0,MobileSDK,samsung SM-A022F,OpenGLES2,1.0,1.10.2,False,LowRevenueCountryBlock,LowRevenueCountryBlock,09/13/2021 10:26:34,611bdadcd4e35d332f3d5e66,611be843d5491c7d0a6ab0ce,com.thg.battleops.shooting.game,1.0,iv,Android OS 10 / API-29 (QP1A.190711.020/A022FXXU2AUF1),b382f22c-6d88-4ca8-8432-4b4fe229aaa8,True,False,IQ,1631528798.682292
0,could not receive ip address from ipfy,Error,/BuildNotice/0,MobileSDK,Xiaomi Redmi Note 4,OpenGLES2,1.0,1.11.0,False,Programmatic1,Programmatic,09/13/2021 10:26:38,6028e36ad1e80652e41054ca,609d69021c511f4b1d4df1c4,com.pregnantcatemma.virtualpet,1.0,iv,Android OS 7.0 / API-24 (NRD90M/V9.0.5.0.NCFMIEI),bd6bb140-65e5-4605-99e4-90e70223fe17,False,False,RU,1631528798.496827
0,An error occurred while sending the request,Error,/BuildNotice/0,MobileSDK,Xiaomi Redmi Note 4,OpenGLES2,1.0,1.11.0,False,Programmatic1,Programmatic,09/13/2021 10:26:38,6028e36ad1e80652e41054ca,609d69021c511f4b1d4df1c4,com.pregnantcatemma.virtualpet,1.0,iv,Android OS 7.0 / API-24 (NRD90M/V9.0.5.0.NCFMIEI),bd6bb140-65e5-4605-99e4-90e70223fe17,False,False,RU,1631528799.037585
0,could not receive ip address from ipfy,Error,/BuildNotice/0,MobileSDK,LAVA Z90,OpenGLES2,1.0,1.11.0,False,Programmatic1,Programmatic,09/13/2021 10:27:01,6028e36ad1e80652e41054ca,609d69021c511f4b1d4df1c4,com.pregnantcatemma.virtualpet,1.0,iv,Android OS 7.0 / API-24 (NRD90M/1503052790),7c2fee0e-f9db-4912-a49a-0c47eacc5a6e,False,False,IR,1631528799.102379
0,An error occurred while sending the request,Error,/BuildNotice/0,MobileSDK,LAVA Z90,OpenGLES2,1.0,1.11.0,False,Programmatic1,Programmatic,09/13/2021 10:27:01,6028e36ad1e80652e41054ca,609d69021c511f4b1d4df1c4,com.pregnantcatemma.virtualpet,1.0,iv,Android OS 7.0 / API-24 (NRD90M/1503052790),7c2fee0e-f9db-4912-a49a-0c47eacc5a6e,False,False,IR,1631528799.118751
0,could not receive ip address from ipfy,Error,/BuildNotice/0,MobileSDK,Xiaomi Redmi Note 4,OpenGLES2,1.0,1.11.0,False,Programmatic1,Programmatic,09/13/2021 10:26:38,6028e36ad1e80652e41054ca,609d69021c511f4b1d4df1c4,com.pregnantcatemma.virtualpet,1.0,iv,Android OS 7.0 / API-24 (NRD90M/V9.0.5.0.NCFMIEI),bd6bb140-65e5-4605-99e4-90e70223fe17,False,False,RU,1631528799.369866
0,An error occurred while sending the request,Error,/BuildNotice/0,MobileSDK,Xiaomi Redmi Note 4,OpenGLES2,1.0,1.11.0,False,Programmatic1,Programmatic,09/13/2021 10:26:38,6028e36ad1e80652e41054ca,609d69021c511f4b1d4df1c4,com.pregnantcatemma.virtualpet,1.0,iv,Android OS 7.0 / API-24 (NRD90M/V9.0.5.0.NCFMIEI),bd6bb140-65e5-4605-99e4-90e70223fe17,False,False,RU,1631528799.394291
0,An error occurred while sending the request,Error,/BuildNotice/0,MobileSDK,samsung SM-A022F,OpenGLES2,1.0,1.10.2,False,LowRevenueCountryBlock,LowRevenueCountryBlock,09/13/2021 10:26:35,611bdadcd4e35d332f3d5e66,611be843d5491c7d0a6ab0ce,com.thg.battleops.shooting.game,1.0,iv,Android OS 10 / API-29 (QP1A.190711.020/A022FXXU2AUF1),b382f22c-6d88-4ca8-8432-4b4fe229aaa8,True,False,IQ,1631528799.588187
0,could not receive ip address from ipfy,Error,/BuildNotice/0,MobileSDK,Xiaomi Redmi Note 4,OpenGLES2,1.0,1.11.0,False,Programmatic1,Programmatic,09/13/2021 10:26:39,6028e36ad1e80652e41054ca,609d69021c511f4b1d4df1c4,com.pregnantcatemma.virtualpet,1.0,iv,Android OS 7.0 / API-24 (NRD90M/V9.0.5.0.NCFMIEI),bd6bb140-65e5-4605-99e4-90e70223fe17,False,False,RU,1631528799.66261
0,An error occurred while sending the request,Error,/BuildNotice/0,MobileSDK,Xiaomi Redmi Note 4,OpenGLES2,1.0,1.11.0,False,Programmatic1,Programmatic,09/13/2021 10:26:39,6028e36ad1e80652e41054ca,609d69021c511f4b1d4df1c4,com.pregnantcatemma.virtualpet,1.0,iv,Android OS 7.0 / API-24 (NRD90M/V9.0.5.0.NCFMIEI),bd6bb140-65e5-4605-99e4-90e70223fe17,False,False,RU,1631528799.684575
0,could not receive ip address from ipfy,Error,/BuildNotice/0,MobileSDK,samsung SM-A022F,OpenGLES2,1.0,1.10.2,False,LowRevenueCountryBlock,LowRevenueCountryBlock,09/13/2021 10:26:35,611bdadcd4e35d332f3d5e66,611be843d5491c7d0a6ab0ce,com.thg.battleops.shooting.game,1.0,iv,Android OS 10 / API-29 (QP1A.190711.020/A022FXXU2AUF1),b382f22c-6d88-4ca8-8432-4b4fe229aaa8,True,False,IQ,1631528799.858723
0,could not receive ip address from ipfy,Error,/BuildNotice/0,MobileSDK,samsung SM-A107F,OpenGLES2,1.0,1.10.2,False,Programmatic1,Programmatic,09/13/2021 10:26:32,611bdadcd4e35d332f3d5e66,611be843d5491c7d0a6ab0ce,com.thg.battleops.shooting.game,1.0,iv,Android OS 9 / API-28 (PPR1.180610.011/A107FXXU5ATA9),d028b585-7d4e-4666-b899-f441276d23a1,True,False,ID,1631528799.922914
0,An error occurred while sending the request,Error,/BuildNotice/0,MobileSDK,samsung SM-A107F,OpenGLES2,1.0,1.10.2,False,Programmatic1,Programmatic,09/13/2021 10:26:32,611bdadcd4e35d332f3d5e66,611be843d5491c7d0a6ab0ce,com.thg.battleops.shooting.game,1.0,iv,Android OS 9 / API-28 (PPR1.180610.011/A107FXXU5ATA9),d028b585-7d4e-4666-b899-f441276d23a1,True,False,ID,1631528799.992804
0,An error occurred while sending the request,Error,/BuildNotice/0,MobileSDK,samsung SM-A022F,OpenGLES2,1.0,1.10.2,False,LowRevenueCountryBlock,LowRevenueCountryBlock,09/13/2021 10:26:35,611bdadcd4e35d332f3d5e66,611be843d5491c7d0a6ab0ce,com.thg.battleops.shooting.game,1.0,iv,Android OS 10 / API-29 (QP1A.190711.020/A022FXXU2AUF1),b382f22c-6d88-4ca8-8432-4b4fe229aaa8,True,False,IQ,1631528800.118937
0,could not receive ip address from ipfy,Error,/BuildNotice/0,MobileSDK,samsung SM-A022F,OpenGLES2,1.0,1.10.2,False,LowRevenueCountryBlock,LowRevenueCountryBlock,09/13/2021 10:26:35,611bdadcd4e35d332f3d5e66,611be843d5491c7d0a6ab0ce,com.thg.battleops.shooting.game,1.0,iv,Android OS 10 / API-29 (QP1A.190711.020/A022FXXU2AUF1),b382f22c-6d88-4ca8-8432-4b4fe229aaa8,True,False,IQ,1631528800.326008
0,could not receive ip address from ipfy,Error,/BuildNotice/0,MobileSDK,Xiaomi Redmi Note 4,OpenGLES2,1.0,1.11.0,False,Programmatic1,Programmatic,09/13/2021 10:26:40,6028e36ad1e80652e41054ca,609d69021c511f4b1d4df1c4,com.pregnantcatemma.virtualpet,1.0,iv,Android OS 7.0 / API-24 (NRD90M/V9.0.5.0.NCFMIEI),bd6bb140-65e5-4605-99e4-90e70223fe17,False,False,RU,1631528800.429181
0,could not receive ip address from ipfy,Error,/BuildNotice/0,MobileSDK,samsung SM-A022F,OpenGLES2,1.0,1.10.2,False,LowRevenueCountryBlock,LowRevenueCountryBlock,09/13/2021 10:26:36,611bdadcd4e35d332f3d5e66,611be843d5491c7d0a6ab0ce,com.thg.battleops.shooting.game,1.0,iv,Android OS 10 / API-29 (QP1A.190711.020/A022FXXU2AUF1),b382f22c-6d88-4ca8-8432-4b4fe229aaa8,True,False,IQ,1631528800.441987
0,An error occurred while sending the request,Error,/BuildNotice/0,MobileSDK,Xiaomi Redmi Note 4,OpenGLES2,1.0,1.11.0,False,Programmatic1,Programmatic,09/13/2021 10:26:40,6028e36ad1e80652e41054ca,609d69021c511f4b1d4df1c4,com.pregnantcatemma.virtualpet,1.0,iv,Android OS 7.0 / API-24 (NRD90M/V9.0.5.0.NCFMIEI),bd6bb140-65e5-4605-99e4-90e70223fe17,False,False,RU,1631528800.525673
0,An error occurred while sending the request,Error,/BuildNotice/0,MobileSDK,samsung SM-A022F,OpenGLES2,1.0,1.10.2,False,LowRevenueCountryBlock,LowRevenueCountryBlock,09/13/2021 10:26:36,611bdadcd4e35d332f3d5e66,611be843d5491c7d0a6ab0ce,com.thg.battleops.shooting.game,1.0,iv,Android OS 10 / API-29 (QP1A.190711.020/A022FXXU2AUF1),b382f22c-6d88-4ca8-8432-4b4fe229aaa8,True,False,IQ,1631528800.566399
0,could not receive ip address from ipfy,Error,/BuildNotice/0,MobileSDK,LAVA Z90,OpenGLES2,1.0,1.11.0,False,Programmatic1,Programmatic,09/13/2021 10:27:02,6028e36ad1e80652e41054ca,609d69021c511f4b1d4df1c4,com.pregnantcatemma.virtualpet,1.0,iv,Android OS 7.0 / API-24 (NRD90M/1503052790),7c2fee0e-f9db-4912-a49a-0c47eacc5a6e,False,False,IR,1631528800.626946
0,An error occurred while sending the request,Error,/BuildNotice/0,MobileSDK,LAVA Z90,OpenGLES2,1.0,1.11.0,False,Programmatic1,Programmatic,09/13/2021 10:27:02,6028e36ad1e80652e41054ca,609d69021c511f4b1d4df1c4,com.pregnantcatemma.virtualpet,1.0,iv,Android OS 7.0 / API-24 (NRD90M/1503052790),7c2fee0e-f9db-4912-a49a-0c47eacc5a6e,False,False,IR,1631528800.643835
0,could not receive ip address from ipfy,Error,/BuildNotice/0,MobileSDK,motorola motorola one,OpenGLES2,1.0,1.11.0,False,Programmatic1,Programmatic,09/13/2021 10:26:37,6028e36ad1e80652e41054ca,609d69021c511f4b1d4df1c4,com.pregnantcatemma.virtualpet,1.0,iv,Android OS 10 / API-29 (QPKS30.54-22-24/f84427),27866e40-f8cd-4d90-b06e-3747a83b5df3,False,False,BY,1631528800.744819
0,An error occurred while sending the request,Error,/BuildNotice/0,MobileSDK,motorola motorola one,OpenGLES2,1.0,1.11.0,False,Programmatic1,Programmatic,09/13/2021 10:26:37,6028e36ad1e80652e41054ca,609d69021c511f4b1d4df1c4,com.pregnantcatemma.virtualpet,1.0,iv,Android OS 10 / API-29 (QPKS30.54-22-24/f84427),27866e40-f8cd-4d90-b06e-3747a83b5df3,False,False,BY,1631528800.759657
0,could not receive ip address from ipfy,Error,/BuildNotice/0,MobileSDK,Xiaomi Redmi Note 4,OpenGLES2,1.0,1.11.0,False,Programmatic1,Programmatic,09/13/2021 10:26:40,6028e36ad1e80652e41054ca,609d69021c511f4b1d4df1c4,com.pregnantcatemma.virtualpet,1.0,iv,Android OS 7.0 / API-24 (NRD90M/V9.0.5.0.NCFMIEI),bd6bb140-65e5-4605-99e4-90e70223fe17,False,False,RU,1631528801.188209
0,An error occurred while sending the request,Error,/BuildNotice/0,MobileSDK,Xiaomi Redmi Note 4,OpenGLES2,1.0,1.11.0,False,Programmatic1,Programmatic,09/13/2021 10:26:40,6028e36ad1e80652e41054ca,609d69021c511f4b1d4df1c4,com.pregnantcatemma.virtualpet,1.0,iv,Android OS 7.0 / API-24 (NRD90M/V9.0.5.0.NCFMIEI),bd6bb140-65e5-4605-99e4-90e70223fe17,False,False,RU,1631528801.210129
0,could not receive ip address from ipfy,Error,/BuildNotice/0,MobileSDK,realme RMX2117,OpenGLES2,1.0,1.11.0,False,Programmatic1,Programmatic,9/13/2021 10:26:31 AM,6028e36ad1e80652e41054ca,6028e407a1ba2a0d3d760566,com.mytalkingcatemma.ballerinagames,1.0,en,Android OS 10 / API-29 (QP1A.190711.020/1607583523),c170a0d0-637f-4343-bbbe-6f1931fe42fa,False,False,DZ,1631528801.263663
0,could not receive ip address from ipfy,Error,/BuildNotice/0,MobileSDK,Xiaomi Redmi Note 4,OpenGLES2,1.0,1.11.0,False,Programmatic1,Programmatic,09/13/2021 10:26:41,6028e36ad1e80652e41054ca,609d69021c511f4b1d4df1c4,com.pregnantcatemma.virtualpet,1.0,iv,Android OS 7.0 / API-24 (NRD90M/V9.0.5.0.NCFMIEI),bd6bb140-65e5-4605-99e4-90e70223fe17,False,False,RU,1631528801.73996
0,An error occurred while sending the request,Error,/BuildNotice/0,MobileSDK,Xiaomi Redmi Note 4,OpenGLES2,1.0,1.11.0,False,Programmatic1,Programmatic,09/13/2021 10:26:41,6028e36ad1e80652e41054ca,609d69021c511f4b1d4df1c4,com.pregnantcatemma.virtualpet,1.0,iv,Android OS 7.0 / API-24 (NRD90M/V9.0.5.0.NCFMIEI),bd6bb140-65e5-4605-99e4-90e70223fe17,False,False,RU,1631528801.761845
0,An error occurred while sending the request,Error,/BuildNotice/0,MobileSDK,realme RMX2117,OpenGLES2,1.0,1.11.0,False,Programmatic1,Programmatic,9/13/2021 10:26:31 AM,6028e36ad1e80652e41054ca,6028e407a1ba2a0d3d760566,com.mytalkingcatemma.ballerinagames,1.0,en,Android OS 10 / API-29 (QP1A.190711.020/1607583523),c170a0d0-637f-4343-bbbe-6f1931fe42fa,False,False,DZ,1631528802.052338
0,could not receive ip address from ipfy,Error,/BuildNotice/0,MobileSDK,LAVA Z90,OpenGLES2,1.0,1.11.0,False,Programmatic1,Programmatic,09/13/2021 10:27:04,6028e36ad1e80652e41054ca,609d69021c511f4b1d4df1c4,com.pregnantcatemma.virtualpet,1.0,iv,Android OS 7.0 / API-24 (NRD90M/1503052790),7c2fee0e-f9db-4912-a49a-0c47eacc5a6e,False,False,IR,1631528802.069131
0,An error occurred while sending the request,Error,/BuildNotice/0,MobileSDK,LAVA Z90,OpenGLES2,1.0,1.11.0,False,Programmatic1,Programmatic,09/13/2021 10:27:04,6028e36ad1e80652e41054ca,609d69021c511f4b1d4df1c4,com.pregnantcatemma.virtualpet,1.0,iv,Android OS 7.0 / API-24 (NRD90M/1503052790),7c2fee0e-f9db-4912-a49a-0c47eacc5a6e,False,False,IR,1631528802.105875
0,could not receive ip address from ipfy,Error,/BuildNotice/0,MobileSDK,Xiaomi Redmi Note 4,OpenGLES2,1.0,1.11.0,False,Programmatic1,Programmatic,09/13/2021 10:26:42,6028e36ad1e80652e41054ca,609d69021c511f4b1d4df1c4,com.pregnantcatemma.virtualpet,1.0,iv,Android OS 7.0 / API-24 (NRD90M/V9.0.5.0.NCFMIEI),bd6bb140-65e5-4605-99e4-90e70223fe17,False,False,RU,1631528802.264386
0,An error occurred while sending the request,Error,/BuildNotice/0,MobileSDK,Xiaomi Redmi Note 4,OpenGLES2,1.0,1.11.0,False,Programmatic1,Programmatic,09/13/2021 10:26:42,6028e36ad1e80652e41054ca,609d69021c511f4b1d4df1c4,com.pregnantcatemma.virtualpet,1.0,iv,Android OS 7.0 / API-24 (NRD90M/V9.0.5.0.NCFMIEI),bd6bb140-65e5-4605-99e4-90e70223fe17,False,False,RU,1631528802.311271
0,could not receive ip address from ipfy,Error,/BuildNotice/0,MobileSDK,LAVA Z90,OpenGLES2,1.0,1.11.0,False,Programmatic1,Programmatic,09/13/2021 10:27:04,6028e36ad1e80652e41054ca,609d69021c511f4b1d4df1c4,com.pregnantcatemma.virtualpet,1.0,iv,Android OS 7.0 / API-24 (NRD90M/1503052790),7c2fee0e-f9db-4912-a49a-0c47eacc5a6e,False,False,IR,1631528802.870016
0,An error occurred while sending the request,Error,/BuildNotice/0,MobileSDK,LAVA Z90,OpenGLES2,1.0,1.11.0,False,Programmatic1,Programmatic,09/13/2021 10:27:04,6028e36ad1e80652e41054ca,609d69021c511f4b1d4df1c4,com.pregnantcatemma.virtualpet,1.0,iv,Android OS 7.0 / API-24 (NRD90M/1503052790),7c2fee0e-f9db-4912-a49a-0c47eacc5a6e,False,False,IR,1631528802.88614
0,could not receive ip address from ipfy,Error,/BuildNotice/0,MobileSDK,Xiaomi Redmi Note 4,OpenGLES2,1.0,1.11.0,False,Programmatic1,Programmatic,09/13/2021 10:26:42,6028e36ad1e80652e41054ca,609d69021c511f4b1d4df1c4,com.pregnantcatemma.virtualpet,1.0,iv,Android OS 7.0 / API-24 (NRD90M/V9.0.5.0.NCFMIEI),bd6bb140-65e5-4605-99e4-90e70223fe17,False,False,RU,1631528802.96
0,An error occurred while sending the request,Error,/BuildNotice/0,MobileSDK,Xiaomi Redmi Note 4,OpenGLES2,1.0,1.11.0,False,Programmatic1,Programmatic,09/13/2021 10:26:42,6028e36ad1e80652e41054ca,609d69021c511f4b1d4df1c4,com.pregnantcatemma.virtualpet,1.0,iv,Android OS 7.0 / API-24 (NRD90M/V9.0.5.0.NCFMIEI),bd6bb140-65e5-4605-99e4-90e70223fe17,False,False,RU,1631528803.006385
0,could not receive ip address from ipfy,Error,/BuildNotice/0,MobileSDK,Xiaomi Redmi Note 4,OpenGLES2,1.0,1.11.0,False,Programmatic1,Programmatic,09/13/2021 10:26:43,6028e36ad1e80652e41054ca,609d69021c511f4b1d4df1c4,com.pregnantcatemma.virtualpet,1.0,iv,Android OS 7.0 / API-24 (NRD90M/V9.0.5.0.NCFMIEI),bd6bb140-65e5-4605-99e4-90e70223fe17,False,False,RU,1631528803.473243
0,An error occurred while sending the request,Error,/BuildNotice/0,MobileSDK,Xiaomi Redmi Note 4,OpenGLES2,1.0,1.11.0,False,Programmatic1,Programmatic,09/13/2021 10:26:43,6028e36ad1e80652e41054ca,609d69021c511f4b1d4df1c4,com.pregnantcatemma.virtualpet,1.0,iv,Android OS 7.0 / API-24 (NRD90M/V9.0.5.0.NCFMIEI),bd6bb140-65e5-4605-99e4-90e70223fe17,False,False,RU,1631528803.661113
0,An error occurred while sending the request,Error,/BuildNotice/0,MobileSDK,samsung SM-A022F,OpenGLES2,1.0,1.10.2,False,LowRevenueCountryBlock,LowRevenueCountryBlock,09/13/2021 10:26:39,611bdadcd4e35d332f3d5e66,611be843d5491c7d0a6ab0ce,com.thg.battleops.shooting.game,1.0,iv,Android OS 10 / API-29 (QP1A.190711.020/A022FXXU2AUF1),b382f22c-6d88-4ca8-8432-4b4fe229aaa8,True,False,IQ,1631528803.912761
0,could not receive ip address from ipfy,Error,/BuildNotice/0,MobileSDK,Xiaomi Redmi Note 4,OpenGLES2,1.0,1.11.0,False,Programmatic1,Programmatic,09/13/2021 10:26:43,6028e36ad1e80652e41054ca,609d69021c511f4b1d4df1c4,com.pregnantcatemma.virtualpet,1.0,iv,Android OS 7.0 / API-24 (NRD90M/V9.0.5.0.NCFMIEI),bd6bb140-65e5-4605-99e4-90e70223fe17,False,False,RU,1631528803.955235
0,An error occurred while sending the request,Error,/BuildNotice/0,MobileSDK,Xiaomi Redmi Note 4,OpenGLES2,1.0,1.11.0,False,Programmatic1,Programmatic,09/13/2021 10:26:43,6028e36ad1e80652e41054ca,609d69021c511f4b1d4df1c4,com.pregnantcatemma.virtualpet,1.0,iv,Android OS 7.0 / API-24 (NRD90M/V9.0.5.0.NCFMIEI),bd6bb140-65e5-4605-99e4-90e70223fe17,False,False,RU,1631528804.026652
0,could not receive ip address from ipfy,Error,/BuildNotice/0,MobileSDK,samsung SM-A022F,OpenGLES2,1.0,1.10.2,False,LowRevenueCountryBlock,LowRevenueCountryBlock,09/13/2021 10:26:39,611bdadcd4e35d332f3d5e66,611be843d5491c7d0a6ab0ce,com.thg.battleops.shooting.game,1.0,iv,Android OS 10 / API-29 (QP1A.190711.020/A022FXXU2AUF1),b382f22c-6d88-4ca8-8432-4b4fe229aaa8,True,False,IQ,1631528804.216829
0,could not receive ip address from ipfy,Error,/BuildNotice/0,MobileSDK,samsung SM-A022F,OpenGLES2,1.0,1.10.2,False,LowRevenueCountryBlock,LowRevenueCountryBlock,09/13/2021 10:26:40,611bdadcd4e35d332f3d5e66,611be843d5491c7d0a6ab0ce,com.thg.battleops.shooting.game,1.0,iv,Android OS 10 / API-29 (QP1A.190711.020/A022FXXU2AUF1),b382f22c-6d88-4ca8-8432-4b4fe229aaa8,True,False,IQ,1631528804.686079
0,An error occurred while sending the request,Error,/BuildNotice/0,MobileSDK,samsung SM-A022F,OpenGLES2,1.0,1.10.2,False,LowRevenueCountryBlock,LowRevenueCountryBlock,09/13/2021 10:26:40,611bdadcd4e35d332f3d5e66,611be843d5491c7d0a6ab0ce,com.thg.battleops.shooting.game,1.0,iv,Android OS 10 / API-29 (QP1A.190711.020/A022FXXU2AUF1),b382f22c-6d88-4ca8-8432-4b4fe229aaa8,True,False,IQ,1631528804.858425
0,could not receive ip address from ipfy,Error,/BuildNotice/0,MobileSDK,samsung SM-A022F,OpenGLES2,1.0,1.10.2,False,LowRevenueCountryBlock,LowRevenueCountryBlock,09/13/2021 10:26:40,611bdadcd4e35d332f3d5e66,611be843d5491c7d0a6ab0ce,com.thg.battleops.shooting.game,1.0,iv,Android OS 10 / API-29 (QP1A.190711.020/A022FXXU2AUF1),b382f22c-6d88-4ca8-8432-4b4fe229aaa8,True,False,IQ,1631528804.96601
0,could not receive ip address from ipfy,Error,/BuildNotice/0,MobileSDK,Xiaomi Redmi Note 4,OpenGLES2,1.0,1.11.0,False,Programmatic1,Programmatic,09/13/2021 10:26:45,6028e36ad1e80652e41054ca,609d69021c511f4b1d4df1c4,com.pregnantcatemma.virtualpet,1.0,iv,Android OS 7.0 / API-24 (NRD90M/V9.0.5.0.NCFMIEI),bd6bb140-65e5-4605-99e4-90e70223fe17,False,False,RU,1631528805.20686
0,could not receive ip address from ipfy,Error,/BuildNotice/0,MobileSDK,samsung SM-A022F,OpenGLES2,1.0,1.10.2,False,LowRevenueCountryBlock,LowRevenueCountryBlock,09/13/2021 10:26:40,611bdadcd4e35d332f3d5e66,611be843d5491c7d0a6ab0ce,com.thg.battleops.shooting.game,1.0,iv,Android OS 10 / API-29 (QP1A.190711.020/A022FXXU2AUF1),b382f22c-6d88-4ca8-8432-4b4fe229aaa8,True,False,IQ,1631528805.225581
0,An error occurred while sending the request,Error,/BuildNotice/0,MobileSDK,Xiaomi Redmi Note 4,OpenGLES2,1.0,1.11.0,False,Programmatic1,Programmatic,09/13/2021 10:26:45,6028e36ad1e80652e41054ca,609d69021c511f4b1d4df1c4,com.pregnantcatemma.virtualpet,1.0,iv,Android OS 7.0 / API-24 (NRD90M/V9.0.5.0.NCFMIEI),bd6bb140-65e5-4605-99e4-90e70223fe17,False,False,RU,1631528805.228723
0,An error occurred while sending the request,Error,/BuildNotice/0,MobileSDK,samsung SM-A022F,OpenGLES2,1.0,1.10.2,False,LowRevenueCountryBlock,LowRevenueCountryBlock,09/13/2021 10:26:40,611bdadcd4e35d332f3d5e66,611be843d5491c7d0a6ab0ce,com.thg.battleops.shooting.game,1.0,iv,Android OS 10 / API-29 (QP1A.190711.020/A022FXXU2AUF1),b382f22c-6d88-4ca8-8432-4b4fe229aaa8,True,False,IQ,1631528805.498823
0,An error occurred while sending the request,Error,/BuildNotice/0,MobileSDK,samsung SM-A022F,OpenGLES2,1.0,1.10.2,False,LowRevenueCountryBlock,LowRevenueCountryBlock,09/13/2021 10:26:41,611bdadcd4e35d332f3d5e66,611be843d5491c7d0a6ab0ce,com.thg.battleops.shooting.game,1.0,iv,Android OS 10 / API-29 (QP1A.190711.020/A022FXXU2AUF1),b382f22c-6d88-4ca8-8432-4b4fe229aaa8,True,False,IQ,1631528805.520964
0,could not receive ip address from ipfy,Error,/BuildNotice/0,MobileSDK,Xiaomi Redmi Note 4,OpenGLES2,1.0,1.11.0,False,Programmatic1,Programmatic,09/13/2021 10:26:45,6028e36ad1e80652e41054ca,609d69021c511f4b1d4df1c4,com.pregnantcatemma.virtualpet,1.0,iv,Android OS 7.0 / API-24 (NRD90M/V9.0.5.0.NCFMIEI),bd6bb140-65e5-4605-99e4-90e70223fe17,False,False,RU,1631528805.98758
0,An error occurred while sending the request,Error,/BuildNotice/0,MobileSDK,Xiaomi Redmi Note 4,OpenGLES2,1.0,1.11.0,False,Programmatic1,Programmatic,09/13/2021 10:26:45,6028e36ad1e80652e41054ca,609d69021c511f4b1d4df1c4,com.pregnantcatemma.virtualpet,1.0,iv,Android OS 7.0 / API-24 (NRD90M/V9.0.5.0.NCFMIEI),bd6bb140-65e5-4605-99e4-90e70223fe17,False,False,RU,1631528806.060852
0,could not receive ip address from ipfy,Error,/BuildNotice/0,MobileSDK,samsung SM-A022F,OpenGLES2,1.0,1.10.2,False,LowRevenueCountryBlock,LowRevenueCountryBlock,09/13/2021 10:26:41,611bdadcd4e35d332f3d5e66,611be843d5491c7d0a6ab0ce,com.thg.battleops.shooting.game,1.0,iv,Android OS 10 / API-29 (QP1A.190711.020/A022FXXU2AUF1),b382f22c-6d88-4ca8-8432-4b4fe229aaa8,True,False,IQ,1631528806.147106
0,An error occurred while sending the request,Error,/BuildNotice/0,MobileSDK,samsung SM-A022F,OpenGLES2,1.0,1.10.2,False,LowRevenueCountryBlock,LowRevenueCountryBlock,09/13/2021 10:26:41,611bdadcd4e35d332f3d5e66,611be843d5491c7d0a6ab0ce,com.thg.battleops.shooting.game,1.0,iv,Android OS 10 / API-29 (QP1A.190711.020/A022FXXU2AUF1),b382f22c-6d88-4ca8-8432-4b4fe229aaa8,True,False,IQ,1631528806.186001
0,could not receive ip address from ipfy,Error,/BuildNotice/0,MobileSDK,samsung SM-A022F,OpenGLES2,1.0,1.10.2,False,LowRevenueCountryBlock,LowRevenueCountryBlock,09/13/2021 10:26:41,611bdadcd4e35d332f3d5e66,611be843d5491c7d0a6ab0ce,com.thg.battleops.shooting.game,1.0,iv,Android OS 10 / API-29 (QP1A.190711.020/A022FXXU2AUF1),b382f22c-6d88-4ca8-8432-4b4fe229aaa8,True,False,IQ,1631528806.393926
0,An error occurred while sending the request,Error,/BuildNotice/0,MobileSDK,samsung SM-A022F,OpenGLES2,1.0,1.10.2,False,LowRevenueCountryBlock,LowRevenueCountryBlock,09/13/2021 10:26:42,611bdadcd4e35d332f3d5e66,611be843d5491c7d0a6ab0ce,com.thg.battleops.shooting.game,1.0,iv,Android OS 10 / API-29 (QP1A.190711.020/A022FXXU2AUF1),b382f22c-6d88-4ca8-8432-4b4fe229aaa8,True,False,IQ,1631528806.459563
0,could not receive ip address from ipfy,Error,/BuildNotice/0,MobileSDK,samsung SM-A022F,OpenGLES2,1.0,1.10.2,False,LowRevenueCountryBlock,LowRevenueCountryBlock,09/13/2021 10:26:42,611bdadcd4e35d332f3d5e66,611be843d5491c7d0a6ab0ce,com.thg.battleops.shooting.game,1.0,iv,Android OS 10 / API-29 (QP1A.190711.020/A022FXXU2AUF1),b382f22c-6d88-4ca8-8432-4b4fe229aaa8,True,False,IQ,1631528806.642691
0,could not receive ip address from ipfy,Error,/BuildNotice/0,MobileSDK,samsung SM-A022F,OpenGLES2,1.0,1.10.2,False,LowRevenueCountryBlock,LowRevenueCountryBlock,09/13/2021 10:26:42,611bdadcd4e35d332f3d5e66,611be843d5491c7d0a6ab0ce,com.thg.battleops.shooting.game,1.0,iv,Android OS 10 / API-29 (QP1A.190711.020/A022FXXU2AUF1),b382f22c-6d88-4ca8-8432-4b4fe229aaa8,True,False,IQ,1631528807.005479
0,An error occurred while sending the request,Error,/BuildNotice/0,MobileSDK,samsung SM-A022F,OpenGLES2,1.0,1.10.2,False,LowRevenueCountryBlock,LowRevenueCountryBlock,09/13/2021 10:26:42,611bdadcd4e35d332f3d5e66,611be843d5491c7d0a6ab0ce,com.thg.battleops.shooting.game,1.0,iv,Android OS 10 / API-29 (QP1A.190711.020/A022FXXU2AUF1),b382f22c-6d88-4ca8-8432-4b4fe229aaa8,True,False,IQ,1631528807.108394
0,An error occurred while sending the request,Error,/BuildNotice/0,MobileSDK,samsung SM-A022F,OpenGLES2,1.0,1.10.2,False,LowRevenueCountryBlock,LowRevenueCountryBlock,09/13/2021 10:26:42,611bdadcd4e35d332f3d5e66,611be843d5491c7d0a6ab0ce,com.thg.battleops.shooting.game,1.0,iv,Android OS 10 / API-29 (QP1A.190711.020/A022FXXU2AUF1),b382f22c-6d88-4ca8-8432-4b4fe229aaa8,True,False,IQ,1631528807.255478
0,could not receive ip address from ipfy,Error,/BuildNotice/0,MobileSDK,Xiaomi Redmi Note 4,OpenGLES2,1.0,1.11.0,False,Programmatic1,Programmatic,09/13/2021 10:26:47,6028e36ad1e80652e41054ca,609d69021c511f4b1d4df1c4,com.pregnantcatemma.virtualpet,1.0,iv,Android OS 7.0 / API-24 (NRD90M/V9.0.5.0.NCFMIEI),bd6bb140-65e5-4605-99e4-90e70223fe17,False,False,RU,1631528807.301325
0,An error occurred while sending the request,Error,/BuildNotice/0,MobileSDK,Xiaomi Redmi Note 4,OpenGLES2,1.0,1.11.0,False,Programmatic1,Programmatic,09/13/2021 10:26:47,6028e36ad1e80652e41054ca,609d69021c511f4b1d4df1c4,com.pregnantcatemma.virtualpet,1.0,iv,Android OS 7.0 / API-24 (NRD90M/V9.0.5.0.NCFMIEI),bd6bb140-65e5-4605-99e4-90e70223fe17,False,False,RU,1631528807.373405
0,An error occurred while sending the request,Error,/BuildNotice/0,MobileSDK,samsung SM-A022F,OpenGLES2,1.0,1.10.2,False,LowRevenueCountryBlock,LowRevenueCountryBlock,09/13/2021 10:26:43,611bdadcd4e35d332f3d5e66,611be843d5491c7d0a6ab0ce,com.thg.battleops.shooting.game,1.0,iv,Android OS 10 / API-29 (QP1A.190711.020/A022FXXU2AUF1),b382f22c-6d88-4ca8-8432-4b4fe229aaa8,True,False,IQ,1631528807.584144
0,could not receive ip address from ipfy,Error,/BuildNotice/0,MobileSDK,samsung SM-A022F,OpenGLES2,1.0,1.10.2,False,LowRevenueCountryBlock,LowRevenueCountryBlock,09/13/2021 10:26:43,611bdadcd4e35d332f3d5e66,611be843d5491c7d0a6ab0ce,com.thg.battleops.shooting.game,1.0,iv,Android OS 10 / API-29 (QP1A.190711.020/A022FXXU2AUF1),b382f22c-6d88-4ca8-8432-4b4fe229aaa8,True,False,IQ,1631528807.862975
0,could not receive ip address from ipfy,Error,/BuildNotice/0,MobileSDK,samsung SM-A022F,OpenGLES2,1.0,1.10.2,False,LowRevenueCountryBlock,LowRevenueCountryBlock,09/13/2021 10:26:43,611bdadcd4e35d332f3d5e66,611be843d5491c7d0a6ab0ce,com.thg.battleops.shooting.game,1.0,iv,Android OS 10 / API-29 (QP1A.190711.020/A022FXXU2AUF1),b382f22c-6d88-4ca8-8432-4b4fe229aaa8,True,False,IQ,1631528807.979613
0,An error occurred while sending the request,Error,/BuildNotice/0,MobileSDK,samsung SM-A022F,OpenGLES2,1.0,1.10.2,False,LowRevenueCountryBlock,LowRevenueCountryBlock,09/13/2021 10:26:43,611bdadcd4e35d332f3d5e66,611be843d5491c7d0a6ab0ce,com.thg.battleops.shooting.game,1.0,iv,Android OS 10 / API-29 (QP1A.190711.020/A022FXXU2AUF1),b382f22c-6d88-4ca8-8432-4b4fe229aaa8,True,False,IQ,1631528808.120722
0,could not receive ip address from ipfy,Error,/BuildNotice/0,MobileSDK,samsung SM-A022F,OpenGLES2,1.0,1.10.2,False,LowRevenueCountryBlock,LowRevenueCountryBlock,09/13/2021 10:26:44,611bdadcd4e35d332f3d5e66,611be843d5491c7d0a6ab0ce,com.thg.battleops.shooting.game,1.0,iv,Android OS 10 / API-29 (QP1A.190711.020/A022FXXU2AUF1),b382f22c-6d88-4ca8-8432-4b4fe229aaa8,True,False,IQ,1631528808.437347
0,could not receive ip address from ipfy,Error,/BuildNotice/0,MobileSDK,Xiaomi Redmi Note 4,OpenGLES2,1.0,1.11.0,False,Programmatic1,Programmatic,09/13/2021 10:26:48,6028e36ad1e80652e41054ca,609d69021c511f4b1d4df1c4,com.pregnantcatemma.virtualpet,1.0,iv,Android OS 7.0 / API-24 (NRD90M/V9.0.5.0.NCFMIEI),bd6bb140-65e5-4605-99e4-90e70223fe17,False,False,RU,1631528808.522621
0,An error occurred while sending the request,Error,/BuildNotice/0,MobileSDK,Xiaomi Redmi Note 4,OpenGLES2,1.0,1.11.0,False,Programmatic1,Programmatic,09/13/2021 10:26:48,6028e36ad1e80652e41054ca,609d69021c511f4b1d4df1c4,com.pregnantcatemma.virtualpet,1.0,iv,Android OS 7.0 / API-24 (NRD90M/V9.0.5.0.NCFMIEI),bd6bb140-65e5-4605-99e4-90e70223fe17,False,False,RU,1631528808.618707
0,could not receive ip address from ipfy,Error,/BuildNotice/0,MobileSDK,samsung SM-A022F,OpenGLES2,1.0,1.10.2,False,LowRevenueCountryBlock,LowRevenueCountryBlock,09/13/2021 10:26:44,611bdadcd4e35d332f3d5e66,611be843d5491c7d0a6ab0ce,com.thg.battleops.shooting.game,1.0,iv,Android OS 10 / API-29 (QP1A.190711.020/A022FXXU2AUF1),b382f22c-6d88-4ca8-8432-4b4fe229aaa8,True,False,IQ,1631528808.799097
0,An error occurred while sending the request,Error,/BuildNotice/0,MobileSDK,samsung SM-A022F,OpenGLES2,1.0,1.10.2,False,LowRevenueCountryBlock,LowRevenueCountryBlock,09/13/2021 10:26:44,611bdadcd4e35d332f3d5e66,611be843d5491c7d0a6ab0ce,com.thg.battleops.shooting.game,1.0,iv,Android OS 10 / API-29 (QP1A.190711.020/A022FXXU2AUF1),b382f22c-6d88-4ca8-8432-4b4fe229aaa8,True,False,IQ,1631528808.907084
0,An error occurred while sending the request,Error,/BuildNotice/0,MobileSDK,LAVA Z90,OpenGLES2,1.0,1.11.0,False,Programmatic1,Programmatic,09/13/2021 10:27:10,6028e36ad1e80652e41054ca,609d69021c511f4b1d4df1c4,com.pregnantcatemma.virtualpet,1.0,iv,Android OS 7.0 / API-24 (NRD90M/1503052790),7c2fee0e-f9db-4912-a49a-0c47eacc5a6e,False,False,IR,1631528808.975181
0,could not receive ip address from ipfy,Error,/BuildNotice/0,MobileSDK,LAVA Z90,OpenGLES2,1.0,1.11.0,False,Programmatic1,Programmatic,09/13/2021 10:27:10,6028e36ad1e80652e41054ca,609d69021c511f4b1d4df1c4,com.pregnantcatemma.virtualpet,1.0,iv,Android OS 7.0 / API-24 (NRD90M/1503052790),7c2fee0e-f9db-4912-a49a-0c47eacc5a6e,False,False,IR,1631528808.990834
0,An error occurred while sending the request,Error,/BuildNotice/0,MobileSDK,samsung SM-A022F,OpenGLES2,1.0,1.10.2,False,LowRevenueCountryBlock,LowRevenueCountryBlock,09/13/2021 10:26:44,611bdadcd4e35d332f3d5e66,611be843d5491c7d0a6ab0ce,com.thg.battleops.shooting.game,1.0,iv,Android OS 10 / API-29 (QP1A.190711.020/A022FXXU2AUF1),b382f22c-6d88-4ca8-8432-4b4fe229aaa8,True,False,IQ,1631528809.050444
0,could not receive ip address from ipfy,Error,/BuildNotice/0,MobileSDK,Xiaomi Redmi Note 4,OpenGLES2,1.0,1.11.0,False,Programmatic1,Programmatic,09/13/2021 10:26:48,6028e36ad1e80652e41054ca,609d69021c511f4b1d4df1c4,com.pregnantcatemma.virtualpet,1.0,iv,Android OS 7.0 / API-24 (NRD90M/V9.0.5.0.NCFMIEI),bd6bb140-65e5-4605-99e4-90e70223fe17,False,False,RU,1631528809.101317
0,could not receive ip address from ipfy,Error,/BuildNotice/0,MobileSDK,samsung SM-A022F,OpenGLES2,1.0,1.10.2,False,LowRevenueCountryBlock,LowRevenueCountryBlock,09/13/2021 10:26:45,611bdadcd4e35d332f3d5e66,611be843d5491c7d0a6ab0ce,com.thg.battleops.shooting.game,1.0,iv,Android OS 10 / API-29 (QP1A.190711.020/A022FXXU2AUF1),b382f22c-6d88-4ca8-8432-4b4fe229aaa8,True,False,IQ,1631528809.210745
0,An error occurred while sending the request,Error,/BuildNotice/0,MobileSDK,Xiaomi Redmi Note 4,OpenGLES2,1.0,1.11.0,False,Programmatic1,Programmatic,09/13/2021 10:26:48,6028e36ad1e80652e41054ca,609d69021c511f4b1d4df1c4,com.pregnantcatemma.virtualpet,1.0,iv,Android OS 7.0 / API-24 (NRD90M/V9.0.5.0.NCFMIEI),bd6bb140-65e5-4605-99e4-90e70223fe17,False,False,RU,1631528809.228614
0,An error occurred while sending the request,Error,/BuildNotice/0,MobileSDK,samsung SM-A022F,OpenGLES2,1.0,1.10.2,False,LowRevenueCountryBlock,LowRevenueCountryBlock,09/13/2021 10:26:45,611bdadcd4e35d332f3d5e66,611be843d5491c7d0a6ab0ce,com.thg.battleops.shooting.game,1.0,iv,Android OS 10 / API-29 (QP1A.190711.020/A022FXXU2AUF1),b382f22c-6d88-4ca8-8432-4b4fe229aaa8,True,False,IQ,1631528809.295322
0,could not receive ip address from ipfy,Error,/BuildNotice/0,MobileSDK,samsung SM-A022F,OpenGLES2,1.0,1.10.2,False,LowRevenueCountryBlock,LowRevenueCountryBlock,09/13/2021 10:26:45,611bdadcd4e35d332f3d5e66,611be843d5491c7d0a6ab0ce,com.thg.battleops.shooting.game,1.0,iv,Android OS 10 / API-29 (QP1A.190711.020/A022FXXU2AUF1),b382f22c-6d88-4ca8-8432-4b4fe229aaa8,True,False,IQ,1631528809.71192
0,could not receive ip address from ipfy,Error,/BuildNotice/0,MobileSDK,Xiaomi Redmi Note 4,OpenGLES2,1.0,1.11.0,False,Programmatic1,Programmatic,09/13/2021 10:26:49,6028e36ad1e80652e41054ca,609d69021c511f4b1d4df1c4,com.pregnantcatemma.virtualpet,1.0,iv,Android OS 7.0 / API-24 (NRD90M/V9.0.5.0.NCFMIEI),bd6bb140-65e5-4605-99e4-90e70223fe17,False,False,RU,1631528809.731868
0,An error occurred while sending the request,Error,/BuildNotice/0,MobileSDK,Xiaomi Redmi Note 4,OpenGLES2,1.0,1.11.0,False,Programmatic1,Programmatic,09/13/2021 10:26:49,6028e36ad1e80652e41054ca,609d69021c511f4b1d4df1c4,com.pregnantcatemma.virtualpet,1.0,iv,Android OS 7.0 / API-24 (NRD90M/V9.0.5.0.NCFMIEI),bd6bb140-65e5-4605-99e4-90e70223fe17,False,False,RU,1631528809.753915
0,An error occurred while sending the request,Error,/BuildNotice/0,MobileSDK,samsung SM-A022F,OpenGLES2,1.0,1.10.2,False,LowRevenueCountryBlock,LowRevenueCountryBlock,09/13/2021 10:26:45,611bdadcd4e35d332f3d5e66,611be843d5491c7d0a6ab0ce,com.thg.battleops.shooting.game,1.0,iv,Android OS 10 / API-29 (QP1A.190711.020/A022FXXU2AUF1),b382f22c-6d88-4ca8-8432-4b4fe229aaa8,True,False,IQ,1631528809.809832
0,could not receive ip address from ipfy,Error,/BuildNotice/0,MobileSDK,LAVA Z90,OpenGLES2,1.0,1.11.0,False,Programmatic1,Programmatic,09/13/2021 10:27:12,6028e36ad1e80652e41054ca,609d69021c511f4b1d4df1c4,com.pregnantcatemma.virtualpet,1.0,iv,Android OS 7.0 / API-24 (NRD90M/1503052790),7c2fee0e-f9db-4912-a49a-0c47eacc5a6e,False,False,IR,1631528810.02264
0,An error occurred while sending the request,Error,/BuildNotice/0,MobileSDK,LAVA Z90,OpenGLES2,1.0,1.11.0,False,Programmatic1,Programmatic,09/13/2021 10:27:12,6028e36ad1e80652e41054ca,609d69021c511f4b1d4df1c4,com.pregnantcatemma.virtualpet,1.0,iv,Android OS 7.0 / API-24 (NRD90M/1503052790),7c2fee0e-f9db-4912-a49a-0c47eacc5a6e,False,False,IR,1631528810.046814
0,could not receive ip address from ipfy,Error,/BuildNotice/0,MobileSDK,samsung SM-A022F,OpenGLES2,1.0,1.10.2,False,LowRevenueCountryBlock,LowRevenueCountryBlock,09/13/2021 10:26:46,611bdadcd4e35d332f3d5e66,611be843d5491c7d0a6ab0ce,com.thg.battleops.shooting.game,1.0,iv,Android OS 10 / API-29 (QP1A.190711.020/A022FXXU2AUF1),b382f22c-6d88-4ca8-8432-4b4fe229aaa8,True,False,IQ,1631528810.19646
0,An error occurred while sending the request,Error,/BuildNotice/0,MobileSDK,samsung SM-A022F,OpenGLES2,1.0,1.10.2,False,LowRevenueCountryBlock,LowRevenueCountryBlock,09/13/2021 10:26:46,611bdadcd4e35d332f3d5e66,611be843d5491c7d0a6ab0ce,com.thg.battleops.shooting.game,1.0,iv,Android OS 10 / API-29 (QP1A.190711.020/A022FXXU2AUF1),b382f22c-6d88-4ca8-8432-4b4fe229aaa8,True,False,IQ,1631528810.273035
0,could not receive ip address from ipfy,Error,/BuildNotice/0,MobileSDK,Xiaomi Redmi Note 4,OpenGLES2,1.0,1.11.0,False,Programmatic1,Programmatic,09/13/2021 10:26:50,6028e36ad1e80652e41054ca,609d69021c511f4b1d4df1c4,com.pregnantcatemma.virtualpet,1.0,iv,Android OS 7.0 / API-24 (NRD90M/V9.0.5.0.NCFMIEI),bd6bb140-65e5-4605-99e4-90e70223fe17,False,False,RU,1631528810.488006
0,An error occurred while sending the request,Error,/BuildNotice/0,MobileSDK,Xiaomi Redmi Note 4,OpenGLES2,1.0,1.11.0,False,Programmatic1,Programmatic,09/13/2021 10:26:50,6028e36ad1e80652e41054ca,609d69021c511f4b1d4df1c4,com.pregnantcatemma.virtualpet,1.0,iv,Android OS 7.0 / API-24 (NRD90M/V9.0.5.0.NCFMIEI),bd6bb140-65e5-4605-99e4-90e70223fe17,False,False,RU,1631528810.58887
0,could not receive ip address from ipfy,Error,/BuildNotice/0,MobileSDK,samsung SM-A022F,OpenGLES2,1.0,1.10.2,False,LowRevenueCountryBlock,LowRevenueCountryBlock,09/13/2021 10:26:46,611bdadcd4e35d332f3d5e66,611be843d5491c7d0a6ab0ce,com.thg.battleops.shooting.game,1.0,iv,Android OS 10 / API-29 (QP1A.190711.020/A022FXXU2AUF1),b382f22c-6d88-4ca8-8432-4b4fe229aaa8,True,False,IQ,1631528810.602288
0,could not receive ip address from ipfy,Error,/BuildNotice/0,MobileSDK,samsung SM-A022F,OpenGLES2,1.0,1.10.2,False,LowRevenueCountryBlock,LowRevenueCountryBlock,09/13/2021 10:26:46,611bdadcd4e35d332f3d5e66,611be843d5491c7d0a6ab0ce,com.thg.battleops.shooting.game,1.0,iv,Android OS 10 / API-29 (QP1A.190711.020/A022FXXU2AUF1),b382f22c-6d88-4ca8-8432-4b4fe229aaa8,True,False,IQ,1631528811.025851
0,An error occurred while sending the request,Error,/BuildNotice/0,MobileSDK,samsung SM-A022F,OpenGLES2,1.0,1.10.2,False,LowRevenueCountryBlock,LowRevenueCountryBlock,09/13/2021 10:26:46,611bdadcd4e35d332f3d5e66,611be843d5491c7d0a6ab0ce,com.thg.battleops.shooting.game,1.0,iv,Android OS 10 / API-29 (QP1A.190711.020/A022FXXU2AUF1),b382f22c-6d88-4ca8-8432-4b4fe229aaa8,True,False,IQ,1631528811.097423
0,could not receive ip address from ipfy,Error,/BuildNotice/0,MobileSDK,Xiaomi Redmi Note 4,OpenGLES2,1.0,1.11.0,False,Programmatic1,Programmatic,09/13/2021 10:26:50,6028e36ad1e80652e41054ca,609d69021c511f4b1d4df1c4,com.pregnantcatemma.virtualpet,1.0,iv,Android OS 7.0 / API-24 (NRD90M/V9.0.5.0.NCFMIEI),bd6bb140-65e5-4605-99e4-90e70223fe17,False,False,RU,1631528811.13657
0,An error occurred while sending the request,Error,/BuildNotice/0,MobileSDK,Xiaomi Redmi Note 4,OpenGLES2,1.0,1.11.0,False,Programmatic1,Programmatic,09/13/2021 10:26:50,6028e36ad1e80652e41054ca,609d69021c511f4b1d4df1c4,com.pregnantcatemma.virtualpet,1.0,iv,Android OS 7.0 / API-24 (NRD90M/V9.0.5.0.NCFMIEI),bd6bb140-65e5-4605-99e4-90e70223fe17,False,False,RU,1631528811.180774
0,An error occurred while sending the request,Error,/BuildNotice/0,MobileSDK,samsung SM-A022F,OpenGLES2,1.0,1.10.2,False,LowRevenueCountryBlock,LowRevenueCountryBlock,09/13/2021 10:26:46,611bdadcd4e35d332f3d5e66,611be843d5491c7d0a6ab0ce,com.thg.battleops.shooting.game,1.0,iv,Android OS 10 / API-29 (QP1A.190711.020/A022FXXU2AUF1),b382f22c-6d88-4ca8-8432-4b4fe229aaa8,True,False,IQ,1631528811.279375
0,could not receive ip address from ipfy,Error,/BuildNotice/0,MobileSDK,samsung SM-A022F,OpenGLES2,1.0,1.10.2,False,LowRevenueCountryBlock,LowRevenueCountryBlock,09/13/2021 10:26:47,611bdadcd4e35d332f3d5e66,611be843d5491c7d0a6ab0ce,com.thg.battleops.shooting.game,1.0,iv,Android OS 10 / API-29 (QP1A.190711.020/A022FXXU2AUF1),b382f22c-6d88-4ca8-8432-4b4fe229aaa8,True,False,IQ,1631528811.557096
0,An error occurred while sending the request,Error,/BuildNotice/0,MobileSDK,samsung SM-A022F,OpenGLES2,1.0,1.10.2,False,LowRevenueCountryBlock,LowRevenueCountryBlock,09/13/2021 10:26:47,611bdadcd4e35d332f3d5e66,611be843d5491c7d0a6ab0ce,com.thg.battleops.shooting.game,1.0,iv,Android OS 10 / API-29 (QP1A.190711.020/A022FXXU2AUF1),b382f22c-6d88-4ca8-8432-4b4fe229aaa8,True,False,IQ,1631528811.646908
0,could not receive ip address from ipfy,Error,/BuildNotice/0,MobileSDK,Xiaomi Redmi Note 4,OpenGLES2,1.0,1.11.0,False,Programmatic1,Programmatic,09/13/2021 10:26:51,6028e36ad1e80652e41054ca,609d69021c511f4b1d4df1c4,com.pregnantcatemma.virtualpet,1.0,iv,Android OS 7.0 / API-24 (NRD90M/V9.0.5.0.NCFMIEI),bd6bb140-65e5-4605-99e4-90e70223fe17,False,False,RU,1631528811.68063
0,An error occurred while sending the request,Error,/BuildNotice/0,MobileSDK,Xiaomi Redmi Note 4,OpenGLES2,1.0,1.11.0,False,Programmatic1,Programmatic,09/13/2021 10:26:51,6028e36ad1e80652e41054ca,609d69021c511f4b1d4df1c4,com.pregnantcatemma.virtualpet,1.0,iv,Android OS 7.0 / API-24 (NRD90M/V9.0.5.0.NCFMIEI),bd6bb140-65e5-4605-99e4-90e70223fe17,False,False,RU,1631528811.851408
0,could not receive ip address from ipfy,Error,/BuildNotice/0,MobileSDK,samsung SM-A022F,OpenGLES2,1.0,1.10.2,False,LowRevenueCountryBlock,LowRevenueCountryBlock,09/13/2021 10:26:47,611bdadcd4e35d332f3d5e66,611be843d5491c7d0a6ab0ce,com.thg.battleops.shooting.game,1.0,iv,Android OS 10 / API-29 (QP1A.190711.020/A022FXXU2AUF1),b382f22c-6d88-4ca8-8432-4b4fe229aaa8,True,False,IQ,1631528811.959861
0,An error occurred while sending the request,Error,/BuildNotice/0,MobileSDK,samsung SM-A022F,OpenGLES2,1.0,1.10.2,False,LowRevenueCountryBlock,LowRevenueCountryBlock,09/13/2021 10:26:47,611bdadcd4e35d332f3d5e66,611be843d5491c7d0a6ab0ce,com.thg.battleops.shooting.game,1.0,iv,Android OS 10 / API-29 (QP1A.190711.020/A022FXXU2AUF1),b382f22c-6d88-4ca8-8432-4b4fe229aaa8,True,False,IQ,1631528812.046324
0,An error occurred while sending the request,Error,/BuildNotice/0,MobileSDK,samsung SM-A022F,OpenGLES2,1.0,1.10.2,False,LowRevenueCountryBlock,LowRevenueCountryBlock,09/13/2021 10:26:48,611bdadcd4e35d332f3d5e66,611be843d5491c7d0a6ab0ce,com.thg.battleops.shooting.game,1.0,iv,Android OS 10 / API-29 (QP1A.190711.020/A022FXXU2AUF1),b382f22c-6d88-4ca8-8432-4b4fe229aaa8,True,False,IQ,1631528812.462071
0,could not receive ip address from ipfy,Error,/BuildNotice/0,MobileSDK,samsung SM-A022F,OpenGLES2,1.0,1.10.2,False,LowRevenueCountryBlock,LowRevenueCountryBlock,09/13/2021 10:26:48,611bdadcd4e35d332f3d5e66,611be843d5491c7d0a6ab0ce,com.thg.battleops.shooting.game,1.0,iv,Android OS 10 / API-29 (QP1A.190711.020/A022FXXU2AUF1),b382f22c-6d88-4ca8-8432-4b4fe229aaa8,True,False,IQ,1631528812.782948
0,could not receive ip address from ipfy,Error,/BuildNotice/0,MobileSDK,samsung SM-A022F,OpenGLES2,1.0,1.10.2,False,LowRevenueCountryBlock,LowRevenueCountryBlock,09/13/2021 10:26:48,611bdadcd4e35d332f3d5e66,611be843d5491c7d0a6ab0ce,com.thg.battleops.shooting.game,1.0,iv,Android OS 10 / API-29 (QP1A.190711.020/A022FXXU2AUF1),b382f22c-6d88-4ca8-8432-4b4fe229aaa8,True,False,IQ,1631528812.791229
0,An error occurred while sending the request,Error,/BuildNotice/0,MobileSDK,samsung SM-A022F,OpenGLES2,1.0,1.10.2,False,LowRevenueCountryBlock,LowRevenueCountryBlock,09/13/2021 10:26:48,611bdadcd4e35d332f3d5e66,611be843d5491c7d0a6ab0ce,com.thg.battleops.shooting.game,1.0,iv,Android OS 10 / API-29 (QP1A.190711.020/A022FXXU2AUF1),b382f22c-6d88-4ca8-8432-4b4fe229aaa8,True,False,IQ,1631528813.031275
0,could not receive ip address from ipfy,Error,/BuildNotice/0,MobileSDK,Xiaomi Redmi Note 4,OpenGLES2,1.0,1.11.0,False,Programmatic1,Programmatic,09/13/2021 10:26:53,6028e36ad1e80652e41054ca,609d69021c511f4b1d4df1c4,com.pregnantcatemma.virtualpet,1.0,iv,Android OS 7.0 / API-24 (NRD90M/V9.0.5.0.NCFMIEI),bd6bb140-65e5-4605-99e4-90e70223fe17,False,False,RU,1631528813.316217
0,An error occurred while sending the request,Error,/BuildNotice/0,MobileSDK,samsung SM-A022F,OpenGLES2,1.0,1.10.2,False,LowRevenueCountryBlock,LowRevenueCountryBlock,09/13/2021 10:26:49,611bdadcd4e35d332f3d5e66,611be843d5491c7d0a6ab0ce,com.thg.battleops.shooting.game,1.0,iv,Android OS 10 / API-29 (QP1A.190711.020/A022FXXU2AUF1),b382f22c-6d88-4ca8-8432-4b4fe229aaa8,True,False,IQ,1631528813.319839
0,An error occurred while sending the request,Error,/BuildNotice/0,MobileSDK,Xiaomi Redmi Note 4,OpenGLES2,1.0,1.11.0,False,Programmatic1,Programmatic,09/13/2021 10:26:53,6028e36ad1e80652e41054ca,609d69021c511f4b1d4df1c4,com.pregnantcatemma.virtualpet,1.0,iv,Android OS 7.0 / API-24 (NRD90M/V9.0.5.0.NCFMIEI),bd6bb140-65e5-4605-99e4-90e70223fe17,False,False,RU,1631528813.412495
0,could not receive ip address from ipfy,Error,/BuildNotice/0,MobileSDK,samsung SM-A022F,OpenGLES2,1.0,1.10.2,False,LowRevenueCountryBlock,LowRevenueCountryBlock,09/13/2021 10:26:49,611bdadcd4e35d332f3d5e66,611be843d5491c7d0a6ab0ce,com.thg.battleops.shooting.game,1.0,iv,Android OS 10 / API-29 (QP1A.190711.020/A022FXXU2AUF1),b382f22c-6d88-4ca8-8432-4b4fe229aaa8,True,False,IQ,1631528813.601593
0,could not receive ip address from ipfy,Error,/BuildNotice/0,MobileSDK,samsung SM-A022F,OpenGLES2,1.0,1.10.2,False,LowRevenueCountryBlock,LowRevenueCountryBlock,09/13/2021 10:26:49,611bdadcd4e35d332f3d5e66,611be843d5491c7d0a6ab0ce,com.thg.battleops.shooting.game,1.0,iv,Android OS 10 / API-29 (QP1A.190711.020/A022FXXU2AUF1),b382f22c-6d88-4ca8-8432-4b4fe229aaa8,True,False,IQ,1631528813.709235
0,An error occurred while sending the request,Error,/BuildNotice/0,MobileSDK,samsung SM-A022F,OpenGLES2,1.0,1.10.2,False,LowRevenueCountryBlock,LowRevenueCountryBlock,09/13/2021 10:26:49,611bdadcd4e35d332f3d5e66,611be843d5491c7d0a6ab0ce,com.thg.battleops.shooting.game,1.0,iv,Android OS 10 / API-29 (QP1A.190711.020/A022FXXU2AUF1),b382f22c-6d88-4ca8-8432-4b4fe229aaa8,True,False,IQ,1631528813.85211
0,could not receive ip address from ipfy,Error,/BuildNotice/0,MobileSDK,Xiaomi Redmi Note 4,OpenGLES2,1.0,1.11.0,False,Programmatic1,Programmatic,09/13/2021 10:26:53,6028e36ad1e80652e41054ca,609d69021c511f4b1d4df1c4,com.pregnantcatemma.virtualpet,1.0,iv,Android OS 7.0 / API-24 (NRD90M/V9.0.5.0.NCFMIEI),bd6bb140-65e5-4605-99e4-90e70223fe17,False,False,RU,1631528813.950959
0,An error occurred while sending the request,Error,/BuildNotice/0,MobileSDK,Xiaomi Redmi Note 4,OpenGLES2,1.0,1.11.0,False,Programmatic1,Programmatic,09/13/2021 10:26:53,6028e36ad1e80652e41054ca,609d69021c511f4b1d4df1c4,com.pregnantcatemma.virtualpet,1.0,iv,Android OS 7.0 / API-24 (NRD90M/V9.0.5.0.NCFMIEI),bd6bb140-65e5-4605-99e4-90e70223fe17,False,False,RU,1631528813.97186
0,could not receive ip address from ipfy,Error,/BuildNotice/0,MobileSDK,samsung SM-A022F,OpenGLES2,1.0,1.10.2,False,LowRevenueCountryBlock,LowRevenueCountryBlock,09/13/2021 10:26:49,611bdadcd4e35d332f3d5e66,611be843d5491c7d0a6ab0ce,com.thg.battleops.shooting.game,1.0,iv,Android OS 10 / API-29 (QP1A.190711.020/A022FXXU2AUF1),b382f22c-6d88-4ca8-8432-4b4fe229aaa8,True,False,IQ,1631528814.153681
0,An error occurred while sending the request,Error,/BuildNotice/0,MobileSDK,samsung SM-A022F,OpenGLES2,1.0,1.10.2,False,LowRevenueCountryBlock,LowRevenueCountryBlock,09/13/2021 10:26:50,611bdadcd4e35d332f3d5e66,611be843d5491c7d0a6ab0ce,com.thg.battleops.shooting.game,1.0,iv,Android OS 10 / API-29 (QP1A.190711.020/A022FXXU2AUF1),b382f22c-6d88-4ca8-8432-4b4fe229aaa8,True,False,IQ,1631528814.245891
0,could not receive ip address from ipfy,Error,/BuildNotice/0,MobileSDK,samsung SM-A022F,OpenGLES2,1.0,1.10.2,False,LowRevenueCountryBlock,LowRevenueCountryBlock,09/13/2021 10:26:50,611bdadcd4e35d332f3d5e66,611be843d5491c7d0a6ab0ce,com.thg.battleops.shooting.game,1.0,iv,Android OS 10 / API-29 (QP1A.190711.020/A022FXXU2AUF1),b382f22c-6d88-4ca8-8432-4b4fe229aaa8,True,False,IQ,1631528814.595582
0,An error occurred while sending the request,Error,/BuildNotice/0,MobileSDK,samsung SM-A022F,OpenGLES2,1.0,1.10.2,False,LowRevenueCountryBlock,LowRevenueCountryBlock,09/13/2021 10:26:50,611bdadcd4e35d332f3d5e66,611be843d5491c7d0a6ab0ce,com.thg.battleops.shooting.game,1.0,iv,Android OS 10 / API-29 (QP1A.190711.020/A022FXXU2AUF1),b382f22c-6d88-4ca8-8432-4b4fe229aaa8,True,False,IQ,1631528814.674754
0,could not receive ip address from ipfy,Error,/BuildNotice/0,MobileSDK,Xiaomi Redmi Note 4,OpenGLES2,1.0,1.11.0,False,Programmatic1,Programmatic,09/13/2021 10:26:54,6028e36ad1e80652e41054ca,609d69021c511f4b1d4df1c4,com.pregnantcatemma.virtualpet,1.0,iv,Android OS 7.0 / API-24 (NRD90M/V9.0.5.0.NCFMIEI),bd6bb140-65e5-4605-99e4-90e70223fe17,False,False,RU,1631528815.111117
0,An error occurred while sending the request,Error,/BuildNotice/0,MobileSDK,Xiaomi Redmi Note 4,OpenGLES2,1.0,1.11.0,False,Programmatic1,Programmatic,09/13/2021 10:26:54,6028e36ad1e80652e41054ca,609d69021c511f4b1d4df1c4,com.pregnantcatemma.virtualpet,1.0,iv,Android OS 7.0 / API-24 (NRD90M/V9.0.5.0.NCFMIEI),bd6bb140-65e5-4605-99e4-90e70223fe17,False,False,RU,1631528815.131602
0,could not receive ip address from ipfy,Error,/BuildNotice/0,MobileSDK,samsung SM-A022F,OpenGLES2,1.0,1.10.2,False,LowRevenueCountryBlock,LowRevenueCountryBlock,09/13/2021 10:26:50,611bdadcd4e35d332f3d5e66,611be843d5491c7d0a6ab0ce,com.thg.battleops.shooting.game,1.0,iv,Android OS 10 / API-29 (QP1A.190711.020/A022FXXU2AUF1),b382f22c-6d88-4ca8-8432-4b4fe229aaa8,True,False,IQ,1631528815.217629
0,An error occurred while sending the request,Error,/BuildNotice/0,MobileSDK,samsung SM-A022F,OpenGLES2,1.0,1.10.2,False,LowRevenueCountryBlock,LowRevenueCountryBlock,09/13/2021 10:26:51,611bdadcd4e35d332f3d5e66,611be843d5491c7d0a6ab0ce,com.thg.battleops.shooting.game,1.0,iv,Android OS 10 / API-29 (QP1A.190711.020/A022FXXU2AUF1),b382f22c-6d88-4ca8-8432-4b4fe229aaa8,True,False,IQ,1631528815.455877
0,"We are running ""Programmatic Flow"", you need to active gCom. 
 HTTP/1.1 400 Bad Request
{""product"": null, ""payment"": null, ""shipment_available_options"": [], ""session"": {""session_id"": ""1.0"", ""status"": ""Error: CODE_INVALID_FLOW_ID"", ""error_code"": 110}, ""flow"": ""gcom""}",Error,/BuildNotice/0,MobileSDK,samsung SM-G950F,OpenGLES2,1.0,1.10.2,False,LowRevenueCountryBlock,LowRevenueCountryBlock,09/13/2021 11:28:30,611bdadcd4e35d332f3d5e66,611be843d5491c7d0a6ab0ce,com.thg.battleops.shooting.game,1.0,iv,Android OS 9 / API-28 (PPR1.180610.011/G950FXXUCDUD1),6557d981-1f51-40a7-8b82-a6dea51d0237,True,False,IQ,1631528815.528232
0,could not receive ip address from ipfy,Error,/BuildNotice/0,MobileSDK,samsung SM-A022F,OpenGLES2,1.0,1.10.2,False,LowRevenueCountryBlock,LowRevenueCountryBlock,09/13/2021 10:26:51,611bdadcd4e35d332f3d5e66,611be843d5491c7d0a6ab0ce,com.thg.battleops.shooting.game,1.0,iv,Android OS 10 / API-29 (QP1A.190711.020/A022FXXU2AUF1),b382f22c-6d88-4ca8-8432-4b4fe229aaa8,True,False,IQ,1631528815.828274
0,An error occurred while sending the request,Error,/BuildNotice/0,MobileSDK,samsung SM-A022F,OpenGLES2,1.0,1.10.2,False,LowRevenueCountryBlock,LowRevenueCountryBlock,09/13/2021 10:26:51,611bdadcd4e35d332f3d5e66,611be843d5491c7d0a6ab0ce,com.thg.battleops.shooting.game,1.0,iv,Android OS 10 / API-29 (QP1A.190711.020/A022FXXU2AUF1),b382f22c-6d88-4ca8-8432-4b4fe229aaa8,True,False,IQ,1631528815.920864
0,could not receive ip address from ipfy,Error,/BuildNotice/0,MobileSDK,samsung SM-A022F,OpenGLES2,1.0,1.10.2,False,LowRevenueCountryBlock,LowRevenueCountryBlock,09/13/2021 10:26:52,611bdadcd4e35d332f3d5e66,611be843d5491c7d0a6ab0ce,com.thg.battleops.shooting.game,1.0,iv,Android OS 10 / API-29 (QP1A.190711.020/A022FXXU2AUF1),b382f22c-6d88-4ca8-8432-4b4fe229aaa8,True,False,IQ,1631528816.358389
0,An error occurred while sending the request,Error,/BuildNotice/0,MobileSDK,samsung SM-A022F,OpenGLES2,1.0,1.10.2,False,LowRevenueCountryBlock,LowRevenueCountryBlock,09/13/2021 10:26:52,611bdadcd4e35d332f3d5e66,611be843d5491c7d0a6ab0ce,com.thg.battleops.shooting.game,1.0,iv,Android OS 10 / API-29 (QP1A.190711.020/A022FXXU2AUF1),b382f22c-6d88-4ca8-8432-4b4fe229aaa8,True,False,IQ,1631528816.448095
0,could not receive ip address from ipfy,Error,/BuildNotice/0,MobileSDK,Xiaomi Redmi Note 4,OpenGLES2,1.0,1.11.0,False,Programmatic1,Programmatic,09/13/2021 10:26:56,6028e36ad1e80652e41054ca,609d69021c511f4b1d4df1c4,com.pregnantcatemma.virtualpet,1.0,iv,Android OS 7.0 / API-24 (NRD90M/V9.0.5.0.NCFMIEI),bd6bb140-65e5-4605-99e4-90e70223fe17,False,False,RU,1631528816.457876
0,could not receive ip address from ipfy,Error,/BuildNotice/0,MobileSDK,Teclast P20HD_EEA,OpenGLES2,1.0,1.11.0,False,Programmatic1,Programmatic,09/13/2021 10:26:12,6028e36ad1e80652e41054ca,609d69021c511f4b1d4df1c4,com.pregnantcatemma.virtualpet,1.0,iv,Android OS 10 / API-29 (QP1A.190711.020/11320),3d98cdfd-85b4-4bc4-8278-ced6bb82c9ca,False,False,IR,1631528816.476266
0,An error occurred while sending the request,Error,/BuildNotice/0,MobileSDK,Xiaomi Redmi Note 4,OpenGLES2,1.0,1.11.0,False,Programmatic1,Programmatic,09/13/2021 10:26:56,6028e36ad1e80652e41054ca,609d69021c511f4b1d4df1c4,com.pregnantcatemma.virtualpet,1.0,iv,Android OS 7.0 / API-24 (NRD90M/V9.0.5.0.NCFMIEI),bd6bb140-65e5-4605-99e4-90e70223fe17,False,False,RU,1631528816.531854
0,A task was canceled.,Error,/BuildNotice/0,MobileSDK,Teclast P20HD_EEA,OpenGLES2,1.0,1.11.0,False,Programmatic1,Programmatic,09/13/2021 10:26:12,6028e36ad1e80652e41054ca,609d69021c511f4b1d4df1c4,com.pregnantcatemma.virtualpet,1.0,iv,Android OS 10 / API-29 (QP1A.190711.020/11320),3d98cdfd-85b4-4bc4-8278-ced6bb82c9ca,False,False,IR,1631528816.548969
0,could not receive ip address from ipfy,Error,/BuildNotice/0,MobileSDK,samsung SM-A022F,OpenGLES2,1.0,1.10.2,False,LowRevenueCountryBlock,LowRevenueCountryBlock,09/13/2021 10:26:52,611bdadcd4e35d332f3d5e66,611be843d5491c7d0a6ab0ce,com.thg.battleops.shooting.game,1.0,iv,Android OS 10 / API-29 (QP1A.190711.020/A022FXXU2AUF1),b382f22c-6d88-4ca8-8432-4b4fe229aaa8,True,False,IQ,1631528816.815088
0,An error occurred while sending the request,Error,/BuildNotice/0,MobileSDK,samsung SM-A022F,OpenGLES2,1.0,1.10.2,False,LowRevenueCountryBlock,LowRevenueCountryBlock,09/13/2021 10:26:52,611bdadcd4e35d332f3d5e66,611be843d5491c7d0a6ab0ce,com.thg.battleops.shooting.game,1.0,iv,Android OS 10 / API-29 (QP1A.190711.020/A022FXXU2AUF1),b382f22c-6d88-4ca8-8432-4b4fe229aaa8,True,False,IQ,1631528816.946729
0,could not receive ip address from ipfy,Error,/BuildNotice/0,MobileSDK,Xiaomi Redmi Note 4,OpenGLES2,1.0,1.11.0,False,Programmatic1,Programmatic,09/13/2021 10:26:56,6028e36ad1e80652e41054ca,609d69021c511f4b1d4df1c4,com.pregnantcatemma.virtualpet,1.0,iv,Android OS 7.0 / API-24 (NRD90M/V9.0.5.0.NCFMIEI),bd6bb140-65e5-4605-99e4-90e70223fe17,False,False,RU,1631528816.977391
0,An error occurred while sending the request,Error,/BuildNotice/0,MobileSDK,Xiaomi Redmi Note 4,OpenGLES2,1.0,1.11.0,False,Programmatic1,Programmatic,09/13/2021 10:26:56,6028e36ad1e80652e41054ca,609d69021c511f4b1d4df1c4,com.pregnantcatemma.virtualpet,1.0,iv,Android OS 7.0 / API-24 (NRD90M/V9.0.5.0.NCFMIEI),bd6bb140-65e5-4605-99e4-90e70223fe17,False,False,RU,1631528816.998842
0,could not receive ip address from ipfy,Error,/BuildNotice/0,MobileSDK,samsung SM-A022F,OpenGLES2,1.0,1.10.2,False,LowRevenueCountryBlock,LowRevenueCountryBlock,09/13/2021 10:26:53,611bdadcd4e35d332f3d5e66,611be843d5491c7d0a6ab0ce,com.thg.battleops.shooting.game,1.0,iv,Android OS 10 / API-29 (QP1A.190711.020/A022FXXU2AUF1),b382f22c-6d88-4ca8-8432-4b4fe229aaa8,True,False,IQ,1631528817.284366
0,An error occurred while sending the request,Error,/BuildNotice/0,MobileSDK,samsung SM-A022F,OpenGLES2,1.0,1.10.2,False,LowRevenueCountryBlock,LowRevenueCountryBlock,09/13/2021 10:26:53,611bdadcd4e35d332f3d5e66,611be843d5491c7d0a6ab0ce,com.thg.battleops.shooting.game,1.0,iv,Android OS 10 / API-29 (QP1A.190711.020/A022FXXU2AUF1),b382f22c-6d88-4ca8-8432-4b4fe229aaa8,True,False,IQ,1631528817.478037
0,could not receive ip address from ipfy,Error,/BuildNotice/0,MobileSDK,Xiaomi Redmi Note 4,OpenGLES2,1.0,1.11.0,False,Programmatic1,Programmatic,09/13/2021 10:26:57,6028e36ad1e80652e41054ca,609d69021c511f4b1d4df1c4,com.pregnantcatemma.virtualpet,1.0,iv,Android OS 7.0 / API-24 (NRD90M/V9.0.5.0.NCFMIEI),bd6bb140-65e5-4605-99e4-90e70223fe17,False,False,RU,1631528817.506284
0,An error occurred while sending the request,Error,/BuildNotice/0,MobileSDK,Xiaomi Redmi Note 4,OpenGLES2,1.0,1.11.0,False,Programmatic1,Programmatic,09/13/2021 10:26:57,6028e36ad1e80652e41054ca,609d69021c511f4b1d4df1c4,com.pregnantcatemma.virtualpet,1.0,iv,Android OS 7.0 / API-24 (NRD90M/V9.0.5.0.NCFMIEI),bd6bb140-65e5-4605-99e4-90e70223fe17,False,False,RU,1631528817.60219
0,could not receive ip address from ipfy,Error,/BuildNotice/0,MobileSDK,samsung SM-A022F,OpenGLES2,1.0,1.10.2,False,LowRevenueCountryBlock,LowRevenueCountryBlock,09/13/2021 10:26:53,611bdadcd4e35d332f3d5e66,611be843d5491c7d0a6ab0ce,com.thg.battleops.shooting.game,1.0,iv,Android OS 10 / API-29 (QP1A.190711.020/A022FXXU2AUF1),b382f22c-6d88-4ca8-8432-4b4fe229aaa8,True,False,IQ,1631528817.814112
0,An error occurred while sending the request,Error,/BuildNotice/0,MobileSDK,samsung SM-A022F,OpenGLES2,1.0,1.10.2,False,LowRevenueCountryBlock,LowRevenueCountryBlock,09/13/2021 10:26:53,611bdadcd4e35d332f3d5e66,611be843d5491c7d0a6ab0ce,com.thg.battleops.shooting.game,1.0,iv,Android OS 10 / API-29 (QP1A.190711.020/A022FXXU2AUF1),b382f22c-6d88-4ca8-8432-4b4fe229aaa8,True,False,IQ,1631528817.902215
0,could not receive ip address from ipfy,Error,/BuildNotice/0,MobileSDK,Xiaomi Redmi Note 4,OpenGLES2,1.0,1.11.0,False,Programmatic1,Programmatic,09/13/2021 10:26:58,6028e36ad1e80652e41054ca,609d69021c511f4b1d4df1c4,com.pregnantcatemma.virtualpet,1.0,iv,Android OS 7.0 / API-24 (NRD90M/V9.0.5.0.NCFMIEI),bd6bb140-65e5-4605-99e4-90e70223fe17,False,False,RU,1631528818.47909
0,An error occurred while sending the request,Error,/BuildNotice/0,MobileSDK,Xiaomi Redmi Note 4,OpenGLES2,1.0,1.11.0,False,Programmatic1,Programmatic,09/13/2021 10:26:58,6028e36ad1e80652e41054ca,609d69021c511f4b1d4df1c4,com.pregnantcatemma.virtualpet,1.0,iv,Android OS 7.0 / API-24 (NRD90M/V9.0.5.0.NCFMIEI),bd6bb140-65e5-4605-99e4-90e70223fe17,False,False,RU,1631528818.501
0,could not receive ip address from ipfy,Error,/BuildNotice/0,MobileSDK,samsung SM-A022F,OpenGLES2,1.0,1.10.2,False,LowRevenueCountryBlock,LowRevenueCountryBlock,09/13/2021 10:26:54,611bdadcd4e35d332f3d5e66,611be843d5491c7d0a6ab0ce,com.thg.battleops.shooting.game,1.0,iv,Android OS 10 / API-29 (QP1A.190711.020/A022FXXU2AUF1),b382f22c-6d88-4ca8-8432-4b4fe229aaa8,True,False,IQ,1631528818.623471
0,An error occurred while sending the request,Error,/BuildNotice/0,MobileSDK,samsung SM-A022F,OpenGLES2,1.0,1.10.2,False,LowRevenueCountryBlock,LowRevenueCountryBlock,09/13/2021 10:26:54,611bdadcd4e35d332f3d5e66,611be843d5491c7d0a6ab0ce,com.thg.battleops.shooting.game,1.0,iv,Android OS 10 / API-29 (QP1A.190711.020/A022FXXU2AUF1),b382f22c-6d88-4ca8-8432-4b4fe229aaa8,True,False,IQ,1631528818.759016
0,could not receive ip address from ipfy,Error,/BuildNotice/0,MobileSDK,samsung SM-A022F,OpenGLES2,1.0,1.10.2,False,LowRevenueCountryBlock,LowRevenueCountryBlock,09/13/2021 10:26:54,611bdadcd4e35d332f3d5e66,611be843d5491c7d0a6ab0ce,com.thg.battleops.shooting.game,1.0,iv,Android OS 10 / API-29 (QP1A.190711.020/A022FXXU2AUF1),b382f22c-6d88-4ca8-8432-4b4fe229aaa8,True,False,IQ,1631528818.871865
0,An error occurred while sending the request,Error,/BuildNotice/0,MobileSDK,samsung SM-A022F,OpenGLES2,1.0,1.10.2,False,LowRevenueCountryBlock,LowRevenueCountryBlock,09/13/2021 10:26:54,611bdadcd4e35d332f3d5e66,611be843d5491c7d0a6ab0ce,com.thg.battleops.shooting.game,1.0,iv,Android OS 10 / API-29 (QP1A.190711.020/A022FXXU2AUF1),b382f22c-6d88-4ca8-8432-4b4fe229aaa8,True,False,IQ,1631528819.025927
0,could not receive ip address from ipfy,Error,/BuildNotice/0,MobileSDK,Xiaomi Redmi Note 4,OpenGLES2,1.0,1.11.0,False,Programmatic1,Programmatic,09/13/2021 10:26:58,6028e36ad1e80652e41054ca,609d69021c511f4b1d4df1c4,com.pregnantcatemma.virtualpet,1.0,iv,Android OS 7.0 / API-24 (NRD90M/V9.0.5.0.NCFMIEI),bd6bb140-65e5-4605-99e4-90e70223fe17,False,False,RU,1631528819.071881
0,An error occurred while sending the request,Error,/BuildNotice/0,MobileSDK,Xiaomi Redmi Note 4,OpenGLES2,1.0,1.11.0,False,Programmatic1,Programmatic,09/13/2021 10:26:58,6028e36ad1e80652e41054ca,609d69021c511f4b1d4df1c4,com.pregnantcatemma.virtualpet,1.0,iv,Android OS 7.0 / API-24 (NRD90M/V9.0.5.0.NCFMIEI),bd6bb140-65e5-4605-99e4-90e70223fe17,False,False,RU,1631528819.124765
0,could not receive ip address from ipfy,Error,/BuildNotice/0,MobileSDK,samsung SM-A022F,OpenGLES2,1.0,1.10.2,False,LowRevenueCountryBlock,LowRevenueCountryBlock,09/13/2021 10:26:54,611bdadcd4e35d332f3d5e66,611be843d5491c7d0a6ab0ce,com.thg.battleops.shooting.game,1.0,iv,Android OS 10 / API-29 (QP1A.190711.020/A022FXXU2AUF1),b382f22c-6d88-4ca8-8432-4b4fe229aaa8,True,False,IQ,1631528819.136052
0,An error occurred while sending the request,Error,/BuildNotice/0,MobileSDK,samsung SM-A022F,OpenGLES2,1.0,1.10.2,False,LowRevenueCountryBlock,LowRevenueCountryBlock,09/13/2021 10:26:55,611bdadcd4e35d332f3d5e66,611be843d5491c7d0a6ab0ce,com.thg.battleops.shooting.game,1.0,iv,Android OS 10 / API-29 (QP1A.190711.020/A022FXXU2AUF1),b382f22c-6d88-4ca8-8432-4b4fe229aaa8,True,False,IQ,1631528819.289105
0,could not receive ip address from ipfy,Error,/BuildNotice/0,MobileSDK,samsung SM-A022F,OpenGLES2,1.0,1.10.2,False,LowRevenueCountryBlock,LowRevenueCountryBlock,09/13/2021 10:26:55,611bdadcd4e35d332f3d5e66,611be843d5491c7d0a6ab0ce,com.thg.battleops.shooting.game,1.0,iv,Android OS 10 / API-29 (QP1A.190711.020/A022FXXU2AUF1),b382f22c-6d88-4ca8-8432-4b4fe229aaa8,True,False,IQ,1631528819.582502
0,An error occurred while sending the request,Error,/BuildNotice/0,MobileSDK,samsung SM-A022F,OpenGLES2,1.0,1.10.2,False,LowRevenueCountryBlock,LowRevenueCountryBlock,09/13/2021 10:26:55,611bdadcd4e35d332f3d5e66,611be843d5491c7d0a6ab0ce,com.thg.battleops.shooting.game,1.0,iv,Android OS 10 / API-29 (QP1A.190711.020/A022FXXU2AUF1),b382f22c-6d88-4ca8-8432-4b4fe229aaa8,True,False,IQ,1631528819.690103
0,could not receive ip address from ipfy,Error,/BuildNotice/0,MobileSDK,samsung SM-A022F,OpenGLES2,1.0,1.10.2,False,LowRevenueCountryBlock,LowRevenueCountryBlock,09/13/2021 10:26:55,611bdadcd4e35d332f3d5e66,611be843d5491c7d0a6ab0ce,com.thg.battleops.shooting.game,1.0,iv,Android OS 10 / API-29 (QP1A.190711.020/A022FXXU2AUF1),b382f22c-6d88-4ca8-8432-4b4fe229aaa8,True,False,IQ,1631528820.051716
0,An error occurred while sending the request,Error,/BuildNotice/0,MobileSDK,samsung SM-A022F,OpenGLES2,1.0,1.10.2,False,LowRevenueCountryBlock,LowRevenueCountryBlock,09/13/2021 10:26:55,611bdadcd4e35d332f3d5e66,611be843d5491c7d0a6ab0ce,com.thg.battleops.shooting.game,1.0,iv,Android OS 10 / API-29 (QP1A.190711.020/A022FXXU2AUF1),b382f22c-6d88-4ca8-8432-4b4fe229aaa8,True,False,IQ,1631528820.140623
0,could not receive ip address from ipfy,Error,/BuildNotice/0,MobileSDK,Xiaomi Redmi Note 4,OpenGLES2,1.0,1.11.0,False,Programmatic1,Programmatic,09/13/2021 10:27:00,6028e36ad1e80652e41054ca,609d69021c511f4b1d4df1c4,com.pregnantcatemma.virtualpet,1.0,iv,Android OS 7.0 / API-24 (NRD90M/V9.0.5.0.NCFMIEI),bd6bb140-65e5-4605-99e4-90e70223fe17,False,False,RU,1631528820.396366
0,An error occurred while sending the request,Error,/BuildNotice/0,MobileSDK,Xiaomi Redmi Note 4,OpenGLES2,1.0,1.11.0,False,Programmatic1,Programmatic,09/13/2021 10:27:00,6028e36ad1e80652e41054ca,609d69021c511f4b1d4df1c4,com.pregnantcatemma.virtualpet,1.0,iv,Android OS 7.0 / API-24 (NRD90M/V9.0.5.0.NCFMIEI),bd6bb140-65e5-4605-99e4-90e70223fe17,False,False,RU,1631528820.418348
0,could not receive ip address from ipfy,Error,/BuildNotice/0,MobileSDK,samsung SM-A022F,OpenGLES2,1.0,1.10.2,False,LowRevenueCountryBlock,LowRevenueCountryBlock,09/13/2021 10:26:56,611bdadcd4e35d332f3d5e66,611be843d5491c7d0a6ab0ce,com.thg.battleops.shooting.game,1.0,iv,Android OS 10 / API-29 (QP1A.190711.020/A022FXXU2AUF1),b382f22c-6d88-4ca8-8432-4b4fe229aaa8,True,False,IQ,1631528820.475158
0,An error occurred while sending the request,Error,/BuildNotice/0,MobileSDK,samsung SM-A022F,OpenGLES2,1.0,1.10.2,False,LowRevenueCountryBlock,LowRevenueCountryBlock,09/13/2021 10:26:56,611bdadcd4e35d332f3d5e66,611be843d5491c7d0a6ab0ce,com.thg.battleops.shooting.game,1.0,iv,Android OS 10 / API-29 (QP1A.190711.020/A022FXXU2AUF1),b382f22c-6d88-4ca8-8432-4b4fe229aaa8,True,False,IQ,1631528820.573761
0,could not receive ip address from ipfy,Error,/BuildNotice/0,MobileSDK,samsung SM-A022F,OpenGLES2,1.0,1.10.2,False,LowRevenueCountryBlock,LowRevenueCountryBlock,09/13/2021 10:26:56,611bdadcd4e35d332f3d5e66,611be843d5491c7d0a6ab0ce,com.thg.battleops.shooting.game,1.0,iv,Android OS 10 / API-29 (QP1A.190711.020/A022FXXU2AUF1),b382f22c-6d88-4ca8-8432-4b4fe229aaa8,True,False,IQ,1631528820.911244
0,An error occurred while sending the request,Error,/BuildNotice/0,MobileSDK,samsung SM-A022F,OpenGLES2,1.0,1.10.2,False,LowRevenueCountryBlock,LowRevenueCountryBlock,09/13/2021 10:26:56,611bdadcd4e35d332f3d5e66,611be843d5491c7d0a6ab0ce,com.thg.battleops.shooting.game,1.0,iv,Android OS 10 / API-29 (QP1A.190711.020/A022FXXU2AUF1),b382f22c-6d88-4ca8-8432-4b4fe229aaa8,True,False,IQ,1631528821.001937
0,could not receive ip address from ipfy,Error,/BuildNotice/0,MobileSDK,Xiaomi Redmi Note 4,OpenGLES2,1.0,1.11.0,False,Programmatic1,Programmatic,09/13/2021 10:27:00,6028e36ad1e80652e41054ca,609d69021c511f4b1d4df1c4,com.pregnantcatemma.virtualpet,1.0,iv,Android OS 7.0 / API-24 (NRD90M/V9.0.5.0.NCFMIEI),bd6bb140-65e5-4605-99e4-90e70223fe17,False,False,RU,1631528821.06226
0,An error occurred while sending the request,Error,/BuildNotice/0,MobileSDK,Xiaomi Redmi Note 4,OpenGLES2,1.0,1.11.0,False,Programmatic1,Programmatic,09/13/2021 10:27:00,6028e36ad1e80652e41054ca,609d69021c511f4b1d4df1c4,com.pregnantcatemma.virtualpet,1.0,iv,Android OS 7.0 / API-24 (NRD90M/V9.0.5.0.NCFMIEI),bd6bb140-65e5-4605-99e4-90e70223fe17,False,False,RU,1631528821.083265
0,could not receive ip address from ipfy,Error,/BuildNotice/0,MobileSDK,samsung SM-A022F,OpenGLES2,1.0,1.10.2,False,LowRevenueCountryBlock,LowRevenueCountryBlock,09/13/2021 10:26:57,611bdadcd4e35d332f3d5e66,611be843d5491c7d0a6ab0ce,com.thg.battleops.shooting.game,1.0,iv,Android OS 10 / API-29 (QP1A.190711.020/A022FXXU2AUF1),b382f22c-6d88-4ca8-8432-4b4fe229aaa8,True,False,IQ,1631528821.346463
0,could not receive ip address from ipfy,Error,/BuildNotice/0,MobileSDK,LAVA Z90,OpenGLES2,1.0,1.11.0,False,Programmatic1,Programmatic,09/13/2021 10:27:23,6028e36ad1e80652e41054ca,609d69021c511f4b1d4df1c4,com.pregnantcatemma.virtualpet,1.0,iv,Android OS 7.0 / API-24 (NRD90M/1503052790),7c2fee0e-f9db-4912-a49a-0c47eacc5a6e,False,False,IR,1631528821.399151
0,An error occurred while sending the request,Error,/BuildNotice/0,MobileSDK,samsung SM-A022F,OpenGLES2,1.0,1.10.2,False,LowRevenueCountryBlock,LowRevenueCountryBlock,09/13/2021 10:26:57,611bdadcd4e35d332f3d5e66,611be843d5491c7d0a6ab0ce,com.thg.battleops.shooting.game,1.0,iv,Android OS 10 / API-29 (QP1A.190711.020/A022FXXU2AUF1),b382f22c-6d88-4ca8-8432-4b4fe229aaa8,True,False,IQ,1631528821.435799
0,An error occurred while sending the request,Error,/BuildNotice/0,MobileSDK,LAVA Z90,OpenGLES2,1.0,1.11.0,False,Programmatic1,Programmatic,09/13/2021 10:27:23,6028e36ad1e80652e41054ca,609d69021c511f4b1d4df1c4,com.pregnantcatemma.virtualpet,1.0,iv,Android OS 7.0 / API-24 (NRD90M/1503052790),7c2fee0e-f9db-4912-a49a-0c47eacc5a6e,False,False,IR,1631528821.559146
0,could not receive ip address from ipfy,Error,/BuildNotice/0,MobileSDK,Xiaomi Redmi Note 4,OpenGLES2,1.0,1.11.0,False,Programmatic1,Programmatic,09/13/2021 10:27:01,6028e36ad1e80652e41054ca,609d69021c511f4b1d4df1c4,com.pregnantcatemma.virtualpet,1.0,iv,Android OS 7.0 / API-24 (NRD90M/V9.0.5.0.NCFMIEI),bd6bb140-65e5-4605-99e4-90e70223fe17,False,False,RU,1631528821.577377
0,An error occurred while sending the request,Error,/BuildNotice/0,MobileSDK,Xiaomi Redmi Note 4,OpenGLES2,1.0,1.11.0,False,Programmatic1,Programmatic,09/13/2021 10:27:01,6028e36ad1e80652e41054ca,609d69021c511f4b1d4df1c4,com.pregnantcatemma.virtualpet,1.0,iv,Android OS 7.0 / API-24 (NRD90M/V9.0.5.0.NCFMIEI),bd6bb140-65e5-4605-99e4-90e70223fe17,False,False,RU,1631528821.654086
0,could not receive ip address from ipfy,Error,/BuildNotice/0,MobileSDK,samsung SM-A022F,OpenGLES2,1.0,1.10.2,False,LowRevenueCountryBlock,LowRevenueCountryBlock,09/13/2021 10:26:57,611bdadcd4e35d332f3d5e66,611be843d5491c7d0a6ab0ce,com.thg.battleops.shooting.game,1.0,iv,Android OS 10 / API-29 (QP1A.190711.020/A022FXXU2AUF1),b382f22c-6d88-4ca8-8432-4b4fe229aaa8,True,False,IQ,1631528821.79807
0,An error occurred while sending the request,Error,/BuildNotice/0,MobileSDK,samsung SM-A022F,OpenGLES2,1.0,1.10.2,False,LowRevenueCountryBlock,LowRevenueCountryBlock,09/13/2021 10:26:57,611bdadcd4e35d332f3d5e66,611be843d5491c7d0a6ab0ce,com.thg.battleops.shooting.game,1.0,iv,Android OS 10 / API-29 (QP1A.190711.020/A022FXXU2AUF1),b382f22c-6d88-4ca8-8432-4b4fe229aaa8,True,False,IQ,1631528821.889634
0,could not receive ip address from ipfy,Error,/BuildNotice/0,MobileSDK,Xiaomi Redmi Note 4,OpenGLES2,1.0,1.11.0,False,Programmatic1,Programmatic,09/13/2021 10:27:01,6028e36ad1e80652e41054ca,609d69021c511f4b1d4df1c4,com.pregnantcatemma.virtualpet,1.0,iv,Android OS 7.0 / API-24 (NRD90M/V9.0.5.0.NCFMIEI),bd6bb140-65e5-4605-99e4-90e70223fe17,False,False,RU,1631528822.068347
0,An error occurred while sending the request,Error,/BuildNotice/0,MobileSDK,Xiaomi Redmi Note 4,OpenGLES2,1.0,1.11.0,False,Programmatic1,Programmatic,09/13/2021 10:27:01,6028e36ad1e80652e41054ca,609d69021c511f4b1d4df1c4,com.pregnantcatemma.virtualpet,1.0,iv,Android OS 7.0 / API-24 (NRD90M/V9.0.5.0.NCFMIEI),bd6bb140-65e5-4605-99e4-90e70223fe17,False,False,RU,1631528822.141782
0,An error occurred while sending the request,Error,/BuildNotice/0,MobileSDK,samsung SM-A022F,OpenGLES2,1.0,1.10.2,False,LowRevenueCountryBlock,LowRevenueCountryBlock,09/13/2021 10:26:58,611bdadcd4e35d332f3d5e66,611be843d5491c7d0a6ab0ce,com.thg.battleops.shooting.game,1.0,iv,Android OS 10 / API-29 (QP1A.190711.020/A022FXXU2AUF1),b382f22c-6d88-4ca8-8432-4b4fe229aaa8,True,False,IQ,1631528822.341613
0,could not receive ip address from ipfy,Error,/BuildNotice/0,MobileSDK,samsung SM-A022F,OpenGLES2,1.0,1.10.2,False,LowRevenueCountryBlock,LowRevenueCountryBlock,09/13/2021 10:26:58,611bdadcd4e35d332f3d5e66,611be843d5491c7d0a6ab0ce,com.thg.battleops.shooting.game,1.0,iv,Android OS 10 / API-29 (QP1A.190711.020/A022FXXU2AUF1),b382f22c-6d88-4ca8-8432-4b4fe229aaa8,True,False,IQ,1631528822.606936
0,could not receive ip address from ipfy,Error,/BuildNotice/0,MobileSDK,Xiaomi Redmi Note 4,OpenGLES2,1.0,1.11.0,False,Programmatic1,Programmatic,09/13/2021 10:27:02,6028e36ad1e80652e41054ca,609d69021c511f4b1d4df1c4,com.pregnantcatemma.virtualpet,1.0,iv,Android OS 7.0 / API-24 (NRD90M/V9.0.5.0.NCFMIEI),bd6bb140-65e5-4605-99e4-90e70223fe17,False,False,RU,1631528822.751998
0,An error occurred while sending the request,Error,/BuildNotice/0,MobileSDK,Xiaomi Redmi Note 4,OpenGLES2,1.0,1.11.0,False,Programmatic1,Programmatic,09/13/2021 10:27:02,6028e36ad1e80652e41054ca,609d69021c511f4b1d4df1c4,com.pregnantcatemma.virtualpet,1.0,iv,Android OS 7.0 / API-24 (NRD90M/V9.0.5.0.NCFMIEI),bd6bb140-65e5-4605-99e4-90e70223fe17,False,False,RU,1631528822.774129
0,could not receive ip address from ipfy,Error,/BuildNotice/0,MobileSDK,samsung SM-A022F,OpenGLES2,1.0,1.10.2,False,LowRevenueCountryBlock,LowRevenueCountryBlock,09/13/2021 10:26:58,611bdadcd4e35d332f3d5e66,611be843d5491c7d0a6ab0ce,com.thg.battleops.shooting.game,1.0,iv,Android OS 10 / API-29 (QP1A.190711.020/A022FXXU2AUF1),b382f22c-6d88-4ca8-8432-4b4fe229aaa8,True,False,IQ,1631528823.078416
0,could not receive ip address from ipfy,Error,/BuildNotice/0,MobileSDK,LAVA Z90,OpenGLES2,1.0,1.11.0,False,Programmatic1,Programmatic,09/13/2021 10:27:25,6028e36ad1e80652e41054ca,609d69021c511f4b1d4df1c4,com.pregnantcatemma.virtualpet,1.0,iv,Android OS 7.0 / API-24 (NRD90M/1503052790),7c2fee0e-f9db-4912-a49a-0c47eacc5a6e,False,False,IR,1631528823.1673
0,An error occurred while sending the request,Error,/BuildNotice/0,MobileSDK,LAVA Z90,OpenGLES2,1.0,1.11.0,False,Programmatic1,Programmatic,09/13/2021 10:27:25,6028e36ad1e80652e41054ca,609d69021c511f4b1d4df1c4,com.pregnantcatemma.virtualpet,1.0,iv,Android OS 7.0 / API-24 (NRD90M/1503052790),7c2fee0e-f9db-4912-a49a-0c47eacc5a6e,False,False,IR,1631528823.182416
0,An error occurred while sending the request,Error,/BuildNotice/0,MobileSDK,samsung SM-A022F,OpenGLES2,1.0,1.10.2,False,LowRevenueCountryBlock,LowRevenueCountryBlock,09/13/2021 10:26:58,611bdadcd4e35d332f3d5e66,611be843d5491c7d0a6ab0ce,com.thg.battleops.shooting.game,1.0,iv,Android OS 10 / API-29 (QP1A.190711.020/A022FXXU2AUF1),b382f22c-6d88-4ca8-8432-4b4fe229aaa8,True,False,IQ,1631528823.275203
0,could not receive ip address from ipfy,Error,/BuildNotice/0,MobileSDK,samsung SM-A022F,OpenGLES2,1.0,1.10.2,False,LowRevenueCountryBlock,LowRevenueCountryBlock,09/13/2021 10:26:58,611bdadcd4e35d332f3d5e66,611be843d5491c7d0a6ab0ce,com.thg.battleops.shooting.game,1.0,iv,Android OS 10 / API-29 (QP1A.190711.020/A022FXXU2AUF1),b382f22c-6d88-4ca8-8432-4b4fe229aaa8,True,False,IQ,1631528823.332137
0,An error occurred while sending the request,Error,/BuildNotice/0,MobileSDK,samsung SM-A022F,OpenGLES2,1.0,1.10.2,False,LowRevenueCountryBlock,LowRevenueCountryBlock,09/13/2021 10:26:59,611bdadcd4e35d332f3d5e66,611be843d5491c7d0a6ab0ce,com.thg.battleops.shooting.game,1.0,iv,Android OS 10 / API-29 (QP1A.190711.020/A022FXXU2AUF1),b382f22c-6d88-4ca8-8432-4b4fe229aaa8,True,False,IQ,1631528823.544874
0,could not receive ip address from ipfy,Error,/BuildNotice/0,MobileSDK,samsung SM-A022F,OpenGLES2,1.0,1.10.2,False,LowRevenueCountryBlock,LowRevenueCountryBlock,09/13/2021 10:26:59,611bdadcd4e35d332f3d5e66,611be843d5491c7d0a6ab0ce,com.thg.battleops.shooting.game,1.0,iv,Android OS 10 / API-29 (QP1A.190711.020/A022FXXU2AUF1),b382f22c-6d88-4ca8-8432-4b4fe229aaa8,True,False,IQ,1631528823.627501
0,An error occurred while sending the request,Error,/BuildNotice/0,MobileSDK,samsung SM-A022F,OpenGLES2,1.0,1.10.2,False,LowRevenueCountryBlock,LowRevenueCountryBlock,09/13/2021 10:26:59,611bdadcd4e35d332f3d5e66,611be843d5491c7d0a6ab0ce,com.thg.battleops.shooting.game,1.0,iv,Android OS 10 / API-29 (QP1A.190711.020/A022FXXU2AUF1),b382f22c-6d88-4ca8-8432-4b4fe229aaa8,True,False,IQ,1631528823.793373
0,could not receive ip address from ipfy,Error,/BuildNotice/0,MobileSDK,samsung SM-A022F,OpenGLES2,1.0,1.10.2,False,LowRevenueCountryBlock,LowRevenueCountryBlock,09/13/2021 10:26:59,611bdadcd4e35d332f3d5e66,611be843d5491c7d0a6ab0ce,com.thg.battleops.shooting.game,1.0,iv,Android OS 10 / API-29 (QP1A.190711.020/A022FXXU2AUF1),b382f22c-6d88-4ca8-8432-4b4fe229aaa8,True,False,IQ,1631528824.047547
0,An error occurred while sending the request,Error,/BuildNotice/0,MobileSDK,samsung SM-A022F,OpenGLES2,1.0,1.10.2,False,LowRevenueCountryBlock,LowRevenueCountryBlock,09/13/2021 10:26:59,611bdadcd4e35d332f3d5e66,611be843d5491c7d0a6ab0ce,com.thg.battleops.shooting.game,1.0,iv,Android OS 10 / API-29 (QP1A.190711.020/A022FXXU2AUF1),b382f22c-6d88-4ca8-8432-4b4fe229aaa8,True,False,IQ,1631528824.140683
0,could not receive ip address from ipfy,Error,/BuildNotice/0,MobileSDK,LAVA Z90,OpenGLES2,1.0,1.11.0,False,Programmatic1,Programmatic,09/13/2021 10:27:26,6028e36ad1e80652e41054ca,609d69021c511f4b1d4df1c4,com.pregnantcatemma.virtualpet,1.0,iv,Android OS 7.0 / API-24 (NRD90M/1503052790),7c2fee0e-f9db-4912-a49a-0c47eacc5a6e,False,False,IR,1631528824.106085
0,An error occurred while sending the request,Error,/BuildNotice/0,MobileSDK,LAVA Z90,OpenGLES2,1.0,1.11.0,False,Programmatic1,Programmatic,09/13/2021 10:27:26,6028e36ad1e80652e41054ca,609d69021c511f4b1d4df1c4,com.pregnantcatemma.virtualpet,1.0,iv,Android OS 7.0 / API-24 (NRD90M/1503052790),7c2fee0e-f9db-4912-a49a-0c47eacc5a6e,False,False,IR,1631528824.204783
0,could not receive ip address from ipfy,Error,/BuildNotice/0,MobileSDK,Xiaomi Redmi Note 4,OpenGLES2,1.0,1.11.0,False,Programmatic1,Programmatic,09/13/2021 10:27:04,6028e36ad1e80652e41054ca,609d69021c511f4b1d4df1c4,com.pregnantcatemma.virtualpet,1.0,iv,Android OS 7.0 / API-24 (NRD90M/V9.0.5.0.NCFMIEI),bd6bb140-65e5-4605-99e4-90e70223fe17,False,False,RU,1631528824.4943
0,An error occurred while sending the request,Error,/BuildNotice/0,MobileSDK,Xiaomi Redmi Note 4,OpenGLES2,1.0,1.11.0,False,Programmatic1,Programmatic,09/13/2021 10:27:04,6028e36ad1e80652e41054ca,609d69021c511f4b1d4df1c4,com.pregnantcatemma.virtualpet,1.0,iv,Android OS 7.0 / API-24 (NRD90M/V9.0.5.0.NCFMIEI),bd6bb140-65e5-4605-99e4-90e70223fe17,False,False,RU,1631528824.516203
0,An error occurred while sending the request,Error,/BuildNotice/0,MobileSDK,samsung SM-A022F,OpenGLES2,1.0,1.10.2,False,LowRevenueCountryBlock,LowRevenueCountryBlock,09/13/2021 10:27:00,611bdadcd4e35d332f3d5e66,611be843d5491c7d0a6ab0ce,com.thg.battleops.shooting.game,1.0,iv,Android OS 10 / API-29 (QP1A.190711.020/A022FXXU2AUF1),b382f22c-6d88-4ca8-8432-4b4fe229aaa8,True,False,IQ,1631528824.537772
0,could not receive ip address from ipfy,Error,/BuildNotice/0,MobileSDK,samsung SM-A022F,OpenGLES2,1.0,1.10.2,False,LowRevenueCountryBlock,LowRevenueCountryBlock,09/13/2021 10:27:00,611bdadcd4e35d332f3d5e66,611be843d5491c7d0a6ab0ce,com.thg.battleops.shooting.game,1.0,iv,Android OS 10 / API-29 (QP1A.190711.020/A022FXXU2AUF1),b382f22c-6d88-4ca8-8432-4b4fe229aaa8,True,False,IQ,1631528824.833048
0,could not receive ip address from ipfy,Error,/BuildNotice/0,MobileSDK,LAVA Z90,OpenGLES2,1.0,1.11.0,False,Programmatic1,Programmatic,09/13/2021 10:27:27,6028e36ad1e80652e41054ca,609d69021c511f4b1d4df1c4,com.pregnantcatemma.virtualpet,1.0,iv,Android OS 7.0 / API-24 (NRD90M/1503052790),7c2fee0e-f9db-4912-a49a-0c47eacc5a6e,False,False,IR,1631528824.952597
0,An error occurred while sending the request,Error,/BuildNotice/0,MobileSDK,LAVA Z90,OpenGLES2,1.0,1.11.0,False,Programmatic1,Programmatic,09/13/2021 10:27:27,6028e36ad1e80652e41054ca,609d69021c511f4b1d4df1c4,com.pregnantcatemma.virtualpet,1.0,iv,Android OS 7.0 / API-24 (NRD90M/1503052790),7c2fee0e-f9db-4912-a49a-0c47eacc5a6e,False,False,IR,1631528824.966781
0,An error occurred while sending the request,Error,/BuildNotice/0,MobileSDK,samsung SM-A022F,OpenGLES2,1.0,1.10.2,False,LowRevenueCountryBlock,LowRevenueCountryBlock,09/13/2021 10:27:00,611bdadcd4e35d332f3d5e66,611be843d5491c7d0a6ab0ce,com.thg.battleops.shooting.game,1.0,iv,Android OS 10 / API-29 (QP1A.190711.020/A022FXXU2AUF1),b382f22c-6d88-4ca8-8432-4b4fe229aaa8,True,False,IQ,1631528825.099734
0,could not receive ip address from ipfy,Error,/BuildNotice/0,MobileSDK,samsung SM-A022F,OpenGLES2,1.0,1.10.2,False,LowRevenueCountryBlock,LowRevenueCountryBlock,09/13/2021 10:27:00,611bdadcd4e35d332f3d5e66,611be843d5491c7d0a6ab0ce,com.thg.battleops.shooting.game,1.0,iv,Android OS 10 / API-29 (QP1A.190711.020/A022FXXU2AUF1),b382f22c-6d88-4ca8-8432-4b4fe229aaa8,True,False,IQ,1631528825.229244
0,could not receive ip address from ipfy,Error,/BuildNotice/0,MobileSDK,samsung SM-A022F,OpenGLES2,1.0,1.10.2,False,LowRevenueCountryBlock,LowRevenueCountryBlock,09/13/2021 10:27:01,611bdadcd4e35d332f3d5e66,611be843d5491c7d0a6ab0ce,com.thg.battleops.shooting.game,1.0,iv,Android OS 10 / API-29 (QP1A.190711.020/A022FXXU2AUF1),b382f22c-6d88-4ca8-8432-4b4fe229aaa8,True,False,IQ,1631528825.351021
0,An error occurred while sending the request,Error,/BuildNotice/0,MobileSDK,samsung SM-A022F,OpenGLES2,1.0,1.10.2,False,LowRevenueCountryBlock,LowRevenueCountryBlock,09/13/2021 10:27:01,611bdadcd4e35d332f3d5e66,611be843d5491c7d0a6ab0ce,com.thg.battleops.shooting.game,1.0,iv,Android OS 10 / API-29 (QP1A.190711.020/A022FXXU2AUF1),b382f22c-6d88-4ca8-8432-4b4fe229aaa8,True,False,IQ,1631528825.521308
0,could not receive ip address from ipfy,Error,/BuildNotice/0,MobileSDK,Xiaomi Redmi Note 4,OpenGLES2,1.0,1.11.0,False,Programmatic1,Programmatic,09/13/2021 10:27:05,6028e36ad1e80652e41054ca,609d69021c511f4b1d4df1c4,com.pregnantcatemma.virtualpet,1.0,iv,Android OS 7.0 / API-24 (NRD90M/V9.0.5.0.NCFMIEI),bd6bb140-65e5-4605-99e4-90e70223fe17,False,False,RU,1631528825.802925
0,An error occurred while sending the request,Error,/BuildNotice/0,MobileSDK,Xiaomi Redmi Note 4,OpenGLES2,1.0,1.11.0,False,Programmatic1,Programmatic,09/13/2021 10:27:05,6028e36ad1e80652e41054ca,609d69021c511f4b1d4df1c4,com.pregnantcatemma.virtualpet,1.0,iv,Android OS 7.0 / API-24 (NRD90M/V9.0.5.0.NCFMIEI),bd6bb140-65e5-4605-99e4-90e70223fe17,False,False,RU,1631528825.876811
0,could not receive ip address from ipfy,Error,/BuildNotice/0,MobileSDK,samsung SM-A022F,OpenGLES2,1.0,1.10.2,False,LowRevenueCountryBlock,LowRevenueCountryBlock,09/13/2021 10:27:01,611bdadcd4e35d332f3d5e66,611be843d5491c7d0a6ab0ce,com.thg.battleops.shooting.game,1.0,iv,Android OS 10 / API-29 (QP1A.190711.020/A022FXXU2AUF1),b382f22c-6d88-4ca8-8432-4b4fe229aaa8,True,False,IQ,1631528825.907323
0,An error occurred while sending the request,Error,/BuildNotice/0,MobileSDK,samsung SM-A022F,OpenGLES2,1.0,1.10.2,False,LowRevenueCountryBlock,LowRevenueCountryBlock,09/13/2021 10:27:01,611bdadcd4e35d332f3d5e66,611be843d5491c7d0a6ab0ce,com.thg.battleops.shooting.game,1.0,iv,Android OS 10 / API-29 (QP1A.190711.020/A022FXXU2AUF1),b382f22c-6d88-4ca8-8432-4b4fe229aaa8,True,False,IQ,1631528825.993213
0,could not receive ip address from ipfy,Error,/BuildNotice/0,MobileSDK,samsung SM-A022F,OpenGLES2,1.0,1.10.2,False,LowRevenueCountryBlock,LowRevenueCountryBlock,09/13/2021 10:27:02,611bdadcd4e35d332f3d5e66,611be843d5491c7d0a6ab0ce,com.thg.battleops.shooting.game,1.0,iv,Android OS 10 / API-29 (QP1A.190711.020/A022FXXU2AUF1),b382f22c-6d88-4ca8-8432-4b4fe229aaa8,True,False,IQ,1631528826.330974
0,could not receive ip address from ipfy,Error,/BuildNotice/0,MobileSDK,samsung SM-A022F,OpenGLES2,1.0,1.10.2,False,LowRevenueCountryBlock,LowRevenueCountryBlock,09/13/2021 10:27:02,611bdadcd4e35d332f3d5e66,611be843d5491c7d0a6ab0ce,com.thg.battleops.shooting.game,1.0,iv,Android OS 10 / API-29 (QP1A.190711.020/A022FXXU2AUF1),b382f22c-6d88-4ca8-8432-4b4fe229aaa8,True,False,IQ,1631528826.753009
0,An error occurred while sending the request,Error,/BuildNotice/0,MobileSDK,samsung SM-A022F,OpenGLES2,1.0,1.10.2,False,LowRevenueCountryBlock,LowRevenueCountryBlock,09/13/2021 10:27:02,611bdadcd4e35d332f3d5e66,611be843d5491c7d0a6ab0ce,com.thg.battleops.shooting.game,1.0,iv,Android OS 10 / API-29 (QP1A.190711.020/A022FXXU2AUF1),b382f22c-6d88-4ca8-8432-4b4fe229aaa8,True,False,IQ,1631528826.806259
0,could not receive ip address from ipfy,Error,/BuildNotice/0,MobileSDK,Xiaomi Redmi Note 4,OpenGLES2,1.0,1.11.0,False,Programmatic1,Programmatic,09/13/2021 10:27:06,6028e36ad1e80652e41054ca,609d69021c511f4b1d4df1c4,com.pregnantcatemma.virtualpet,1.0,iv,Android OS 7.0 / API-24 (NRD90M/V9.0.5.0.NCFMIEI),bd6bb140-65e5-4605-99e4-90e70223fe17,False,False,RU,1631528826.836531
0,An error occurred while sending the request,Error,/BuildNotice/0,MobileSDK,Xiaomi Redmi Note 4,OpenGLES2,1.0,1.11.0,False,Programmatic1,Programmatic,09/13/2021 10:27:06,6028e36ad1e80652e41054ca,609d69021c511f4b1d4df1c4,com.pregnantcatemma.virtualpet,1.0,iv,Android OS 7.0 / API-24 (NRD90M/V9.0.5.0.NCFMIEI),bd6bb140-65e5-4605-99e4-90e70223fe17,False,False,RU,1631528826.85762
0,An error occurred while sending the request,Error,/BuildNotice/0,MobileSDK,samsung SM-A022F,OpenGLES2,1.0,1.10.2,False,LowRevenueCountryBlock,LowRevenueCountryBlock,09/13/2021 10:27:02,611bdadcd4e35d332f3d5e66,611be843d5491c7d0a6ab0ce,com.thg.battleops.shooting.game,1.0,iv,Android OS 10 / API-29 (QP1A.190711.020/A022FXXU2AUF1),b382f22c-6d88-4ca8-8432-4b4fe229aaa8,True,False,IQ,1631528827.005774
0,could not receive ip address from ipfy,Error,/BuildNotice/0,MobileSDK,samsung SM-A022F,OpenGLES2,1.0,1.10.2,False,LowRevenueCountryBlock,LowRevenueCountryBlock,09/13/2021 10:27:03,611bdadcd4e35d332f3d5e66,611be843d5491c7d0a6ab0ce,com.thg.battleops.shooting.game,1.0,iv,Android OS 10 / API-29 (QP1A.190711.020/A022FXXU2AUF1),b382f22c-6d88-4ca8-8432-4b4fe229aaa8,True,False,IQ,1631528827.186668
0,An error occurred while sending the request,Error,/BuildNotice/0,MobileSDK,samsung SM-A022F,OpenGLES2,1.0,1.10.2,False,LowRevenueCountryBlock,LowRevenueCountryBlock,09/13/2021 10:27:03,611bdadcd4e35d332f3d5e66,611be843d5491c7d0a6ab0ce,com.thg.battleops.shooting.game,1.0,iv,Android OS 10 / API-29 (QP1A.190711.020/A022FXXU2AUF1),b382f22c-6d88-4ca8-8432-4b4fe229aaa8,True,False,IQ,1631528827.284153
0,An error occurred while sending the request,Error,/BuildNotice/0,MobileSDK,Xiaomi Redmi Note 4,OpenGLES2,1.0,1.11.0,False,Programmatic1,Programmatic,09/13/2021 10:27:07,6028e36ad1e80652e41054ca,609d69021c511f4b1d4df1c4,com.pregnantcatemma.virtualpet,1.0,iv,Android OS 7.0 / API-24 (NRD90M/V9.0.5.0.NCFMIEI),bd6bb140-65e5-4605-99e4-90e70223fe17,False,False,RU,1631528827.566961
0,could not receive ip address from ipfy,Error,/BuildNotice/0,MobileSDK,Xiaomi Redmi Note 4,OpenGLES2,1.0,1.11.0,False,Programmatic1,Programmatic,09/13/2021 10:27:07,6028e36ad1e80652e41054ca,609d69021c511f4b1d4df1c4,com.pregnantcatemma.virtualpet,1.0,iv,Android OS 7.0 / API-24 (NRD90M/V9.0.5.0.NCFMIEI),bd6bb140-65e5-4605-99e4-90e70223fe17,False,False,RU,1631528827.635762
0,could not receive ip address from ipfy,Error,/BuildNotice/0,MobileSDK,samsung SM-A022F,OpenGLES2,1.0,1.10.2,False,LowRevenueCountryBlock,LowRevenueCountryBlock,09/13/2021 10:27:03,611bdadcd4e35d332f3d5e66,611be843d5491c7d0a6ab0ce,com.thg.battleops.shooting.game,1.0,iv,Android OS 10 / API-29 (QP1A.190711.020/A022FXXU2AUF1),b382f22c-6d88-4ca8-8432-4b4fe229aaa8,True,False,IQ,1631528827.649909
0,An error occurred while sending the request,Error,/BuildNotice/0,MobileSDK,samsung SM-A022F,OpenGLES2,1.0,1.10.2,False,LowRevenueCountryBlock,LowRevenueCountryBlock,09/13/2021 10:27:03,611bdadcd4e35d332f3d5e66,611be843d5491c7d0a6ab0ce,com.thg.battleops.shooting.game,1.0,iv,Android OS 10 / API-29 (QP1A.190711.020/A022FXXU2AUF1),b382f22c-6d88-4ca8-8432-4b4fe229aaa8,True,False,IQ,1631528828.147416
0,could not receive ip address from ipfy,Error,/BuildNotice/0,MobileSDK,Xiaomi Redmi Note 4,OpenGLES2,1.0,1.11.0,False,Programmatic1,Programmatic,09/13/2021 10:27:08,6028e36ad1e80652e41054ca,609d69021c511f4b1d4df1c4,com.pregnantcatemma.virtualpet,1.0,iv,Android OS 7.0 / API-24 (NRD90M/V9.0.5.0.NCFMIEI),bd6bb140-65e5-4605-99e4-90e70223fe17,False,False,RU,1631528828.352646
0,An error occurred while sending the request,Error,/BuildNotice/0,MobileSDK,Xiaomi Redmi Note 4,OpenGLES2,1.0,1.11.0,False,Programmatic1,Programmatic,09/13/2021 10:27:08,6028e36ad1e80652e41054ca,609d69021c511f4b1d4df1c4,com.pregnantcatemma.virtualpet,1.0,iv,Android OS 7.0 / API-24 (NRD90M/V9.0.5.0.NCFMIEI),bd6bb140-65e5-4605-99e4-90e70223fe17,False,False,RU,1631528828.448666
0,could not receive ip address from ipfy,Error,/BuildNotice/0,MobileSDK,samsung SM-A022F,OpenGLES2,1.0,1.10.2,False,LowRevenueCountryBlock,LowRevenueCountryBlock,09/13/2021 10:27:03,611bdadcd4e35d332f3d5e66,611be843d5491c7d0a6ab0ce,com.thg.battleops.shooting.game,1.0,iv,Android OS 10 / API-29 (QP1A.190711.020/A022FXXU2AUF1),b382f22c-6d88-4ca8-8432-4b4fe229aaa8,True,False,IQ,1631528828.613024
0,An error occurred while sending the request,Error,/BuildNotice/0,MobileSDK,samsung SM-A022F,OpenGLES2,1.0,1.10.2,False,LowRevenueCountryBlock,LowRevenueCountryBlock,09/13/2021 10:27:04,611bdadcd4e35d332f3d5e66,611be843d5491c7d0a6ab0ce,com.thg.battleops.shooting.game,1.0,iv,Android OS 10 / API-29 (QP1A.190711.020/A022FXXU2AUF1),b382f22c-6d88-4ca8-8432-4b4fe229aaa8,True,False,IQ,1631528828.645858
0,could not receive ip address from ipfy,Error,/BuildNotice/0,MobileSDK,Xiaomi Redmi Note 4,OpenGLES2,1.0,1.11.0,False,Programmatic1,Programmatic,09/13/2021 10:27:08,6028e36ad1e80652e41054ca,609d69021c511f4b1d4df1c4,com.pregnantcatemma.virtualpet,1.0,iv,Android OS 7.0 / API-24 (NRD90M/V9.0.5.0.NCFMIEI),bd6bb140-65e5-4605-99e4-90e70223fe17,False,False,RU,1631528829.157371
0,An error occurred while sending the request,Error,/BuildNotice/0,MobileSDK,Xiaomi Redmi Note 4,OpenGLES2,1.0,1.11.0,False,Programmatic1,Programmatic,09/13/2021 10:27:08,6028e36ad1e80652e41054ca,609d69021c511f4b1d4df1c4,com.pregnantcatemma.virtualpet,1.0,iv,Android OS 7.0 / API-24 (NRD90M/V9.0.5.0.NCFMIEI),bd6bb140-65e5-4605-99e4-90e70223fe17,False,False,RU,1631528829.253741
0,could not receive ip address from ipfy,Error,/BuildNotice/0,MobileSDK,samsung SM-A022F,OpenGLES2,1.0,1.10.2,False,LowRevenueCountryBlock,LowRevenueCountryBlock,09/13/2021 10:27:05,611bdadcd4e35d332f3d5e66,611be843d5491c7d0a6ab0ce,com.thg.battleops.shooting.game,1.0,iv,Android OS 10 / API-29 (QP1A.190711.020/A022FXXU2AUF1),b382f22c-6d88-4ca8-8432-4b4fe229aaa8,True,False,IQ,1631528829.883603
0,could not receive ip address from ipfy,Error,/BuildNotice/0,MobileSDK,motorola motorola one,OpenGLES2,1.0,1.11.0,False,Programmatic1,Programmatic,09/13/2021 10:27:06,6028e36ad1e80652e41054ca,609d69021c511f4b1d4df1c4,com.pregnantcatemma.virtualpet,1.0,iv,Android OS 10 / API-29 (QPKS30.54-22-24/f84427),27866e40-f8cd-4d90-b06e-3747a83b5df3,False,False,BY,1631528829.904694
0,An error occurred while sending the request,Error,/BuildNotice/0,MobileSDK,motorola motorola one,OpenGLES2,1.0,1.11.0,False,Programmatic1,Programmatic,09/13/2021 10:27:06,6028e36ad1e80652e41054ca,609d69021c511f4b1d4df1c4,com.pregnantcatemma.virtualpet,1.0,iv,Android OS 10 / API-29 (QPKS30.54-22-24/f84427),27866e40-f8cd-4d90-b06e-3747a83b5df3,False,False,BY,1631528829.917012
0,could not receive ip address from ipfy,Error,/BuildNotice/0,MobileSDK,Xiaomi Redmi Note 4,OpenGLES2,1.0,1.11.0,False,Programmatic1,Programmatic,09/13/2021 10:27:09,6028e36ad1e80652e41054ca,609d69021c511f4b1d4df1c4,com.pregnantcatemma.virtualpet,1.0,iv,Android OS 7.0 / API-24 (NRD90M/V9.0.5.0.NCFMIEI),bd6bb140-65e5-4605-99e4-90e70223fe17,False,False,RU,1631528829.969346
0,An error occurred while sending the request,Error,/BuildNotice/0,MobileSDK,Xiaomi Redmi Note 4,OpenGLES2,1.0,1.11.0,False,Programmatic1,Programmatic,09/13/2021 10:27:09,6028e36ad1e80652e41054ca,609d69021c511f4b1d4df1c4,com.pregnantcatemma.virtualpet,1.0,iv,Android OS 7.0 / API-24 (NRD90M/V9.0.5.0.NCFMIEI),bd6bb140-65e5-4605-99e4-90e70223fe17,False,False,RU,1631528830.221756
0,could not receive ip address from ipfy,Error,/BuildNotice/0,MobileSDK,Xiaomi Redmi Note 4,OpenGLES2,1.0,1.11.0,False,Programmatic1,Programmatic,09/13/2021 10:27:10,6028e36ad1e80652e41054ca,609d69021c511f4b1d4df1c4,com.pregnantcatemma.virtualpet,1.0,iv,Android OS 7.0 / API-24 (NRD90M/V9.0.5.0.NCFMIEI),bd6bb140-65e5-4605-99e4-90e70223fe17,False,False,RU,1631528830.59325
0,An error occurred while sending the request,Error,/BuildNotice/0,MobileSDK,samsung SM-A022F,OpenGLES2,1.0,1.10.2,False,LowRevenueCountryBlock,LowRevenueCountryBlock,09/13/2021 10:27:06,611bdadcd4e35d332f3d5e66,611be843d5491c7d0a6ab0ce,com.thg.battleops.shooting.game,1.0,iv,Android OS 10 / API-29 (QP1A.190711.020/A022FXXU2AUF1),b382f22c-6d88-4ca8-8432-4b4fe229aaa8,True,False,IQ,1631528830.622132
0,An error occurred while sending the request,Error,/BuildNotice/0,MobileSDK,Xiaomi Redmi Note 4,OpenGLES2,1.0,1.11.0,False,Programmatic1,Programmatic,09/13/2021 10:27:10,6028e36ad1e80652e41054ca,609d69021c511f4b1d4df1c4,com.pregnantcatemma.virtualpet,1.0,iv,Android OS 7.0 / API-24 (NRD90M/V9.0.5.0.NCFMIEI),bd6bb140-65e5-4605-99e4-90e70223fe17,False,False,RU,1631528830.688827
0,could not receive ip address from ipfy,Error,/BuildNotice/0,MobileSDK,Xiaomi Redmi Note 4,OpenGLES2,1.0,1.11.0,False,Programmatic1,Programmatic,09/13/2021 10:27:11,6028e36ad1e80652e41054ca,609d69021c511f4b1d4df1c4,com.pregnantcatemma.virtualpet,1.0,iv,Android OS 7.0 / API-24 (NRD90M/V9.0.5.0.NCFMIEI),bd6bb140-65e5-4605-99e4-90e70223fe17,False,False,RU,1631528831.375076
0,An error occurred while sending the request,Error,/BuildNotice/0,MobileSDK,Xiaomi Redmi Note 4,OpenGLES2,1.0,1.11.0,False,Programmatic1,Programmatic,09/13/2021 10:27:11,6028e36ad1e80652e41054ca,609d69021c511f4b1d4df1c4,com.pregnantcatemma.virtualpet,1.0,iv,Android OS 7.0 / API-24 (NRD90M/V9.0.5.0.NCFMIEI),bd6bb140-65e5-4605-99e4-90e70223fe17,False,False,RU,1631528831.392455
0,could not receive ip address from ipfy,Error,/BuildNotice/0,MobileSDK,samsung SM-A022F,OpenGLES2,1.0,1.10.2,False,LowRevenueCountryBlock,LowRevenueCountryBlock,09/13/2021 10:27:07,611bdadcd4e35d332f3d5e66,611be843d5491c7d0a6ab0ce,com.thg.battleops.shooting.game,1.0,iv,Android OS 10 / API-29 (QP1A.190711.020/A022FXXU2AUF1),b382f22c-6d88-4ca8-8432-4b4fe229aaa8,True,False,IQ,1631528831.629821
0,could not receive ip address from ipfy,Error,/BuildNotice/0,MobileSDK,samsung SM-A107F,OpenGLES2,1.0,1.11.0,False,Programmatic1,Programmatic,12/09/2021 10:04:22 AM,6028e36ad1e80652e41054ca,6028e407a1ba2a0d3d760566,com.mytalkingcatemma.ballerinagames,1.0,en,Android OS 11 / API-30 (RP1A.200720.012/A107FXXU8CUG3),ce4af260-dd28-4a62-8aae-9c65ea88a54e,False,False,PH,1631441062.638385
0,An error occurred while sending the request,Error,/BuildNotice/0,MobileSDK,Realme RMX1821,OpenGLES2,1.0,1.11.0,False,LowRevenueCountryBlock,LowRevenueCountryBlock,09/12/2021 10:02:52,6028e36ad1e80652e41054ca,609d69021c511f4b1d4df1c4,com.pregnantcatemma.virtualpet,1.0,iv,Android OS 10 / API-29 (QP1A.190711.020/1624873154),e038be81-11ad-417f-990a-cf4faa24a61b,False,False,IQ,1631441062.654756
0,An error occurred while sending the request,Error,/BuildNotice/0,MobileSDK,samsung SM-A107F,OpenGLES2,1.0,1.11.0,False,Programmatic1,Programmatic,12/09/2021 10:04:22 AM,6028e36ad1e80652e41054ca,6028e407a1ba2a0d3d760566,com.mytalkingcatemma.ballerinagames,1.0,en,Android OS 11 / API-30 (RP1A.200720.012/A107FXXU8CUG3),ce4af260-dd28-4a62-8aae-9c65ea88a54e,False,False,PH,1631441062.681592
0,could not receive ip address from ipfy,Error,/BuildNotice/0,MobileSDK,Realme RMX1821,OpenGLES2,1.0,1.11.0,False,LowRevenueCountryBlock,LowRevenueCountryBlock,09/12/2021 10:02:52,6028e36ad1e80652e41054ca,609d69021c511f4b1d4df1c4,com.pregnantcatemma.virtualpet,1.0,iv,Android OS 10 / API-29 (QP1A.190711.020/1624873154),e038be81-11ad-417f-990a-cf4faa24a61b,False,False,IQ,1631441062.803923
0,An error occurred while sending the request,Error,/BuildNotice/0,MobileSDK,Realme RMX1821,OpenGLES2,1.0,1.11.0,False,LowRevenueCountryBlock,LowRevenueCountryBlock,09/12/2021 10:02:52,6028e36ad1e80652e41054ca,609d69021c511f4b1d4df1c4,com.pregnantcatemma.virtualpet,1.0,iv,Android OS 10 / API-29 (QP1A.190711.020/1624873154),e038be81-11ad-417f-990a-cf4faa24a61b,False,False,IQ,1631441062.922742
0,could not receive ip address from ipfy,Error,/BuildNotice/0,MobileSDK,Realme RMX1821,OpenGLES2,1.0,1.11.0,False,LowRevenueCountryBlock,LowRevenueCountryBlock,09/12/2021 10:02:52,6028e36ad1e80652e41054ca,609d69021c511f4b1d4df1c4,com.pregnantcatemma.virtualpet,1.0,iv,Android OS 10 / API-29 (QP1A.190711.020/1624873154),e038be81-11ad-417f-990a-cf4faa24a61b,False,False,IQ,1631441063.061389
0,An error occurred while sending the request,Error,/BuildNotice/0,MobileSDK,Realme RMX1821,OpenGLES2,1.0,1.11.0,False,LowRevenueCountryBlock,LowRevenueCountryBlock,09/12/2021 10:02:52,6028e36ad1e80652e41054ca,609d69021c511f4b1d4df1c4,com.pregnantcatemma.virtualpet,1.0,iv,Android OS 10 / API-29 (QP1A.190711.020/1624873154),e038be81-11ad-417f-990a-cf4faa24a61b,False,False,IQ,1631441063.176141
0,could not receive ip address from ipfy,Error,/BuildNotice/0,MobileSDK,Realme RMX1821,OpenGLES2,1.0,1.11.0,False,LowRevenueCountryBlock,LowRevenueCountryBlock,09/12/2021 10:02:53,6028e36ad1e80652e41054ca,609d69021c511f4b1d4df1c4,com.pregnantcatemma.virtualpet,1.0,iv,Android OS 10 / API-29 (QP1A.190711.020/1624873154),e038be81-11ad-417f-990a-cf4faa24a61b,False,False,IQ,1631441063.314423
0,could not receive ip address from ipfy,Error,/BuildNotice/0,MobileSDK,Xiaomi MI PLAY,OpenGLES2,1.0,1.11.0,False,LowRevenueCountryBlock,LowRevenueCountryBlock,12.09.2021 10:04:22,6028e36ad1e80652e41054ca,6028e407a1ba2a0d3d760566,com.mytalkingcatemma.ballerinagames,1.0,ru,Android OS 8.1.0 / API-27 (O11019/V11.0.10.0.OFIMIXM),16b86e6b-d71c-46bc-80ce-72f6b0bc6861,False,False,BD,1631441063.402931
0,An error occurred while sending the request,Error,/BuildNotice/0,MobileSDK,Realme RMX1821,OpenGLES2,1.0,1.11.0,False,LowRevenueCountryBlock,LowRevenueCountryBlock,09/12/2021 10:02:53,6028e36ad1e80652e41054ca,609d69021c511f4b1d4df1c4,com.pregnantcatemma.virtualpet,1.0,iv,Android OS 10 / API-29 (QP1A.190711.020/1624873154),e038be81-11ad-417f-990a-cf4faa24a61b,False,False,IQ,1631441063.441299
0,An error occurred while sending the request,Error,/BuildNotice/0,MobileSDK,Xiaomi MI PLAY,OpenGLES2,1.0,1.11.0,False,LowRevenueCountryBlock,LowRevenueCountryBlock,12.09.2021 10:04:22,6028e36ad1e80652e41054ca,6028e407a1ba2a0d3d760566,com.mytalkingcatemma.ballerinagames,1.0,ru,Android OS 8.1.0 / API-27 (O11019/V11.0.10.0.OFIMIXM),16b86e6b-d71c-46bc-80ce-72f6b0bc6861,False,False,BD,1631441063.456381
0,could not receive ip address from ipfy,Error,/BuildNotice/0,MobileSDK,Realme RMX1821,OpenGLES2,1.0,1.11.0,False,LowRevenueCountryBlock,LowRevenueCountryBlock,09/12/2021 10:02:53,6028e36ad1e80652e41054ca,609d69021c511f4b1d4df1c4,com.pregnantcatemma.virtualpet,1.0,iv,Android OS 10 / API-29 (QP1A.190711.020/1624873154),e038be81-11ad-417f-990a-cf4faa24a61b,False,False,IQ,1631441063.573912
0,An error occurred while sending the request,Error,/BuildNotice/0,MobileSDK,Realme RMX1821,OpenGLES2,1.0,1.11.0,False,LowRevenueCountryBlock,LowRevenueCountryBlock,09/12/2021 10:02:53,6028e36ad1e80652e41054ca,609d69021c511f4b1d4df1c4,com.pregnantcatemma.virtualpet,1.0,iv,Android OS 10 / API-29 (QP1A.190711.020/1624873154),e038be81-11ad-417f-990a-cf4faa24a61b,False,False,IQ,1631441063.702518
0,could not receive ip address from ipfy,Error,/BuildNotice/0,MobileSDK,Realme RMX1821,OpenGLES2,1.0,1.11.0,False,LowRevenueCountryBlock,LowRevenueCountryBlock,09/12/2021 10:02:53,6028e36ad1e80652e41054ca,609d69021c511f4b1d4df1c4,com.pregnantcatemma.virtualpet,1.0,iv,Android OS 10 / API-29 (QP1A.190711.020/1624873154),e038be81-11ad-417f-990a-cf4faa24a61b,False,False,IQ,1631441063.836594
0,An error occurred while sending the request,Error,/BuildNotice/0,MobileSDK,Realme RMX1821,OpenGLES2,1.0,1.11.0,False,LowRevenueCountryBlock,LowRevenueCountryBlock,09/12/2021 10:02:53,6028e36ad1e80652e41054ca,609d69021c511f4b1d4df1c4,com.pregnantcatemma.virtualpet,1.0,iv,Android OS 10 / API-29 (QP1A.190711.020/1624873154),e038be81-11ad-417f-990a-cf4faa24a61b,False,False,IQ,1631441063.963045
0,could not receive ip address from ipfy,Error,/BuildNotice/0,MobileSDK,Realme RMX1821,OpenGLES2,1.0,1.11.0,False,LowRevenueCountryBlock,LowRevenueCountryBlock,09/12/2021 10:02:53,6028e36ad1e80652e41054ca,609d69021c511f4b1d4df1c4,com.pregnantcatemma.virtualpet,1.0,iv,Android OS 10 / API-29 (QP1A.190711.020/1624873154),e038be81-11ad-417f-990a-cf4faa24a61b,False,False,IQ,1631441064.092853
0,An error occurred while sending the request,Error,/BuildNotice/0,MobileSDK,Realme RMX1821,OpenGLES2,1.0,1.11.0,False,LowRevenueCountryBlock,LowRevenueCountryBlock,09/12/2021 10:02:53,6028e36ad1e80652e41054ca,609d69021c511f4b1d4df1c4,com.pregnantcatemma.virtualpet,1.0,iv,Android OS 10 / API-29 (QP1A.190711.020/1624873154),e038be81-11ad-417f-990a-cf4faa24a61b,False,False,IQ,1631441064.218026
0,could not receive ip address from ipfy,Error,/BuildNotice/0,MobileSDK,Realme RMX1821,OpenGLES2,1.0,1.11.0,False,LowRevenueCountryBlock,LowRevenueCountryBlock,09/12/2021 10:02:53,6028e36ad1e80652e41054ca,609d69021c511f4b1d4df1c4,com.pregnantcatemma.virtualpet,1.0,iv,Android OS 10 / API-29 (QP1A.190711.020/1624873154),e038be81-11ad-417f-990a-cf4faa24a61b,False,False,IQ,1631441064.349336
0,An error occurred while sending the request,Error,/BuildNotice/0,MobileSDK,Realme RMX1821,OpenGLES2,1.0,1.11.0,False,LowRevenueCountryBlock,LowRevenueCountryBlock,09/12/2021 10:02:53,6028e36ad1e80652e41054ca,609d69021c511f4b1d4df1c4,com.pregnantcatemma.virtualpet,1.0,iv,Android OS 10 / API-29 (QP1A.190711.020/1624873154),e038be81-11ad-417f-990a-cf4faa24a61b,False,False,IQ,1631441064.47476
0,could not receive ip address from ipfy,Error,/BuildNotice/0,MobileSDK,Xiaomi MI PLAY,OpenGLES2,1.0,1.11.0,False,LowRevenueCountryBlock,LowRevenueCountryBlock,12.09.2021 10:04:23,6028e36ad1e80652e41054ca,6028e407a1ba2a0d3d760566,com.mytalkingcatemma.ballerinagames,1.0,ru,Android OS 8.1.0 / API-27 (O11019/V11.0.10.0.OFIMIXM),16b86e6b-d71c-46bc-80ce-72f6b0bc6861,False,False,BD,1631441064.600937
0,could not receive ip address from ipfy,Error,/BuildNotice/0,MobileSDK,Realme RMX1821,OpenGLES2,1.0,1.11.0,False,LowRevenueCountryBlock,LowRevenueCountryBlock,09/12/2021 10:02:54,6028e36ad1e80652e41054ca,609d69021c511f4b1d4df1c4,com.pregnantcatemma.virtualpet,1.0,iv,Android OS 10 / API-29 (QP1A.190711.020/1624873154),e038be81-11ad-417f-990a-cf4faa24a61b,False,False,IQ,1631441064.61417
0,An error occurred while sending the request,Error,/BuildNotice/0,MobileSDK,Xiaomi MI PLAY,OpenGLES2,1.0,1.11.0,False,LowRevenueCountryBlock,LowRevenueCountryBlock,12.09.2021 10:04:23,6028e36ad1e80652e41054ca,6028e407a1ba2a0d3d760566,com.mytalkingcatemma.ballerinagames,1.0,ru,Android OS 8.1.0 / API-27 (O11019/V11.0.10.0.OFIMIXM),16b86e6b-d71c-46bc-80ce-72f6b0bc6861,False,False,BD,1631441064.633663
0,An error occurred while sending the request,Error,/BuildNotice/0,MobileSDK,Realme RMX1821,OpenGLES2,1.0,1.11.0,False,LowRevenueCountryBlock,LowRevenueCountryBlock,09/12/2021 10:02:54,6028e36ad1e80652e41054ca,609d69021c511f4b1d4df1c4,com.pregnantcatemma.virtualpet,1.0,iv,Android OS 10 / API-29 (QP1A.190711.020/1624873154),e038be81-11ad-417f-990a-cf4faa24a61b,False,False,IQ,1631441064.731149
0,could not receive ip address from ipfy,Error,/BuildNotice/0,MobileSDK,Realme RMX1821,OpenGLES2,1.0,1.11.0,False,LowRevenueCountryBlock,LowRevenueCountryBlock,09/12/2021 10:02:54,6028e36ad1e80652e41054ca,609d69021c511f4b1d4df1c4,com.pregnantcatemma.virtualpet,1.0,iv,Android OS 10 / API-29 (QP1A.190711.020/1624873154),e038be81-11ad-417f-990a-cf4faa24a61b,False,False,IQ,1631441064.867511
0,An error occurred while sending the request,Error,/BuildNotice/0,MobileSDK,Realme RMX1821,OpenGLES2,1.0,1.11.0,False,LowRevenueCountryBlock,LowRevenueCountryBlock,09/12/2021 10:02:54,6028e36ad1e80652e41054ca,609d69021c511f4b1d4df1c4,com.pregnantcatemma.virtualpet,1.0,iv,Android OS 10 / API-29 (QP1A.190711.020/1624873154),e038be81-11ad-417f-990a-cf4faa24a61b,False,False,IQ,1631441064.99803
0,could not receive ip address from ipfy,Error,/BuildNotice/0,MobileSDK,Realme RMX1821,OpenGLES2,1.0,1.11.0,False,LowRevenueCountryBlock,LowRevenueCountryBlock,09/12/2021 10:02:54,6028e36ad1e80652e41054ca,609d69021c511f4b1d4df1c4,com.pregnantcatemma.virtualpet,1.0,iv,Android OS 10 / API-29 (QP1A.190711.020/1624873154),e038be81-11ad-417f-990a-cf4faa24a61b,False,False,IQ,1631441065.122873
0,An error occurred while sending the request,Error,/BuildNotice/0,MobileSDK,Xiaomi MI PLAY,OpenGLES2,1.0,1.11.0,False,LowRevenueCountryBlock,LowRevenueCountryBlock,12.09.2021 10:04:24,6028e36ad1e80652e41054ca,6028e407a1ba2a0d3d760566,com.mytalkingcatemma.ballerinagames,1.0,ru,Android OS 8.1.0 / API-27 (O11019/V11.0.10.0.OFIMIXM),16b86e6b-d71c-46bc-80ce-72f6b0bc6861,False,False,BD,1631441065.257021
0,An error occurred while sending the request,Error,/BuildNotice/0,MobileSDK,Realme RMX1821,OpenGLES2,1.0,1.11.0,False,LowRevenueCountryBlock,LowRevenueCountryBlock,09/12/2021 10:02:54,6028e36ad1e80652e41054ca,609d69021c511f4b1d4df1c4,com.pregnantcatemma.virtualpet,1.0,iv,Android OS 10 / API-29 (QP1A.190711.020/1624873154),e038be81-11ad-417f-990a-cf4faa24a61b,False,False,IQ,1631441065.27085
0,could not receive ip address from ipfy,Error,/BuildNotice/0,MobileSDK,Xiaomi MI PLAY,OpenGLES2,1.0,1.11.0,False,LowRevenueCountryBlock,LowRevenueCountryBlock,12.09.2021 10:04:24,6028e36ad1e80652e41054ca,6028e407a1ba2a0d3d760566,com.mytalkingcatemma.ballerinagames,1.0,ru,Android OS 8.1.0 / API-27 (O11019/V11.0.10.0.OFIMIXM),16b86e6b-d71c-46bc-80ce-72f6b0bc6861,False,False,BD,1631441065.287044
0,could not receive ip address from ipfy,Error,/BuildNotice/0,MobileSDK,Realme RMX1821,OpenGLES2,1.0,1.11.0,False,LowRevenueCountryBlock,LowRevenueCountryBlock,09/12/2021 10:02:54,6028e36ad1e80652e41054ca,609d69021c511f4b1d4df1c4,com.pregnantcatemma.virtualpet,1.0,iv,Android OS 10 / API-29 (QP1A.190711.020/1624873154),e038be81-11ad-417f-990a-cf4faa24a61b,False,False,IQ,1631441065.582162
0,An error occurred while sending the request,Error,/BuildNotice/0,MobileSDK,Realme RMX1821,OpenGLES2,1.0,1.11.0,False,LowRevenueCountryBlock,LowRevenueCountryBlock,09/12/2021 10:02:54,6028e36ad1e80652e41054ca,609d69021c511f4b1d4df1c4,com.pregnantcatemma.virtualpet,1.0,iv,Android OS 10 / API-29 (QP1A.190711.020/1624873154),e038be81-11ad-417f-990a-cf4faa24a61b,False,False,IQ,1631441065.598015
0,could not receive ip address from ipfy,Error,/BuildNotice/0,MobileSDK,samsung SM-A107F,OpenGLES2,1.0,1.11.0,False,Programmatic1,Programmatic,12/09/2021 10:04:25 AM,6028e36ad1e80652e41054ca,6028e407a1ba2a0d3d760566,com.mytalkingcatemma.ballerinagames,1.0,en,Android OS 11 / API-30 (RP1A.200720.012/A107FXXU8CUG3),ce4af260-dd28-4a62-8aae-9c65ea88a54e,False,False,PH,1631441065.682868
0,could not receive ip address from ipfy,Error,/BuildNotice/0,MobileSDK,Xiaomi MI PLAY,OpenGLES2,1.0,1.11.0,False,LowRevenueCountryBlock,LowRevenueCountryBlock,12.09.2021 10:04:25,6028e36ad1e80652e41054ca,6028e407a1ba2a0d3d760566,com.mytalkingcatemma.ballerinagames,1.0,ru,Android OS 8.1.0 / API-27 (O11019/V11.0.10.0.OFIMIXM),16b86e6b-d71c-46bc-80ce-72f6b0bc6861,False,False,BD,1631441065.697525
0,An error occurred while sending the request,Error,/BuildNotice/0,MobileSDK,samsung SM-A107F,OpenGLES2,1.0,1.11.0,False,Programmatic1,Programmatic,12/09/2021 10:04:25 AM,6028e36ad1e80652e41054ca,6028e407a1ba2a0d3d760566,com.mytalkingcatemma.ballerinagames,1.0,en,Android OS 11 / API-30 (RP1A.200720.012/A107FXXU8CUG3),ce4af260-dd28-4a62-8aae-9c65ea88a54e,False,False,PH,1631441065.711546
0,An error occurred while sending the request,Error,/BuildNotice/0,MobileSDK,Xiaomi MI PLAY,OpenGLES2,1.0,1.11.0,False,LowRevenueCountryBlock,LowRevenueCountryBlock,12.09.2021 10:04:25,6028e36ad1e80652e41054ca,6028e407a1ba2a0d3d760566,com.mytalkingcatemma.ballerinagames,1.0,ru,Android OS 8.1.0 / API-27 (O11019/V11.0.10.0.OFIMIXM),16b86e6b-d71c-46bc-80ce-72f6b0bc6861,False,False,BD,1631441065.782623
0,could not receive ip address from ipfy,Error,/BuildNotice/0,MobileSDK,Realme RMX1821,OpenGLES2,1.0,1.11.0,False,LowRevenueCountryBlock,LowRevenueCountryBlock,09/12/2021 10:02:54,6028e36ad1e80652e41054ca,609d69021c511f4b1d4df1c4,com.pregnantcatemma.virtualpet,1.0,iv,Android OS 10 / API-29 (QP1A.190711.020/1624873154),e038be81-11ad-417f-990a-cf4faa24a61b,False,False,IQ,1631441065.839916
0,An error occurred while sending the request,Error,/BuildNotice/0,MobileSDK,Realme RMX1821,OpenGLES2,1.0,1.11.0,False,LowRevenueCountryBlock,LowRevenueCountryBlock,09/12/2021 10:02:54,6028e36ad1e80652e41054ca,609d69021c511f4b1d4df1c4,com.pregnantcatemma.virtualpet,1.0,iv,Android OS 10 / API-29 (QP1A.190711.020/1624873154),e038be81-11ad-417f-990a-cf4faa24a61b,False,False,IQ,1631441065.880989
0,could not receive ip address from ipfy,Error,/BuildNotice/0,MobileSDK,Realme RMX1821,OpenGLES2,1.0,1.11.0,False,LowRevenueCountryBlock,LowRevenueCountryBlock,09/12/2021 10:02:55,6028e36ad1e80652e41054ca,609d69021c511f4b1d4df1c4,com.pregnantcatemma.virtualpet,1.0,iv,Android OS 10 / API-29 (QP1A.190711.020/1624873154),e038be81-11ad-417f-990a-cf4faa24a61b,False,False,IQ,1631441066.096464
0,An error occurred while sending the request,Error,/BuildNotice/0,MobileSDK,Xiaomi MI PLAY,OpenGLES2,1.0,1.11.0,False,LowRevenueCountryBlock,LowRevenueCountryBlock,12.09.2021 10:04:25,6028e36ad1e80652e41054ca,6028e407a1ba2a0d3d760566,com.mytalkingcatemma.ballerinagames,1.0,ru,Android OS 8.1.0 / API-27 (O11019/V11.0.10.0.OFIMIXM),16b86e6b-d71c-46bc-80ce-72f6b0bc6861,False,False,BD,1631441066.12454
0,could not receive ip address from ipfy,Error,/BuildNotice/0,MobileSDK,Xiaomi MI PLAY,OpenGLES2,1.0,1.11.0,False,LowRevenueCountryBlock,LowRevenueCountryBlock,12.09.2021 10:04:25,6028e36ad1e80652e41054ca,6028e407a1ba2a0d3d760566,com.mytalkingcatemma.ballerinagames,1.0,ru,Android OS 8.1.0 / API-27 (O11019/V11.0.10.0.OFIMIXM),16b86e6b-d71c-46bc-80ce-72f6b0bc6861,False,False,BD,1631441066.139067
0,An error occurred while sending the request,Error,/BuildNotice/0,MobileSDK,Realme RMX1821,OpenGLES2,1.0,1.11.0,False,LowRevenueCountryBlock,LowRevenueCountryBlock,09/12/2021 10:02:55,6028e36ad1e80652e41054ca,609d69021c511f4b1d4df1c4,com.pregnantcatemma.virtualpet,1.0,iv,Android OS 10 / API-29 (QP1A.190711.020/1624873154),e038be81-11ad-417f-990a-cf4faa24a61b,False,False,IQ,1631441066.182291
0,could not receive ip address from ipfy,Error,/BuildNotice/0,MobileSDK,Realme RMX1821,OpenGLES2,1.0,1.11.0,False,LowRevenueCountryBlock,LowRevenueCountryBlock,09/12/2021 10:02:55,6028e36ad1e80652e41054ca,609d69021c511f4b1d4df1c4,com.pregnantcatemma.virtualpet,1.0,iv,Android OS 10 / API-29 (QP1A.190711.020/1624873154),e038be81-11ad-417f-990a-cf4faa24a61b,False,False,IQ,1631441066.350075
0,An error occurred while sending the request,Error,/BuildNotice/0,MobileSDK,Realme RMX1821,OpenGLES2,1.0,1.11.0,False,LowRevenueCountryBlock,LowRevenueCountryBlock,09/12/2021 10:02:55,6028e36ad1e80652e41054ca,609d69021c511f4b1d4df1c4,com.pregnantcatemma.virtualpet,1.0,iv,Android OS 10 / API-29 (QP1A.190711.020/1624873154),e038be81-11ad-417f-990a-cf4faa24a61b,False,False,IQ,1631441066.440474
0,could not receive ip address from ipfy,Error,/BuildNotice/0,MobileSDK,Xiaomi MI PLAY,OpenGLES2,1.0,1.11.0,False,LowRevenueCountryBlock,LowRevenueCountryBlock,12.09.2021 10:04:25,6028e36ad1e80652e41054ca,6028e407a1ba2a0d3d760566,com.mytalkingcatemma.ballerinagames,1.0,ru,Android OS 8.1.0 / API-27 (O11019/V11.0.10.0.OFIMIXM),16b86e6b-d71c-46bc-80ce-72f6b0bc6861,False,False,BD,1631441066.586186
0,could not receive ip address from ipfy,Error,/BuildNotice/0,MobileSDK,Realme RMX1821,OpenGLES2,1.0,1.11.0,False,LowRevenueCountryBlock,LowRevenueCountryBlock,09/12/2021 10:02:55,6028e36ad1e80652e41054ca,609d69021c511f4b1d4df1c4,com.pregnantcatemma.virtualpet,1.0,iv,Android OS 10 / API-29 (QP1A.190711.020/1624873154),e038be81-11ad-417f-990a-cf4faa24a61b,False,False,IQ,1631441066.608589
0,An error occurred while sending the request,Error,/BuildNotice/0,MobileSDK,Realme RMX1821,OpenGLES2,1.0,1.11.0,False,LowRevenueCountryBlock,LowRevenueCountryBlock,09/12/2021 10:02:55,6028e36ad1e80652e41054ca,609d69021c511f4b1d4df1c4,com.pregnantcatemma.virtualpet,1.0,iv,Android OS 10 / API-29 (QP1A.190711.020/1624873154),e038be81-11ad-417f-990a-cf4faa24a61b,False,False,IQ,1631441066.695482
0,could not receive ip address from ipfy,Error,/BuildNotice/0,MobileSDK,Realme RMX1821,OpenGLES2,1.0,1.11.0,False,LowRevenueCountryBlock,LowRevenueCountryBlock,09/12/2021 10:02:55,6028e36ad1e80652e41054ca,609d69021c511f4b1d4df1c4,com.pregnantcatemma.virtualpet,1.0,iv,Android OS 10 / API-29 (QP1A.190711.020/1624873154),e038be81-11ad-417f-990a-cf4faa24a61b,False,False,IQ,1631441066.870125
0,An error occurred while sending the request,Error,/BuildNotice/0,MobileSDK,Xiaomi MI PLAY,OpenGLES2,1.0,1.11.0,False,LowRevenueCountryBlock,LowRevenueCountryBlock,12.09.2021 10:04:25,6028e36ad1e80652e41054ca,6028e407a1ba2a0d3d760566,com.mytalkingcatemma.ballerinagames,1.0,ru,Android OS 8.1.0 / API-27 (O11019/V11.0.10.0.OFIMIXM),16b86e6b-d71c-46bc-80ce-72f6b0bc6861,False,False,BD,1631441066.927415
0,An error occurred while sending the request,Error,/BuildNotice/0,MobileSDK,Realme RMX1821,OpenGLES2,1.0,1.11.0,False,LowRevenueCountryBlock,LowRevenueCountryBlock,09/12/2021 10:02:55,6028e36ad1e80652e41054ca,609d69021c511f4b1d4df1c4,com.pregnantcatemma.virtualpet,1.0,iv,Android OS 10 / API-29 (QP1A.190711.020/1624873154),e038be81-11ad-417f-990a-cf4faa24a61b,False,False,IQ,1631441066.953107
0,could not receive ip address from ipfy,Error,/BuildNotice/0,MobileSDK,Realme RMX1821,OpenGLES2,1.0,1.11.0,False,LowRevenueCountryBlock,LowRevenueCountryBlock,09/12/2021 10:02:55,6028e36ad1e80652e41054ca,609d69021c511f4b1d4df1c4,com.pregnantcatemma.virtualpet,1.0,iv,Android OS 10 / API-29 (QP1A.190711.020/1624873154),e038be81-11ad-417f-990a-cf4faa24a61b,False,False,IQ,1631441067.123198
0,An error occurred while sending the request,Error,/BuildNotice/0,MobileSDK,Realme RMX1821,OpenGLES2,1.0,1.11.0,False,LowRevenueCountryBlock,LowRevenueCountryBlock,09/12/2021 10:02:55,6028e36ad1e80652e41054ca,609d69021c511f4b1d4df1c4,com.pregnantcatemma.virtualpet,1.0,iv,Android OS 10 / API-29 (QP1A.190711.020/1624873154),e038be81-11ad-417f-990a-cf4faa24a61b,False,False,IQ,1631441067.210276
0,could not receive ip address from ipfy,Error,/BuildNotice/0,MobileSDK,Realme RMX1821,OpenGLES2,1.0,1.11.0,False,LowRevenueCountryBlock,LowRevenueCountryBlock,09/12/2021 10:02:56,6028e36ad1e80652e41054ca,609d69021c511f4b1d4df1c4,com.pregnantcatemma.virtualpet,1.0,iv,Android OS 10 / API-29 (QP1A.190711.020/1624873154),e038be81-11ad-417f-990a-cf4faa24a61b,False,False,IQ,1631441067.379477
0,An error occurred while sending the request,Error,/BuildNotice/0,MobileSDK,Realme RMX1821,OpenGLES2,1.0,1.11.0,False,LowRevenueCountryBlock,LowRevenueCountryBlock,09/12/2021 10:02:56,6028e36ad1e80652e41054ca,609d69021c511f4b1d4df1c4,com.pregnantcatemma.virtualpet,1.0,iv,Android OS 10 / API-29 (QP1A.190711.020/1624873154),e038be81-11ad-417f-990a-cf4faa24a61b,False,False,IQ,1631441067.472766
0,could not receive ip address from ipfy,Error,/BuildNotice/0,MobileSDK,Realme RMX1821,OpenGLES2,1.0,1.11.0,False,LowRevenueCountryBlock,LowRevenueCountryBlock,09/12/2021 10:02:56,6028e36ad1e80652e41054ca,609d69021c511f4b1d4df1c4,com.pregnantcatemma.virtualpet,1.0,iv,Android OS 10 / API-29 (QP1A.190711.020/1624873154),e038be81-11ad-417f-990a-cf4faa24a61b,False,False,IQ,1631441067.632406
0,An error occurred while sending the request,Error,/BuildNotice/0,MobileSDK,Realme RMX1821,OpenGLES2,1.0,1.11.0,False,LowRevenueCountryBlock,LowRevenueCountryBlock,09/12/2021 10:02:56,6028e36ad1e80652e41054ca,609d69021c511f4b1d4df1c4,com.pregnantcatemma.virtualpet,1.0,iv,Android OS 10 / API-29 (QP1A.190711.020/1624873154),e038be81-11ad-417f-990a-cf4faa24a61b,False,False,IQ,1631441067.727476
0,could not receive ip address from ipfy,Error,/BuildNotice/0,MobileSDK,Realme RMX1821,OpenGLES2,1.0,1.11.0,False,LowRevenueCountryBlock,LowRevenueCountryBlock,09/12/2021 10:02:56,6028e36ad1e80652e41054ca,609d69021c511f4b1d4df1c4,com.pregnantcatemma.virtualpet,1.0,iv,Android OS 10 / API-29 (QP1A.190711.020/1624873154),e038be81-11ad-417f-990a-cf4faa24a61b,False,False,IQ,1631441067.886677
0,An error occurred while sending the request,Error,/BuildNotice/0,MobileSDK,Realme RMX1821,OpenGLES2,1.0,1.11.0,False,LowRevenueCountryBlock,LowRevenueCountryBlock,09/12/2021 10:02:56,6028e36ad1e80652e41054ca,609d69021c511f4b1d4df1c4,com.pregnantcatemma.virtualpet,1.0,iv,Android OS 10 / API-29 (QP1A.190711.020/1624873154),e038be81-11ad-417f-990a-cf4faa24a61b,False,False,IQ,1631441067.99208
0,could not receive ip address from ipfy,Error,/BuildNotice/0,MobileSDK,Realme RMX1821,OpenGLES2,1.0,1.11.0,False,LowRevenueCountryBlock,LowRevenueCountryBlock,09/12/2021 10:02:56,6028e36ad1e80652e41054ca,609d69021c511f4b1d4df1c4,com.pregnantcatemma.virtualpet,1.0,iv,Android OS 10 / API-29 (QP1A.190711.020/1624873154),e038be81-11ad-417f-990a-cf4faa24a61b,False,False,IQ,1631441068.145675
0,An error occurred while sending the request,Error,/BuildNotice/0,MobileSDK,Realme RMX1821,OpenGLES2,1.0,1.11.0,False,LowRevenueCountryBlock,LowRevenueCountryBlock,09/12/2021 10:02:56,6028e36ad1e80652e41054ca,609d69021c511f4b1d4df1c4,com.pregnantcatemma.virtualpet,1.0,iv,Android OS 10 / API-29 (QP1A.190711.020/1624873154),e038be81-11ad-417f-990a-cf4faa24a61b,False,False,IQ,1631441068.249017
0,could not receive ip address from ipfy,Error,/BuildNotice/0,MobileSDK,Xiaomi MI PLAY,OpenGLES2,1.0,1.11.0,False,LowRevenueCountryBlock,LowRevenueCountryBlock,12.09.2021 10:04:27,6028e36ad1e80652e41054ca,6028e407a1ba2a0d3d760566,com.mytalkingcatemma.ballerinagames,1.0,ru,Android OS 8.1.0 / API-27 (O11019/V11.0.10.0.OFIMIXM),16b86e6b-d71c-46bc-80ce-72f6b0bc6861,False,False,BD,1631441068.362698
0,An error occurred while sending the request,Error,/BuildNotice/0,MobileSDK,Xiaomi MI PLAY,OpenGLES2,1.0,1.11.0,False,LowRevenueCountryBlock,LowRevenueCountryBlock,12.09.2021 10:04:27,6028e36ad1e80652e41054ca,6028e407a1ba2a0d3d760566,com.mytalkingcatemma.ballerinagames,1.0,ru,Android OS 8.1.0 / API-27 (O11019/V11.0.10.0.OFIMIXM),16b86e6b-d71c-46bc-80ce-72f6b0bc6861,False,False,BD,1631441068.391174
0,could not receive ip address from ipfy,Error,/BuildNotice/0,MobileSDK,Realme RMX1821,OpenGLES2,1.0,1.11.0,False,LowRevenueCountryBlock,LowRevenueCountryBlock,09/12/2021 10:02:56,6028e36ad1e80652e41054ca,609d69021c511f4b1d4df1c4,com.pregnantcatemma.virtualpet,1.0,iv,Android OS 10 / API-29 (QP1A.190711.020/1624873154),e038be81-11ad-417f-990a-cf4faa24a61b,False,False,IQ,1631441068.405462
0,An error occurred while sending the request,Error,/BuildNotice/0,MobileSDK,Realme RMX1821,OpenGLES2,1.0,1.11.0,False,LowRevenueCountryBlock,LowRevenueCountryBlock,09/12/2021 10:02:56,6028e36ad1e80652e41054ca,609d69021c511f4b1d4df1c4,com.pregnantcatemma.virtualpet,1.0,iv,Android OS 10 / API-29 (QP1A.190711.020/1624873154),e038be81-11ad-417f-990a-cf4faa24a61b,False,False,IQ,1631441068.504672
0,could not receive ip address from ipfy,Error,/BuildNotice/0,MobileSDK,Realme RMX1821,OpenGLES2,1.0,1.11.0,False,LowRevenueCountryBlock,LowRevenueCountryBlock,09/12/2021 10:02:57,6028e36ad1e80652e41054ca,609d69021c511f4b1d4df1c4,com.pregnantcatemma.virtualpet,1.0,iv,Android OS 10 / API-29 (QP1A.190711.020/1624873154),e038be81-11ad-417f-990a-cf4faa24a61b,False,False,IQ,1631441068.659037
0,could not receive ip address from ipfy,Error,/BuildNotice/0,MobileSDK,samsung SM-A107F,OpenGLES2,1.0,1.11.0,False,Programmatic1,Programmatic,12/09/2021 10:04:28 AM,6028e36ad1e80652e41054ca,6028e407a1ba2a0d3d760566,com.mytalkingcatemma.ballerinagames,1.0,en,Android OS 11 / API-30 (RP1A.200720.012/A107FXXU8CUG3),ce4af260-dd28-4a62-8aae-9c65ea88a54e,False,False,PH,1631441068.67358
0,An error occurred while sending the request,Error,/BuildNotice/0,MobileSDK,samsung SM-A107F,OpenGLES2,1.0,1.11.0,False,Programmatic1,Programmatic,12/09/2021 10:04:28 AM,6028e36ad1e80652e41054ca,6028e407a1ba2a0d3d760566,com.mytalkingcatemma.ballerinagames,1.0,en,Android OS 11 / API-30 (RP1A.200720.012/A107FXXU8CUG3),ce4af260-dd28-4a62-8aae-9c65ea88a54e,False,False,PH,1631441068.703981
0,An error occurred while sending the request,Error,/BuildNotice/0,MobileSDK,Realme RMX1821,OpenGLES2,1.0,1.11.0,False,LowRevenueCountryBlock,LowRevenueCountryBlock,09/12/2021 10:02:57,6028e36ad1e80652e41054ca,609d69021c511f4b1d4df1c4,com.pregnantcatemma.virtualpet,1.0,iv,Android OS 10 / API-29 (QP1A.190711.020/1624873154),e038be81-11ad-417f-990a-cf4faa24a61b,False,False,IQ,1631441068.762545
0,could not receive ip address from ipfy,Error,/BuildNotice/0,MobileSDK,Realme RMX1821,OpenGLES2,1.0,1.11.0,False,LowRevenueCountryBlock,LowRevenueCountryBlock,09/12/2021 10:02:57,6028e36ad1e80652e41054ca,609d69021c511f4b1d4df1c4,com.pregnantcatemma.virtualpet,1.0,iv,Android OS 10 / API-29 (QP1A.190711.020/1624873154),e038be81-11ad-417f-990a-cf4faa24a61b,False,False,IQ,1631441068.91361
0,An error occurred while sending the request,Error,/BuildNotice/0,MobileSDK,Realme RMX1821,OpenGLES2,1.0,1.11.0,False,LowRevenueCountryBlock,LowRevenueCountryBlock,09/12/2021 10:02:57,6028e36ad1e80652e41054ca,609d69021c511f4b1d4df1c4,com.pregnantcatemma.virtualpet,1.0,iv,Android OS 10 / API-29 (QP1A.190711.020/1624873154),e038be81-11ad-417f-990a-cf4faa24a61b,False,False,IQ,1631441069.021313
0,could not receive ip address from ipfy,Error,/BuildNotice/0,MobileSDK,Realme RMX1821,OpenGLES2,1.0,1.11.0,False,LowRevenueCountryBlock,LowRevenueCountryBlock,09/12/2021 10:02:57,6028e36ad1e80652e41054ca,609d69021c511f4b1d4df1c4,com.pregnantcatemma.virtualpet,1.0,iv,Android OS 10 / API-29 (QP1A.190711.020/1624873154),e038be81-11ad-417f-990a-cf4faa24a61b,False,False,IQ,1631441069.296522
0,An error occurred while sending the request,Error,/BuildNotice/0,MobileSDK,Realme RMX1821,OpenGLES2,1.0,1.11.0,False,LowRevenueCountryBlock,LowRevenueCountryBlock,09/12/2021 10:02:57,6028e36ad1e80652e41054ca,609d69021c511f4b1d4df1c4,com.pregnantcatemma.virtualpet,1.0,iv,Android OS 10 / API-29 (QP1A.190711.020/1624873154),e038be81-11ad-417f-990a-cf4faa24a61b,False,False,IQ,1631441069.313235
0,could not receive ip address from ipfy,Error,/BuildNotice/0,MobileSDK,Realme RMX1821,OpenGLES2,1.0,1.11.0,False,LowRevenueCountryBlock,LowRevenueCountryBlock,09/12/2021 10:02:57,6028e36ad1e80652e41054ca,609d69021c511f4b1d4df1c4,com.pregnantcatemma.virtualpet,1.0,iv,Android OS 10 / API-29 (QP1A.190711.020/1624873154),e038be81-11ad-417f-990a-cf4faa24a61b,False,False,IQ,1631441069.562424
0,An error occurred while sending the request,Error,/BuildNotice/0,MobileSDK,Realme RMX1821,OpenGLES2,1.0,1.11.0,False,LowRevenueCountryBlock,LowRevenueCountryBlock,09/12/2021 10:02:57,6028e36ad1e80652e41054ca,609d69021c511f4b1d4df1c4,com.pregnantcatemma.virtualpet,1.0,iv,Android OS 10 / API-29 (QP1A.190711.020/1624873154),e038be81-11ad-417f-990a-cf4faa24a61b,False,False,IQ,1631441069.580461
0,An error occurred while sending the request,Error,/BuildNotice/0,MobileSDK,Xiaomi MI PLAY,OpenGLES2,1.0,1.11.0,False,LowRevenueCountryBlock,LowRevenueCountryBlock,12.09.2021 10:04:28,6028e36ad1e80652e41054ca,6028e407a1ba2a0d3d760566,com.mytalkingcatemma.ballerinagames,1.0,ru,Android OS 8.1.0 / API-27 (O11019/V11.0.10.0.OFIMIXM),16b86e6b-d71c-46bc-80ce-72f6b0bc6861,False,False,BD,1631441069.611123
0,could not receive ip address from ipfy,Error,/BuildNotice/0,MobileSDK,Xiaomi MI PLAY,OpenGLES2,1.0,1.11.0,False,LowRevenueCountryBlock,LowRevenueCountryBlock,12.09.2021 10:04:28,6028e36ad1e80652e41054ca,6028e407a1ba2a0d3d760566,com.mytalkingcatemma.ballerinagames,1.0,ru,Android OS 8.1.0 / API-27 (O11019/V11.0.10.0.OFIMIXM),16b86e6b-d71c-46bc-80ce-72f6b0bc6861,False,False,BD,1631441069.630341
0,An error occurred while sending the request,Error,/BuildNotice/0,MobileSDK,Realme RMX1821,OpenGLES2,1.0,1.11.0,False,LowRevenueCountryBlock,LowRevenueCountryBlock,09/12/2021 10:02:57,6028e36ad1e80652e41054ca,609d69021c511f4b1d4df1c4,com.pregnantcatemma.virtualpet,1.0,iv,Android OS 10 / API-29 (QP1A.190711.020/1624873154),e038be81-11ad-417f-990a-cf4faa24a61b,False,False,IQ,1631441069.965236
0,could not receive ip address from ipfy,Error,/BuildNotice/0,MobileSDK,Realme RMX1821,OpenGLES2,1.0,1.11.0,False,LowRevenueCountryBlock,LowRevenueCountryBlock,09/12/2021 10:02:57,6028e36ad1e80652e41054ca,609d69021c511f4b1d4df1c4,com.pregnantcatemma.virtualpet,1.0,iv,Android OS 10 / API-29 (QP1A.190711.020/1624873154),e038be81-11ad-417f-990a-cf4faa24a61b,False,False,IQ,1631441069.981791
0,could not receive ip address from ipfy,Error,/BuildNotice/0,MobileSDK,Xiaomi MI PLAY,OpenGLES2,1.0,1.11.0,False,LowRevenueCountryBlock,LowRevenueCountryBlock,12.09.2021 10:04:29,6028e36ad1e80652e41054ca,6028e407a1ba2a0d3d760566,com.mytalkingcatemma.ballerinagames,1.0,ru,Android OS 8.1.0 / API-27 (O11019/V11.0.10.0.OFIMIXM),16b86e6b-d71c-46bc-80ce-72f6b0bc6861,False,False,BD,1631441070.025063
0,An error occurred while sending the request,Error,/BuildNotice/0,MobileSDK,Xiaomi MI PLAY,OpenGLES2,1.0,1.11.0,False,LowRevenueCountryBlock,LowRevenueCountryBlock,12.09.2021 10:04:29,6028e36ad1e80652e41054ca,6028e407a1ba2a0d3d760566,com.mytalkingcatemma.ballerinagames,1.0,ru,Android OS 8.1.0 / API-27 (O11019/V11.0.10.0.OFIMIXM),16b86e6b-d71c-46bc-80ce-72f6b0bc6861,False,False,BD,1631441070.057789
0,could not receive ip address from ipfy,Error,/BuildNotice/0,MobileSDK,Realme RMX1821,OpenGLES2,1.0,1.11.0,False,LowRevenueCountryBlock,LowRevenueCountryBlock,09/12/2021 10:02:58,6028e36ad1e80652e41054ca,609d69021c511f4b1d4df1c4,com.pregnantcatemma.virtualpet,1.0,iv,Android OS 10 / API-29 (QP1A.190711.020/1624873154),e038be81-11ad-417f-990a-cf4faa24a61b,False,False,IQ,1631441070.303685
0,An error occurred while sending the request,Error,/BuildNotice/0,MobileSDK,Realme RMX1821,OpenGLES2,1.0,1.11.0,False,LowRevenueCountryBlock,LowRevenueCountryBlock,09/12/2021 10:02:58,6028e36ad1e80652e41054ca,609d69021c511f4b1d4df1c4,com.pregnantcatemma.virtualpet,1.0,iv,Android OS 10 / API-29 (QP1A.190711.020/1624873154),e038be81-11ad-417f-990a-cf4faa24a61b,False,False,IQ,1631441070.318283
0,An error occurred while sending the request,Error,/BuildNotice/0,MobileSDK,Xiaomi MI PLAY,OpenGLES2,1.0,1.11.0,False,LowRevenueCountryBlock,LowRevenueCountryBlock,12.09.2021 10:04:29,6028e36ad1e80652e41054ca,6028e407a1ba2a0d3d760566,com.mytalkingcatemma.ballerinagames,1.0,ru,Android OS 8.1.0 / API-27 (O11019/V11.0.10.0.OFIMIXM),16b86e6b-d71c-46bc-80ce-72f6b0bc6861,False,False,BD,1631441070.430251
0,could not receive ip address from ipfy,Error,/BuildNotice/0,MobileSDK,Xiaomi MI PLAY,OpenGLES2,1.0,1.11.0,False,LowRevenueCountryBlock,LowRevenueCountryBlock,12.09.2021 10:04:29,6028e36ad1e80652e41054ca,6028e407a1ba2a0d3d760566,com.mytalkingcatemma.ballerinagames,1.0,ru,Android OS 8.1.0 / API-27 (O11019/V11.0.10.0.OFIMIXM),16b86e6b-d71c-46bc-80ce-72f6b0bc6861,False,False,BD,1631441070.446137
0,could not receive ip address from ipfy,Error,/BuildNotice/0,MobileSDK,Realme RMX1821,OpenGLES2,1.0,1.11.0,False,LowRevenueCountryBlock,LowRevenueCountryBlock,09/12/2021 10:02:58,6028e36ad1e80652e41054ca,609d69021c511f4b1d4df1c4,com.pregnantcatemma.virtualpet,1.0,iv,Android OS 10 / API-29 (QP1A.190711.020/1624873154),e038be81-11ad-417f-990a-cf4faa24a61b,False,False,IQ,1631441070.556512
0,An error occurred while sending the request,Error,/BuildNotice/0,MobileSDK,Realme RMX1821,OpenGLES2,1.0,1.11.0,False,LowRevenueCountryBlock,LowRevenueCountryBlock,09/12/2021 10:02:58,6028e36ad1e80652e41054ca,609d69021c511f4b1d4df1c4,com.pregnantcatemma.virtualpet,1.0,iv,Android OS 10 / API-29 (QP1A.190711.020/1624873154),e038be81-11ad-417f-990a-cf4faa24a61b,False,False,IQ,1631441070.574542
0,could not receive ip address from ipfy,Error,/BuildNotice/0,MobileSDK,Realme RMX1821,OpenGLES2,1.0,1.11.0,False,LowRevenueCountryBlock,LowRevenueCountryBlock,09/12/2021 10:02:58,6028e36ad1e80652e41054ca,609d69021c511f4b1d4df1c4,com.pregnantcatemma.virtualpet,1.0,iv,Android OS 10 / API-29 (QP1A.190711.020/1624873154),e038be81-11ad-417f-990a-cf4faa24a61b,False,False,IQ,1631441070.811845
0,An error occurred while sending the request,Error,/BuildNotice/0,MobileSDK,Realme RMX1821,OpenGLES2,1.0,1.11.0,False,LowRevenueCountryBlock,LowRevenueCountryBlock,09/12/2021 10:02:58,6028e36ad1e80652e41054ca,609d69021c511f4b1d4df1c4,com.pregnantcatemma.virtualpet,1.0,iv,Android OS 10 / API-29 (QP1A.190711.020/1624873154),e038be81-11ad-417f-990a-cf4faa24a61b,False,False,IQ,1631441070.829477
0,could not receive ip address from ipfy,Error,/BuildNotice/0,MobileSDK,Xiaomi MI PLAY,OpenGLES2,1.0,1.11.0,False,LowRevenueCountryBlock,LowRevenueCountryBlock,12.09.2021 10:04:30,6028e36ad1e80652e41054ca,6028e407a1ba2a0d3d760566,com.mytalkingcatemma.ballerinagames,1.0,ru,Android OS 8.1.0 / API-27 (O11019/V11.0.10.0.OFIMIXM),16b86e6b-d71c-46bc-80ce-72f6b0bc6861,False,False,BD,1631441071.062822
0,could not receive ip address from ipfy,Error,/BuildNotice/0,MobileSDK,Realme RMX1821,OpenGLES2,1.0,1.11.0,False,LowRevenueCountryBlock,LowRevenueCountryBlock,09/12/2021 10:02:58,6028e36ad1e80652e41054ca,609d69021c511f4b1d4df1c4,com.pregnantcatemma.virtualpet,1.0,iv,Android OS 10 / API-29 (QP1A.190711.020/1624873154),e038be81-11ad-417f-990a-cf4faa24a61b,False,False,IQ,1631441071.077643
0,An error occurred while sending the request,Error,/BuildNotice/0,MobileSDK,Realme RMX1821,OpenGLES2,1.0,1.11.0,False,LowRevenueCountryBlock,LowRevenueCountryBlock,09/12/2021 10:02:58,6028e36ad1e80652e41054ca,609d69021c511f4b1d4df1c4,com.pregnantcatemma.virtualpet,1.0,iv,Android OS 10 / API-29 (QP1A.190711.020/1624873154),e038be81-11ad-417f-990a-cf4faa24a61b,False,False,IQ,1631441071.10684
0,An error occurred while sending the request,Error,/BuildNotice/0,MobileSDK,Xiaomi MI PLAY,OpenGLES2,1.0,1.11.0,False,LowRevenueCountryBlock,LowRevenueCountryBlock,12.09.2021 10:04:30,6028e36ad1e80652e41054ca,6028e407a1ba2a0d3d760566,com.mytalkingcatemma.ballerinagames,1.0,ru,Android OS 8.1.0 / API-27 (O11019/V11.0.10.0.OFIMIXM),16b86e6b-d71c-46bc-80ce-72f6b0bc6861,False,False,BD,1631441071.308195
0,could not receive ip address from ipfy,Error,/BuildNotice/0,MobileSDK,Realme RMX1821,OpenGLES2,1.0,1.11.0,False,LowRevenueCountryBlock,LowRevenueCountryBlock,09/12/2021 10:02:58,6028e36ad1e80652e41054ca,609d69021c511f4b1d4df1c4,com.pregnantcatemma.virtualpet,1.0,iv,Android OS 10 / API-29 (QP1A.190711.020/1624873154),e038be81-11ad-417f-990a-cf4faa24a61b,False,False,IQ,1631441071.332731
0,An error occurred while sending the request,Error,/BuildNotice/0,MobileSDK,Realme RMX1821,OpenGLES2,1.0,1.11.0,False,LowRevenueCountryBlock,LowRevenueCountryBlock,09/12/2021 10:02:58,6028e36ad1e80652e41054ca,609d69021c511f4b1d4df1c4,com.pregnantcatemma.virtualpet,1.0,iv,Android OS 10 / API-29 (QP1A.190711.020/1624873154),e038be81-11ad-417f-990a-cf4faa24a61b,False,False,IQ,1631441071.367453
0,could not receive ip address from ipfy,Error,/BuildNotice/0,MobileSDK,Xiaomi MI PLAY,OpenGLES2,1.0,1.11.0,False,LowRevenueCountryBlock,LowRevenueCountryBlock,12.09.2021 10:04:30,6028e36ad1e80652e41054ca,6028e407a1ba2a0d3d760566,com.mytalkingcatemma.ballerinagames,1.0,ru,Android OS 8.1.0 / API-27 (O11019/V11.0.10.0.OFIMIXM),16b86e6b-d71c-46bc-80ce-72f6b0bc6861,False,False,BD,1631441071.461115
0,could not receive ip address from ipfy,Error,/BuildNotice/0,MobileSDK,Realme RMX1821,OpenGLES2,1.0,1.11.0,False,LowRevenueCountryBlock,LowRevenueCountryBlock,09/12/2021 10:02:58,6028e36ad1e80652e41054ca,609d69021c511f4b1d4df1c4,com.pregnantcatemma.virtualpet,1.0,iv,Android OS 10 / API-29 (QP1A.190711.020/1624873154),e038be81-11ad-417f-990a-cf4faa24a61b,False,False,IQ,1631441071.586814
0,An error occurred while sending the request,Error,/BuildNotice/0,MobileSDK,Realme RMX1821,OpenGLES2,1.0,1.11.0,False,LowRevenueCountryBlock,LowRevenueCountryBlock,09/12/2021 10:02:58,6028e36ad1e80652e41054ca,609d69021c511f4b1d4df1c4,com.pregnantcatemma.virtualpet,1.0,iv,Android OS 10 / API-29 (QP1A.190711.020/1624873154),e038be81-11ad-417f-990a-cf4faa24a61b,False,False,IQ,1631441071.623415
0,An error occurred while sending the request,Error,/BuildNotice/0,MobileSDK,Xiaomi MI PLAY,OpenGLES2,1.0,1.11.0,False,LowRevenueCountryBlock,LowRevenueCountryBlock,12.09.2021 10:04:30,6028e36ad1e80652e41054ca,6028e407a1ba2a0d3d760566,com.mytalkingcatemma.ballerinagames,1.0,ru,Android OS 8.1.0 / API-27 (O11019/V11.0.10.0.OFIMIXM),16b86e6b-d71c-46bc-80ce-72f6b0bc6861,False,False,BD,1631441071.638351
0,could not receive ip address from ipfy,Error,/BuildNotice/0,MobileSDK,samsung SM-A107F,OpenGLES2,1.0,1.11.0,False,Programmatic1,Programmatic,12/09/2021 10:04:31 AM,6028e36ad1e80652e41054ca,6028e407a1ba2a0d3d760566,com.mytalkingcatemma.ballerinagames,1.0,en,Android OS 11 / API-30 (RP1A.200720.012/A107FXXU8CUG3),ce4af260-dd28-4a62-8aae-9c65ea88a54e,False,False,PH,1631441071.773736
0,An error occurred while sending the request,Error,/BuildNotice/0,MobileSDK,samsung SM-A107F,OpenGLES2,1.0,1.11.0,False,Programmatic1,Programmatic,12/09/2021 10:04:31 AM,6028e36ad1e80652e41054ca,6028e407a1ba2a0d3d760566,com.mytalkingcatemma.ballerinagames,1.0,en,Android OS 11 / API-30 (RP1A.200720.012/A107FXXU8CUG3),ce4af260-dd28-4a62-8aae-9c65ea88a54e,False,False,PH,1631441071.807934
0,could not receive ip address from ipfy,Error,/BuildNotice/0,MobileSDK,Realme RMX1821,OpenGLES2,1.0,1.11.0,False,LowRevenueCountryBlock,LowRevenueCountryBlock,09/12/2021 10:02:59,6028e36ad1e80652e41054ca,609d69021c511f4b1d4df1c4,com.pregnantcatemma.virtualpet,1.0,iv,Android OS 10 / API-29 (QP1A.190711.020/1624873154),e038be81-11ad-417f-990a-cf4faa24a61b,False,False,IQ,1631441071.846248
0,could not receive ip address from ipfy,Error,/BuildNotice/0,MobileSDK,Xiaomi MI PLAY,OpenGLES2,1.0,1.11.0,False,LowRevenueCountryBlock,LowRevenueCountryBlock,12.09.2021 10:04:31,6028e36ad1e80652e41054ca,6028e407a1ba2a0d3d760566,com.mytalkingcatemma.ballerinagames,1.0,ru,Android OS 8.1.0 / API-27 (O11019/V11.0.10.0.OFIMIXM),16b86e6b-d71c-46bc-80ce-72f6b0bc6861,False,False,BD,1631441071.859029
0,An error occurred while sending the request,Error,/BuildNotice/0,MobileSDK,Realme RMX1821,OpenGLES2,1.0,1.11.0,False,LowRevenueCountryBlock,LowRevenueCountryBlock,09/12/2021 10:02:59,6028e36ad1e80652e41054ca,609d69021c511f4b1d4df1c4,com.pregnantcatemma.virtualpet,1.0,iv,Android OS 10 / API-29 (QP1A.190711.020/1624873154),e038be81-11ad-417f-990a-cf4faa24a61b,False,False,IQ,1631441071.893835
0,An error occurred while sending the request,Error,/BuildNotice/0,MobileSDK,Xiaomi MI PLAY,OpenGLES2,1.0,1.11.0,False,LowRevenueCountryBlock,LowRevenueCountryBlock,12.09.2021 10:04:31,6028e36ad1e80652e41054ca,6028e407a1ba2a0d3d760566,com.mytalkingcatemma.ballerinagames,1.0,ru,Android OS 8.1.0 / API-27 (O11019/V11.0.10.0.OFIMIXM),16b86e6b-d71c-46bc-80ce-72f6b0bc6861,False,False,BD,1631441072.01112
0,could not receive ip address from ipfy,Error,/BuildNotice/0,MobileSDK,Realme RMX1821,OpenGLES2,1.0,1.11.0,False,LowRevenueCountryBlock,LowRevenueCountryBlock,09/12/2021 10:02:59,6028e36ad1e80652e41054ca,609d69021c511f4b1d4df1c4,com.pregnantcatemma.virtualpet,1.0,iv,Android OS 10 / API-29 (QP1A.190711.020/1624873154),e038be81-11ad-417f-990a-cf4faa24a61b,False,False,IQ,1631441072.101305
0,An error occurred while sending the request,Error,/BuildNotice/0,MobileSDK,Realme RMX1821,OpenGLES2,1.0,1.11.0,False,LowRevenueCountryBlock,LowRevenueCountryBlock,09/12/2021 10:02:59,6028e36ad1e80652e41054ca,609d69021c511f4b1d4df1c4,com.pregnantcatemma.virtualpet,1.0,iv,Android OS 10 / API-29 (QP1A.190711.020/1624873154),e038be81-11ad-417f-990a-cf4faa24a61b,False,False,IQ,1631441072.181164
0,could not receive ip address from ipfy,Error,/BuildNotice/0,MobileSDK,Xiaomi MI PLAY,OpenGLES2,1.0,1.11.0,False,LowRevenueCountryBlock,LowRevenueCountryBlock,12.09.2021 10:04:31,6028e36ad1e80652e41054ca,6028e407a1ba2a0d3d760566,com.mytalkingcatemma.ballerinagames,1.0,ru,Android OS 8.1.0 / API-27 (O11019/V11.0.10.0.OFIMIXM),16b86e6b-d71c-46bc-80ce-72f6b0bc6861,False,False,BD,1631441072.257972
0,could not receive ip address from ipfy,Error,/BuildNotice/0,MobileSDK,Realme RMX1821,OpenGLES2,1.0,1.11.0,False,LowRevenueCountryBlock,LowRevenueCountryBlock,09/12/2021 10:02:59,6028e36ad1e80652e41054ca,609d69021c511f4b1d4df1c4,com.pregnantcatemma.virtualpet,1.0,iv,Android OS 10 / API-29 (QP1A.190711.020/1624873154),e038be81-11ad-417f-990a-cf4faa24a61b,False,False,IQ,1631441072.353328
0,An error occurred while sending the request,Error,/BuildNotice/0,MobileSDK,Xiaomi MI PLAY,OpenGLES2,1.0,1.11.0,False,LowRevenueCountryBlock,LowRevenueCountryBlock,12.09.2021 10:04:31,6028e36ad1e80652e41054ca,6028e407a1ba2a0d3d760566,com.mytalkingcatemma.ballerinagames,1.0,ru,Android OS 8.1.0 / API-27 (O11019/V11.0.10.0.OFIMIXM),16b86e6b-d71c-46bc-80ce-72f6b0bc6861,False,False,BD,1631441072.429888
0,An error occurred while sending the request,Error,/BuildNotice/0,MobileSDK,Realme RMX1821,OpenGLES2,1.0,1.11.0,False,LowRevenueCountryBlock,LowRevenueCountryBlock,09/12/2021 10:02:59,6028e36ad1e80652e41054ca,609d69021c511f4b1d4df1c4,com.pregnantcatemma.virtualpet,1.0,iv,Android OS 10 / API-29 (QP1A.190711.020/1624873154),e038be81-11ad-417f-990a-cf4faa24a61b,False,False,IQ,1631441072.441724
0,could not receive ip address from ipfy,Error,/BuildNotice/0,MobileSDK,Realme RMX1821,OpenGLES2,1.0,1.11.0,False,LowRevenueCountryBlock,LowRevenueCountryBlock,09/12/2021 10:02:59,6028e36ad1e80652e41054ca,609d69021c511f4b1d4df1c4,com.pregnantcatemma.virtualpet,1.0,iv,Android OS 10 / API-29 (QP1A.190711.020/1624873154),e038be81-11ad-417f-990a-cf4faa24a61b,False,False,IQ,1631441072.609465
0,An error occurred while sending the request,Error,/BuildNotice/0,MobileSDK,Realme RMX1821,OpenGLES2,1.0,1.11.0,False,LowRevenueCountryBlock,LowRevenueCountryBlock,09/12/2021 10:02:59,6028e36ad1e80652e41054ca,609d69021c511f4b1d4df1c4,com.pregnantcatemma.virtualpet,1.0,iv,Android OS 10 / API-29 (QP1A.190711.020/1624873154),e038be81-11ad-417f-990a-cf4faa24a61b,False,False,IQ,1631441072.696542
0,could not receive ip address from ipfy,Error,/BuildNotice/0,MobileSDK,Realme RMX1821,OpenGLES2,1.0,1.11.0,False,LowRevenueCountryBlock,LowRevenueCountryBlock,09/12/2021 10:02:59,6028e36ad1e80652e41054ca,609d69021c511f4b1d4df1c4,com.pregnantcatemma.virtualpet,1.0,iv,Android OS 10 / API-29 (QP1A.190711.020/1624873154),e038be81-11ad-417f-990a-cf4faa24a61b,False,False,IQ,1631441072.865733
0,An error occurred while sending the request,Error,/BuildNotice/0,MobileSDK,Realme RMX1821,OpenGLES2,1.0,1.11.0,False,LowRevenueCountryBlock,LowRevenueCountryBlock,09/12/2021 10:02:59,6028e36ad1e80652e41054ca,609d69021c511f4b1d4df1c4,com.pregnantcatemma.virtualpet,1.0,iv,Android OS 10 / API-29 (QP1A.190711.020/1624873154),e038be81-11ad-417f-990a-cf4faa24a61b,False,False,IQ,1631441072.95406
0,could not receive ip address from ipfy,Error,/BuildNotice/0,MobileSDK,Realme RMX1821,OpenGLES2,1.0,1.11.0,False,LowRevenueCountryBlock,LowRevenueCountryBlock,09/12/2021 10:03:00,6028e36ad1e80652e41054ca,609d69021c511f4b1d4df1c4,com.pregnantcatemma.virtualpet,1.0,iv,Android OS 10 / API-29 (QP1A.190711.020/1624873154),e038be81-11ad-417f-990a-cf4faa24a61b,False,False,IQ,1631441073.118851
0,An error occurred while sending the request,Error,/BuildNotice/0,MobileSDK,Realme RMX1821,OpenGLES2,1.0,1.11.0,False,LowRevenueCountryBlock,LowRevenueCountryBlock,09/12/2021 10:03:00,6028e36ad1e80652e41054ca,609d69021c511f4b1d4df1c4,com.pregnantcatemma.virtualpet,1.0,iv,Android OS 10 / API-29 (QP1A.190711.020/1624873154),e038be81-11ad-417f-990a-cf4faa24a61b,False,False,IQ,1631441073.20871
0,could not receive ip address from ipfy,Error,/BuildNotice/0,MobileSDK,Realme RMX1821,OpenGLES2,1.0,1.11.0,False,LowRevenueCountryBlock,LowRevenueCountryBlock,09/12/2021 10:03:00,6028e36ad1e80652e41054ca,609d69021c511f4b1d4df1c4,com.pregnantcatemma.virtualpet,1.0,iv,Android OS 10 / API-29 (QP1A.190711.020/1624873154),e038be81-11ad-417f-990a-cf4faa24a61b,False,False,IQ,1631441073.371994
0,An error occurred while sending the request,Error,/BuildNotice/0,MobileSDK,Realme RMX1821,OpenGLES2,1.0,1.11.0,False,LowRevenueCountryBlock,LowRevenueCountryBlock,09/12/2021 10:03:00,6028e36ad1e80652e41054ca,609d69021c511f4b1d4df1c4,com.pregnantcatemma.virtualpet,1.0,iv,Android OS 10 / API-29 (QP1A.190711.020/1624873154),e038be81-11ad-417f-990a-cf4faa24a61b,False,False,IQ,1631441073.462605
0,could not receive ip address from ipfy,Error,/BuildNotice/0,MobileSDK,Realme RMX1821,OpenGLES2,1.0,1.11.0,False,LowRevenueCountryBlock,LowRevenueCountryBlock,09/12/2021 10:03:00,6028e36ad1e80652e41054ca,609d69021c511f4b1d4df1c4,com.pregnantcatemma.virtualpet,1.0,iv,Android OS 10 / API-29 (QP1A.190711.020/1624873154),e038be81-11ad-417f-990a-cf4faa24a61b,False,False,IQ,1631441073.629238
0,An error occurred while sending the request,Error,/BuildNotice/0,MobileSDK,Realme RMX1821,OpenGLES2,1.0,1.11.0,False,LowRevenueCountryBlock,LowRevenueCountryBlock,09/12/2021 10:03:00,6028e36ad1e80652e41054ca,609d69021c511f4b1d4df1c4,com.pregnantcatemma.virtualpet,1.0,iv,Android OS 10 / API-29 (QP1A.190711.020/1624873154),e038be81-11ad-417f-990a-cf4faa24a61b,False,False,IQ,1631441073.71988
0,could not receive ip address from ipfy,Error,/BuildNotice/0,MobileSDK,Realme RMX1821,OpenGLES2,1.0,1.11.0,False,LowRevenueCountryBlock,LowRevenueCountryBlock,09/12/2021 10:03:00,6028e36ad1e80652e41054ca,609d69021c511f4b1d4df1c4,com.pregnantcatemma.virtualpet,1.0,iv,Android OS 10 / API-29 (QP1A.190711.020/1624873154),e038be81-11ad-417f-990a-cf4faa24a61b,False,False,IQ,1631441073.886356
0,could not receive ip address from ipfy,Error,/BuildNotice/0,MobileSDK,Xiaomi MI PLAY,OpenGLES2,1.0,1.11.0,False,LowRevenueCountryBlock,LowRevenueCountryBlock,12.09.2021 10:04:32,6028e36ad1e80652e41054ca,6028e407a1ba2a0d3d760566,com.mytalkingcatemma.ballerinagames,1.0,ru,Android OS 8.1.0 / API-27 (O11019/V11.0.10.0.OFIMIXM),16b86e6b-d71c-46bc-80ce-72f6b0bc6861,False,False,BD,1631441073.897118
0,An error occurred while sending the request,Error,/BuildNotice/0,MobileSDK,Realme RMX1821,OpenGLES2,1.0,1.11.0,False,LowRevenueCountryBlock,LowRevenueCountryBlock,09/12/2021 10:03:00,6028e36ad1e80652e41054ca,609d69021c511f4b1d4df1c4,com.pregnantcatemma.virtualpet,1.0,iv,Android OS 10 / API-29 (QP1A.190711.020/1624873154),e038be81-11ad-417f-990a-cf4faa24a61b,False,False,IQ,1631441073.972631
0,could not receive ip address from ipfy,Error,/BuildNotice/0,MobileSDK,Realme RMX1821,OpenGLES2,1.0,1.11.0,False,LowRevenueCountryBlock,LowRevenueCountryBlock,09/12/2021 10:03:00,6028e36ad1e80652e41054ca,609d69021c511f4b1d4df1c4,com.pregnantcatemma.virtualpet,1.0,iv,Android OS 10 / API-29 (QP1A.190711.020/1624873154),e038be81-11ad-417f-990a-cf4faa24a61b,False,False,IQ,1631441074.135949
0,An error occurred while sending the request,Error,/BuildNotice/0,MobileSDK,Realme RMX1821,OpenGLES2,1.0,1.11.0,False,LowRevenueCountryBlock,LowRevenueCountryBlock,09/12/2021 10:03:00,6028e36ad1e80652e41054ca,609d69021c511f4b1d4df1c4,com.pregnantcatemma.virtualpet,1.0,iv,Android OS 10 / API-29 (QP1A.190711.020/1624873154),e038be81-11ad-417f-990a-cf4faa24a61b,False,False,IQ,1631441074.227553
0,An error occurred while sending the request,Error,/BuildNotice/0,MobileSDK,Xiaomi MI PLAY,OpenGLES2,1.0,1.11.0,False,LowRevenueCountryBlock,LowRevenueCountryBlock,12.09.2021 10:04:32,6028e36ad1e80652e41054ca,6028e407a1ba2a0d3d760566,com.mytalkingcatemma.ballerinagames,1.0,ru,Android OS 8.1.0 / API-27 (O11019/V11.0.10.0.OFIMIXM),16b86e6b-d71c-46bc-80ce-72f6b0bc6861,False,False,BD,1631441074.290655
0,could not receive ip address from ipfy,Error,/BuildNotice/0,MobileSDK,Realme RMX1821,OpenGLES2,1.0,1.11.0,False,LowRevenueCountryBlock,LowRevenueCountryBlock,09/12/2021 10:03:01,6028e36ad1e80652e41054ca,609d69021c511f4b1d4df1c4,com.pregnantcatemma.virtualpet,1.0,iv,Android OS 10 / API-29 (QP1A.190711.020/1624873154),e038be81-11ad-417f-990a-cf4faa24a61b,False,False,IQ,1631441074.393665
0,An error occurred while sending the request,Error,/BuildNotice/0,MobileSDK,Realme RMX1821,OpenGLES2,1.0,1.11.0,False,LowRevenueCountryBlock,LowRevenueCountryBlock,09/12/2021 10:03:01,6028e36ad1e80652e41054ca,609d69021c511f4b1d4df1c4,com.pregnantcatemma.virtualpet,1.0,iv,Android OS 10 / API-29 (QP1A.190711.020/1624873154),e038be81-11ad-417f-990a-cf4faa24a61b,False,False,IQ,1631441074.480866
0,could not receive ip address from ipfy,Error,/BuildNotice/0,MobileSDK,Realme RMX1821,OpenGLES2,1.0,1.11.0,False,LowRevenueCountryBlock,LowRevenueCountryBlock,09/12/2021 10:03:01,6028e36ad1e80652e41054ca,609d69021c511f4b1d4df1c4,com.pregnantcatemma.virtualpet,1.0,iv,Android OS 10 / API-29 (QP1A.190711.020/1624873154),e038be81-11ad-417f-990a-cf4faa24a61b,False,False,IQ,1631441074.64646
0,An error occurred while sending the request,Error,/BuildNotice/0,MobileSDK,Realme RMX1821,OpenGLES2,1.0,1.11.0,False,LowRevenueCountryBlock,LowRevenueCountryBlock,09/12/2021 10:03:01,6028e36ad1e80652e41054ca,609d69021c511f4b1d4df1c4,com.pregnantcatemma.virtualpet,1.0,iv,Android OS 10 / API-29 (QP1A.190711.020/1624873154),e038be81-11ad-417f-990a-cf4faa24a61b,False,False,IQ,1631441074.733951
0,could not receive ip address from ipfy,Error,/BuildNotice/0,MobileSDK,samsung SM-A107F,OpenGLES2,1.0,1.11.0,False,Programmatic1,Programmatic,12/09/2021 10:04:34 AM,6028e36ad1e80652e41054ca,6028e407a1ba2a0d3d760566,com.mytalkingcatemma.ballerinagames,1.0,en,Android OS 11 / API-30 (RP1A.200720.012/A107FXXU8CUG3),ce4af260-dd28-4a62-8aae-9c65ea88a54e,False,False,PH,1631441074.857758
0,An error occurred while sending the request,Error,/BuildNotice/0,MobileSDK,samsung SM-A107F,OpenGLES2,1.0,1.11.0,False,Programmatic1,Programmatic,12/09/2021 10:04:34 AM,6028e36ad1e80652e41054ca,6028e407a1ba2a0d3d760566,com.mytalkingcatemma.ballerinagames,1.0,en,Android OS 11 / API-30 (RP1A.200720.012/A107FXXU8CUG3),ce4af260-dd28-4a62-8aae-9c65ea88a54e,False,False,PH,1631441074.892974
0,could not receive ip address from ipfy,Error,/BuildNotice/0,MobileSDK,Realme RMX1821,OpenGLES2,1.0,1.11.0,False,LowRevenueCountryBlock,LowRevenueCountryBlock,09/12/2021 10:03:01,6028e36ad1e80652e41054ca,609d69021c511f4b1d4df1c4,com.pregnantcatemma.virtualpet,1.0,iv,Android OS 10 / API-29 (QP1A.190711.020/1624873154),e038be81-11ad-417f-990a-cf4faa24a61b,False,False,IQ,1631441074.922649
0,An error occurred while sending the request,Error,/BuildNotice/0,MobileSDK,Realme RMX1821,OpenGLES2,1.0,1.11.0,False,LowRevenueCountryBlock,LowRevenueCountryBlock,09/12/2021 10:03:01,6028e36ad1e80652e41054ca,609d69021c511f4b1d4df1c4,com.pregnantcatemma.virtualpet,1.0,iv,Android OS 10 / API-29 (QP1A.190711.020/1624873154),e038be81-11ad-417f-990a-cf4faa24a61b,False,False,IQ,1631441074.988768
0,could not receive ip address from ipfy,Error,/BuildNotice/0,MobileSDK,Realme RMX1821,OpenGLES2,1.0,1.11.0,False,LowRevenueCountryBlock,LowRevenueCountryBlock,09/12/2021 10:03:01,6028e36ad1e80652e41054ca,609d69021c511f4b1d4df1c4,com.pregnantcatemma.virtualpet,1.0,iv,Android OS 10 / API-29 (QP1A.190711.020/1624873154),e038be81-11ad-417f-990a-cf4faa24a61b,False,False,IQ,1631441075.188699
0,An error occurred while sending the request,Error,/BuildNotice/0,MobileSDK,Realme RMX1821,OpenGLES2,1.0,1.11.0,False,LowRevenueCountryBlock,LowRevenueCountryBlock,09/12/2021 10:03:01,6028e36ad1e80652e41054ca,609d69021c511f4b1d4df1c4,com.pregnantcatemma.virtualpet,1.0,iv,Android OS 10 / API-29 (QP1A.190711.020/1624873154),e038be81-11ad-417f-990a-cf4faa24a61b,False,False,IQ,1631441075.241696
0,could not receive ip address from ipfy,Error,/BuildNotice/0,MobileSDK,Realme RMX1821,OpenGLES2,1.0,1.11.0,False,LowRevenueCountryBlock,LowRevenueCountryBlock,09/12/2021 10:03:02,6028e36ad1e80652e41054ca,609d69021c511f4b1d4df1c4,com.pregnantcatemma.virtualpet,1.0,iv,Android OS 10 / API-29 (QP1A.190711.020/1624873154),e038be81-11ad-417f-990a-cf4faa24a61b,False,False,IQ,1631441075.491537
0,An error occurred while sending the request,Error,/BuildNotice/0,MobileSDK,Realme RMX1821,OpenGLES2,1.0,1.11.0,False,LowRevenueCountryBlock,LowRevenueCountryBlock,09/12/2021 10:03:02,6028e36ad1e80652e41054ca,609d69021c511f4b1d4df1c4,com.pregnantcatemma.virtualpet,1.0,iv,Android OS 10 / API-29 (QP1A.190711.020/1624873154),e038be81-11ad-417f-990a-cf4faa24a61b,False,False,IQ,1631441075.582414
0,could not receive ip address from ipfy,Error,/BuildNotice/0,MobileSDK,Realme RMX1821,OpenGLES2,1.0,1.11.0,False,LowRevenueCountryBlock,LowRevenueCountryBlock,09/12/2021 10:03:02,6028e36ad1e80652e41054ca,609d69021c511f4b1d4df1c4,com.pregnantcatemma.virtualpet,1.0,iv,Android OS 10 / API-29 (QP1A.190711.020/1624873154),e038be81-11ad-417f-990a-cf4faa24a61b,False,False,IQ,1631441075.823486
0,An error occurred while sending the request,Error,/BuildNotice/0,MobileSDK,Realme RMX1821,OpenGLES2,1.0,1.11.0,False,LowRevenueCountryBlock,LowRevenueCountryBlock,09/12/2021 10:03:02,6028e36ad1e80652e41054ca,609d69021c511f4b1d4df1c4,com.pregnantcatemma.virtualpet,1.0,iv,Android OS 10 / API-29 (QP1A.190711.020/1624873154),e038be81-11ad-417f-990a-cf4faa24a61b,False,False,IQ,1631441075.836851
0,could not receive ip address from ipfy,Error,/BuildNotice/0,MobileSDK,Realme RMX1821,OpenGLES2,1.0,1.11.0,False,LowRevenueCountryBlock,LowRevenueCountryBlock,09/12/2021 10:03:02,6028e36ad1e80652e41054ca,609d69021c511f4b1d4df1c4,com.pregnantcatemma.virtualpet,1.0,iv,Android OS 10 / API-29 (QP1A.190711.020/1624873154),e038be81-11ad-417f-990a-cf4faa24a61b,False,False,IQ,1631441076.075604
0,An error occurred while sending the request,Error,/BuildNotice/0,MobileSDK,Realme RMX1821,OpenGLES2,1.0,1.11.0,False,LowRevenueCountryBlock,LowRevenueCountryBlock,09/12/2021 10:03:02,6028e36ad1e80652e41054ca,609d69021c511f4b1d4df1c4,com.pregnantcatemma.virtualpet,1.0,iv,Android OS 10 / API-29 (QP1A.190711.020/1624873154),e038be81-11ad-417f-990a-cf4faa24a61b,False,False,IQ,1631441076.091462
0,could not receive ip address from ipfy,Error,/BuildNotice/0,MobileSDK,Realme RMX1821,OpenGLES2,1.0,1.11.0,False,LowRevenueCountryBlock,LowRevenueCountryBlock,09/12/2021 10:03:02,6028e36ad1e80652e41054ca,609d69021c511f4b1d4df1c4,com.pregnantcatemma.virtualpet,1.0,iv,Android OS 10 / API-29 (QP1A.190711.020/1624873154),e038be81-11ad-417f-990a-cf4faa24a61b,False,False,IQ,1631441076.326459
0,An error occurred while sending the request,Error,/BuildNotice/0,MobileSDK,Realme RMX1821,OpenGLES2,1.0,1.11.0,False,LowRevenueCountryBlock,LowRevenueCountryBlock,09/12/2021 10:03:02,6028e36ad1e80652e41054ca,609d69021c511f4b1d4df1c4,com.pregnantcatemma.virtualpet,1.0,iv,Android OS 10 / API-29 (QP1A.190711.020/1624873154),e038be81-11ad-417f-990a-cf4faa24a61b,False,False,IQ,1631441076.342615
0,could not receive ip address from ipfy,Error,/BuildNotice/0,MobileSDK,Xiaomi MI PLAY,OpenGLES2,1.0,1.11.0,False,LowRevenueCountryBlock,LowRevenueCountryBlock,12.09.2021 10:04:35,6028e36ad1e80652e41054ca,6028e407a1ba2a0d3d760566,com.mytalkingcatemma.ballerinagames,1.0,ru,Android OS 8.1.0 / API-27 (O11019/V11.0.10.0.OFIMIXM),16b86e6b-d71c-46bc-80ce-72f6b0bc6861,False,False,BD,1631441076.405131
0,could not receive ip address from ipfy,Error,/BuildNotice/0,MobileSDK,Realme RMX1821,OpenGLES2,1.0,1.11.0,False,LowRevenueCountryBlock,LowRevenueCountryBlock,09/12/2021 10:03:03,6028e36ad1e80652e41054ca,609d69021c511f4b1d4df1c4,com.pregnantcatemma.virtualpet,1.0,iv,Android OS 10 / API-29 (QP1A.190711.020/1624873154),e038be81-11ad-417f-990a-cf4faa24a61b,False,False,IQ,1631441076.579476
0,An error occurred while sending the request,Error,/BuildNotice/0,MobileSDK,Realme RMX1821,OpenGLES2,1.0,1.11.0,False,LowRevenueCountryBlock,LowRevenueCountryBlock,09/12/2021 10:03:03,6028e36ad1e80652e41054ca,609d69021c511f4b1d4df1c4,com.pregnantcatemma.virtualpet,1.0,iv,Android OS 10 / API-29 (QP1A.190711.020/1624873154),e038be81-11ad-417f-990a-cf4faa24a61b,False,False,IQ,1631441076.599321
0,An error occurred while sending the request,Error,/BuildNotice/0,MobileSDK,Xiaomi MI PLAY,OpenGLES2,1.0,1.11.0,False,LowRevenueCountryBlock,LowRevenueCountryBlock,12.09.2021 10:04:35,6028e36ad1e80652e41054ca,6028e407a1ba2a0d3d760566,com.mytalkingcatemma.ballerinagames,1.0,ru,Android OS 8.1.0 / API-27 (O11019/V11.0.10.0.OFIMIXM),16b86e6b-d71c-46bc-80ce-72f6b0bc6861,False,False,BD,1631441076.764527
0,could not receive ip address from ipfy,Error,/BuildNotice/0,MobileSDK,Realme RMX1821,OpenGLES2,1.0,1.11.0,False,LowRevenueCountryBlock,LowRevenueCountryBlock,09/12/2021 10:03:03,6028e36ad1e80652e41054ca,609d69021c511f4b1d4df1c4,com.pregnantcatemma.virtualpet,1.0,iv,Android OS 10 / API-29 (QP1A.190711.020/1624873154),e038be81-11ad-417f-990a-cf4faa24a61b,False,False,IQ,1631441076.837759
0,An error occurred while sending the request,Error,/BuildNotice/0,MobileSDK,Realme RMX1821,OpenGLES2,1.0,1.11.0,False,LowRevenueCountryBlock,LowRevenueCountryBlock,09/12/2021 10:03:03,6028e36ad1e80652e41054ca,609d69021c511f4b1d4df1c4,com.pregnantcatemma.virtualpet,1.0,iv,Android OS 10 / API-29 (QP1A.190711.020/1624873154),e038be81-11ad-417f-990a-cf4faa24a61b,False,False,IQ,1631441076.853814
0,could not receive ip address from ipfy,Error,/BuildNotice/0,MobileSDK,Realme RMX1821,OpenGLES2,1.0,1.11.0,False,LowRevenueCountryBlock,LowRevenueCountryBlock,09/12/2021 10:03:03,6028e36ad1e80652e41054ca,609d69021c511f4b1d4df1c4,com.pregnantcatemma.virtualpet,1.0,iv,Android OS 10 / API-29 (QP1A.190711.020/1624873154),e038be81-11ad-417f-990a-cf4faa24a61b,False,False,IQ,1631441077.092925
0,An error occurred while sending the request,Error,/BuildNotice/0,MobileSDK,Realme RMX1821,OpenGLES2,1.0,1.11.0,False,LowRevenueCountryBlock,LowRevenueCountryBlock,09/12/2021 10:03:03,6028e36ad1e80652e41054ca,609d69021c511f4b1d4df1c4,com.pregnantcatemma.virtualpet,1.0,iv,Android OS 10 / API-29 (QP1A.190711.020/1624873154),e038be81-11ad-417f-990a-cf4faa24a61b,False,False,IQ,1631441077.106911
0,An error occurred while sending the request,Error,/BuildNotice/0,MobileSDK,Xiaomi MI PLAY,OpenGLES2,1.0,1.11.0,False,LowRevenueCountryBlock,LowRevenueCountryBlock,12.09.2021 10:04:36,6028e36ad1e80652e41054ca,6028e407a1ba2a0d3d760566,com.mytalkingcatemma.ballerinagames,1.0,ru,Android OS 8.1.0 / API-27 (O11019/V11.0.10.0.OFIMIXM),16b86e6b-d71c-46bc-80ce-72f6b0bc6861,False,False,BD,1631441077.153712
0,could not receive ip address from ipfy,Error,/BuildNotice/0,MobileSDK,Xiaomi MI PLAY,OpenGLES2,1.0,1.11.0,False,LowRevenueCountryBlock,LowRevenueCountryBlock,12.09.2021 10:04:36,6028e36ad1e80652e41054ca,6028e407a1ba2a0d3d760566,com.mytalkingcatemma.ballerinagames,1.0,ru,Android OS 8.1.0 / API-27 (O11019/V11.0.10.0.OFIMIXM),16b86e6b-d71c-46bc-80ce-72f6b0bc6861,False,False,BD,1631441077.182324
0,could not receive ip address from ipfy,Error,/BuildNotice/0,MobileSDK,Realme RMX1821,OpenGLES2,1.0,1.11.0,False,LowRevenueCountryBlock,LowRevenueCountryBlock,09/12/2021 10:03:03,6028e36ad1e80652e41054ca,609d69021c511f4b1d4df1c4,com.pregnantcatemma.virtualpet,1.0,iv,Android OS 10 / API-29 (QP1A.190711.020/1624873154),e038be81-11ad-417f-990a-cf4faa24a61b,False,False,IQ,1631441077.345405
0,An error occurred while sending the request,Error,/BuildNotice/0,MobileSDK,Realme RMX1821,OpenGLES2,1.0,1.11.0,False,LowRevenueCountryBlock,LowRevenueCountryBlock,09/12/2021 10:03:03,6028e36ad1e80652e41054ca,609d69021c511f4b1d4df1c4,com.pregnantcatemma.virtualpet,1.0,iv,Android OS 10 / API-29 (QP1A.190711.020/1624873154),e038be81-11ad-417f-990a-cf4faa24a61b,False,False,IQ,1631441077.364467
0,could not receive ip address from ipfy,Error,/BuildNotice/0,MobileSDK,Realme RMX1821,OpenGLES2,1.0,1.11.0,False,LowRevenueCountryBlock,LowRevenueCountryBlock,09/12/2021 10:03:03,6028e36ad1e80652e41054ca,609d69021c511f4b1d4df1c4,com.pregnantcatemma.virtualpet,1.0,iv,Android OS 10 / API-29 (QP1A.190711.020/1624873154),e038be81-11ad-417f-990a-cf4faa24a61b,False,False,IQ,1631441077.598779
0,An error occurred while sending the request,Error,/BuildNotice/0,MobileSDK,Realme RMX1821,OpenGLES2,1.0,1.11.0,False,LowRevenueCountryBlock,LowRevenueCountryBlock,09/12/2021 10:03:03,6028e36ad1e80652e41054ca,609d69021c511f4b1d4df1c4,com.pregnantcatemma.virtualpet,1.0,iv,Android OS 10 / API-29 (QP1A.190711.020/1624873154),e038be81-11ad-417f-990a-cf4faa24a61b,False,False,IQ,1631441077.617026
0,could not receive ip address from ipfy,Error,/BuildNotice/0,MobileSDK,Realme RMX1821,OpenGLES2,1.0,1.11.0,False,LowRevenueCountryBlock,LowRevenueCountryBlock,09/12/2021 10:03:04,6028e36ad1e80652e41054ca,609d69021c511f4b1d4df1c4,com.pregnantcatemma.virtualpet,1.0,iv,Android OS 10 / API-29 (QP1A.190711.020/1624873154),e038be81-11ad-417f-990a-cf4faa24a61b,False,False,IQ,1631441077.850954
0,An error occurred while sending the request,Error,/BuildNotice/0,MobileSDK,Realme RMX1821,OpenGLES2,1.0,1.11.0,False,LowRevenueCountryBlock,LowRevenueCountryBlock,09/12/2021 10:03:04,6028e36ad1e80652e41054ca,609d69021c511f4b1d4df1c4,com.pregnantcatemma.virtualpet,1.0,iv,Android OS 10 / API-29 (QP1A.190711.020/1624873154),e038be81-11ad-417f-990a-cf4faa24a61b,False,False,IQ,1631441077.871801
0,could not receive ip address from ipfy,Error,/BuildNotice/0,MobileSDK,samsung SM-A107F,OpenGLES2,1.0,1.11.0,False,Programmatic1,Programmatic,12/09/2021 10:04:37 AM,6028e36ad1e80652e41054ca,6028e407a1ba2a0d3d760566,com.mytalkingcatemma.ballerinagames,1.0,en,Android OS 11 / API-30 (RP1A.200720.012/A107FXXU8CUG3),ce4af260-dd28-4a62-8aae-9c65ea88a54e,False,False,PH,1631441077.886534
0,An error occurred while sending the request,Error,/BuildNotice/0,MobileSDK,samsung SM-A107F,OpenGLES2,1.0,1.11.0,False,Programmatic1,Programmatic,12/09/2021 10:04:37 AM,6028e36ad1e80652e41054ca,6028e407a1ba2a0d3d760566,com.mytalkingcatemma.ballerinagames,1.0,en,Android OS 11 / API-30 (RP1A.200720.012/A107FXXU8CUG3),ce4af260-dd28-4a62-8aae-9c65ea88a54e,False,False,PH,1631441077.899596
0,could not receive ip address from ipfy,Error,/BuildNotice/0,MobileSDK,Xiaomi MI PLAY,OpenGLES2,1.0,1.11.0,False,LowRevenueCountryBlock,LowRevenueCountryBlock,12.09.2021 10:04:36,6028e36ad1e80652e41054ca,6028e407a1ba2a0d3d760566,com.mytalkingcatemma.ballerinagames,1.0,ru,Android OS 8.1.0 / API-27 (O11019/V11.0.10.0.OFIMIXM),16b86e6b-d71c-46bc-80ce-72f6b0bc6861,False,False,BD,1631441078.078797
0,An error occurred while sending the request,Error,/BuildNotice/0,MobileSDK,Xiaomi MI PLAY,OpenGLES2,1.0,1.11.0,False,LowRevenueCountryBlock,LowRevenueCountryBlock,12.09.2021 10:04:36,6028e36ad1e80652e41054ca,6028e407a1ba2a0d3d760566,com.mytalkingcatemma.ballerinagames,1.0,ru,Android OS 8.1.0 / API-27 (O11019/V11.0.10.0.OFIMIXM),16b86e6b-d71c-46bc-80ce-72f6b0bc6861,False,False,BD,1631441078.101703
0,could not receive ip address from ipfy,Error,/BuildNotice/0,MobileSDK,Realme RMX1821,OpenGLES2,1.0,1.11.0,False,LowRevenueCountryBlock,LowRevenueCountryBlock,09/12/2021 10:03:04,6028e36ad1e80652e41054ca,609d69021c511f4b1d4df1c4,com.pregnantcatemma.virtualpet,1.0,iv,Android OS 10 / API-29 (QP1A.190711.020/1624873154),e038be81-11ad-417f-990a-cf4faa24a61b,False,False,IQ,1631441078.117802
0,An error occurred while sending the request,Error,/BuildNotice/0,MobileSDK,Realme RMX1821,OpenGLES2,1.0,1.11.0,False,LowRevenueCountryBlock,LowRevenueCountryBlock,09/12/2021 10:03:04,6028e36ad1e80652e41054ca,609d69021c511f4b1d4df1c4,com.pregnantcatemma.virtualpet,1.0,iv,Android OS 10 / API-29 (QP1A.190711.020/1624873154),e038be81-11ad-417f-990a-cf4faa24a61b,False,False,IQ,1631441078.182548
0,could not receive ip address from ipfy,Error,/BuildNotice/0,MobileSDK,Xiaomi MI PLAY,OpenGLES2,1.0,1.11.0,False,LowRevenueCountryBlock,LowRevenueCountryBlock,12.09.2021 10:04:37,6028e36ad1e80652e41054ca,6028e407a1ba2a0d3d760566,com.mytalkingcatemma.ballerinagames,1.0,ru,Android OS 8.1.0 / API-27 (O11019/V11.0.10.0.OFIMIXM),16b86e6b-d71c-46bc-80ce-72f6b0bc6861,False,False,BD,1631441078.418993
0,could not receive ip address from ipfy,Error,/BuildNotice/0,MobileSDK,Realme RMX1821,OpenGLES2,1.0,1.11.0,False,LowRevenueCountryBlock,LowRevenueCountryBlock,09/12/2021 10:03:04,6028e36ad1e80652e41054ca,609d69021c511f4b1d4df1c4,com.pregnantcatemma.virtualpet,1.0,iv,Android OS 10 / API-29 (QP1A.190711.020/1624873154),e038be81-11ad-417f-990a-cf4faa24a61b,False,False,IQ,1631441078.431676
0,An error occurred while sending the request,Error,/BuildNotice/0,MobileSDK,Realme RMX1821,OpenGLES2,1.0,1.11.0,False,LowRevenueCountryBlock,LowRevenueCountryBlock,09/12/2021 10:03:04,6028e36ad1e80652e41054ca,609d69021c511f4b1d4df1c4,com.pregnantcatemma.virtualpet,1.0,iv,Android OS 10 / API-29 (QP1A.190711.020/1624873154),e038be81-11ad-417f-990a-cf4faa24a61b,False,False,IQ,1631441078.448543
0,could not receive ip address from ipfy,Error,/BuildNotice/0,MobileSDK,Realme RMX1821,OpenGLES2,1.0,1.11.0,False,LowRevenueCountryBlock,LowRevenueCountryBlock,09/12/2021 10:03:04,6028e36ad1e80652e41054ca,609d69021c511f4b1d4df1c4,com.pregnantcatemma.virtualpet,1.0,iv,Android OS 10 / API-29 (QP1A.190711.020/1624873154),e038be81-11ad-417f-990a-cf4faa24a61b,False,False,IQ,1631441078.687214
0,An error occurred while sending the request,Error,/BuildNotice/0,MobileSDK,Xiaomi MI PLAY,OpenGLES2,1.0,1.11.0,False,LowRevenueCountryBlock,LowRevenueCountryBlock,12.09.2021 10:04:37,6028e36ad1e80652e41054ca,6028e407a1ba2a0d3d760566,com.mytalkingcatemma.ballerinagames,1.0,ru,Android OS 8.1.0 / API-27 (O11019/V11.0.10.0.OFIMIXM),16b86e6b-d71c-46bc-80ce-72f6b0bc6861,False,False,BD,1631441078.720669
0,An error occurred while sending the request,Error,/BuildNotice/0,MobileSDK,Realme RMX1821,OpenGLES2,1.0,1.11.0,False,LowRevenueCountryBlock,LowRevenueCountryBlock,09/12/2021 10:03:04,6028e36ad1e80652e41054ca,609d69021c511f4b1d4df1c4,com.pregnantcatemma.virtualpet,1.0,iv,Android OS 10 / API-29 (QP1A.190711.020/1624873154),e038be81-11ad-417f-990a-cf4faa24a61b,False,False,IQ,1631441078.733412
0,could not receive ip address from ipfy,Error,/BuildNotice/0,MobileSDK,Realme RMX1821,OpenGLES2,1.0,1.11.0,False,LowRevenueCountryBlock,LowRevenueCountryBlock,09/12/2021 10:03:04,6028e36ad1e80652e41054ca,609d69021c511f4b1d4df1c4,com.pregnantcatemma.virtualpet,1.0,iv,Android OS 10 / API-29 (QP1A.190711.020/1624873154),e038be81-11ad-417f-990a-cf4faa24a61b,False,False,IQ,1631441078.944304
0,could not receive ip address from ipfy,Error,/BuildNotice/0,MobileSDK,Xiaomi MI PLAY,OpenGLES2,1.0,1.11.0,False,LowRevenueCountryBlock,LowRevenueCountryBlock,12.09.2021 10:04:37,6028e36ad1e80652e41054ca,6028e407a1ba2a0d3d760566,com.mytalkingcatemma.ballerinagames,1.0,ru,Android OS 8.1.0 / API-27 (O11019/V11.0.10.0.OFIMIXM),16b86e6b-d71c-46bc-80ce-72f6b0bc6861,False,False,BD,1631441078.984817
0,An error occurred while sending the request,Error,/BuildNotice/0,MobileSDK,Realme RMX1821,OpenGLES2,1.0,1.11.0,False,LowRevenueCountryBlock,LowRevenueCountryBlock,09/12/2021 10:03:04,6028e36ad1e80652e41054ca,609d69021c511f4b1d4df1c4,com.pregnantcatemma.virtualpet,1.0,iv,Android OS 10 / API-29 (QP1A.190711.020/1624873154),e038be81-11ad-417f-990a-cf4faa24a61b,False,False,IQ,1631441079.031472
0,could not receive ip address from ipfy,Error,/BuildNotice/0,MobileSDK,Realme RMX1821,OpenGLES2,1.0,1.11.0,False,LowRevenueCountryBlock,LowRevenueCountryBlock,09/12/2021 10:03:05,6028e36ad1e80652e41054ca,609d69021c511f4b1d4df1c4,com.pregnantcatemma.virtualpet,1.0,iv,Android OS 10 / API-29 (QP1A.190711.020/1624873154),e038be81-11ad-417f-990a-cf4faa24a61b,False,False,IQ,1631441079.219509
0,An error occurred while sending the request,Error,/BuildNotice/0,MobileSDK,Realme RMX1821,OpenGLES2,1.0,1.11.0,False,LowRevenueCountryBlock,LowRevenueCountryBlock,09/12/2021 10:03:05,6028e36ad1e80652e41054ca,609d69021c511f4b1d4df1c4,com.pregnantcatemma.virtualpet,1.0,iv,Android OS 10 / API-29 (QP1A.190711.020/1624873154),e038be81-11ad-417f-990a-cf4faa24a61b,False,False,IQ,1631441079.285071
0,An error occurred while sending the request,Error,/BuildNotice/0,MobileSDK,Xiaomi MI PLAY,OpenGLES2,1.0,1.11.0,False,LowRevenueCountryBlock,LowRevenueCountryBlock,12.09.2021 10:04:37,6028e36ad1e80652e41054ca,6028e407a1ba2a0d3d760566,com.mytalkingcatemma.ballerinagames,1.0,ru,Android OS 8.1.0 / API-27 (O11019/V11.0.10.0.OFIMIXM),16b86e6b-d71c-46bc-80ce-72f6b0bc6861,False,False,BD,1631441079.32033
0,could not receive ip address from ipfy,Error,/BuildNotice/0,MobileSDK,Realme RMX1821,OpenGLES2,1.0,1.11.0,False,LowRevenueCountryBlock,LowRevenueCountryBlock,09/12/2021 10:03:05,6028e36ad1e80652e41054ca,609d69021c511f4b1d4df1c4,com.pregnantcatemma.virtualpet,1.0,iv,Android OS 10 / API-29 (QP1A.190711.020/1624873154),e038be81-11ad-417f-990a-cf4faa24a61b,False,False,IQ,1631441079.473882
0,An error occurred while sending the request,Error,/BuildNotice/0,MobileSDK,Realme RMX1821,OpenGLES2,1.0,1.11.0,False,LowRevenueCountryBlock,LowRevenueCountryBlock,09/12/2021 10:03:05,6028e36ad1e80652e41054ca,609d69021c511f4b1d4df1c4,com.pregnantcatemma.virtualpet,1.0,iv,Android OS 10 / API-29 (QP1A.190711.020/1624873154),e038be81-11ad-417f-990a-cf4faa24a61b,False,False,IQ,1631441079.543733
0,could not receive ip address from ipfy,Error,/BuildNotice/0,MobileSDK,Xiaomi MI PLAY,OpenGLES2,1.0,1.11.0,False,LowRevenueCountryBlock,LowRevenueCountryBlock,12.09.2021 10:04:38,6028e36ad1e80652e41054ca,6028e407a1ba2a0d3d760566,com.mytalkingcatemma.ballerinagames,1.0,ru,Android OS 8.1.0 / API-27 (O11019/V11.0.10.0.OFIMIXM),16b86e6b-d71c-46bc-80ce-72f6b0bc6861,False,False,BD,1631441079.59424
0,could not receive ip address from ipfy,Error,/BuildNotice/0,MobileSDK,Realme RMX1821,OpenGLES2,1.0,1.11.0,False,LowRevenueCountryBlock,LowRevenueCountryBlock,09/12/2021 10:03:05,6028e36ad1e80652e41054ca,609d69021c511f4b1d4df1c4,com.pregnantcatemma.virtualpet,1.0,iv,Android OS 10 / API-29 (QP1A.190711.020/1624873154),e038be81-11ad-417f-990a-cf4faa24a61b,False,False,IQ,1631441079.727551
0,An error occurred while sending the request,Error,/BuildNotice/0,MobileSDK,Xiaomi MI PLAY,OpenGLES2,1.0,1.11.0,False,LowRevenueCountryBlock,LowRevenueCountryBlock,12.09.2021 10:04:38,6028e36ad1e80652e41054ca,6028e407a1ba2a0d3d760566,com.mytalkingcatemma.ballerinagames,1.0,ru,Android OS 8.1.0 / API-27 (O11019/V11.0.10.0.OFIMIXM),16b86e6b-d71c-46bc-80ce-72f6b0bc6861,False,False,BD,1631441079.743993
0,An error occurred while sending the request,Error,/BuildNotice/0,MobileSDK,Realme RMX1821,OpenGLES2,1.0,1.11.0,False,LowRevenueCountryBlock,LowRevenueCountryBlock,09/12/2021 10:03:05,6028e36ad1e80652e41054ca,609d69021c511f4b1d4df1c4,com.pregnantcatemma.virtualpet,1.0,iv,Android OS 10 / API-29 (QP1A.190711.020/1624873154),e038be81-11ad-417f-990a-cf4faa24a61b,False,False,IQ,1631441079.801847
0,could not receive ip address from ipfy,Error,/BuildNotice/0,MobileSDK,Realme RMX1821,OpenGLES2,1.0,1.11.0,False,LowRevenueCountryBlock,LowRevenueCountryBlock,09/12/2021 10:03:05,6028e36ad1e80652e41054ca,609d69021c511f4b1d4df1c4,com.pregnantcatemma.virtualpet,1.0,iv,Android OS 10 / API-29 (QP1A.190711.020/1624873154),e038be81-11ad-417f-990a-cf4faa24a61b,False,False,IQ,1631441079.983459
0,An error occurred while sending the request,Error,/BuildNotice/0,MobileSDK,Realme RMX1821,OpenGLES2,1.0,1.11.0,False,LowRevenueCountryBlock,LowRevenueCountryBlock,09/12/2021 10:03:05,6028e36ad1e80652e41054ca,609d69021c511f4b1d4df1c4,com.pregnantcatemma.virtualpet,1.0,iv,Android OS 10 / API-29 (QP1A.190711.020/1624873154),e038be81-11ad-417f-990a-cf4faa24a61b,False,False,IQ,1631441080.054008
0,could not receive ip address from ipfy,Error,/BuildNotice/0,MobileSDK,Realme RMX1821,OpenGLES2,1.0,1.11.0,False,LowRevenueCountryBlock,LowRevenueCountryBlock,09/12/2021 10:03:05,6028e36ad1e80652e41054ca,609d69021c511f4b1d4df1c4,com.pregnantcatemma.virtualpet,1.0,iv,Android OS 10 / API-29 (QP1A.190711.020/1624873154),e038be81-11ad-417f-990a-cf4faa24a61b,False,False,IQ,1631441080.232682
0,An error occurred while sending the request,Error,/BuildNotice/0,MobileSDK,Realme RMX1821,OpenGLES2,1.0,1.11.0,False,LowRevenueCountryBlock,LowRevenueCountryBlock,09/12/2021 10:03:05,6028e36ad1e80652e41054ca,609d69021c511f4b1d4df1c4,com.pregnantcatemma.virtualpet,1.0,iv,Android OS 10 / API-29 (QP1A.190711.020/1624873154),e038be81-11ad-417f-990a-cf4faa24a61b,False,False,IQ,1631441080.308493
0,could not receive ip address from ipfy,Error,/BuildNotice/0,MobileSDK,Xiaomi MI PLAY,OpenGLES2,1.0,1.11.0,False,LowRevenueCountryBlock,LowRevenueCountryBlock,12.09.2021 10:04:39,6028e36ad1e80652e41054ca,6028e407a1ba2a0d3d760566,com.mytalkingcatemma.ballerinagames,1.0,ru,Android OS 8.1.0 / API-27 (O11019/V11.0.10.0.OFIMIXM),16b86e6b-d71c-46bc-80ce-72f6b0bc6861,False,False,BD,1631441080.387745
0,An error occurred while sending the request,Error,/BuildNotice/0,MobileSDK,Xiaomi MI PLAY,OpenGLES2,1.0,1.11.0,False,LowRevenueCountryBlock,LowRevenueCountryBlock,12.09.2021 10:04:39,6028e36ad1e80652e41054ca,6028e407a1ba2a0d3d760566,com.mytalkingcatemma.ballerinagames,1.0,ru,Android OS 8.1.0 / API-27 (O11019/V11.0.10.0.OFIMIXM),16b86e6b-d71c-46bc-80ce-72f6b0bc6861,False,False,BD,1631441080.424082
0,could not receive ip address from ipfy,Error,/BuildNotice/0,MobileSDK,Realme RMX1821,OpenGLES2,1.0,1.11.0,False,LowRevenueCountryBlock,LowRevenueCountryBlock,09/12/2021 10:03:06,6028e36ad1e80652e41054ca,609d69021c511f4b1d4df1c4,com.pregnantcatemma.virtualpet,1.0,iv,Android OS 10 / API-29 (QP1A.190711.020/1624873154),e038be81-11ad-417f-990a-cf4faa24a61b,False,False,IQ,1631441080.488104
0,An error occurred while sending the request,Error,/BuildNotice/0,MobileSDK,Realme RMX1821,OpenGLES2,1.0,1.11.0,False,LowRevenueCountryBlock,LowRevenueCountryBlock,09/12/2021 10:03:06,6028e36ad1e80652e41054ca,609d69021c511f4b1d4df1c4,com.pregnantcatemma.virtualpet,1.0,iv,Android OS 10 / API-29 (QP1A.190711.020/1624873154),e038be81-11ad-417f-990a-cf4faa24a61b,False,False,IQ,1631441080.565571
0,could not receive ip address from ipfy,Error,/BuildNotice/0,MobileSDK,Realme RMX1821,OpenGLES2,1.0,1.11.0,False,LowRevenueCountryBlock,LowRevenueCountryBlock,09/12/2021 10:03:06,6028e36ad1e80652e41054ca,609d69021c511f4b1d4df1c4,com.pregnantcatemma.virtualpet,1.0,iv,Android OS 10 / API-29 (QP1A.190711.020/1624873154),e038be81-11ad-417f-990a-cf4faa24a61b,False,False,IQ,1631441080.739878
0,An error occurred while sending the request,Error,/BuildNotice/0,MobileSDK,Realme RMX1821,OpenGLES2,1.0,1.11.0,False,LowRevenueCountryBlock,LowRevenueCountryBlock,09/12/2021 10:03:06,6028e36ad1e80652e41054ca,609d69021c511f4b1d4df1c4,com.pregnantcatemma.virtualpet,1.0,iv,Android OS 10 / API-29 (QP1A.190711.020/1624873154),e038be81-11ad-417f-990a-cf4faa24a61b,False,False,IQ,1631441080.819435
0,An error occurred while sending the request,Error,/BuildNotice/0,MobileSDK,Xiaomi MI PLAY,OpenGLES2,1.0,1.11.0,False,LowRevenueCountryBlock,LowRevenueCountryBlock,12.09.2021 10:04:40,6028e36ad1e80652e41054ca,6028e407a1ba2a0d3d760566,com.mytalkingcatemma.ballerinagames,1.0,ru,Android OS 8.1.0 / API-27 (O11019/V11.0.10.0.OFIMIXM),16b86e6b-d71c-46bc-80ce-72f6b0bc6861,False,False,BD,1631441080.87857
0,could not receive ip address from ipfy,Error,/BuildNotice/0,MobileSDK,Xiaomi MI PLAY,OpenGLES2,1.0,1.11.0,False,LowRevenueCountryBlock,LowRevenueCountryBlock,12.09.2021 10:04:40,6028e36ad1e80652e41054ca,6028e407a1ba2a0d3d760566,com.mytalkingcatemma.ballerinagames,1.0,ru,Android OS 8.1.0 / API-27 (O11019/V11.0.10.0.OFIMIXM),16b86e6b-d71c-46bc-80ce-72f6b0bc6861,False,False,BD,1631441080.898373
0,could not receive ip address from ipfy,Error,/BuildNotice/0,MobileSDK,samsung SM-A107F,OpenGLES2,1.0,1.11.0,False,Programmatic1,Programmatic,12/09/2021 10:04:40 AM,6028e36ad1e80652e41054ca,6028e407a1ba2a0d3d760566,com.mytalkingcatemma.ballerinagames,1.0,en,Android OS 11 / API-30 (RP1A.200720.012/A107FXXU8CUG3),ce4af260-dd28-4a62-8aae-9c65ea88a54e,False,False,PH,1631441080.931855
0,An error occurred while sending the request,Error,/BuildNotice/0,MobileSDK,samsung SM-A107F,OpenGLES2,1.0,1.11.0,False,Programmatic1,Programmatic,12/09/2021 10:04:40 AM,6028e36ad1e80652e41054ca,6028e407a1ba2a0d3d760566,com.mytalkingcatemma.ballerinagames,1.0,en,Android OS 11 / API-30 (RP1A.200720.012/A107FXXU8CUG3),ce4af260-dd28-4a62-8aae-9c65ea88a54e,False,False,PH,1631441080.994706
0,could not receive ip address from ipfy,Error,/BuildNotice/0,MobileSDK,Realme RMX1821,OpenGLES2,1.0,1.11.0,False,LowRevenueCountryBlock,LowRevenueCountryBlock,09/12/2021 10:03:06,6028e36ad1e80652e41054ca,609d69021c511f4b1d4df1c4,com.pregnantcatemma.virtualpet,1.0,iv,Android OS 10 / API-29 (QP1A.190711.020/1624873154),e038be81-11ad-417f-990a-cf4faa24a61b,False,False,IQ,1631441081.010299
0,An error occurred while sending the request,Error,/BuildNotice/0,MobileSDK,Realme RMX1821,OpenGLES2,1.0,1.11.0,False,LowRevenueCountryBlock,LowRevenueCountryBlock,09/12/2021 10:03:06,6028e36ad1e80652e41054ca,609d69021c511f4b1d4df1c4,com.pregnantcatemma.virtualpet,1.0,iv,Android OS 10 / API-29 (QP1A.190711.020/1624873154),e038be81-11ad-417f-990a-cf4faa24a61b,False,False,IQ,1631441081.118569
0,could not receive ip address from ipfy,Error,/BuildNotice/0,MobileSDK,Realme RMX1821,OpenGLES2,1.0,1.11.0,False,LowRevenueCountryBlock,LowRevenueCountryBlock,09/12/2021 10:03:06,6028e36ad1e80652e41054ca,609d69021c511f4b1d4df1c4,com.pregnantcatemma.virtualpet,1.0,iv,Android OS 10 / API-29 (QP1A.190711.020/1624873154),e038be81-11ad-417f-990a-cf4faa24a61b,False,False,IQ,1631441081.322887
0,An error occurred while sending the request,Error,/BuildNotice/0,MobileSDK,Realme RMX1821,OpenGLES2,1.0,1.11.0,False,LowRevenueCountryBlock,LowRevenueCountryBlock,09/12/2021 10:03:06,6028e36ad1e80652e41054ca,609d69021c511f4b1d4df1c4,com.pregnantcatemma.virtualpet,1.0,iv,Android OS 10 / API-29 (QP1A.190711.020/1624873154),e038be81-11ad-417f-990a-cf4faa24a61b,False,False,IQ,1631441081.376092
0,could not receive ip address from ipfy,Error,/BuildNotice/0,MobileSDK,Realme RMX1821,OpenGLES2,1.0,1.11.0,False,LowRevenueCountryBlock,LowRevenueCountryBlock,09/12/2021 10:03:06,6028e36ad1e80652e41054ca,609d69021c511f4b1d4df1c4,com.pregnantcatemma.virtualpet,1.0,iv,Android OS 10 / API-29 (QP1A.190711.020/1624873154),e038be81-11ad-417f-990a-cf4faa24a61b,False,False,IQ,1631441081.575837
0,An error occurred while sending the request,Error,/BuildNotice/0,MobileSDK,Realme RMX1821,OpenGLES2,1.0,1.11.0,False,LowRevenueCountryBlock,LowRevenueCountryBlock,09/12/2021 10:03:07,6028e36ad1e80652e41054ca,609d69021c511f4b1d4df1c4,com.pregnantcatemma.virtualpet,1.0,iv,Android OS 10 / API-29 (QP1A.190711.020/1624873154),e038be81-11ad-417f-990a-cf4faa24a61b,False,False,IQ,1631441081.629498
0,could not receive ip address from ipfy,Error,/BuildNotice/0,MobileSDK,Xiaomi MI PLAY,OpenGLES2,1.0,1.11.0,False,LowRevenueCountryBlock,LowRevenueCountryBlock,12.09.2021 10:04:41,6028e36ad1e80652e41054ca,6028e407a1ba2a0d3d760566,com.mytalkingcatemma.ballerinagames,1.0,ru,Android OS 8.1.0 / API-27 (O11019/V11.0.10.0.OFIMIXM),16b86e6b-d71c-46bc-80ce-72f6b0bc6861,False,False,BD,1631441081.786082
0,could not receive ip address from ipfy,Error,/BuildNotice/0,MobileSDK,Realme RMX1821,OpenGLES2,1.0,1.11.0,False,LowRevenueCountryBlock,LowRevenueCountryBlock,09/12/2021 10:03:07,6028e36ad1e80652e41054ca,609d69021c511f4b1d4df1c4,com.pregnantcatemma.virtualpet,1.0,iv,Android OS 10 / API-29 (QP1A.190711.020/1624873154),e038be81-11ad-417f-990a-cf4faa24a61b,False,False,IQ,1631441081.832325
0,An error occurred while sending the request,Error,/BuildNotice/0,MobileSDK,Realme RMX1821,OpenGLES2,1.0,1.11.0,False,LowRevenueCountryBlock,LowRevenueCountryBlock,09/12/2021 10:03:07,6028e36ad1e80652e41054ca,609d69021c511f4b1d4df1c4,com.pregnantcatemma.virtualpet,1.0,iv,Android OS 10 / API-29 (QP1A.190711.020/1624873154),e038be81-11ad-417f-990a-cf4faa24a61b,False,False,IQ,1631441081.947572
0,could not receive ip address from ipfy,Error,/BuildNotice/0,MobileSDK,Realme RMX1821,OpenGLES2,1.0,1.11.0,False,LowRevenueCountryBlock,LowRevenueCountryBlock,09/12/2021 10:03:07,6028e36ad1e80652e41054ca,609d69021c511f4b1d4df1c4,com.pregnantcatemma.virtualpet,1.0,iv,Android OS 10 / API-29 (QP1A.190711.020/1624873154),e038be81-11ad-417f-990a-cf4faa24a61b,False,False,IQ,1631441082.088458
0,An error occurred while sending the request,Error,/BuildNotice/0,MobileSDK,Xiaomi MI PLAY,OpenGLES2,1.0,1.11.0,False,LowRevenueCountryBlock,LowRevenueCountryBlock,12.09.2021 10:04:41,6028e36ad1e80652e41054ca,6028e407a1ba2a0d3d760566,com.mytalkingcatemma.ballerinagames,1.0,ru,Android OS 8.1.0 / API-27 (O11019/V11.0.10.0.OFIMIXM),16b86e6b-d71c-46bc-80ce-72f6b0bc6861,False,False,BD,1631441082.116485
0,An error occurred while sending the request,Error,/BuildNotice/0,MobileSDK,Realme RMX1821,OpenGLES2,1.0,1.11.0,False,LowRevenueCountryBlock,LowRevenueCountryBlock,09/12/2021 10:03:07,6028e36ad1e80652e41054ca,609d69021c511f4b1d4df1c4,com.pregnantcatemma.virtualpet,1.0,iv,Android OS 10 / API-29 (QP1A.190711.020/1624873154),e038be81-11ad-417f-990a-cf4faa24a61b,False,False,IQ,1631441082.204907
0,could not receive ip address from ipfy,Error,/BuildNotice/0,MobileSDK,Realme RMX1821,OpenGLES2,1.0,1.11.0,False,LowRevenueCountryBlock,LowRevenueCountryBlock,09/12/2021 10:03:07,6028e36ad1e80652e41054ca,609d69021c511f4b1d4df1c4,com.pregnantcatemma.virtualpet,1.0,iv,Android OS 10 / API-29 (QP1A.190711.020/1624873154),e038be81-11ad-417f-990a-cf4faa24a61b,False,False,IQ,1631441082.341841
0,An error occurred while sending the request,Error,/BuildNotice/0,MobileSDK,Realme RMX1821,OpenGLES2,1.0,1.11.0,False,LowRevenueCountryBlock,LowRevenueCountryBlock,09/12/2021 10:03:07,6028e36ad1e80652e41054ca,609d69021c511f4b1d4df1c4,com.pregnantcatemma.virtualpet,1.0,iv,Android OS 10 / API-29 (QP1A.190711.020/1624873154),e038be81-11ad-417f-990a-cf4faa24a61b,False,False,IQ,1631441082.466003
0,"We are running ""Programmatic Flow"", you need to active gCom. 
 HTTP/1.1 400 Bad Request
{""product"": null, ""payment"": null, ""shipment_available_options"": [], ""session"": {""session_id"": ""1.0"", ""status"": ""Error: CODE_INVALID_FLOW_ID"", ""error_code"": 110}, ""flow"": ""gcom""}",Error,/BuildNotice/0,MobileSDK,INFINIX MOBILITY LIMITED Infinix X680,OpenGLES2,1.0,1.10.2,False,Programmatic1,Programmatic,09/12/2021 10:04:40,611bdadcd4e35d332f3d5e66,611be843d5491c7d0a6ab0ce,com.thg.battleops.shooting.game,1.0,iv,Android OS 10 / API-29 (QP1A.190711.020/DE-OP-210520V439),8ca5ba23-5072-4523-bab4-8258db55e1e9,True,False,PK,1631441082.527608
0,could not receive ip address from ipfy,Error,/BuildNotice/0,MobileSDK,Realme RMX1821,OpenGLES2,1.0,1.11.0,False,LowRevenueCountryBlock,LowRevenueCountryBlock,09/12/2021 10:03:07,6028e36ad1e80652e41054ca,609d69021c511f4b1d4df1c4,com.pregnantcatemma.virtualpet,1.0,iv,Android OS 10 / API-29 (QP1A.190711.020/1624873154),e038be81-11ad-417f-990a-cf4faa24a61b,False,False,IQ,1631441082.596647
0,An error occurred while sending the request,Error,/BuildNotice/0,MobileSDK,Realme RMX1821,OpenGLES2,1.0,1.11.0,False,LowRevenueCountryBlock,LowRevenueCountryBlock,09/12/2021 10:03:07,6028e36ad1e80652e41054ca,609d69021c511f4b1d4df1c4,com.pregnantcatemma.virtualpet,1.0,iv,Android OS 10 / API-29 (QP1A.190711.020/1624873154),e038be81-11ad-417f-990a-cf4faa24a61b,False,False,IQ,1631441082.720438
0,could not receive ip address from ipfy,Error,/BuildNotice/0,MobileSDK,Xiaomi MI PLAY,OpenGLES2,1.0,1.11.0,False,LowRevenueCountryBlock,LowRevenueCountryBlock,12.09.2021 10:04:42,6028e36ad1e80652e41054ca,6028e407a1ba2a0d3d760566,com.mytalkingcatemma.ballerinagames,1.0,ru,Android OS 8.1.0 / API-27 (O11019/V11.0.10.0.OFIMIXM),16b86e6b-d71c-46bc-80ce-72f6b0bc6861,False,False,BD,1631441082.752841
0,could not receive ip address from ipfy,Error,/BuildNotice/0,MobileSDK,Realme RMX1821,OpenGLES2,1.0,1.11.0,False,LowRevenueCountryBlock,LowRevenueCountryBlock,09/12/2021 10:03:07,6028e36ad1e80652e41054ca,609d69021c511f4b1d4df1c4,com.pregnantcatemma.virtualpet,1.0,iv,Android OS 10 / API-29 (QP1A.190711.020/1624873154),e038be81-11ad-417f-990a-cf4faa24a61b,False,False,IQ,1631441082.851483
0,An error occurred while sending the request,Error,/BuildNotice/0,MobileSDK,Realme RMX1821,OpenGLES2,1.0,1.11.0,False,LowRevenueCountryBlock,LowRevenueCountryBlock,09/12/2021 10:03:07,6028e36ad1e80652e41054ca,609d69021c511f4b1d4df1c4,com.pregnantcatemma.virtualpet,1.0,iv,Android OS 10 / API-29 (QP1A.190711.020/1624873154),e038be81-11ad-417f-990a-cf4faa24a61b,False,False,IQ,1631441082.979247
0,could not receive ip address from ipfy,Error,/BuildNotice/0,MobileSDK,Realme RMX1821,OpenGLES2,1.0,1.11.0,False,LowRevenueCountryBlock,LowRevenueCountryBlock,09/12/2021 10:03:08,6028e36ad1e80652e41054ca,609d69021c511f4b1d4df1c4,com.pregnantcatemma.virtualpet,1.0,iv,Android OS 10 / API-29 (QP1A.190711.020/1624873154),e038be81-11ad-417f-990a-cf4faa24a61b,False,False,IQ,1631441083.110417
0,An error occurred while sending the request,Error,/BuildNotice/0,MobileSDK,Realme RMX1821,OpenGLES2,1.0,1.11.0,False,LowRevenueCountryBlock,LowRevenueCountryBlock,09/12/2021 10:03:08,6028e36ad1e80652e41054ca,609d69021c511f4b1d4df1c4,com.pregnantcatemma.virtualpet,1.0,iv,Android OS 10 / API-29 (QP1A.190711.020/1624873154),e038be81-11ad-417f-990a-cf4faa24a61b,False,False,IQ,1631441083.233919
0,could not receive ip address from ipfy,Error,/BuildNotice/0,MobileSDK,Realme RMX1821,OpenGLES2,1.0,1.11.0,False,LowRevenueCountryBlock,LowRevenueCountryBlock,09/12/2021 10:03:08,6028e36ad1e80652e41054ca,609d69021c511f4b1d4df1c4,com.pregnantcatemma.virtualpet,1.0,iv,Android OS 10 / API-29 (QP1A.190711.020/1624873154),e038be81-11ad-417f-990a-cf4faa24a61b,False,False,IQ,1631441083.369316
0,An error occurred while sending the request,Error,/BuildNotice/0,MobileSDK,Realme RMX1821,OpenGLES2,1.0,1.11.0,False,LowRevenueCountryBlock,LowRevenueCountryBlock,09/12/2021 10:03:08,6028e36ad1e80652e41054ca,609d69021c511f4b1d4df1c4,com.pregnantcatemma.virtualpet,1.0,iv,Android OS 10 / API-29 (QP1A.190711.020/1624873154),e038be81-11ad-417f-990a-cf4faa24a61b,False,False,IQ,1631441083.494965
0,could not receive ip address from ipfy,Error,/BuildNotice/0,MobileSDK,Realme RMX1821,OpenGLES2,1.0,1.11.0,False,LowRevenueCountryBlock,LowRevenueCountryBlock,09/12/2021 10:03:08,6028e36ad1e80652e41054ca,609d69021c511f4b1d4df1c4,com.pregnantcatemma.virtualpet,1.0,iv,Android OS 10 / API-29 (QP1A.190711.020/1624873154),e038be81-11ad-417f-990a-cf4faa24a61b,False,False,IQ,1631441083.62308
0,An error occurred while sending the request,Error,/BuildNotice/0,MobileSDK,Xiaomi MI PLAY,OpenGLES2,1.0,1.11.0,False,LowRevenueCountryBlock,LowRevenueCountryBlock,12.09.2021 10:04:42,6028e36ad1e80652e41054ca,6028e407a1ba2a0d3d760566,com.mytalkingcatemma.ballerinagames,1.0,ru,Android OS 8.1.0 / API-27 (O11019/V11.0.10.0.OFIMIXM),16b86e6b-d71c-46bc-80ce-72f6b0bc6861,False,False,BD,1631441083.679767
0,An error occurred while sending the request,Error,/BuildNotice/0,MobileSDK,Realme RMX1821,OpenGLES2,1.0,1.11.0,False,LowRevenueCountryBlock,LowRevenueCountryBlock,09/12/2021 10:03:08,6028e36ad1e80652e41054ca,609d69021c511f4b1d4df1c4,com.pregnantcatemma.virtualpet,1.0,iv,Android OS 10 / API-29 (QP1A.190711.020/1624873154),e038be81-11ad-417f-990a-cf4faa24a61b,False,False,IQ,1631441083.751581
0,could not receive ip address from ipfy,Error,/BuildNotice/0,MobileSDK,Realme RMX1821,OpenGLES2,1.0,1.11.0,False,LowRevenueCountryBlock,LowRevenueCountryBlock,09/12/2021 10:03:08,6028e36ad1e80652e41054ca,609d69021c511f4b1d4df1c4,com.pregnantcatemma.virtualpet,1.0,iv,Android OS 10 / API-29 (QP1A.190711.020/1624873154),e038be81-11ad-417f-990a-cf4faa24a61b,False,False,IQ,1631441083.877919
0,could not receive ip address from ipfy,Error,/BuildNotice/0,MobileSDK,samsung SM-A107F,OpenGLES2,1.0,1.11.0,False,Programmatic1,Programmatic,12/09/2021 10:04:44 AM,6028e36ad1e80652e41054ca,6028e407a1ba2a0d3d760566,com.mytalkingcatemma.ballerinagames,1.0,en,Android OS 11 / API-30 (RP1A.200720.012/A107FXXU8CUG3),ce4af260-dd28-4a62-8aae-9c65ea88a54e,False,False,PH,1631441083.964804
0,An error occurred while sending the request,Error,/BuildNotice/0,MobileSDK,samsung SM-A107F,OpenGLES2,1.0,1.11.0,False,Programmatic1,Programmatic,12/09/2021 10:04:44 AM,6028e36ad1e80652e41054ca,6028e407a1ba2a0d3d760566,com.mytalkingcatemma.ballerinagames,1.0,en,Android OS 11 / API-30 (RP1A.200720.012/A107FXXU8CUG3),ce4af260-dd28-4a62-8aae-9c65ea88a54e,False,False,PH,1631441084.00661
0,An error occurred while sending the request,Error,/BuildNotice/0,MobileSDK,Realme RMX1821,OpenGLES2,1.0,1.11.0,False,LowRevenueCountryBlock,LowRevenueCountryBlock,09/12/2021 10:03:08,6028e36ad1e80652e41054ca,609d69021c511f4b1d4df1c4,com.pregnantcatemma.virtualpet,1.0,iv,Android OS 10 / API-29 (QP1A.190711.020/1624873154),e038be81-11ad-417f-990a-cf4faa24a61b,False,False,IQ,1631441084.021779
0,could not receive ip address from ipfy,Error,/BuildNotice/0,MobileSDK,Realme RMX1821,OpenGLES2,1.0,1.11.0,False,LowRevenueCountryBlock,LowRevenueCountryBlock,09/12/2021 10:03:08,6028e36ad1e80652e41054ca,609d69021c511f4b1d4df1c4,com.pregnantcatemma.virtualpet,1.0,iv,Android OS 10 / API-29 (QP1A.190711.020/1624873154),e038be81-11ad-417f-990a-cf4faa24a61b,False,False,IQ,1631441084.135584
0,An error occurred while sending the request,Error,/BuildNotice/0,MobileSDK,Realme RMX1821,OpenGLES2,1.0,1.11.0,False,LowRevenueCountryBlock,LowRevenueCountryBlock,09/12/2021 10:03:08,6028e36ad1e80652e41054ca,609d69021c511f4b1d4df1c4,com.pregnantcatemma.virtualpet,1.0,iv,Android OS 10 / API-29 (QP1A.190711.020/1624873154),e038be81-11ad-417f-990a-cf4faa24a61b,False,False,IQ,1631441084.277311
0,could not receive ip address from ipfy,Error,/BuildNotice/0,MobileSDK,Realme RMX1821,OpenGLES2,1.0,1.11.0,False,LowRevenueCountryBlock,LowRevenueCountryBlock,09/12/2021 10:03:09,6028e36ad1e80652e41054ca,609d69021c511f4b1d4df1c4,com.pregnantcatemma.virtualpet,1.0,iv,Android OS 10 / API-29 (QP1A.190711.020/1624873154),e038be81-11ad-417f-990a-cf4faa24a61b,False,False,IQ,1631441084.391569
0,An error occurred while sending the request,Error,/BuildNotice/0,MobileSDK,Realme RMX1821,OpenGLES2,1.0,1.11.0,False,LowRevenueCountryBlock,LowRevenueCountryBlock,09/12/2021 10:03:09,6028e36ad1e80652e41054ca,609d69021c511f4b1d4df1c4,com.pregnantcatemma.virtualpet,1.0,iv,Android OS 10 / API-29 (QP1A.190711.020/1624873154),e038be81-11ad-417f-990a-cf4faa24a61b,False,False,IQ,1631441084.533356
0,could not receive ip address from ipfy,Error,/BuildNotice/0,MobileSDK,Realme RMX1821,OpenGLES2,1.0,1.11.0,False,LowRevenueCountryBlock,LowRevenueCountryBlock,09/12/2021 10:03:09,6028e36ad1e80652e41054ca,609d69021c511f4b1d4df1c4,com.pregnantcatemma.virtualpet,1.0,iv,Android OS 10 / API-29 (QP1A.190711.020/1624873154),e038be81-11ad-417f-990a-cf4faa24a61b,False,False,IQ,1631441084.650049
0,could not receive ip address from ipfy,Error,/BuildNotice/0,MobileSDK,Xiaomi MI PLAY,OpenGLES2,1.0,1.11.0,False,LowRevenueCountryBlock,LowRevenueCountryBlock,12.09.2021 10:04:42,6028e36ad1e80652e41054ca,6028e407a1ba2a0d3d760566,com.mytalkingcatemma.ballerinagames,1.0,ru,Android OS 8.1.0 / API-27 (O11019/V11.0.10.0.OFIMIXM),16b86e6b-d71c-46bc-80ce-72f6b0bc6861,False,False,BD,1631441084.704007
0,An error occurred while sending the request,Error,/BuildNotice/0,MobileSDK,Realme RMX1821,OpenGLES2,1.0,1.11.0,False,LowRevenueCountryBlock,LowRevenueCountryBlock,09/12/2021 10:03:09,6028e36ad1e80652e41054ca,609d69021c511f4b1d4df1c4,com.pregnantcatemma.virtualpet,1.0,iv,Android OS 10 / API-29 (QP1A.190711.020/1624873154),e038be81-11ad-417f-990a-cf4faa24a61b,False,False,IQ,1631441084.792573
0,could not receive ip address from ipfy,Error,/BuildNotice/0,MobileSDK,Realme RMX1821,OpenGLES2,1.0,1.11.0,False,LowRevenueCountryBlock,LowRevenueCountryBlock,09/12/2021 10:03:09,6028e36ad1e80652e41054ca,609d69021c511f4b1d4df1c4,com.pregnantcatemma.virtualpet,1.0,iv,Android OS 10 / API-29 (QP1A.190711.020/1624873154),e038be81-11ad-417f-990a-cf4faa24a61b,False,False,IQ,1631441084.908472
0,An error occurred while sending the request,Error,/BuildNotice/0,MobileSDK,Xiaomi MI PLAY,OpenGLES2,1.0,1.11.0,False,LowRevenueCountryBlock,LowRevenueCountryBlock,12.09.2021 10:04:42,6028e36ad1e80652e41054ca,6028e407a1ba2a0d3d760566,com.mytalkingcatemma.ballerinagames,1.0,ru,Android OS 8.1.0 / API-27 (O11019/V11.0.10.0.OFIMIXM),16b86e6b-d71c-46bc-80ce-72f6b0bc6861,False,False,BD,1631441085.025753
0,An error occurred while sending the request,Error,/BuildNotice/0,MobileSDK,Realme RMX1821,OpenGLES2,1.0,1.11.0,False,LowRevenueCountryBlock,LowRevenueCountryBlock,09/12/2021 10:03:09,6028e36ad1e80652e41054ca,609d69021c511f4b1d4df1c4,com.pregnantcatemma.virtualpet,1.0,iv,Android OS 10 / API-29 (QP1A.190711.020/1624873154),e038be81-11ad-417f-990a-cf4faa24a61b,False,False,IQ,1631441085.050613
0,could not receive ip address from ipfy,Error,/BuildNotice/0,MobileSDK,Realme RMX1821,OpenGLES2,1.0,1.11.0,False,LowRevenueCountryBlock,LowRevenueCountryBlock,09/12/2021 10:03:09,6028e36ad1e80652e41054ca,609d69021c511f4b1d4df1c4,com.pregnantcatemma.virtualpet,1.0,iv,Android OS 10 / API-29 (QP1A.190711.020/1624873154),e038be81-11ad-417f-990a-cf4faa24a61b,False,False,IQ,1631441085.168578
0,could not receive ip address from ipfy,Error,/BuildNotice/0,MobileSDK,Xiaomi MI PLAY,OpenGLES2,1.0,1.11.0,False,LowRevenueCountryBlock,LowRevenueCountryBlock,12.09.2021 10:04:44,6028e36ad1e80652e41054ca,6028e407a1ba2a0d3d760566,com.mytalkingcatemma.ballerinagames,1.0,ru,Android OS 8.1.0 / API-27 (O11019/V11.0.10.0.OFIMIXM),16b86e6b-d71c-46bc-80ce-72f6b0bc6861,False,False,BD,1631441085.34735
0,An error occurred while sending the request,Error,/BuildNotice/0,MobileSDK,Realme RMX1821,OpenGLES2,1.0,1.11.0,False,LowRevenueCountryBlock,LowRevenueCountryBlock,09/12/2021 10:03:09,6028e36ad1e80652e41054ca,609d69021c511f4b1d4df1c4,com.pregnantcatemma.virtualpet,1.0,iv,Android OS 10 / API-29 (QP1A.190711.020/1624873154),e038be81-11ad-417f-990a-cf4faa24a61b,False,False,IQ,1631441085.582623
0,could not receive ip address from ipfy,Error,/BuildNotice/0,MobileSDK,Realme RMX1821,OpenGLES2,1.0,1.11.0,False,LowRevenueCountryBlock,LowRevenueCountryBlock,09/12/2021 10:03:09,6028e36ad1e80652e41054ca,609d69021c511f4b1d4df1c4,com.pregnantcatemma.virtualpet,1.0,iv,Android OS 10 / API-29 (QP1A.190711.020/1624873154),e038be81-11ad-417f-990a-cf4faa24a61b,False,False,IQ,1631441085.597611
0,An error occurred while sending the request,Error,/BuildNotice/0,MobileSDK,Xiaomi MI PLAY,OpenGLES2,1.0,1.11.0,False,LowRevenueCountryBlock,LowRevenueCountryBlock,12.09.2021 10:04:44,6028e36ad1e80652e41054ca,6028e407a1ba2a0d3d760566,com.mytalkingcatemma.ballerinagames,1.0,ru,Android OS 8.1.0 / API-27 (O11019/V11.0.10.0.OFIMIXM),16b86e6b-d71c-46bc-80ce-72f6b0bc6861,False,False,BD,1631441085.68191
0,could not receive ip address from ipfy,Error,/BuildNotice/0,MobileSDK,Xiaomi MI PLAY,OpenGLES2,1.0,1.11.0,False,LowRevenueCountryBlock,LowRevenueCountryBlock,12.09.2021 10:04:44,6028e36ad1e80652e41054ca,6028e407a1ba2a0d3d760566,com.mytalkingcatemma.ballerinagames,1.0,ru,Android OS 8.1.0 / API-27 (O11019/V11.0.10.0.OFIMIXM),16b86e6b-d71c-46bc-80ce-72f6b0bc6861,False,False,BD,1631441085.822839
0,An error occurred while sending the request,Error,/BuildNotice/0,MobileSDK,Realme RMX1821,OpenGLES2,1.0,1.11.0,False,LowRevenueCountryBlock,LowRevenueCountryBlock,09/12/2021 10:03:09,6028e36ad1e80652e41054ca,609d69021c511f4b1d4df1c4,com.pregnantcatemma.virtualpet,1.0,iv,Android OS 10 / API-29 (QP1A.190711.020/1624873154),e038be81-11ad-417f-990a-cf4faa24a61b,False,False,IQ,1631441085.838886
0,could not receive ip address from ipfy,Error,/BuildNotice/0,MobileSDK,Realme RMX1821,OpenGLES2,1.0,1.11.0,False,LowRevenueCountryBlock,LowRevenueCountryBlock,09/12/2021 10:03:10,6028e36ad1e80652e41054ca,609d69021c511f4b1d4df1c4,com.pregnantcatemma.virtualpet,1.0,iv,Android OS 10 / API-29 (QP1A.190711.020/1624873154),e038be81-11ad-417f-990a-cf4faa24a61b,False,False,IQ,1631441085.952746
0,An error occurred while sending the request,Error,/BuildNotice/0,MobileSDK,Xiaomi MI PLAY,OpenGLES2,1.0,1.11.0,False,LowRevenueCountryBlock,LowRevenueCountryBlock,12.09.2021 10:04:44,6028e36ad1e80652e41054ca,6028e407a1ba2a0d3d760566,com.mytalkingcatemma.ballerinagames,1.0,ru,Android OS 8.1.0 / API-27 (O11019/V11.0.10.0.OFIMIXM),16b86e6b-d71c-46bc-80ce-72f6b0bc6861,False,False,BD,1631441085.964998
0,An error occurred while sending the request,Error,/BuildNotice/0,MobileSDK,HUAWEI JAT-LX3,OpenGLES2,1.0,1.11.0,False,Programmatic1,Programmatic,9/12/2021 10:04:37 AM,6028e36ad1e80652e41054ca,6028e407a1ba2a0d3d760566,com.mytalkingcatemma.ballerinagames,1.0,en,Android OS 9 / API-28 (HUAWEIJAT-LX3/9.1.0.331C636),4773ea92-c053-4e4b-9596-2afed257d963,False,False,IN,1631441086.041363
0,could not receive ip address from ipfy,Error,/BuildNotice/0,MobileSDK,HUAWEI JAT-LX3,OpenGLES2,1.0,1.11.0,False,Programmatic1,Programmatic,9/12/2021 10:04:37 AM,6028e36ad1e80652e41054ca,6028e407a1ba2a0d3d760566,com.mytalkingcatemma.ballerinagames,1.0,en,Android OS 9 / API-28 (HUAWEIJAT-LX3/9.1.0.331C636),4773ea92-c053-4e4b-9596-2afed257d963,False,False,IN,1631441086.062484
0,An error occurred while sending the request,Error,/BuildNotice/0,MobileSDK,Realme RMX1821,OpenGLES2,1.0,1.11.0,False,LowRevenueCountryBlock,LowRevenueCountryBlock,09/12/2021 10:03:10,6028e36ad1e80652e41054ca,609d69021c511f4b1d4df1c4,com.pregnantcatemma.virtualpet,1.0,iv,Android OS 10 / API-29 (QP1A.190711.020/1624873154),e038be81-11ad-417f-990a-cf4faa24a61b,False,False,IQ,1631441086.10727
0,could not receive ip address from ipfy,Error,/BuildNotice/0,MobileSDK,Xiaomi MI PLAY,OpenGLES2,1.0,1.11.0,False,LowRevenueCountryBlock,LowRevenueCountryBlock,12.09.2021 10:04:45,6028e36ad1e80652e41054ca,6028e407a1ba2a0d3d760566,com.mytalkingcatemma.ballerinagames,1.0,ru,Android OS 8.1.0 / API-27 (O11019/V11.0.10.0.OFIMIXM),16b86e6b-d71c-46bc-80ce-72f6b0bc6861,False,False,BD,1631441086.160014
0,An error occurred while sending the request,Error,/BuildNotice/0,MobileSDK,Xiaomi MI PLAY,OpenGLES2,1.0,1.11.0,False,LowRevenueCountryBlock,LowRevenueCountryBlock,12.09.2021 10:04:45,6028e36ad1e80652e41054ca,6028e407a1ba2a0d3d760566,com.mytalkingcatemma.ballerinagames,1.0,ru,Android OS 8.1.0 / API-27 (O11019/V11.0.10.0.OFIMIXM),16b86e6b-d71c-46bc-80ce-72f6b0bc6861,False,False,BD,1631441086.257021
0,could not receive ip address from ipfy,Error,/BuildNotice/0,MobileSDK,Xiaomi MI PLAY,OpenGLES2,1.0,1.11.0,False,LowRevenueCountryBlock,LowRevenueCountryBlock,12.09.2021 10:04:45,6028e36ad1e80652e41054ca,6028e407a1ba2a0d3d760566,com.mytalkingcatemma.ballerinagames,1.0,ru,Android OS 8.1.0 / API-27 (O11019/V11.0.10.0.OFIMIXM),16b86e6b-d71c-46bc-80ce-72f6b0bc6861,False,False,BD,1631441086.488091
0,An error occurred while sending the request,Error,/BuildNotice/0,MobileSDK,Xiaomi MI PLAY,OpenGLES2,1.0,1.11.0,False,LowRevenueCountryBlock,LowRevenueCountryBlock,12.09.2021 10:04:45,6028e36ad1e80652e41054ca,6028e407a1ba2a0d3d760566,com.mytalkingcatemma.ballerinagames,1.0,ru,Android OS 8.1.0 / API-27 (O11019/V11.0.10.0.OFIMIXM),16b86e6b-d71c-46bc-80ce-72f6b0bc6861,False,False,BD,1631441086.556609
0,could not receive ip address from ipfy,Error,/BuildNotice/0,MobileSDK,Realme RMX1821,OpenGLES2,1.0,1.11.0,False,LowRevenueCountryBlock,LowRevenueCountryBlock,09/12/2021 10:03:10,6028e36ad1e80652e41054ca,609d69021c511f4b1d4df1c4,com.pregnantcatemma.virtualpet,1.0,iv,Android OS 10 / API-29 (QP1A.190711.020/1624873154),e038be81-11ad-417f-990a-cf4faa24a61b,False,False,IQ,1631441086.579433
0,An error occurred while sending the request,Error,/BuildNotice/0,MobileSDK,Realme RMX1821,OpenGLES2,1.0,1.11.0,False,LowRevenueCountryBlock,LowRevenueCountryBlock,09/12/2021 10:03:10,6028e36ad1e80652e41054ca,609d69021c511f4b1d4df1c4,com.pregnantcatemma.virtualpet,1.0,iv,Android OS 10 / API-29 (QP1A.190711.020/1624873154),e038be81-11ad-417f-990a-cf4faa24a61b,False,False,IQ,1631441086.595329
0,could not receive ip address from ipfy,Error,/BuildNotice/0,MobileSDK,Realme RMX1821,OpenGLES2,1.0,1.11.0,False,LowRevenueCountryBlock,LowRevenueCountryBlock,09/12/2021 10:03:10,6028e36ad1e80652e41054ca,609d69021c511f4b1d4df1c4,com.pregnantcatemma.virtualpet,1.0,iv,Android OS 10 / API-29 (QP1A.190711.020/1624873154),e038be81-11ad-417f-990a-cf4faa24a61b,False,False,IQ,1631441086.862471
0,An error occurred while sending the request,Error,/BuildNotice/0,MobileSDK,Realme RMX1821,OpenGLES2,1.0,1.11.0,False,LowRevenueCountryBlock,LowRevenueCountryBlock,09/12/2021 10:03:10,6028e36ad1e80652e41054ca,609d69021c511f4b1d4df1c4,com.pregnantcatemma.virtualpet,1.0,iv,Android OS 10 / API-29 (QP1A.190711.020/1624873154),e038be81-11ad-417f-990a-cf4faa24a61b,False,False,IQ,1631441086.878475
0,could not receive ip address from ipfy,Error,/BuildNotice/0,MobileSDK,Xiaomi MI PLAY,OpenGLES2,1.0,1.11.0,False,LowRevenueCountryBlock,LowRevenueCountryBlock,12.09.2021 10:04:45,6028e36ad1e80652e41054ca,6028e407a1ba2a0d3d760566,com.mytalkingcatemma.ballerinagames,1.0,ru,Android OS 8.1.0 / API-27 (O11019/V11.0.10.0.OFIMIXM),16b86e6b-d71c-46bc-80ce-72f6b0bc6861,False,False,BD,1631441086.904816
0,could not receive ip address from ipfy,Error,/BuildNotice/0,MobileSDK,samsung SM-A107F,OpenGLES2,1.0,1.11.0,False,Programmatic1,Programmatic,12/09/2021 10:04:47 AM,6028e36ad1e80652e41054ca,6028e407a1ba2a0d3d760566,com.mytalkingcatemma.ballerinagames,1.0,en,Android OS 11 / API-30 (RP1A.200720.012/A107FXXU8CUG3),ce4af260-dd28-4a62-8aae-9c65ea88a54e,False,False,PH,1631441087.003296
0,An error occurred while sending the request,Error,/BuildNotice/0,MobileSDK,samsung SM-A107F,OpenGLES2,1.0,1.11.0,False,Programmatic1,Programmatic,12/09/2021 10:04:47 AM,6028e36ad1e80652e41054ca,6028e407a1ba2a0d3d760566,com.mytalkingcatemma.ballerinagames,1.0,en,Android OS 11 / API-30 (RP1A.200720.012/A107FXXU8CUG3),ce4af260-dd28-4a62-8aae-9c65ea88a54e,False,False,PH,1631441087.040201
0,could not receive ip address from ipfy,Error,/BuildNotice/0,MobileSDK,Realme RMX1821,OpenGLES2,1.0,1.11.0,False,LowRevenueCountryBlock,LowRevenueCountryBlock,09/12/2021 10:03:10,6028e36ad1e80652e41054ca,609d69021c511f4b1d4df1c4,com.pregnantcatemma.virtualpet,1.0,iv,Android OS 10 / API-29 (QP1A.190711.020/1624873154),e038be81-11ad-417f-990a-cf4faa24a61b,False,False,IQ,1631441087.12446
0,An error occurred while sending the request,Error,/BuildNotice/0,MobileSDK,Realme RMX1821,OpenGLES2,1.0,1.11.0,False,LowRevenueCountryBlock,LowRevenueCountryBlock,09/12/2021 10:03:10,6028e36ad1e80652e41054ca,609d69021c511f4b1d4df1c4,com.pregnantcatemma.virtualpet,1.0,iv,Android OS 10 / API-29 (QP1A.190711.020/1624873154),e038be81-11ad-417f-990a-cf4faa24a61b,False,False,IQ,1631441087.140356
0,An error occurred while sending the request,Error,/BuildNotice/0,MobileSDK,Xiaomi MI PLAY,OpenGLES2,1.0,1.11.0,False,LowRevenueCountryBlock,LowRevenueCountryBlock,12.09.2021 10:04:45,6028e36ad1e80652e41054ca,6028e407a1ba2a0d3d760566,com.mytalkingcatemma.ballerinagames,1.0,ru,Android OS 8.1.0 / API-27 (O11019/V11.0.10.0.OFIMIXM),16b86e6b-d71c-46bc-80ce-72f6b0bc6861,False,False,BD,1631441087.230702
0,could not receive ip address from ipfy,Error,/BuildNotice/0,MobileSDK,Xiaomi MI PLAY,OpenGLES2,1.0,1.11.0,False,LowRevenueCountryBlock,LowRevenueCountryBlock,12.09.2021 10:04:46,6028e36ad1e80652e41054ca,6028e407a1ba2a0d3d760566,com.mytalkingcatemma.ballerinagames,1.0,ru,Android OS 8.1.0 / API-27 (O11019/V11.0.10.0.OFIMIXM),16b86e6b-d71c-46bc-80ce-72f6b0bc6861,False,False,BD,1631441087.367572
0,could not receive ip address from ipfy,Error,/BuildNotice/0,MobileSDK,Realme RMX1821,OpenGLES2,1.0,1.11.0,False,LowRevenueCountryBlock,LowRevenueCountryBlock,09/12/2021 10:03:10,6028e36ad1e80652e41054ca,609d69021c511f4b1d4df1c4,com.pregnantcatemma.virtualpet,1.0,iv,Android OS 10 / API-29 (QP1A.190711.020/1624873154),e038be81-11ad-417f-990a-cf4faa24a61b,False,False,IQ,1631441087.383097
0,An error occurred while sending the request,Error,/BuildNotice/0,MobileSDK,Realme RMX1821,OpenGLES2,1.0,1.11.0,False,LowRevenueCountryBlock,LowRevenueCountryBlock,09/12/2021 10:03:10,6028e36ad1e80652e41054ca,609d69021c511f4b1d4df1c4,com.pregnantcatemma.virtualpet,1.0,iv,Android OS 10 / API-29 (QP1A.190711.020/1624873154),e038be81-11ad-417f-990a-cf4faa24a61b,False,False,IQ,1631441087.397737
0,An error occurred while sending the request,Error,/BuildNotice/0,MobileSDK,Xiaomi MI PLAY,OpenGLES2,1.0,1.11.0,False,LowRevenueCountryBlock,LowRevenueCountryBlock,12.09.2021 10:04:46,6028e36ad1e80652e41054ca,6028e407a1ba2a0d3d760566,com.mytalkingcatemma.ballerinagames,1.0,ru,Android OS 8.1.0 / API-27 (O11019/V11.0.10.0.OFIMIXM),16b86e6b-d71c-46bc-80ce-72f6b0bc6861,False,False,BD,1631441087.561832
0,could not receive ip address from ipfy,Error,/BuildNotice/0,MobileSDK,Realme RMX1821,OpenGLES2,1.0,1.11.0,False,LowRevenueCountryBlock,LowRevenueCountryBlock,09/12/2021 10:03:11,6028e36ad1e80652e41054ca,609d69021c511f4b1d4df1c4,com.pregnantcatemma.virtualpet,1.0,iv,Android OS 10 / API-29 (QP1A.190711.020/1624873154),e038be81-11ad-417f-990a-cf4faa24a61b,False,False,IQ,1631441087.636459
0,An error occurred while sending the request,Error,/BuildNotice/0,MobileSDK,Realme RMX1821,OpenGLES2,1.0,1.11.0,False,LowRevenueCountryBlock,LowRevenueCountryBlock,09/12/2021 10:03:11,6028e36ad1e80652e41054ca,609d69021c511f4b1d4df1c4,com.pregnantcatemma.virtualpet,1.0,iv,Android OS 10 / API-29 (QP1A.190711.020/1624873154),e038be81-11ad-417f-990a-cf4faa24a61b,False,False,IQ,1631441087.653075
0,could not receive ip address from ipfy,Error,/BuildNotice/0,MobileSDK,Realme RMX1821,OpenGLES2,1.0,1.11.0,False,LowRevenueCountryBlock,LowRevenueCountryBlock,09/12/2021 10:03:11,6028e36ad1e80652e41054ca,609d69021c511f4b1d4df1c4,com.pregnantcatemma.virtualpet,1.0,iv,Android OS 10 / API-29 (QP1A.190711.020/1624873154),e038be81-11ad-417f-990a-cf4faa24a61b,False,False,IQ,1631441087.895912
0,An error occurred while sending the request,Error,/BuildNotice/0,MobileSDK,Realme RMX1821,OpenGLES2,1.0,1.11.0,False,LowRevenueCountryBlock,LowRevenueCountryBlock,09/12/2021 10:03:11,6028e36ad1e80652e41054ca,609d69021c511f4b1d4df1c4,com.pregnantcatemma.virtualpet,1.0,iv,Android OS 10 / API-29 (QP1A.190711.020/1624873154),e038be81-11ad-417f-990a-cf4faa24a61b,False,False,IQ,1631441087.911096
0,could not receive ip address from ipfy,Error,/BuildNotice/0,MobileSDK,Realme RMX1821,OpenGLES2,1.0,1.11.0,False,LowRevenueCountryBlock,LowRevenueCountryBlock,09/12/2021 10:03:11,6028e36ad1e80652e41054ca,609d69021c511f4b1d4df1c4,com.pregnantcatemma.virtualpet,1.0,iv,Android OS 10 / API-29 (QP1A.190711.020/1624873154),e038be81-11ad-417f-990a-cf4faa24a61b,False,False,IQ,1631441088.153972
0,An error occurred while sending the request,Error,/BuildNotice/0,MobileSDK,Realme RMX1821,OpenGLES2,1.0,1.11.0,False,LowRevenueCountryBlock,LowRevenueCountryBlock,09/12/2021 10:03:11,6028e36ad1e80652e41054ca,609d69021c511f4b1d4df1c4,com.pregnantcatemma.virtualpet,1.0,iv,Android OS 10 / API-29 (QP1A.190711.020/1624873154),e038be81-11ad-417f-990a-cf4faa24a61b,False,False,IQ,1631441088.166081
0,could not receive ip address from ipfy,Error,/BuildNotice/0,MobileSDK,Xiaomi MI PLAY,OpenGLES2,1.0,1.11.0,False,LowRevenueCountryBlock,LowRevenueCountryBlock,12.09.2021 10:04:47,6028e36ad1e80652e41054ca,6028e407a1ba2a0d3d760566,com.mytalkingcatemma.ballerinagames,1.0,ru,Android OS 8.1.0 / API-27 (O11019/V11.0.10.0.OFIMIXM),16b86e6b-d71c-46bc-80ce-72f6b0bc6861,False,False,BD,1631441088.298811
0,An error occurred while sending the request,Error,/BuildNotice/0,MobileSDK,Xiaomi MI PLAY,OpenGLES2,1.0,1.11.0,False,LowRevenueCountryBlock,LowRevenueCountryBlock,12.09.2021 10:04:47,6028e36ad1e80652e41054ca,6028e407a1ba2a0d3d760566,com.mytalkingcatemma.ballerinagames,1.0,ru,Android OS 8.1.0 / API-27 (O11019/V11.0.10.0.OFIMIXM),16b86e6b-d71c-46bc-80ce-72f6b0bc6861,False,False,BD,1631441088.332904
0,could not receive ip address from ipfy,Error,/BuildNotice/0,MobileSDK,Realme RMX1821,OpenGLES2,1.0,1.11.0,False,LowRevenueCountryBlock,LowRevenueCountryBlock,09/12/2021 10:03:11,6028e36ad1e80652e41054ca,609d69021c511f4b1d4df1c4,com.pregnantcatemma.virtualpet,1.0,iv,Android OS 10 / API-29 (QP1A.190711.020/1624873154),e038be81-11ad-417f-990a-cf4faa24a61b,False,False,IQ,1631441088.40546
0,An error occurred while sending the request,Error,/BuildNotice/0,MobileSDK,Realme RMX1821,OpenGLES2,1.0,1.11.0,False,LowRevenueCountryBlock,LowRevenueCountryBlock,09/12/2021 10:03:11,6028e36ad1e80652e41054ca,609d69021c511f4b1d4df1c4,com.pregnantcatemma.virtualpet,1.0,iv,Android OS 10 / API-29 (QP1A.190711.020/1624873154),e038be81-11ad-417f-990a-cf4faa24a61b,False,False,IQ,1631441088.422345
0,could not receive ip address from ipfy,Error,/BuildNotice/0,MobileSDK,Realme RMX1821,OpenGLES2,1.0,1.11.0,False,LowRevenueCountryBlock,LowRevenueCountryBlock,09/12/2021 10:03:12,6028e36ad1e80652e41054ca,609d69021c511f4b1d4df1c4,com.pregnantcatemma.virtualpet,1.0,iv,Android OS 10 / API-29 (QP1A.190711.020/1624873154),e038be81-11ad-417f-990a-cf4faa24a61b,False,False,IQ,1631441088.662102
0,An error occurred while sending the request,Error,/BuildNotice/0,MobileSDK,Realme RMX1821,OpenGLES2,1.0,1.11.0,False,LowRevenueCountryBlock,LowRevenueCountryBlock,09/12/2021 10:03:12,6028e36ad1e80652e41054ca,609d69021c511f4b1d4df1c4,com.pregnantcatemma.virtualpet,1.0,iv,Android OS 10 / API-29 (QP1A.190711.020/1624873154),e038be81-11ad-417f-990a-cf4faa24a61b,False,False,IQ,1631441088.677744
0,could not receive ip address from ipfy,Error,/BuildNotice/0,MobileSDK,Realme RMX1821,OpenGLES2,1.0,1.11.0,False,LowRevenueCountryBlock,LowRevenueCountryBlock,09/12/2021 10:03:12,6028e36ad1e80652e41054ca,609d69021c511f4b1d4df1c4,com.pregnantcatemma.virtualpet,1.0,iv,Android OS 10 / API-29 (QP1A.190711.020/1624873154),e038be81-11ad-417f-990a-cf4faa24a61b,False,False,IQ,1631441088.919068
0,An error occurred while sending the request,Error,/BuildNotice/0,MobileSDK,Realme RMX1821,OpenGLES2,1.0,1.11.0,False,LowRevenueCountryBlock,LowRevenueCountryBlock,09/12/2021 10:03:12,6028e36ad1e80652e41054ca,609d69021c511f4b1d4df1c4,com.pregnantcatemma.virtualpet,1.0,iv,Android OS 10 / API-29 (QP1A.190711.020/1624873154),e038be81-11ad-417f-990a-cf4faa24a61b,False,False,IQ,1631441088.933822
0,An error occurred while sending the request,Error,/BuildNotice/0,MobileSDK,Xiaomi MI PLAY,OpenGLES2,1.0,1.11.0,False,LowRevenueCountryBlock,LowRevenueCountryBlock,12.09.2021 10:04:48,6028e36ad1e80652e41054ca,6028e407a1ba2a0d3d760566,com.mytalkingcatemma.ballerinagames,1.0,ru,Android OS 8.1.0 / API-27 (O11019/V11.0.10.0.OFIMIXM),16b86e6b-d71c-46bc-80ce-72f6b0bc6861,False,False,BD,1631441089.026929
0,could not receive ip address from ipfy,Error,/BuildNotice/0,MobileSDK,Xiaomi MI PLAY,OpenGLES2,1.0,1.11.0,False,LowRevenueCountryBlock,LowRevenueCountryBlock,12.09.2021 10:04:48,6028e36ad1e80652e41054ca,6028e407a1ba2a0d3d760566,com.mytalkingcatemma.ballerinagames,1.0,ru,Android OS 8.1.0 / API-27 (O11019/V11.0.10.0.OFIMIXM),16b86e6b-d71c-46bc-80ce-72f6b0bc6861,False,False,BD,1631441089.044625
0,could not receive ip address from ipfy,Error,/BuildNotice/0,MobileSDK,Realme RMX1821,OpenGLES2,1.0,1.11.0,False,LowRevenueCountryBlock,LowRevenueCountryBlock,09/12/2021 10:03:12,6028e36ad1e80652e41054ca,609d69021c511f4b1d4df1c4,com.pregnantcatemma.virtualpet,1.0,iv,Android OS 10 / API-29 (QP1A.190711.020/1624873154),e038be81-11ad-417f-990a-cf4faa24a61b,False,False,IQ,1631441089.170553
0,An error occurred while sending the request,Error,/BuildNotice/0,MobileSDK,Realme RMX1821,OpenGLES2,1.0,1.11.0,False,LowRevenueCountryBlock,LowRevenueCountryBlock,09/12/2021 10:03:12,6028e36ad1e80652e41054ca,609d69021c511f4b1d4df1c4,com.pregnantcatemma.virtualpet,1.0,iv,Android OS 10 / API-29 (QP1A.190711.020/1624873154),e038be81-11ad-417f-990a-cf4faa24a61b,False,False,IQ,1631441089.187208
0,could not receive ip address from ipfy,Error,/BuildNotice/0,MobileSDK,Realme RMX1821,OpenGLES2,1.0,1.11.0,False,LowRevenueCountryBlock,LowRevenueCountryBlock,09/12/2021 10:03:12,6028e36ad1e80652e41054ca,609d69021c511f4b1d4df1c4,com.pregnantcatemma.virtualpet,1.0,iv,Android OS 10 / API-29 (QP1A.190711.020/1624873154),e038be81-11ad-417f-990a-cf4faa24a61b,False,False,IQ,1631441089.42741
0,An error occurred while sending the request,Error,/BuildNotice/0,MobileSDK,Realme RMX1821,OpenGLES2,1.0,1.11.0,False,LowRevenueCountryBlock,LowRevenueCountryBlock,09/12/2021 10:03:12,6028e36ad1e80652e41054ca,609d69021c511f4b1d4df1c4,com.pregnantcatemma.virtualpet,1.0,iv,Android OS 10 / API-29 (QP1A.190711.020/1624873154),e038be81-11ad-417f-990a-cf4faa24a61b,False,False,IQ,1631441089.44528
0,could not receive ip address from ipfy,Error,/BuildNotice/0,MobileSDK,Xiaomi MI PLAY,OpenGLES2,1.0,1.11.0,False,LowRevenueCountryBlock,LowRevenueCountryBlock,12.09.2021 10:04:48,6028e36ad1e80652e41054ca,6028e407a1ba2a0d3d760566,com.mytalkingcatemma.ballerinagames,1.0,ru,Android OS 8.1.0 / API-27 (O11019/V11.0.10.0.OFIMIXM),16b86e6b-d71c-46bc-80ce-72f6b0bc6861,False,False,BD,1631441089.461496
0,"We are running ""Programmatic Flow"", you need to active gCom. 
 HTTP/1.1 400 Bad Request
{""product"": null, ""payment"": null, ""shipment_available_options"": [], ""session"": {""session_id"": ""1.0"", ""status"": ""Error: CODE_INVALID_FLOW_ID"", ""error_code"": 110}, ""flow"": ""gcom""}",Error,/BuildNotice/0,MobileSDK,HUAWEI MRD-LX1F,OpenGLES2,1.0,1.10.2,False,LowRevenueCountryBlock,LowRevenueCountryBlock,09/12/2021 10:04:46,611bdadcd4e35d332f3d5e66,611be843d5491c7d0a6ab0ce,com.thg.battleops.shooting.game,1.0,iv,Android OS 9 / API-28 (HUAWEIMRD-LX1F/9.1.0.333C185),8a308036-b9dc-4c6e-b2ef-68603899269b,True,False,IQ,1631441089.491514
0,could not receive ip address from ipfy,Error,/BuildNotice/0,MobileSDK,Realme RMX1821,OpenGLES2,1.0,1.11.0,False,LowRevenueCountryBlock,LowRevenueCountryBlock,09/12/2021 10:03:12,6028e36ad1e80652e41054ca,609d69021c511f4b1d4df1c4,com.pregnantcatemma.virtualpet,1.0,iv,Android OS 10 / API-29 (QP1A.190711.020/1624873154),e038be81-11ad-417f-990a-cf4faa24a61b,False,False,IQ,1631441089.684028
0,An error occurred while sending the request,Error,/BuildNotice/0,MobileSDK,Realme RMX1821,OpenGLES2,1.0,1.11.0,False,LowRevenueCountryBlock,LowRevenueCountryBlock,09/12/2021 10:03:12,6028e36ad1e80652e41054ca,609d69021c511f4b1d4df1c4,com.pregnantcatemma.virtualpet,1.0,iv,Android OS 10 / API-29 (QP1A.190711.020/1624873154),e038be81-11ad-417f-990a-cf4faa24a61b,False,False,IQ,1631441089.704287
0,An error occurred while sending the request,Error,/BuildNotice/0,MobileSDK,Xiaomi MI PLAY,OpenGLES2,1.0,1.11.0,False,LowRevenueCountryBlock,LowRevenueCountryBlock,12.09.2021 10:04:48,6028e36ad1e80652e41054ca,6028e407a1ba2a0d3d760566,com.mytalkingcatemma.ballerinagames,1.0,ru,Android OS 8.1.0 / API-27 (O11019/V11.0.10.0.OFIMIXM),16b86e6b-d71c-46bc-80ce-72f6b0bc6861,False,False,BD,1631441089.899015
0,could not receive ip address from ipfy,Error,/BuildNotice/0,MobileSDK,Realme RMX1821,OpenGLES2,1.0,1.11.0,False,LowRevenueCountryBlock,LowRevenueCountryBlock,09/12/2021 10:03:12,6028e36ad1e80652e41054ca,609d69021c511f4b1d4df1c4,com.pregnantcatemma.virtualpet,1.0,iv,Android OS 10 / API-29 (QP1A.190711.020/1624873154),e038be81-11ad-417f-990a-cf4faa24a61b,False,False,IQ,1631441089.943881
0,An error occurred while sending the request,Error,/BuildNotice/0,MobileSDK,Realme RMX1821,OpenGLES2,1.0,1.11.0,False,LowRevenueCountryBlock,LowRevenueCountryBlock,09/12/2021 10:03:12,6028e36ad1e80652e41054ca,609d69021c511f4b1d4df1c4,com.pregnantcatemma.virtualpet,1.0,iv,Android OS 10 / API-29 (QP1A.190711.020/1624873154),e038be81-11ad-417f-990a-cf4faa24a61b,False,False,IQ,1631441089.961574
0,could not receive ip address from ipfy,Error,/BuildNotice/0,MobileSDK,samsung SM-A107F,OpenGLES2,1.0,1.11.0,False,Programmatic1,Programmatic,12/09/2021 10:04:50 AM,6028e36ad1e80652e41054ca,6028e407a1ba2a0d3d760566,com.mytalkingcatemma.ballerinagames,1.0,en,Android OS 11 / API-30 (RP1A.200720.012/A107FXXU8CUG3),ce4af260-dd28-4a62-8aae-9c65ea88a54e,False,False,PH,1631441090.092269
0,An error occurred while sending the request,Error,/BuildNotice/0,MobileSDK,samsung SM-A107F,OpenGLES2,1.0,1.11.0,False,Programmatic1,Programmatic,12/09/2021 10:04:50 AM,6028e36ad1e80652e41054ca,6028e407a1ba2a0d3d760566,com.mytalkingcatemma.ballerinagames,1.0,en,Android OS 11 / API-30 (RP1A.200720.012/A107FXXU8CUG3),ce4af260-dd28-4a62-8aae-9c65ea88a54e,False,False,PH,1631441090.109786
0,could not receive ip address from ipfy,Error,/BuildNotice/0,MobileSDK,Realme RMX1821,OpenGLES2,1.0,1.11.0,False,LowRevenueCountryBlock,LowRevenueCountryBlock,09/12/2021 10:03:13,6028e36ad1e80652e41054ca,609d69021c511f4b1d4df1c4,com.pregnantcatemma.virtualpet,1.0,iv,Android OS 10 / API-29 (QP1A.190711.020/1624873154),e038be81-11ad-417f-990a-cf4faa24a61b,False,False,IQ,1631441090.199438
0,An error occurred while sending the request,Error,/BuildNotice/0,MobileSDK,Realme RMX1821,OpenGLES2,1.0,1.11.0,False,LowRevenueCountryBlock,LowRevenueCountryBlock,09/12/2021 10:03:13,6028e36ad1e80652e41054ca,609d69021c511f4b1d4df1c4,com.pregnantcatemma.virtualpet,1.0,iv,Android OS 10 / API-29 (QP1A.190711.020/1624873154),e038be81-11ad-417f-990a-cf4faa24a61b,False,False,IQ,1631441090.224209
0,could not receive ip address from ipfy,Error,/BuildNotice/0,MobileSDK,Xiaomi MI PLAY,OpenGLES2,1.0,1.11.0,False,LowRevenueCountryBlock,LowRevenueCountryBlock,12.09.2021 10:04:49,6028e36ad1e80652e41054ca,6028e407a1ba2a0d3d760566,com.mytalkingcatemma.ballerinagames,1.0,ru,Android OS 8.1.0 / API-27 (O11019/V11.0.10.0.OFIMIXM),16b86e6b-d71c-46bc-80ce-72f6b0bc6861,False,False,BD,1631441090.273993
0,could not receive ip address from ipfy,Error,/BuildNotice/0,MobileSDK,Realme RMX1821,OpenGLES2,1.0,1.11.0,False,LowRevenueCountryBlock,LowRevenueCountryBlock,09/12/2021 10:03:13,6028e36ad1e80652e41054ca,609d69021c511f4b1d4df1c4,com.pregnantcatemma.virtualpet,1.0,iv,Android OS 10 / API-29 (QP1A.190711.020/1624873154),e038be81-11ad-417f-990a-cf4faa24a61b,False,False,IQ,1631441090.452609
0,An error occurred while sending the request,Error,/BuildNotice/0,MobileSDK,Realme RMX1821,OpenGLES2,1.0,1.11.0,False,LowRevenueCountryBlock,LowRevenueCountryBlock,09/12/2021 10:03:13,6028e36ad1e80652e41054ca,609d69021c511f4b1d4df1c4,com.pregnantcatemma.virtualpet,1.0,iv,Android OS 10 / API-29 (QP1A.190711.020/1624873154),e038be81-11ad-417f-990a-cf4faa24a61b,False,False,IQ,1631441090.482947
0,An error occurred while sending the request,Error,/BuildNotice/0,MobileSDK,Xiaomi MI PLAY,OpenGLES2,1.0,1.11.0,False,LowRevenueCountryBlock,LowRevenueCountryBlock,12.09.2021 10:04:49,6028e36ad1e80652e41054ca,6028e407a1ba2a0d3d760566,com.mytalkingcatemma.ballerinagames,1.0,ru,Android OS 8.1.0 / API-27 (O11019/V11.0.10.0.OFIMIXM),16b86e6b-d71c-46bc-80ce-72f6b0bc6861,False,False,BD,1631441090.598266
0,could not receive ip address from ipfy,Error,/BuildNotice/0,MobileSDK,Realme RMX1821,OpenGLES2,1.0,1.11.0,False,LowRevenueCountryBlock,LowRevenueCountryBlock,09/12/2021 10:03:13,6028e36ad1e80652e41054ca,609d69021c511f4b1d4df1c4,com.pregnantcatemma.virtualpet,1.0,iv,Android OS 10 / API-29 (QP1A.190711.020/1624873154),e038be81-11ad-417f-990a-cf4faa24a61b,False,False,IQ,1631441090.705182
0,An error occurred while sending the request,Error,/BuildNotice/0,MobileSDK,Realme RMX1821,OpenGLES2,1.0,1.11.0,False,LowRevenueCountryBlock,LowRevenueCountryBlock,09/12/2021 10:03:13,6028e36ad1e80652e41054ca,609d69021c511f4b1d4df1c4,com.pregnantcatemma.virtualpet,1.0,iv,Android OS 10 / API-29 (QP1A.190711.020/1624873154),e038be81-11ad-417f-990a-cf4faa24a61b,False,False,IQ,1631441090.736803
0,could not receive ip address from ipfy,Error,/BuildNotice/0,MobileSDK,Xiaomi MI PLAY,OpenGLES2,1.0,1.11.0,False,LowRevenueCountryBlock,LowRevenueCountryBlock,12.09.2021 10:04:50,6028e36ad1e80652e41054ca,6028e407a1ba2a0d3d760566,com.mytalkingcatemma.ballerinagames,1.0,ru,Android OS 8.1.0 / API-27 (O11019/V11.0.10.0.OFIMIXM),16b86e6b-d71c-46bc-80ce-72f6b0bc6861,False,False,BD,1631441090.919802
0,could not receive ip address from ipfy,Error,/BuildNotice/0,MobileSDK,Realme RMX1821,OpenGLES2,1.0,1.11.0,False,LowRevenueCountryBlock,LowRevenueCountryBlock,09/12/2021 10:03:13,6028e36ad1e80652e41054ca,609d69021c511f4b1d4df1c4,com.pregnantcatemma.virtualpet,1.0,iv,Android OS 10 / API-29 (QP1A.190711.020/1624873154),e038be81-11ad-417f-990a-cf4faa24a61b,False,False,IQ,1631441090.964865
0,An error occurred while sending the request,Error,/BuildNotice/0,MobileSDK,Realme RMX1821,OpenGLES2,1.0,1.11.0,False,LowRevenueCountryBlock,LowRevenueCountryBlock,09/12/2021 10:03:13,6028e36ad1e80652e41054ca,609d69021c511f4b1d4df1c4,com.pregnantcatemma.virtualpet,1.0,iv,Android OS 10 / API-29 (QP1A.190711.020/1624873154),e038be81-11ad-417f-990a-cf4faa24a61b,False,False,IQ,1631441091.081538
0,could not receive ip address from ipfy,Error,/BuildNotice/0,MobileSDK,Realme RMX1821,OpenGLES2,1.0,1.11.0,False,LowRevenueCountryBlock,LowRevenueCountryBlock,09/12/2021 10:03:14,6028e36ad1e80652e41054ca,609d69021c511f4b1d4df1c4,com.pregnantcatemma.virtualpet,1.0,iv,Android OS 10 / API-29 (QP1A.190711.020/1624873154),e038be81-11ad-417f-990a-cf4faa24a61b,False,False,IQ,1631441091.22501
0,An error occurred while sending the request,Error,/BuildNotice/0,MobileSDK,Realme RMX1821,OpenGLES2,1.0,1.11.0,False,LowRevenueCountryBlock,LowRevenueCountryBlock,09/12/2021 10:03:14,6028e36ad1e80652e41054ca,609d69021c511f4b1d4df1c4,com.pregnantcatemma.virtualpet,1.0,iv,Android OS 10 / API-29 (QP1A.190711.020/1624873154),e038be81-11ad-417f-990a-cf4faa24a61b,False,False,IQ,1631441091.343369
0,An error occurred while sending the request,Error,/BuildNotice/0,MobileSDK,Xiaomi MI PLAY,OpenGLES2,1.0,1.11.0,False,LowRevenueCountryBlock,LowRevenueCountryBlock,12.09.2021 10:04:50,6028e36ad1e80652e41054ca,6028e407a1ba2a0d3d760566,com.mytalkingcatemma.ballerinagames,1.0,ru,Android OS 8.1.0 / API-27 (O11019/V11.0.10.0.OFIMIXM),16b86e6b-d71c-46bc-80ce-72f6b0bc6861,False,False,BD,1631441091.388215
0,could not receive ip address from ipfy,Error,/BuildNotice/0,MobileSDK,Realme RMX1821,OpenGLES2,1.0,1.11.0,False,LowRevenueCountryBlock,LowRevenueCountryBlock,09/12/2021 10:03:14,6028e36ad1e80652e41054ca,609d69021c511f4b1d4df1c4,com.pregnantcatemma.virtualpet,1.0,iv,Android OS 10 / API-29 (QP1A.190711.020/1624873154),e038be81-11ad-417f-990a-cf4faa24a61b,False,False,IQ,1631441091.479392
0,An error occurred while sending the request,Error,/BuildNotice/0,MobileSDK,Realme RMX1821,OpenGLES2,1.0,1.11.0,False,LowRevenueCountryBlock,LowRevenueCountryBlock,09/12/2021 10:03:14,6028e36ad1e80652e41054ca,609d69021c511f4b1d4df1c4,com.pregnantcatemma.virtualpet,1.0,iv,Android OS 10 / API-29 (QP1A.190711.020/1624873154),e038be81-11ad-417f-990a-cf4faa24a61b,False,False,IQ,1631441091.596419
0,could not receive ip address from ipfy,Error,/BuildNotice/0,MobileSDK,Xiaomi MI PLAY,OpenGLES2,1.0,1.11.0,False,LowRevenueCountryBlock,LowRevenueCountryBlock,12.09.2021 10:04:50,6028e36ad1e80652e41054ca,6028e407a1ba2a0d3d760566,com.mytalkingcatemma.ballerinagames,1.0,ru,Android OS 8.1.0 / API-27 (O11019/V11.0.10.0.OFIMIXM),16b86e6b-d71c-46bc-80ce-72f6b0bc6861,False,False,BD,1631441091.728633
0,could not receive ip address from ipfy,Error,/BuildNotice/0,MobileSDK,Realme RMX1821,OpenGLES2,1.0,1.11.0,False,LowRevenueCountryBlock,LowRevenueCountryBlock,09/12/2021 10:03:14,6028e36ad1e80652e41054ca,609d69021c511f4b1d4df1c4,com.pregnantcatemma.virtualpet,1.0,iv,Android OS 10 / API-29 (QP1A.190711.020/1624873154),e038be81-11ad-417f-990a-cf4faa24a61b,False,False,IQ,1631441091.744727
0,An error occurred while sending the request,Error,/BuildNotice/0,MobileSDK,Xiaomi MI PLAY,OpenGLES2,1.0,1.11.0,False,LowRevenueCountryBlock,LowRevenueCountryBlock,12.09.2021 10:04:50,6028e36ad1e80652e41054ca,6028e407a1ba2a0d3d760566,com.mytalkingcatemma.ballerinagames,1.0,ru,Android OS 8.1.0 / API-27 (O11019/V11.0.10.0.OFIMIXM),16b86e6b-d71c-46bc-80ce-72f6b0bc6861,False,False,BD,1631441091.760689
0,An error occurred while sending the request,Error,/BuildNotice/0,MobileSDK,Realme RMX1821,OpenGLES2,1.0,1.11.0,False,LowRevenueCountryBlock,LowRevenueCountryBlock,09/12/2021 10:03:14,6028e36ad1e80652e41054ca,609d69021c511f4b1d4df1c4,com.pregnantcatemma.virtualpet,1.0,iv,Android OS 10 / API-29 (QP1A.190711.020/1624873154),e038be81-11ad-417f-990a-cf4faa24a61b,False,False,IQ,1631441091.850546
0,could not receive ip address from ipfy,Error,/BuildNotice/0,MobileSDK,Realme RMX1821,OpenGLES2,1.0,1.11.0,False,LowRevenueCountryBlock,LowRevenueCountryBlock,09/12/2021 10:03:14,6028e36ad1e80652e41054ca,609d69021c511f4b1d4df1c4,com.pregnantcatemma.virtualpet,1.0,iv,Android OS 10 / API-29 (QP1A.190711.020/1624873154),e038be81-11ad-417f-990a-cf4faa24a61b,False,False,IQ,1631441092.000788
0,could not receive ip address from ipfy,Error,/BuildNotice/0,MobileSDK,Xiaomi MI PLAY,OpenGLES2,1.0,1.11.0,False,LowRevenueCountryBlock,LowRevenueCountryBlock,12.09.2021 10:04:50,6028e36ad1e80652e41054ca,6028e407a1ba2a0d3d760566,com.mytalkingcatemma.ballerinagames,1.0,ru,Android OS 8.1.0 / API-27 (O11019/V11.0.10.0.OFIMIXM),16b86e6b-d71c-46bc-80ce-72f6b0bc6861,False,False,BD,1631441092.071459
0,An error occurred while sending the request,Error,/BuildNotice/0,MobileSDK,Realme RMX1821,OpenGLES2,1.0,1.11.0,False,LowRevenueCountryBlock,LowRevenueCountryBlock,09/12/2021 10:03:14,6028e36ad1e80652e41054ca,609d69021c511f4b1d4df1c4,com.pregnantcatemma.virtualpet,1.0,iv,Android OS 10 / API-29 (QP1A.190711.020/1624873154),e038be81-11ad-417f-990a-cf4faa24a61b,False,False,IQ,1631441092.103494
0,could not receive ip address from ipfy,Error,/BuildNotice/0,MobileSDK,Realme RMX1821,OpenGLES2,1.0,1.11.0,False,LowRevenueCountryBlock,LowRevenueCountryBlock,09/12/2021 10:03:14,6028e36ad1e80652e41054ca,609d69021c511f4b1d4df1c4,com.pregnantcatemma.virtualpet,1.0,iv,Android OS 10 / API-29 (QP1A.190711.020/1624873154),e038be81-11ad-417f-990a-cf4faa24a61b,False,False,IQ,1631441092.256637
0,An error occurred while sending the request,Error,/BuildNotice/0,MobileSDK,Realme RMX1821,OpenGLES2,1.0,1.11.0,False,LowRevenueCountryBlock,LowRevenueCountryBlock,09/12/2021 10:03:14,6028e36ad1e80652e41054ca,609d69021c511f4b1d4df1c4,com.pregnantcatemma.virtualpet,1.0,iv,Android OS 10 / API-29 (QP1A.190711.020/1624873154),e038be81-11ad-417f-990a-cf4faa24a61b,False,False,IQ,1631441092.367142
0,could not receive ip address from ipfy,Error,/BuildNotice/0,MobileSDK,HUAWEI JAT-LX3,OpenGLES2,1.0,1.11.0,False,Programmatic1,Programmatic,9/12/2021 10:04:44 AM,6028e36ad1e80652e41054ca,6028e407a1ba2a0d3d760566,com.mytalkingcatemma.ballerinagames,1.0,en,Android OS 9 / API-28 (HUAWEIJAT-LX3/9.1.0.331C636),4773ea92-c053-4e4b-9596-2afed257d963,False,False,IN,1631441092.466748
0,An error occurred while sending the request,Error,/BuildNotice/0,MobileSDK,HUAWEI JAT-LX3,OpenGLES2,1.0,1.11.0,False,Programmatic1,Programmatic,9/12/2021 10:04:44 AM,6028e36ad1e80652e41054ca,6028e407a1ba2a0d3d760566,com.mytalkingcatemma.ballerinagames,1.0,en,Android OS 9 / API-28 (HUAWEIJAT-LX3/9.1.0.331C636),4773ea92-c053-4e4b-9596-2afed257d963,False,False,IN,1631441092.489111
0,An error occurred while sending the request,Error,/BuildNotice/0,MobileSDK,Xiaomi MI PLAY,OpenGLES2,1.0,1.11.0,False,LowRevenueCountryBlock,LowRevenueCountryBlock,12.09.2021 10:04:50,6028e36ad1e80652e41054ca,6028e407a1ba2a0d3d760566,com.mytalkingcatemma.ballerinagames,1.0,ru,Android OS 8.1.0 / API-27 (O11019/V11.0.10.0.OFIMIXM),16b86e6b-d71c-46bc-80ce-72f6b0bc6861,False,False,BD,1631441092.50459
0,could not receive ip address from ipfy,Error,/BuildNotice/0,MobileSDK,Realme RMX1821,OpenGLES2,1.0,1.11.0,False,LowRevenueCountryBlock,LowRevenueCountryBlock,09/12/2021 10:03:15,6028e36ad1e80652e41054ca,609d69021c511f4b1d4df1c4,com.pregnantcatemma.virtualpet,1.0,iv,Android OS 10 / API-29 (QP1A.190711.020/1624873154),e038be81-11ad-417f-990a-cf4faa24a61b,False,False,IQ,1631441092.518548
0,An error occurred while sending the request,Error,/BuildNotice/0,MobileSDK,Realme RMX1821,OpenGLES2,1.0,1.11.0,False,LowRevenueCountryBlock,LowRevenueCountryBlock,09/12/2021 10:03:15,6028e36ad1e80652e41054ca,609d69021c511f4b1d4df1c4,com.pregnantcatemma.virtualpet,1.0,iv,Android OS 10 / API-29 (QP1A.190711.020/1624873154),e038be81-11ad-417f-990a-cf4faa24a61b,False,False,IQ,1631441092.6222
0,could not receive ip address from ipfy,Error,/BuildNotice/0,MobileSDK,Xiaomi MI PLAY,OpenGLES2,1.0,1.11.0,False,LowRevenueCountryBlock,LowRevenueCountryBlock,12.09.2021 10:04:52,6028e36ad1e80652e41054ca,6028e407a1ba2a0d3d760566,com.mytalkingcatemma.ballerinagames,1.0,ru,Android OS 8.1.0 / API-27 (O11019/V11.0.10.0.OFIMIXM),16b86e6b-d71c-46bc-80ce-72f6b0bc6861,False,False,BD,1631441092.701208
0,could not receive ip address from ipfy,Error,/BuildNotice/0,MobileSDK,Realme RMX1821,OpenGLES2,1.0,1.11.0,False,LowRevenueCountryBlock,LowRevenueCountryBlock,09/12/2021 10:03:15,6028e36ad1e80652e41054ca,609d69021c511f4b1d4df1c4,com.pregnantcatemma.virtualpet,1.0,iv,Android OS 10 / API-29 (QP1A.190711.020/1624873154),e038be81-11ad-417f-990a-cf4faa24a61b,False,False,IQ,1631441092.825037
0,An error occurred while sending the request,Error,/BuildNotice/0,MobileSDK,Xiaomi MI PLAY,OpenGLES2,1.0,1.11.0,False,LowRevenueCountryBlock,LowRevenueCountryBlock,12.09.2021 10:04:52,6028e36ad1e80652e41054ca,6028e407a1ba2a0d3d760566,com.mytalkingcatemma.ballerinagames,1.0,ru,Android OS 8.1.0 / API-27 (O11019/V11.0.10.0.OFIMIXM),16b86e6b-d71c-46bc-80ce-72f6b0bc6861,False,False,BD,1631441092.869438
0,An error occurred while sending the request,Error,/BuildNotice/0,MobileSDK,Realme RMX1821,OpenGLES2,1.0,1.11.0,False,LowRevenueCountryBlock,LowRevenueCountryBlock,09/12/2021 10:03:15,6028e36ad1e80652e41054ca,609d69021c511f4b1d4df1c4,com.pregnantcatemma.virtualpet,1.0,iv,Android OS 10 / API-29 (QP1A.190711.020/1624873154),e038be81-11ad-417f-990a-cf4faa24a61b,False,False,IQ,1631441092.885638
0,could not receive ip address from ipfy,Error,/BuildNotice/0,MobileSDK,Realme RMX1821,OpenGLES2,1.0,1.11.0,False,LowRevenueCountryBlock,LowRevenueCountryBlock,09/12/2021 10:03:15,6028e36ad1e80652e41054ca,609d69021c511f4b1d4df1c4,com.pregnantcatemma.virtualpet,1.0,iv,Android OS 10 / API-29 (QP1A.190711.020/1624873154),e038be81-11ad-417f-990a-cf4faa24a61b,False,False,IQ,1631441093.077586
0,An error occurred while sending the request,Error,/BuildNotice/0,MobileSDK,Realme RMX1821,OpenGLES2,1.0,1.11.0,False,LowRevenueCountryBlock,LowRevenueCountryBlock,09/12/2021 10:03:15,6028e36ad1e80652e41054ca,609d69021c511f4b1d4df1c4,com.pregnantcatemma.virtualpet,1.0,iv,Android OS 10 / API-29 (QP1A.190711.020/1624873154),e038be81-11ad-417f-990a-cf4faa24a61b,False,False,IQ,1631441093.139845
0,could not receive ip address from ipfy,Error,/BuildNotice/0,MobileSDK,samsung SM-A107F,OpenGLES2,1.0,1.11.0,False,Programmatic1,Programmatic,12/09/2021 10:04:53 AM,6028e36ad1e80652e41054ca,6028e407a1ba2a0d3d760566,com.mytalkingcatemma.ballerinagames,1.0,en,Android OS 11 / API-30 (RP1A.200720.012/A107FXXU8CUG3),ce4af260-dd28-4a62-8aae-9c65ea88a54e,False,False,PH,1631441093.154962
0,An error occurred while sending the request,Error,/BuildNotice/0,MobileSDK,samsung SM-A107F,OpenGLES2,1.0,1.11.0,False,Programmatic1,Programmatic,12/09/2021 10:04:53 AM,6028e36ad1e80652e41054ca,6028e407a1ba2a0d3d760566,com.mytalkingcatemma.ballerinagames,1.0,en,Android OS 11 / API-30 (RP1A.200720.012/A107FXXU8CUG3),ce4af260-dd28-4a62-8aae-9c65ea88a54e,False,False,PH,1631441093.181226
0,An error occurred while sending the request,Error,/BuildNotice/0,MobileSDK,Xiaomi MI PLAY,OpenGLES2,1.0,1.11.0,False,LowRevenueCountryBlock,LowRevenueCountryBlock,12.09.2021 10:04:52,6028e36ad1e80652e41054ca,6028e407a1ba2a0d3d760566,com.mytalkingcatemma.ballerinagames,1.0,ru,Android OS 8.1.0 / API-27 (O11019/V11.0.10.0.OFIMIXM),16b86e6b-d71c-46bc-80ce-72f6b0bc6861,False,False,BD,1631441093.33796
0,could not receive ip address from ipfy,Error,/BuildNotice/0,MobileSDK,Xiaomi MI PLAY,OpenGLES2,1.0,1.11.0,False,LowRevenueCountryBlock,LowRevenueCountryBlock,12.09.2021 10:04:52,6028e36ad1e80652e41054ca,6028e407a1ba2a0d3d760566,com.mytalkingcatemma.ballerinagames,1.0,ru,Android OS 8.1.0 / API-27 (O11019/V11.0.10.0.OFIMIXM),16b86e6b-d71c-46bc-80ce-72f6b0bc6861,False,False,BD,1631441093.356551
0,could not receive ip address from ipfy,Error,/BuildNotice/0,MobileSDK,Realme RMX1821,OpenGLES2,1.0,1.11.0,False,LowRevenueCountryBlock,LowRevenueCountryBlock,09/12/2021 10:03:15,6028e36ad1e80652e41054ca,609d69021c511f4b1d4df1c4,com.pregnantcatemma.virtualpet,1.0,iv,Android OS 10 / API-29 (QP1A.190711.020/1624873154),e038be81-11ad-417f-990a-cf4faa24a61b,False,False,IQ,1631441093.377172
0,An error occurred while sending the request,Error,/BuildNotice/0,MobileSDK,Realme RMX1821,OpenGLES2,1.0,1.11.0,False,LowRevenueCountryBlock,LowRevenueCountryBlock,09/12/2021 10:03:15,6028e36ad1e80652e41054ca,609d69021c511f4b1d4df1c4,com.pregnantcatemma.virtualpet,1.0,iv,Android OS 10 / API-29 (QP1A.190711.020/1624873154),e038be81-11ad-417f-990a-cf4faa24a61b,False,False,IQ,1631441093.39558
0,could not receive ip address from ipfy,Error,/BuildNotice/0,MobileSDK,Realme RMX1821,OpenGLES2,1.0,1.11.0,False,LowRevenueCountryBlock,LowRevenueCountryBlock,09/12/2021 10:03:15,6028e36ad1e80652e41054ca,609d69021c511f4b1d4df1c4,com.pregnantcatemma.virtualpet,1.0,iv,Android OS 10 / API-29 (QP1A.190711.020/1624873154),e038be81-11ad-417f-990a-cf4faa24a61b,False,False,IQ,1631441093.634787
0,An error occurred while sending the request,Error,/BuildNotice/0,MobileSDK,Realme RMX1821,OpenGLES2,1.0,1.11.0,False,LowRevenueCountryBlock,LowRevenueCountryBlock,09/12/2021 10:03:15,6028e36ad1e80652e41054ca,609d69021c511f4b1d4df1c4,com.pregnantcatemma.virtualpet,1.0,iv,Android OS 10 / API-29 (QP1A.190711.020/1624873154),e038be81-11ad-417f-990a-cf4faa24a61b,False,False,IQ,1631441093.655421
0,could not receive ip address from ipfy,Error,/BuildNotice/0,MobileSDK,Realme RMX1821,OpenGLES2,1.0,1.11.0,False,LowRevenueCountryBlock,LowRevenueCountryBlock,09/12/2021 10:03:15,6028e36ad1e80652e41054ca,609d69021c511f4b1d4df1c4,com.pregnantcatemma.virtualpet,1.0,iv,Android OS 10 / API-29 (QP1A.190711.020/1624873154),e038be81-11ad-417f-990a-cf4faa24a61b,False,False,IQ,1631441093.888786
0,An error occurred while sending the request,Error,/BuildNotice/0,MobileSDK,Realme RMX1821,OpenGLES2,1.0,1.11.0,False,LowRevenueCountryBlock,LowRevenueCountryBlock,09/12/2021 10:03:15,6028e36ad1e80652e41054ca,609d69021c511f4b1d4df1c4,com.pregnantcatemma.virtualpet,1.0,iv,Android OS 10 / API-29 (QP1A.190711.020/1624873154),e038be81-11ad-417f-990a-cf4faa24a61b,False,False,IQ,1631441093.915675
0,could not receive ip address from ipfy,Error,/BuildNotice/0,MobileSDK,Realme RMX1821,OpenGLES2,1.0,1.11.0,False,LowRevenueCountryBlock,LowRevenueCountryBlock,09/12/2021 10:03:16,6028e36ad1e80652e41054ca,609d69021c511f4b1d4df1c4,com.pregnantcatemma.virtualpet,1.0,iv,Android OS 10 / API-29 (QP1A.190711.020/1624873154),e038be81-11ad-417f-990a-cf4faa24a61b,False,False,IQ,1631441094.141527
0,An error occurred while sending the request,Error,/BuildNotice/0,MobileSDK,Realme RMX1821,OpenGLES2,1.0,1.11.0,False,LowRevenueCountryBlock,LowRevenueCountryBlock,09/12/2021 10:03:16,6028e36ad1e80652e41054ca,609d69021c511f4b1d4df1c4,com.pregnantcatemma.virtualpet,1.0,iv,Android OS 10 / API-29 (QP1A.190711.020/1624873154),e038be81-11ad-417f-990a-cf4faa24a61b,False,False,IQ,1631441094.17558
0,could not receive ip address from ipfy,Error,/BuildNotice/0,MobileSDK,Xiaomi MI PLAY,OpenGLES2,1.0,1.11.0,False,LowRevenueCountryBlock,LowRevenueCountryBlock,12.09.2021 10:04:53,6028e36ad1e80652e41054ca,6028e407a1ba2a0d3d760566,com.mytalkingcatemma.ballerinagames,1.0,ru,Android OS 8.1.0 / API-27 (O11019/V11.0.10.0.OFIMIXM),16b86e6b-d71c-46bc-80ce-72f6b0bc6861,False,False,BD,1631441094.298038
0,An error occurred while sending the request,Error,/BuildNotice/0,MobileSDK,Xiaomi MI PLAY,OpenGLES2,1.0,1.11.0,False,LowRevenueCountryBlock,LowRevenueCountryBlock,12.09.2021 10:04:53,6028e36ad1e80652e41054ca,6028e407a1ba2a0d3d760566,com.mytalkingcatemma.ballerinagames,1.0,ru,Android OS 8.1.0 / API-27 (O11019/V11.0.10.0.OFIMIXM),16b86e6b-d71c-46bc-80ce-72f6b0bc6861,False,False,BD,1631441094.334515
0,could not receive ip address from ipfy,Error,/BuildNotice/0,MobileSDK,Realme RMX1821,OpenGLES2,1.0,1.11.0,False,LowRevenueCountryBlock,LowRevenueCountryBlock,09/12/2021 10:03:16,6028e36ad1e80652e41054ca,609d69021c511f4b1d4df1c4,com.pregnantcatemma.virtualpet,1.0,iv,Android OS 10 / API-29 (QP1A.190711.020/1624873154),e038be81-11ad-417f-990a-cf4faa24a61b,False,False,IQ,1631441094.399584
0,An error occurred while sending the request,Error,/BuildNotice/0,MobileSDK,Realme RMX1821,OpenGLES2,1.0,1.11.0,False,LowRevenueCountryBlock,LowRevenueCountryBlock,09/12/2021 10:03:16,6028e36ad1e80652e41054ca,609d69021c511f4b1d4df1c4,com.pregnantcatemma.virtualpet,1.0,iv,Android OS 10 / API-29 (QP1A.190711.020/1624873154),e038be81-11ad-417f-990a-cf4faa24a61b,False,False,IQ,1631441094.436777
0,could not receive ip address from ipfy,Error,/BuildNotice/0,MobileSDK,Realme RMX1821,OpenGLES2,1.0,1.11.0,False,LowRevenueCountryBlock,LowRevenueCountryBlock,09/12/2021 10:03:16,6028e36ad1e80652e41054ca,609d69021c511f4b1d4df1c4,com.pregnantcatemma.virtualpet,1.0,iv,Android OS 10 / API-29 (QP1A.190711.020/1624873154),e038be81-11ad-417f-990a-cf4faa24a61b,False,False,IQ,1631441094.659495
0,An error occurred while sending the request,Error,/BuildNotice/0,MobileSDK,Realme RMX1821,OpenGLES2,1.0,1.11.0,False,LowRevenueCountryBlock,LowRevenueCountryBlock,09/12/2021 10:03:16,6028e36ad1e80652e41054ca,609d69021c511f4b1d4df1c4,com.pregnantcatemma.virtualpet,1.0,iv,Android OS 10 / API-29 (QP1A.190711.020/1624873154),e038be81-11ad-417f-990a-cf4faa24a61b,False,False,IQ,1631441094.696453
0,could not receive ip address from ipfy,Error,/BuildNotice/0,MobileSDK,Xiaomi MI PLAY,OpenGLES2,1.0,1.11.0,False,LowRevenueCountryBlock,LowRevenueCountryBlock,12.09.2021 10:04:54,6028e36ad1e80652e41054ca,6028e407a1ba2a0d3d760566,com.mytalkingcatemma.ballerinagames,1.0,ru,Android OS 8.1.0 / API-27 (O11019/V11.0.10.0.OFIMIXM),16b86e6b-d71c-46bc-80ce-72f6b0bc6861,False,False,BD,1631441094.745435
0,An error occurred while sending the request,Error,/BuildNotice/0,MobileSDK,Xiaomi MI PLAY,OpenGLES2,1.0,1.11.0,False,LowRevenueCountryBlock,LowRevenueCountryBlock,12.09.2021 10:04:54,6028e36ad1e80652e41054ca,6028e407a1ba2a0d3d760566,com.mytalkingcatemma.ballerinagames,1.0,ru,Android OS 8.1.0 / API-27 (O11019/V11.0.10.0.OFIMIXM),16b86e6b-d71c-46bc-80ce-72f6b0bc6861,False,False,BD,1631441094.788348
0,could not receive ip address from ipfy,Error,/BuildNotice/0,MobileSDK,Realme RMX1821,OpenGLES2,1.0,1.11.0,False,LowRevenueCountryBlock,LowRevenueCountryBlock,09/12/2021 10:03:16,6028e36ad1e80652e41054ca,609d69021c511f4b1d4df1c4,com.pregnantcatemma.virtualpet,1.0,iv,Android OS 10 / API-29 (QP1A.190711.020/1624873154),e038be81-11ad-417f-990a-cf4faa24a61b,False,False,IQ,1631441094.932958
0,An error occurred while sending the request,Error,/BuildNotice/0,MobileSDK,Realme RMX1821,OpenGLES2,1.0,1.11.0,False,LowRevenueCountryBlock,LowRevenueCountryBlock,09/12/2021 10:03:16,6028e36ad1e80652e41054ca,609d69021c511f4b1d4df1c4,com.pregnantcatemma.virtualpet,1.0,iv,Android OS 10 / API-29 (QP1A.190711.020/1624873154),e038be81-11ad-417f-990a-cf4faa24a61b,False,False,IQ,1631441094.95976
0,could not receive ip address from ipfy,Error,/BuildNotice/0,MobileSDK,Realme RMX1821,OpenGLES2,1.0,1.11.0,False,LowRevenueCountryBlock,LowRevenueCountryBlock,09/12/2021 10:03:16,6028e36ad1e80652e41054ca,609d69021c511f4b1d4df1c4,com.pregnantcatemma.virtualpet,1.0,iv,Android OS 10 / API-29 (QP1A.190711.020/1624873154),e038be81-11ad-417f-990a-cf4faa24a61b,False,False,IQ,1631441095.192671
0,An error occurred while sending the request,Error,/BuildNotice/0,MobileSDK,Realme RMX1821,OpenGLES2,1.0,1.11.0,False,LowRevenueCountryBlock,LowRevenueCountryBlock,09/12/2021 10:03:16,6028e36ad1e80652e41054ca,609d69021c511f4b1d4df1c4,com.pregnantcatemma.virtualpet,1.0,iv,Android OS 10 / API-29 (QP1A.190711.020/1624873154),e038be81-11ad-417f-990a-cf4faa24a61b,False,False,IQ,1631441095.216708
0,An error occurred while sending the request,Error,/BuildNotice/0,MobileSDK,Xiaomi MI PLAY,OpenGLES2,1.0,1.11.0,False,LowRevenueCountryBlock,LowRevenueCountryBlock,12.09.2021 10:04:54,6028e36ad1e80652e41054ca,6028e407a1ba2a0d3d760566,com.mytalkingcatemma.ballerinagames,1.0,ru,Android OS 8.1.0 / API-27 (O11019/V11.0.10.0.OFIMIXM),16b86e6b-d71c-46bc-80ce-72f6b0bc6861,False,False,BD,1631441095.693628
0,could not receive ip address from ipfy,Error,/BuildNotice/0,MobileSDK,Xiaomi MI PLAY,OpenGLES2,1.0,1.11.0,False,LowRevenueCountryBlock,LowRevenueCountryBlock,12.09.2021 10:04:54,6028e36ad1e80652e41054ca,6028e407a1ba2a0d3d760566,com.mytalkingcatemma.ballerinagames,1.0,ru,Android OS 8.1.0 / API-27 (O11019/V11.0.10.0.OFIMIXM),16b86e6b-d71c-46bc-80ce-72f6b0bc6861,False,False,BD,1631441095.79792
0,could not receive ip address from ipfy,Error,/BuildNotice/0,MobileSDK,Realme RMX1821,OpenGLES2,1.0,1.11.0,False,LowRevenueCountryBlock,LowRevenueCountryBlock,09/12/2021 10:03:17,6028e36ad1e80652e41054ca,609d69021c511f4b1d4df1c4,com.pregnantcatemma.virtualpet,1.0,iv,Android OS 10 / API-29 (QP1A.190711.020/1624873154),e038be81-11ad-417f-990a-cf4faa24a61b,False,False,IQ,1631441095.810229
0,An error occurred while sending the request,Error,/BuildNotice/0,MobileSDK,Realme RMX1821,OpenGLES2,1.0,1.11.0,False,LowRevenueCountryBlock,LowRevenueCountryBlock,09/12/2021 10:03:17,6028e36ad1e80652e41054ca,609d69021c511f4b1d4df1c4,com.pregnantcatemma.virtualpet,1.0,iv,Android OS 10 / API-29 (QP1A.190711.020/1624873154),e038be81-11ad-417f-990a-cf4faa24a61b,False,False,IQ,1631441095.882756
0,could not receive ip address from ipfy,Error,/BuildNotice/0,MobileSDK,samsung SM-A107F,OpenGLES2,1.0,1.11.0,False,Programmatic1,Programmatic,12/09/2021 10:04:56 AM,6028e36ad1e80652e41054ca,6028e407a1ba2a0d3d760566,com.mytalkingcatemma.ballerinagames,1.0,en,Android OS 11 / API-30 (RP1A.200720.012/A107FXXU8CUG3),ce4af260-dd28-4a62-8aae-9c65ea88a54e,False,False,PH,1631441096.133631
0,could not receive ip address from ipfy,Error,/BuildNotice/0,MobileSDK,Realme RMX1821,OpenGLES2,1.0,1.11.0,False,LowRevenueCountryBlock,LowRevenueCountryBlock,09/12/2021 10:03:17,6028e36ad1e80652e41054ca,609d69021c511f4b1d4df1c4,com.pregnantcatemma.virtualpet,1.0,iv,Android OS 10 / API-29 (QP1A.190711.020/1624873154),e038be81-11ad-417f-990a-cf4faa24a61b,False,False,IQ,1631441096.146787
0,An error occurred while sending the request,Error,/BuildNotice/0,MobileSDK,samsung SM-A107F,OpenGLES2,1.0,1.11.0,False,Programmatic1,Programmatic,12/09/2021 10:04:56 AM,6028e36ad1e80652e41054ca,6028e407a1ba2a0d3d760566,com.mytalkingcatemma.ballerinagames,1.0,en,Android OS 11 / API-30 (RP1A.200720.012/A107FXXU8CUG3),ce4af260-dd28-4a62-8aae-9c65ea88a54e,False,False,PH,1631441096.161837
0,could not receive ip address from ipfy,Error,/BuildNotice/0,MobileSDK,Xiaomi MI PLAY,OpenGLES2,1.0,1.11.0,False,LowRevenueCountryBlock,LowRevenueCountryBlock,12.09.2021 10:04:55,6028e36ad1e80652e41054ca,6028e407a1ba2a0d3d760566,com.mytalkingcatemma.ballerinagames,1.0,ru,Android OS 8.1.0 / API-27 (O11019/V11.0.10.0.OFIMIXM),16b86e6b-d71c-46bc-80ce-72f6b0bc6861,False,False,BD,1631441096.182798
0,An error occurred while sending the request,Error,/BuildNotice/0,MobileSDK,Realme RMX1821,OpenGLES2,1.0,1.11.0,False,LowRevenueCountryBlock,LowRevenueCountryBlock,09/12/2021 10:03:17,6028e36ad1e80652e41054ca,609d69021c511f4b1d4df1c4,com.pregnantcatemma.virtualpet,1.0,iv,Android OS 10 / API-29 (QP1A.190711.020/1624873154),e038be81-11ad-417f-990a-cf4faa24a61b,False,False,IQ,1631441096.197517
0,An error occurred while sending the request,Error,/BuildNotice/0,MobileSDK,Xiaomi MI PLAY,OpenGLES2,1.0,1.11.0,False,LowRevenueCountryBlock,LowRevenueCountryBlock,12.09.2021 10:04:55,6028e36ad1e80652e41054ca,6028e407a1ba2a0d3d760566,com.mytalkingcatemma.ballerinagames,1.0,ru,Android OS 8.1.0 / API-27 (O11019/V11.0.10.0.OFIMIXM),16b86e6b-d71c-46bc-80ce-72f6b0bc6861,False,False,BD,1631441096.210975
0,could not receive ip address from ipfy,Error,/BuildNotice/0,MobileSDK,Realme RMX1821,OpenGLES2,1.0,1.11.0,False,LowRevenueCountryBlock,LowRevenueCountryBlock,09/12/2021 10:03:17,6028e36ad1e80652e41054ca,609d69021c511f4b1d4df1c4,com.pregnantcatemma.virtualpet,1.0,iv,Android OS 10 / API-29 (QP1A.190711.020/1624873154),e038be81-11ad-417f-990a-cf4faa24a61b,False,False,IQ,1631441096.401835
0,An error occurred while sending the request,Error,/BuildNotice/0,MobileSDK,Realme RMX1821,OpenGLES2,1.0,1.11.0,False,LowRevenueCountryBlock,LowRevenueCountryBlock,09/12/2021 10:03:17,6028e36ad1e80652e41054ca,609d69021c511f4b1d4df1c4,com.pregnantcatemma.virtualpet,1.0,iv,Android OS 10 / API-29 (QP1A.190711.020/1624873154),e038be81-11ad-417f-990a-cf4faa24a61b,False,False,IQ,1631441096.452952
0,could not receive ip address from ipfy,Error,/BuildNotice/0,MobileSDK,Xiaomi MI PLAY,OpenGLES2,1.0,1.11.0,False,LowRevenueCountryBlock,LowRevenueCountryBlock,12.09.2021 10:04:55,6028e36ad1e80652e41054ca,6028e407a1ba2a0d3d760566,com.mytalkingcatemma.ballerinagames,1.0,ru,Android OS 8.1.0 / API-27 (O11019/V11.0.10.0.OFIMIXM),16b86e6b-d71c-46bc-80ce-72f6b0bc6861,False,False,BD,1631441096.531475
0,An error occurred while sending the request,Error,/BuildNotice/0,MobileSDK,Xiaomi MI PLAY,OpenGLES2,1.0,1.11.0,False,LowRevenueCountryBlock,LowRevenueCountryBlock,12.09.2021 10:04:55,6028e36ad1e80652e41054ca,6028e407a1ba2a0d3d760566,com.mytalkingcatemma.ballerinagames,1.0,ru,Android OS 8.1.0 / API-27 (O11019/V11.0.10.0.OFIMIXM),16b86e6b-d71c-46bc-80ce-72f6b0bc6861,False,False,BD,1631441096.597023
0,could not receive ip address from ipfy,Error,/BuildNotice/0,MobileSDK,Realme RMX1821,OpenGLES2,1.0,1.11.0,False,LowRevenueCountryBlock,LowRevenueCountryBlock,09/12/2021 10:03:17,6028e36ad1e80652e41054ca,609d69021c511f4b1d4df1c4,com.pregnantcatemma.virtualpet,1.0,iv,Android OS 10 / API-29 (QP1A.190711.020/1624873154),e038be81-11ad-417f-990a-cf4faa24a61b,False,False,IQ,1631441096.66387
0,An error occurred while sending the request,Error,/BuildNotice/0,MobileSDK,Realme RMX1821,OpenGLES2,1.0,1.11.0,False,LowRevenueCountryBlock,LowRevenueCountryBlock,09/12/2021 10:03:17,6028e36ad1e80652e41054ca,609d69021c511f4b1d4df1c4,com.pregnantcatemma.virtualpet,1.0,iv,Android OS 10 / API-29 (QP1A.190711.020/1624873154),e038be81-11ad-417f-990a-cf4faa24a61b,False,False,IQ,1631441096.714443
0,An error occurred while sending the request,Error,/BuildNotice/0,MobileSDK,Xiaomi MI PLAY,OpenGLES2,1.0,1.11.0,False,LowRevenueCountryBlock,LowRevenueCountryBlock,12.09.2021 10:04:55,6028e36ad1e80652e41054ca,6028e407a1ba2a0d3d760566,com.mytalkingcatemma.ballerinagames,1.0,ru,Android OS 8.1.0 / API-27 (O11019/V11.0.10.0.OFIMIXM),16b86e6b-d71c-46bc-80ce-72f6b0bc6861,False,False,BD,1631441096.886081
0,could not receive ip address from ipfy,Error,/BuildNotice/0,MobileSDK,Xiaomi MI PLAY,OpenGLES2,1.0,1.11.0,False,LowRevenueCountryBlock,LowRevenueCountryBlock,12.09.2021 10:04:55,6028e36ad1e80652e41054ca,6028e407a1ba2a0d3d760566,com.mytalkingcatemma.ballerinagames,1.0,ru,Android OS 8.1.0 / API-27 (O11019/V11.0.10.0.OFIMIXM),16b86e6b-d71c-46bc-80ce-72f6b0bc6861,False,False,BD,1631441096.899377
0,could not receive ip address from ipfy,Error,/BuildNotice/0,MobileSDK,Realme RMX1821,OpenGLES2,1.0,1.11.0,False,LowRevenueCountryBlock,LowRevenueCountryBlock,09/12/2021 10:03:18,6028e36ad1e80652e41054ca,609d69021c511f4b1d4df1c4,com.pregnantcatemma.virtualpet,1.0,iv,Android OS 10 / API-29 (QP1A.190711.020/1624873154),e038be81-11ad-417f-990a-cf4faa24a61b,False,False,IQ,1631441096.918513
0,An error occurred while sending the request,Error,/BuildNotice/0,MobileSDK,Realme RMX1821,OpenGLES2,1.0,1.11.0,False,LowRevenueCountryBlock,LowRevenueCountryBlock,09/12/2021 10:03:18,6028e36ad1e80652e41054ca,609d69021c511f4b1d4df1c4,com.pregnantcatemma.virtualpet,1.0,iv,Android OS 10 / API-29 (QP1A.190711.020/1624873154),e038be81-11ad-417f-990a-cf4faa24a61b,False,False,IQ,1631441096.995518
0,could not receive ip address from ipfy,Error,/BuildNotice/0,MobileSDK,Xiaomi Redmi 8,OpenGLES2,1.0,1.11.0,False,Programmatic1,Programmatic,12.09.2021 10:04:54,6028e36ad1e80652e41054ca,6028e407a1ba2a0d3d760566,com.mytalkingcatemma.ballerinagames,1.0,ru,Android OS 10 / API-29 (QKQ1.191014.001/V12.0.3.0.QCNEUXM),ca8856c0-893a-4c1e-b14b-add5a144bc48,False,False,GB,1631441097.150708
0,could not receive ip address from ipfy,Error,/BuildNotice/0,MobileSDK,Xiaomi MI PLAY,OpenGLES2,1.0,1.11.0,False,LowRevenueCountryBlock,LowRevenueCountryBlock,12.09.2021 10:04:56,6028e36ad1e80652e41054ca,6028e407a1ba2a0d3d760566,com.mytalkingcatemma.ballerinagames,1.0,ru,Android OS 8.1.0 / API-27 (O11019/V11.0.10.0.OFIMIXM),16b86e6b-d71c-46bc-80ce-72f6b0bc6861,False,False,BD,1631441097.168593
0,An error occurred while sending the request,Error,/BuildNotice/0,MobileSDK,Xiaomi Redmi 8,OpenGLES2,1.0,1.11.0,False,Programmatic1,Programmatic,12.09.2021 10:04:54,6028e36ad1e80652e41054ca,6028e407a1ba2a0d3d760566,com.mytalkingcatemma.ballerinagames,1.0,ru,Android OS 10 / API-29 (QKQ1.191014.001/V12.0.3.0.QCNEUXM),ca8856c0-893a-4c1e-b14b-add5a144bc48,False,False,GB,1631441097.184869
0,could not receive ip address from ipfy,Error,/BuildNotice/0,MobileSDK,Realme RMX1821,OpenGLES2,1.0,1.11.0,False,LowRevenueCountryBlock,LowRevenueCountryBlock,09/12/2021 10:03:18,6028e36ad1e80652e41054ca,609d69021c511f4b1d4df1c4,com.pregnantcatemma.virtualpet,1.0,iv,Android OS 10 / API-29 (QP1A.190711.020/1624873154),e038be81-11ad-417f-990a-cf4faa24a61b,False,False,IQ,1631441097.234895
0,An error occurred while sending the request,Error,/BuildNotice/0,MobileSDK,Xiaomi MI PLAY,OpenGLES2,1.0,1.11.0,False,LowRevenueCountryBlock,LowRevenueCountryBlock,12.09.2021 10:04:56,6028e36ad1e80652e41054ca,6028e407a1ba2a0d3d760566,com.mytalkingcatemma.ballerinagames,1.0,ru,Android OS 8.1.0 / API-27 (O11019/V11.0.10.0.OFIMIXM),16b86e6b-d71c-46bc-80ce-72f6b0bc6861,False,False,BD,1631441097.251556
0,An error occurred while sending the request,Error,/BuildNotice/0,MobileSDK,Realme RMX1821,OpenGLES2,1.0,1.11.0,False,LowRevenueCountryBlock,LowRevenueCountryBlock,09/12/2021 10:03:18,6028e36ad1e80652e41054ca,609d69021c511f4b1d4df1c4,com.pregnantcatemma.virtualpet,1.0,iv,Android OS 10 / API-29 (QP1A.190711.020/1624873154),e038be81-11ad-417f-990a-cf4faa24a61b,False,False,IQ,1631441097.295077
0,could not receive ip address from ipfy,Error,/BuildNotice/0,MobileSDK,Realme RMX1821,OpenGLES2,1.0,1.11.0,False,LowRevenueCountryBlock,LowRevenueCountryBlock,09/12/2021 10:03:18,6028e36ad1e80652e41054ca,609d69021c511f4b1d4df1c4,com.pregnantcatemma.virtualpet,1.0,iv,Android OS 10 / API-29 (QP1A.190711.020/1624873154),e038be81-11ad-417f-990a-cf4faa24a61b,False,False,IQ,1631441097.492287
0,An error occurred while sending the request,Error,/BuildNotice/0,MobileSDK,Realme RMX1821,OpenGLES2,1.0,1.11.0,False,LowRevenueCountryBlock,LowRevenueCountryBlock,09/12/2021 10:03:18,6028e36ad1e80652e41054ca,609d69021c511f4b1d4df1c4,com.pregnantcatemma.virtualpet,1.0,iv,Android OS 10 / API-29 (QP1A.190711.020/1624873154),e038be81-11ad-417f-990a-cf4faa24a61b,False,False,IQ,1631441097.551994
0,could not receive ip address from ipfy,Error,/BuildNotice/0,MobileSDK,Realme RMX1821,OpenGLES2,1.0,1.11.0,False,LowRevenueCountryBlock,LowRevenueCountryBlock,09/12/2021 10:03:18,6028e36ad1e80652e41054ca,609d69021c511f4b1d4df1c4,com.pregnantcatemma.virtualpet,1.0,iv,Android OS 10 / API-29 (QP1A.190711.020/1624873154),e038be81-11ad-417f-990a-cf4faa24a61b,False,False,IQ,1631441097.75025
0,An error occurred while sending the request,Error,/BuildNotice/0,MobileSDK,Realme RMX1821,OpenGLES2,1.0,1.11.0,False,LowRevenueCountryBlock,LowRevenueCountryBlock,09/12/2021 10:03:18,6028e36ad1e80652e41054ca,609d69021c511f4b1d4df1c4,com.pregnantcatemma.virtualpet,1.0,iv,Android OS 10 / API-29 (QP1A.190711.020/1624873154),e038be81-11ad-417f-990a-cf4faa24a61b,False,False,IQ,1631441097.809629
0,could not receive ip address from ipfy,Error,/BuildNotice/0,MobileSDK,Realme RMX1821,OpenGLES2,1.0,1.11.0,False,LowRevenueCountryBlock,LowRevenueCountryBlock,09/12/2021 10:03:18,6028e36ad1e80652e41054ca,609d69021c511f4b1d4df1c4,com.pregnantcatemma.virtualpet,1.0,iv,Android OS 10 / API-29 (QP1A.190711.020/1624873154),e038be81-11ad-417f-990a-cf4faa24a61b,False,False,IQ,1631441098.007449
0,An error occurred while sending the request,Error,/BuildNotice/0,MobileSDK,Realme RMX1821,OpenGLES2,1.0,1.11.0,False,LowRevenueCountryBlock,LowRevenueCountryBlock,09/12/2021 10:03:18,6028e36ad1e80652e41054ca,609d69021c511f4b1d4df1c4,com.pregnantcatemma.virtualpet,1.0,iv,Android OS 10 / API-29 (QP1A.190711.020/1624873154),e038be81-11ad-417f-990a-cf4faa24a61b,False,False,IQ,1631441098.062051
0,could not receive ip address from ipfy,Error,/BuildNotice/0,MobileSDK,Realme RMX1821,OpenGLES2,1.0,1.11.0,False,LowRevenueCountryBlock,LowRevenueCountryBlock,09/12/2021 10:03:19,6028e36ad1e80652e41054ca,609d69021c511f4b1d4df1c4,com.pregnantcatemma.virtualpet,1.0,iv,Android OS 10 / API-29 (QP1A.190711.020/1624873154),e038be81-11ad-417f-990a-cf4faa24a61b,False,False,IQ,1631441098.260549
0,An error occurred while sending the request,Error,/BuildNotice/0,MobileSDK,Realme RMX1821,OpenGLES2,1.0,1.11.0,False,LowRevenueCountryBlock,LowRevenueCountryBlock,09/12/2021 10:03:19,6028e36ad1e80652e41054ca,609d69021c511f4b1d4df1c4,com.pregnantcatemma.virtualpet,1.0,iv,Android OS 10 / API-29 (QP1A.190711.020/1624873154),e038be81-11ad-417f-990a-cf4faa24a61b,False,False,IQ,1631441098.316541
0,An error occurred while sending the request,Error,/BuildNotice/0,MobileSDK,Xiaomi MI PLAY,OpenGLES2,1.0,1.11.0,False,LowRevenueCountryBlock,LowRevenueCountryBlock,12.09.2021 10:04:57,6028e36ad1e80652e41054ca,6028e407a1ba2a0d3d760566,com.mytalkingcatemma.ballerinagames,1.0,ru,Android OS 8.1.0 / API-27 (O11019/V11.0.10.0.OFIMIXM),16b86e6b-d71c-46bc-80ce-72f6b0bc6861,False,False,BD,1631441098.402547
0,could not receive ip address from ipfy,Error,/BuildNotice/0,MobileSDK,Xiaomi MI PLAY,OpenGLES2,1.0,1.11.0,False,LowRevenueCountryBlock,LowRevenueCountryBlock,12.09.2021 10:04:57,6028e36ad1e80652e41054ca,6028e407a1ba2a0d3d760566,com.mytalkingcatemma.ballerinagames,1.0,ru,Android OS 8.1.0 / API-27 (O11019/V11.0.10.0.OFIMIXM),16b86e6b-d71c-46bc-80ce-72f6b0bc6861,False,False,BD,1631441098.417634
0,could not receive ip address from ipfy,Error,/BuildNotice/0,MobileSDK,Realme RMX1821,OpenGLES2,1.0,1.11.0,False,LowRevenueCountryBlock,LowRevenueCountryBlock,09/12/2021 10:03:19,6028e36ad1e80652e41054ca,609d69021c511f4b1d4df1c4,com.pregnantcatemma.virtualpet,1.0,iv,Android OS 10 / API-29 (QP1A.190711.020/1624873154),e038be81-11ad-417f-990a-cf4faa24a61b,False,False,IQ,1631441098.513452
0,An error occurred while sending the request,Error,/BuildNotice/0,MobileSDK,Realme RMX1821,OpenGLES2,1.0,1.11.0,False,LowRevenueCountryBlock,LowRevenueCountryBlock,09/12/2021 10:03:19,6028e36ad1e80652e41054ca,609d69021c511f4b1d4df1c4,com.pregnantcatemma.virtualpet,1.0,iv,Android OS 10 / API-29 (QP1A.190711.020/1624873154),e038be81-11ad-417f-990a-cf4faa24a61b,False,False,IQ,1631441098.573507
0,could not receive ip address from ipfy,Error,/BuildNotice/0,MobileSDK,Realme RMX1821,OpenGLES2,1.0,1.11.0,False,LowRevenueCountryBlock,LowRevenueCountryBlock,09/12/2021 10:03:19,6028e36ad1e80652e41054ca,609d69021c511f4b1d4df1c4,com.pregnantcatemma.virtualpet,1.0,iv,Android OS 10 / API-29 (QP1A.190711.020/1624873154),e038be81-11ad-417f-990a-cf4faa24a61b,False,False,IQ,1631441098.768688
0,could not receive ip address from ipfy,Error,/BuildNotice/0,MobileSDK,Xiaomi MI PLAY,OpenGLES2,1.0,1.11.0,False,LowRevenueCountryBlock,LowRevenueCountryBlock,12.09.2021 10:04:58,6028e36ad1e80652e41054ca,6028e407a1ba2a0d3d760566,com.mytalkingcatemma.ballerinagames,1.0,ru,Android OS 8.1.0 / API-27 (O11019/V11.0.10.0.OFIMIXM),16b86e6b-d71c-46bc-80ce-72f6b0bc6861,False,False,BD,1631441098.822227
0,An error occurred while sending the request,Error,/BuildNotice/0,MobileSDK,Realme RMX1821,OpenGLES2,1.0,1.11.0,False,LowRevenueCountryBlock,LowRevenueCountryBlock,09/12/2021 10:03:19,6028e36ad1e80652e41054ca,609d69021c511f4b1d4df1c4,com.pregnantcatemma.virtualpet,1.0,iv,Android OS 10 / API-29 (QP1A.190711.020/1624873154),e038be81-11ad-417f-990a-cf4faa24a61b,False,False,IQ,1631441098.836931
0,could not receive ip address from ipfy,Error,/BuildNotice/0,MobileSDK,Realme RMX1821,OpenGLES2,1.0,1.11.0,False,LowRevenueCountryBlock,LowRevenueCountryBlock,09/12/2021 10:03:19,6028e36ad1e80652e41054ca,609d69021c511f4b1d4df1c4,com.pregnantcatemma.virtualpet,1.0,iv,Android OS 10 / API-29 (QP1A.190711.020/1624873154),e038be81-11ad-417f-990a-cf4faa24a61b,False,False,IQ,1631441099.025519
0,An error occurred while sending the request,Error,/BuildNotice/0,MobileSDK,Realme RMX1821,OpenGLES2,1.0,1.11.0,False,LowRevenueCountryBlock,LowRevenueCountryBlock,09/12/2021 10:03:19,6028e36ad1e80652e41054ca,609d69021c511f4b1d4df1c4,com.pregnantcatemma.virtualpet,1.0,iv,Android OS 10 / API-29 (QP1A.190711.020/1624873154),e038be81-11ad-417f-990a-cf4faa24a61b,False,False,IQ,1631441099.092483
0,An error occurred while sending the request,Error,/BuildNotice/0,MobileSDK,Xiaomi MI PLAY,OpenGLES2,1.0,1.11.0,False,LowRevenueCountryBlock,LowRevenueCountryBlock,12.09.2021 10:04:58,6028e36ad1e80652e41054ca,6028e407a1ba2a0d3d760566,com.mytalkingcatemma.ballerinagames,1.0,ru,Android OS 8.1.0 / API-27 (O11019/V11.0.10.0.OFIMIXM),16b86e6b-d71c-46bc-80ce-72f6b0bc6861,False,False,BD,1631441099.176733
0,could not receive ip address from ipfy,Error,/BuildNotice/0,MobileSDK,samsung SM-A107F,OpenGLES2,1.0,1.11.0,False,Programmatic1,Programmatic,12/09/2021 10:04:59 AM,6028e36ad1e80652e41054ca,6028e407a1ba2a0d3d760566,com.mytalkingcatemma.ballerinagames,1.0,en,Android OS 11 / API-30 (RP1A.200720.012/A107FXXU8CUG3),ce4af260-dd28-4a62-8aae-9c65ea88a54e,False,False,PH,1631441099.219793
0,An error occurred while sending the request,Error,/BuildNotice/0,MobileSDK,samsung SM-A107F,OpenGLES2,1.0,1.11.0,False,Programmatic1,Programmatic,12/09/2021 10:04:59 AM,6028e36ad1e80652e41054ca,6028e407a1ba2a0d3d760566,com.mytalkingcatemma.ballerinagames,1.0,en,Android OS 11 / API-30 (RP1A.200720.012/A107FXXU8CUG3),ce4af260-dd28-4a62-8aae-9c65ea88a54e,False,False,PH,1631441099.236355
0,could not receive ip address from ipfy,Error,/BuildNotice/0,MobileSDK,Realme RMX1821,OpenGLES2,1.0,1.11.0,False,LowRevenueCountryBlock,LowRevenueCountryBlock,09/12/2021 10:03:19,6028e36ad1e80652e41054ca,609d69021c511f4b1d4df1c4,com.pregnantcatemma.virtualpet,1.0,iv,Android OS 10 / API-29 (QP1A.190711.020/1624873154),e038be81-11ad-417f-990a-cf4faa24a61b,False,False,IQ,1631441099.282392
0,could not receive ip address from ipfy,Error,/BuildNotice/0,MobileSDK,Xiaomi MI PLAY,OpenGLES2,1.0,1.11.0,False,LowRevenueCountryBlock,LowRevenueCountryBlock,12.09.2021 10:04:58,6028e36ad1e80652e41054ca,6028e407a1ba2a0d3d760566,com.mytalkingcatemma.ballerinagames,1.0,ru,Android OS 8.1.0 / API-27 (O11019/V11.0.10.0.OFIMIXM),16b86e6b-d71c-46bc-80ce-72f6b0bc6861,False,False,BD,1631441099.336258
0,An error occurred while sending the request,Error,/BuildNotice/0,MobileSDK,Realme RMX1821,OpenGLES2,1.0,1.11.0,False,LowRevenueCountryBlock,LowRevenueCountryBlock,09/12/2021 10:03:19,6028e36ad1e80652e41054ca,609d69021c511f4b1d4df1c4,com.pregnantcatemma.virtualpet,1.0,iv,Android OS 10 / API-29 (QP1A.190711.020/1624873154),e038be81-11ad-417f-990a-cf4faa24a61b,False,False,IQ,1631441099.518543
0,could not receive ip address from ipfy,Error,/BuildNotice/0,MobileSDK,Realme RMX1821,OpenGLES2,1.0,1.11.0,False,LowRevenueCountryBlock,LowRevenueCountryBlock,09/12/2021 10:03:20,6028e36ad1e80652e41054ca,609d69021c511f4b1d4df1c4,com.pregnantcatemma.virtualpet,1.0,iv,Android OS 10 / API-29 (QP1A.190711.020/1624873154),e038be81-11ad-417f-990a-cf4faa24a61b,False,False,IQ,1631441099.581762
0,An error occurred while sending the request,Error,/BuildNotice/0,MobileSDK,Xiaomi MI PLAY,OpenGLES2,1.0,1.11.0,False,LowRevenueCountryBlock,LowRevenueCountryBlock,12.09.2021 10:04:58,6028e36ad1e80652e41054ca,6028e407a1ba2a0d3d760566,com.mytalkingcatemma.ballerinagames,1.0,ru,Android OS 8.1.0 / API-27 (O11019/V11.0.10.0.OFIMIXM),16b86e6b-d71c-46bc-80ce-72f6b0bc6861,False,False,BD,1631441099.600701
0,could not receive ip address from ipfy,Error,/BuildNotice/0,MobileSDK,Xiaomi MI PLAY,OpenGLES2,1.0,1.11.0,False,LowRevenueCountryBlock,LowRevenueCountryBlock,12.09.2021 10:04:59,6028e36ad1e80652e41054ca,6028e407a1ba2a0d3d760566,com.mytalkingcatemma.ballerinagames,1.0,ru,Android OS 8.1.0 / API-27 (O11019/V11.0.10.0.OFIMIXM),16b86e6b-d71c-46bc-80ce-72f6b0bc6861,False,False,BD,1631441099.821345
0,An error occurred while sending the request,Error,/BuildNotice/0,MobileSDK,Realme RMX1821,OpenGLES2,1.0,1.11.0,False,LowRevenueCountryBlock,LowRevenueCountryBlock,09/12/2021 10:03:20,6028e36ad1e80652e41054ca,609d69021c511f4b1d4df1c4,com.pregnantcatemma.virtualpet,1.0,iv,Android OS 10 / API-29 (QP1A.190711.020/1624873154),e038be81-11ad-417f-990a-cf4faa24a61b,False,False,IQ,1631441099.837842
0,could not receive ip address from ipfy,Error,/BuildNotice/0,MobileSDK,Realme RMX1821,OpenGLES2,1.0,1.11.0,False,LowRevenueCountryBlock,LowRevenueCountryBlock,09/12/2021 10:03:20,6028e36ad1e80652e41054ca,609d69021c511f4b1d4df1c4,com.pregnantcatemma.virtualpet,1.0,iv,Android OS 10 / API-29 (QP1A.190711.020/1624873154),e038be81-11ad-417f-990a-cf4faa24a61b,False,False,IQ,1631441099.853787
0,An error occurred while sending the request,Error,/BuildNotice/0,MobileSDK,Xiaomi MI PLAY,OpenGLES2,1.0,1.11.0,False,LowRevenueCountryBlock,LowRevenueCountryBlock,12.09.2021 10:04:59,6028e36ad1e80652e41054ca,6028e407a1ba2a0d3d760566,com.mytalkingcatemma.ballerinagames,1.0,ru,Android OS 8.1.0 / API-27 (O11019/V11.0.10.0.OFIMIXM),16b86e6b-d71c-46bc-80ce-72f6b0bc6861,False,False,BD,1631441099.996982
0,could not receive ip address from ipfy,Error,/BuildNotice/0,MobileSDK,Xiaomi MI PLAY,OpenGLES2,1.0,1.11.0,False,LowRevenueCountryBlock,LowRevenueCountryBlock,12.09.2021 10:04:59,6028e36ad1e80652e41054ca,6028e407a1ba2a0d3d760566,com.mytalkingcatemma.ballerinagames,1.0,ru,Android OS 8.1.0 / API-27 (O11019/V11.0.10.0.OFIMIXM),16b86e6b-d71c-46bc-80ce-72f6b0bc6861,False,False,BD,1631441100.187478
0,could not receive ip address from ipfy,Error,/BuildNotice/0,MobileSDK,Realme RMX1821,OpenGLES2,1.0,1.11.0,False,LowRevenueCountryBlock,LowRevenueCountryBlock,09/12/2021 10:03:20,6028e36ad1e80652e41054ca,609d69021c511f4b1d4df1c4,com.pregnantcatemma.virtualpet,1.0,iv,Android OS 10 / API-29 (QP1A.190711.020/1624873154),e038be81-11ad-417f-990a-cf4faa24a61b,False,False,IQ,1631441100.263713
0,An error occurred while sending the request,Error,/BuildNotice/0,MobileSDK,Realme RMX1821,OpenGLES2,1.0,1.11.0,False,LowRevenueCountryBlock,LowRevenueCountryBlock,09/12/2021 10:03:20,6028e36ad1e80652e41054ca,609d69021c511f4b1d4df1c4,com.pregnantcatemma.virtualpet,1.0,iv,Android OS 10 / API-29 (QP1A.190711.020/1624873154),e038be81-11ad-417f-990a-cf4faa24a61b,False,False,IQ,1631441100.279152
0,An error occurred while sending the request,Error,/BuildNotice/0,MobileSDK,Xiaomi MI PLAY,OpenGLES2,1.0,1.11.0,False,LowRevenueCountryBlock,LowRevenueCountryBlock,12.09.2021 10:04:59,6028e36ad1e80652e41054ca,6028e407a1ba2a0d3d760566,com.mytalkingcatemma.ballerinagames,1.0,ru,Android OS 8.1.0 / API-27 (O11019/V11.0.10.0.OFIMIXM),16b86e6b-d71c-46bc-80ce-72f6b0bc6861,False,False,BD,1631441100.342846
0,An error occurred while sending the request,Error,/BuildNotice/0,MobileSDK,Realme RMX1821,OpenGLES2,1.0,1.11.0,False,LowRevenueCountryBlock,LowRevenueCountryBlock,09/12/2021 10:03:20,6028e36ad1e80652e41054ca,609d69021c511f4b1d4df1c4,com.pregnantcatemma.virtualpet,1.0,iv,Android OS 10 / API-29 (QP1A.190711.020/1624873154),e038be81-11ad-417f-990a-cf4faa24a61b,False,False,IQ,1631441100.515499
0,could not receive ip address from ipfy,Error,/BuildNotice/0,MobileSDK,Realme RMX1821,OpenGLES2,1.0,1.11.0,False,LowRevenueCountryBlock,LowRevenueCountryBlock,09/12/2021 10:03:21,6028e36ad1e80652e41054ca,609d69021c511f4b1d4df1c4,com.pregnantcatemma.virtualpet,1.0,iv,Android OS 10 / API-29 (QP1A.190711.020/1624873154),e038be81-11ad-417f-990a-cf4faa24a61b,False,False,IQ,1631441100.534344
0,An error occurred while sending the request,Error,/BuildNotice/0,MobileSDK,Realme RMX1821,OpenGLES2,1.0,1.11.0,False,LowRevenueCountryBlock,LowRevenueCountryBlock,09/12/2021 10:03:21,6028e36ad1e80652e41054ca,609d69021c511f4b1d4df1c4,com.pregnantcatemma.virtualpet,1.0,iv,Android OS 10 / API-29 (QP1A.190711.020/1624873154),e038be81-11ad-417f-990a-cf4faa24a61b,False,False,IQ,1631441100.770553
0,could not receive ip address from ipfy,Error,/BuildNotice/0,MobileSDK,Realme RMX1821,OpenGLES2,1.0,1.11.0,False,LowRevenueCountryBlock,LowRevenueCountryBlock,09/12/2021 10:03:21,6028e36ad1e80652e41054ca,609d69021c511f4b1d4df1c4,com.pregnantcatemma.virtualpet,1.0,iv,Android OS 10 / API-29 (QP1A.190711.020/1624873154),e038be81-11ad-417f-990a-cf4faa24a61b,False,False,IQ,1631441100.787643
0,An error occurred while sending the request,Error,/BuildNotice/0,MobileSDK,Realme RMX1821,OpenGLES2,1.0,1.11.0,False,LowRevenueCountryBlock,LowRevenueCountryBlock,09/12/2021 10:03:21,6028e36ad1e80652e41054ca,609d69021c511f4b1d4df1c4,com.pregnantcatemma.virtualpet,1.0,iv,Android OS 10 / API-29 (QP1A.190711.020/1624873154),e038be81-11ad-417f-990a-cf4faa24a61b,False,False,IQ,1631441101.028018
0,could not receive ip address from ipfy,Error,/BuildNotice/0,MobileSDK,Realme RMX1821,OpenGLES2,1.0,1.11.0,False,LowRevenueCountryBlock,LowRevenueCountryBlock,09/12/2021 10:03:21,6028e36ad1e80652e41054ca,609d69021c511f4b1d4df1c4,com.pregnantcatemma.virtualpet,1.0,iv,Android OS 10 / API-29 (QP1A.190711.020/1624873154),e038be81-11ad-417f-990a-cf4faa24a61b,False,False,IQ,1631441101.050126
0,could not receive ip address from ipfy,Error,/BuildNotice/0,MobileSDK,Xiaomi MI PLAY,OpenGLES2,1.0,1.11.0,False,LowRevenueCountryBlock,LowRevenueCountryBlock,12.09.2021 10:04:59,6028e36ad1e80652e41054ca,6028e407a1ba2a0d3d760566,com.mytalkingcatemma.ballerinagames,1.0,ru,Android OS 8.1.0 / API-27 (O11019/V11.0.10.0.OFIMIXM),16b86e6b-d71c-46bc-80ce-72f6b0bc6861,False,False,BD,1631441101.232474
0,An error occurred while sending the request,Error,/BuildNotice/0,MobileSDK,Xiaomi MI PLAY,OpenGLES2,1.0,1.11.0,False,LowRevenueCountryBlock,LowRevenueCountryBlock,12.09.2021 10:04:59,6028e36ad1e80652e41054ca,6028e407a1ba2a0d3d760566,com.mytalkingcatemma.ballerinagames,1.0,ru,Android OS 8.1.0 / API-27 (O11019/V11.0.10.0.OFIMIXM),16b86e6b-d71c-46bc-80ce-72f6b0bc6861,False,False,BD,1631441102.178175
0,An error occurred while sending the request,Error,/BuildNotice/0,MobileSDK,Realme RMX1821,OpenGLES2,1.0,1.11.0,False,LowRevenueCountryBlock,LowRevenueCountryBlock,09/12/2021 10:03:21,6028e36ad1e80652e41054ca,609d69021c511f4b1d4df1c4,com.pregnantcatemma.virtualpet,1.0,iv,Android OS 10 / API-29 (QP1A.190711.020/1624873154),e038be81-11ad-417f-990a-cf4faa24a61b,False,False,IQ,1631441102.194017
0,could not receive ip address from ipfy,Error,/BuildNotice/0,MobileSDK,Realme RMX1821,OpenGLES2,1.0,1.11.0,False,LowRevenueCountryBlock,LowRevenueCountryBlock,09/12/2021 10:03:21,6028e36ad1e80652e41054ca,609d69021c511f4b1d4df1c4,com.pregnantcatemma.virtualpet,1.0,iv,Android OS 10 / API-29 (QP1A.190711.020/1624873154),e038be81-11ad-417f-990a-cf4faa24a61b,False,False,IQ,1631441102.221622
0,could not receive ip address from ipfy,Error,/BuildNotice/0,MobileSDK,samsung SM-A107F,OpenGLES2,1.0,1.11.0,False,Programmatic1,Programmatic,12/09/2021 10:05:02 AM,6028e36ad1e80652e41054ca,6028e407a1ba2a0d3d760566,com.mytalkingcatemma.ballerinagames,1.0,en,Android OS 11 / API-30 (RP1A.200720.012/A107FXXU8CUG3),ce4af260-dd28-4a62-8aae-9c65ea88a54e,False,False,PH,1631441102.298472
0,An error occurred while sending the request,Error,/BuildNotice/0,MobileSDK,samsung SM-A107F,OpenGLES2,1.0,1.11.0,False,Programmatic1,Programmatic,12/09/2021 10:05:02 AM,6028e36ad1e80652e41054ca,6028e407a1ba2a0d3d760566,com.mytalkingcatemma.ballerinagames,1.0,en,Android OS 11 / API-30 (RP1A.200720.012/A107FXXU8CUG3),ce4af260-dd28-4a62-8aae-9c65ea88a54e,False,False,PH,1631441102.326284
0,An error occurred while sending the request,Error,/BuildNotice/0,MobileSDK,Realme RMX1821,OpenGLES2,1.0,1.11.0,False,LowRevenueCountryBlock,LowRevenueCountryBlock,09/12/2021 10:03:21,6028e36ad1e80652e41054ca,609d69021c511f4b1d4df1c4,com.pregnantcatemma.virtualpet,1.0,iv,Android OS 10 / API-29 (QP1A.190711.020/1624873154),e038be81-11ad-417f-990a-cf4faa24a61b,False,False,IQ,1631441102.541109
0,could not receive ip address from ipfy,Error,/BuildNotice/0,MobileSDK,Realme RMX1821,OpenGLES2,1.0,1.11.0,False,LowRevenueCountryBlock,LowRevenueCountryBlock,09/12/2021 10:03:22,6028e36ad1e80652e41054ca,609d69021c511f4b1d4df1c4,com.pregnantcatemma.virtualpet,1.0,iv,Android OS 10 / API-29 (QP1A.190711.020/1624873154),e038be81-11ad-417f-990a-cf4faa24a61b,False,False,IQ,1631441102.556632
0,could not receive ip address from ipfy,Error,/BuildNotice/0,MobileSDK,Xiaomi MI PLAY,OpenGLES2,1.0,1.11.0,False,LowRevenueCountryBlock,LowRevenueCountryBlock,12.09.2021 10:05:01,6028e36ad1e80652e41054ca,6028e407a1ba2a0d3d760566,com.mytalkingcatemma.ballerinagames,1.0,ru,Android OS 8.1.0 / API-27 (O11019/V11.0.10.0.OFIMIXM),16b86e6b-d71c-46bc-80ce-72f6b0bc6861,False,False,BD,1631441102.619338
0,could not receive ip address from ipfy,Error,/BuildNotice/0,MobileSDK,Realme RMX1821,OpenGLES2,1.0,1.11.0,False,LowRevenueCountryBlock,LowRevenueCountryBlock,09/12/2021 10:03:22,6028e36ad1e80652e41054ca,609d69021c511f4b1d4df1c4,com.pregnantcatemma.virtualpet,1.0,iv,Android OS 10 / API-29 (QP1A.190711.020/1624873154),e038be81-11ad-417f-990a-cf4faa24a61b,False,False,IQ,1631441102.819872
0,An error occurred while sending the request,Error,/BuildNotice/0,MobileSDK,Realme RMX1821,OpenGLES2,1.0,1.11.0,False,LowRevenueCountryBlock,LowRevenueCountryBlock,09/12/2021 10:03:22,6028e36ad1e80652e41054ca,609d69021c511f4b1d4df1c4,com.pregnantcatemma.virtualpet,1.0,iv,Android OS 10 / API-29 (QP1A.190711.020/1624873154),e038be81-11ad-417f-990a-cf4faa24a61b,False,False,IQ,1631441102.834135
0,An error occurred while sending the request,Error,/BuildNotice/0,MobileSDK,Xiaomi MI PLAY,OpenGLES2,1.0,1.11.0,False,LowRevenueCountryBlock,LowRevenueCountryBlock,12.09.2021 10:05:01,6028e36ad1e80652e41054ca,6028e407a1ba2a0d3d760566,com.mytalkingcatemma.ballerinagames,1.0,ru,Android OS 8.1.0 / API-27 (O11019/V11.0.10.0.OFIMIXM),16b86e6b-d71c-46bc-80ce-72f6b0bc6861,False,False,BD,1631441102.975985
0,An error occurred while sending the request,Error,/BuildNotice/0,MobileSDK,Realme RMX1821,OpenGLES2,1.0,1.11.0,False,LowRevenueCountryBlock,LowRevenueCountryBlock,09/12/2021 10:03:22,6028e36ad1e80652e41054ca,609d69021c511f4b1d4df1c4,com.pregnantcatemma.virtualpet,1.0,iv,Android OS 10 / API-29 (QP1A.190711.020/1624873154),e038be81-11ad-417f-990a-cf4faa24a61b,False,False,IQ,1631441103.073766
0,could not receive ip address from ipfy,Error,/BuildNotice/0,MobileSDK,Realme RMX1821,OpenGLES2,1.0,1.11.0,False,LowRevenueCountryBlock,LowRevenueCountryBlock,09/12/2021 10:03:22,6028e36ad1e80652e41054ca,609d69021c511f4b1d4df1c4,com.pregnantcatemma.virtualpet,1.0,iv,Android OS 10 / API-29 (QP1A.190711.020/1624873154),e038be81-11ad-417f-990a-cf4faa24a61b,False,False,IQ,1631441103.092333
0,could not receive ip address from ipfy,Error,/BuildNotice/0,MobileSDK,Xiaomi MI PLAY,OpenGLES2,1.0,1.11.0,False,LowRevenueCountryBlock,LowRevenueCountryBlock,12.09.2021 10:05:02,6028e36ad1e80652e41054ca,6028e407a1ba2a0d3d760566,com.mytalkingcatemma.ballerinagames,1.0,ru,Android OS 8.1.0 / API-27 (O11019/V11.0.10.0.OFIMIXM),16b86e6b-d71c-46bc-80ce-72f6b0bc6861,False,False,BD,1631441103.30785
0,An error occurred while sending the request,Error,/BuildNotice/0,MobileSDK,Realme RMX1821,OpenGLES2,1.0,1.11.0,False,LowRevenueCountryBlock,LowRevenueCountryBlock,09/12/2021 10:03:22,6028e36ad1e80652e41054ca,609d69021c511f4b1d4df1c4,com.pregnantcatemma.virtualpet,1.0,iv,Android OS 10 / API-29 (QP1A.190711.020/1624873154),e038be81-11ad-417f-990a-cf4faa24a61b,False,False,IQ,1631441103.331647
0,could not receive ip address from ipfy,Error,/BuildNotice/0,MobileSDK,Realme RMX1821,OpenGLES2,1.0,1.11.0,False,LowRevenueCountryBlock,LowRevenueCountryBlock,09/12/2021 10:03:22,6028e36ad1e80652e41054ca,609d69021c511f4b1d4df1c4,com.pregnantcatemma.virtualpet,1.0,iv,Android OS 10 / API-29 (QP1A.190711.020/1624873154),e038be81-11ad-417f-990a-cf4faa24a61b,False,False,IQ,1631441103.348482
0,An error occurred while sending the request,Error,/BuildNotice/0,MobileSDK,Realme RMX1821,OpenGLES2,1.0,1.11.0,False,LowRevenueCountryBlock,LowRevenueCountryBlock,09/12/2021 10:03:22,6028e36ad1e80652e41054ca,609d69021c511f4b1d4df1c4,com.pregnantcatemma.virtualpet,1.0,iv,Android OS 10 / API-29 (QP1A.190711.020/1624873154),e038be81-11ad-417f-990a-cf4faa24a61b,False,False,IQ,1631441103.598449
0,could not receive ip address from ipfy,Error,/BuildNotice/0,MobileSDK,Realme RMX1821,OpenGLES2,1.0,1.11.0,False,LowRevenueCountryBlock,LowRevenueCountryBlock,09/12/2021 10:03:23,6028e36ad1e80652e41054ca,609d69021c511f4b1d4df1c4,com.pregnantcatemma.virtualpet,1.0,iv,Android OS 10 / API-29 (QP1A.190711.020/1624873154),e038be81-11ad-417f-990a-cf4faa24a61b,False,False,IQ,1631441103.628024
0,An error occurred while sending the request,Error,/BuildNotice/0,MobileSDK,Xiaomi MI PLAY,OpenGLES2,1.0,1.11.0,False,LowRevenueCountryBlock,LowRevenueCountryBlock,12.09.2021 10:05:02,6028e36ad1e80652e41054ca,6028e407a1ba2a0d3d760566,com.mytalkingcatemma.ballerinagames,1.0,ru,Android OS 8.1.0 / API-27 (O11019/V11.0.10.0.OFIMIXM),16b86e6b-d71c-46bc-80ce-72f6b0bc6861,False,False,BD,1631441103.750915
0,An error occurred while sending the request,Error,/BuildNotice/0,MobileSDK,Realme RMX1821,OpenGLES2,1.0,1.11.0,False,LowRevenueCountryBlock,LowRevenueCountryBlock,09/12/2021 10:03:23,6028e36ad1e80652e41054ca,609d69021c511f4b1d4df1c4,com.pregnantcatemma.virtualpet,1.0,iv,Android OS 10 / API-29 (QP1A.190711.020/1624873154),e038be81-11ad-417f-990a-cf4faa24a61b,False,False,IQ,1631441103.859797
0,could not receive ip address from ipfy,Error,/BuildNotice/0,MobileSDK,HUAWEI JAT-LX3,OpenGLES2,1.0,1.11.0,False,Programmatic1,Programmatic,9/12/2021 10:04:56 AM,6028e36ad1e80652e41054ca,6028e407a1ba2a0d3d760566,com.mytalkingcatemma.ballerinagames,1.0,en,Android OS 9 / API-28 (HUAWEIJAT-LX3/9.1.0.331C636),4773ea92-c053-4e4b-9596-2afed257d963,False,False,IN,1631441103.874927
0,An error occurred while sending the request,Error,/BuildNotice/0,MobileSDK,HUAWEI JAT-LX3,OpenGLES2,1.0,1.11.0,False,Programmatic1,Programmatic,9/12/2021 10:04:56 AM,6028e36ad1e80652e41054ca,6028e407a1ba2a0d3d760566,com.mytalkingcatemma.ballerinagames,1.0,en,Android OS 9 / API-28 (HUAWEIJAT-LX3/9.1.0.331C636),4773ea92-c053-4e4b-9596-2afed257d963,False,False,IN,1631441103.887664
0,could not receive ip address from ipfy,Error,/BuildNotice/0,MobileSDK,Realme RMX1821,OpenGLES2,1.0,1.11.0,False,LowRevenueCountryBlock,LowRevenueCountryBlock,09/12/2021 10:03:23,6028e36ad1e80652e41054ca,609d69021c511f4b1d4df1c4,com.pregnantcatemma.virtualpet,1.0,iv,Android OS 10 / API-29 (QP1A.190711.020/1624873154),e038be81-11ad-417f-990a-cf4faa24a61b,False,False,IQ,1631441103.90644
0,An error occurred while sending the request,Error,/BuildNotice/0,MobileSDK,Realme RMX1821,OpenGLES2,1.0,1.11.0,False,LowRevenueCountryBlock,LowRevenueCountryBlock,09/12/2021 10:03:23,6028e36ad1e80652e41054ca,609d69021c511f4b1d4df1c4,com.pregnantcatemma.virtualpet,1.0,iv,Android OS 10 / API-29 (QP1A.190711.020/1624873154),e038be81-11ad-417f-990a-cf4faa24a61b,False,False,IQ,1631441104.119648
0,could not receive ip address from ipfy,Error,/BuildNotice/0,MobileSDK,Realme RMX1821,OpenGLES2,1.0,1.11.0,False,LowRevenueCountryBlock,LowRevenueCountryBlock,09/12/2021 10:03:23,6028e36ad1e80652e41054ca,609d69021c511f4b1d4df1c4,com.pregnantcatemma.virtualpet,1.0,iv,Android OS 10 / API-29 (QP1A.190711.020/1624873154),e038be81-11ad-417f-990a-cf4faa24a61b,False,False,IQ,1631441104.159545
0,An error occurred while sending the request,Error,/BuildNotice/0,MobileSDK,samsung SM-A202F,OpenGLES2,1.0,1.11.0,False,LowRevenueCountryBlock,LowRevenueCountryBlock,09/12/2021 10:04:46,6028e36ad1e80652e41054ca,609d69021c511f4b1d4df1c4,com.pregnantcatemma.virtualpet,1.0,iv,Android OS 9 / API-28 (PPR1.180610.011/A202FXXU3ASL4),cb431fc9-a2e3-4502-a16e-d94f201c37bf,False,False,IQ,1631441104.180955
0,could not receive ip address from ipfy,Error,/BuildNotice/0,MobileSDK,samsung SM-A202F,OpenGLES2,1.0,1.11.0,False,LowRevenueCountryBlock,LowRevenueCountryBlock,09/12/2021 10:04:46,6028e36ad1e80652e41054ca,609d69021c511f4b1d4df1c4,com.pregnantcatemma.virtualpet,1.0,iv,Android OS 9 / API-28 (PPR1.180610.011/A202FXXU3ASL4),cb431fc9-a2e3-4502-a16e-d94f201c37bf,False,False,IQ,1631441104.201356
0,An error occurred while sending the request,Error,/BuildNotice/0,MobileSDK,Realme RMX1821,OpenGLES2,1.0,1.11.0,False,LowRevenueCountryBlock,LowRevenueCountryBlock,09/12/2021 10:03:23,6028e36ad1e80652e41054ca,609d69021c511f4b1d4df1c4,com.pregnantcatemma.virtualpet,1.0,iv,Android OS 10 / API-29 (QP1A.190711.020/1624873154),e038be81-11ad-417f-990a-cf4faa24a61b,False,False,IQ,1631441104.376154
0,could not receive ip address from ipfy,Error,/BuildNotice/0,MobileSDK,Realme RMX1821,OpenGLES2,1.0,1.11.0,False,LowRevenueCountryBlock,LowRevenueCountryBlock,09/12/2021 10:03:23,6028e36ad1e80652e41054ca,609d69021c511f4b1d4df1c4,com.pregnantcatemma.virtualpet,1.0,iv,Android OS 10 / API-29 (QP1A.190711.020/1624873154),e038be81-11ad-417f-990a-cf4faa24a61b,False,False,IQ,1631441104.417065
0,could not receive ip address from ipfy,Error,/BuildNotice/0,MobileSDK,Xiaomi MI PLAY,OpenGLES2,1.0,1.11.0,False,LowRevenueCountryBlock,LowRevenueCountryBlock,12.09.2021 10:05:03,6028e36ad1e80652e41054ca,6028e407a1ba2a0d3d760566,com.mytalkingcatemma.ballerinagames,1.0,ru,Android OS 8.1.0 / API-27 (O11019/V11.0.10.0.OFIMIXM),16b86e6b-d71c-46bc-80ce-72f6b0bc6861,False,False,BD,1631441104.590985
0,An error occurred while sending the request,Error,/BuildNotice/0,MobileSDK,Realme RMX1821,OpenGLES2,1.0,1.11.0,False,LowRevenueCountryBlock,LowRevenueCountryBlock,09/12/2021 10:03:23,6028e36ad1e80652e41054ca,609d69021c511f4b1d4df1c4,com.pregnantcatemma.virtualpet,1.0,iv,Android OS 10 / API-29 (QP1A.190711.020/1624873154),e038be81-11ad-417f-990a-cf4faa24a61b,False,False,IQ,1631441104.633746
0,could not receive ip address from ipfy,Error,/BuildNotice/0,MobileSDK,Realme RMX1821,OpenGLES2,1.0,1.11.0,False,LowRevenueCountryBlock,LowRevenueCountryBlock,09/12/2021 10:03:23,6028e36ad1e80652e41054ca,609d69021c511f4b1d4df1c4,com.pregnantcatemma.virtualpet,1.0,iv,Android OS 10 / API-29 (QP1A.190711.020/1624873154),e038be81-11ad-417f-990a-cf4faa24a61b,False,False,IQ,1631441104.681843
0,An error occurred while sending the request,Error,/BuildNotice/0,MobileSDK,Realme RMX1821,OpenGLES2,1.0,1.11.0,False,LowRevenueCountryBlock,LowRevenueCountryBlock,09/12/2021 10:03:23,6028e36ad1e80652e41054ca,609d69021c511f4b1d4df1c4,com.pregnantcatemma.virtualpet,1.0,iv,Android OS 10 / API-29 (QP1A.190711.020/1624873154),e038be81-11ad-417f-990a-cf4faa24a61b,False,False,IQ,1631441104.895666
0,could not receive ip address from ipfy,Error,/BuildNotice/0,MobileSDK,Realme RMX1821,OpenGLES2,1.0,1.11.0,False,LowRevenueCountryBlock,LowRevenueCountryBlock,09/12/2021 10:03:24,6028e36ad1e80652e41054ca,609d69021c511f4b1d4df1c4,com.pregnantcatemma.virtualpet,1.0,iv,Android OS 10 / API-29 (QP1A.190711.020/1624873154),e038be81-11ad-417f-990a-cf4faa24a61b,False,False,IQ,1631441105.025721
0,An error occurred while sending the request,Error,/BuildNotice/0,MobileSDK,Xiaomi MI PLAY,OpenGLES2,1.0,1.11.0,False,LowRevenueCountryBlock,LowRevenueCountryBlock,12.09.2021 10:05:03,6028e36ad1e80652e41054ca,6028e407a1ba2a0d3d760566,com.mytalkingcatemma.ballerinagames,1.0,ru,Android OS 8.1.0 / API-27 (O11019/V11.0.10.0.OFIMIXM),16b86e6b-d71c-46bc-80ce-72f6b0bc6861,False,False,BD,1631441105.038859
0,An error occurred while sending the request,Error,/BuildNotice/0,MobileSDK,Realme RMX1821,OpenGLES2,1.0,1.11.0,False,LowRevenueCountryBlock,LowRevenueCountryBlock,09/12/2021 10:03:24,6028e36ad1e80652e41054ca,609d69021c511f4b1d4df1c4,com.pregnantcatemma.virtualpet,1.0,iv,Android OS 10 / API-29 (QP1A.190711.020/1624873154),e038be81-11ad-417f-990a-cf4faa24a61b,False,False,IQ,1631441105.150447
0,could not receive ip address from ipfy,Error,/BuildNotice/0,MobileSDK,Realme RMX1821,OpenGLES2,1.0,1.11.0,False,LowRevenueCountryBlock,LowRevenueCountryBlock,09/12/2021 10:03:24,6028e36ad1e80652e41054ca,609d69021c511f4b1d4df1c4,com.pregnantcatemma.virtualpet,1.0,iv,Android OS 10 / API-29 (QP1A.190711.020/1624873154),e038be81-11ad-417f-990a-cf4faa24a61b,False,False,IQ,1631441105.278078
0,could not receive ip address from ipfy,Error,/BuildNotice/0,MobileSDK,samsung SM-A107F,OpenGLES2,1.0,1.11.0,False,Programmatic1,Programmatic,12/09/2021 10:05:05 AM,6028e36ad1e80652e41054ca,6028e407a1ba2a0d3d760566,com.mytalkingcatemma.ballerinagames,1.0,en,Android OS 11 / API-30 (RP1A.200720.012/A107FXXU8CUG3),ce4af260-dd28-4a62-8aae-9c65ea88a54e,False,False,PH,1631441105.324101
0,An error occurred while sending the request,Error,/BuildNotice/0,MobileSDK,samsung SM-A107F,OpenGLES2,1.0,1.11.0,False,Programmatic1,Programmatic,12/09/2021 10:05:05 AM,6028e36ad1e80652e41054ca,6028e407a1ba2a0d3d760566,com.mytalkingcatemma.ballerinagames,1.0,en,Android OS 11 / API-30 (RP1A.200720.012/A107FXXU8CUG3),ce4af260-dd28-4a62-8aae-9c65ea88a54e,False,False,PH,1631441105.358985
0,could not receive ip address from ipfy,Error,/BuildNotice/0,MobileSDK,Xiaomi MI PLAY,OpenGLES2,1.0,1.11.0,False,LowRevenueCountryBlock,LowRevenueCountryBlock,12.09.2021 10:05:04,6028e36ad1e80652e41054ca,6028e407a1ba2a0d3d760566,com.mytalkingcatemma.ballerinagames,1.0,ru,Android OS 8.1.0 / API-27 (O11019/V11.0.10.0.OFIMIXM),16b86e6b-d71c-46bc-80ce-72f6b0bc6861,False,False,BD,1631441105.881603
0,An error occurred while sending the request,Error,/BuildNotice/0,MobileSDK,Realme RMX1821,OpenGLES2,1.0,1.11.0,False,LowRevenueCountryBlock,LowRevenueCountryBlock,09/12/2021 10:03:24,6028e36ad1e80652e41054ca,609d69021c511f4b1d4df1c4,com.pregnantcatemma.virtualpet,1.0,iv,Android OS 10 / API-29 (QP1A.190711.020/1624873154),e038be81-11ad-417f-990a-cf4faa24a61b,False,False,IQ,1631441105.900344
0,could not receive ip address from ipfy,Error,/BuildNotice/0,MobileSDK,Realme RMX1821,OpenGLES2,1.0,1.11.0,False,LowRevenueCountryBlock,LowRevenueCountryBlock,09/12/2021 10:03:24,6028e36ad1e80652e41054ca,609d69021c511f4b1d4df1c4,com.pregnantcatemma.virtualpet,1.0,iv,Android OS 10 / API-29 (QP1A.190711.020/1624873154),e038be81-11ad-417f-990a-cf4faa24a61b,False,False,IQ,1631441105.994195
0,could not receive ip address from ipfy,Error,/BuildNotice/0,MobileSDK,Xiaomi Redmi 8,OpenGLES2,1.0,1.11.0,False,Programmatic1,Programmatic,12.09.2021 10:05:04,6028e36ad1e80652e41054ca,6028e407a1ba2a0d3d760566,com.mytalkingcatemma.ballerinagames,1.0,ru,Android OS 10 / API-29 (QKQ1.191014.001/V12.0.3.0.QCNEUXM),ca8856c0-893a-4c1e-b14b-add5a144bc48,False,False,GB,1631441106.008141
0,An error occurred while sending the request,Error,/BuildNotice/0,MobileSDK,Xiaomi Redmi 8,OpenGLES2,1.0,1.11.0,False,Programmatic1,Programmatic,12.09.2021 10:05:04,6028e36ad1e80652e41054ca,6028e407a1ba2a0d3d760566,com.mytalkingcatemma.ballerinagames,1.0,ru,Android OS 10 / API-29 (QKQ1.191014.001/V12.0.3.0.QCNEUXM),ca8856c0-893a-4c1e-b14b-add5a144bc48,False,False,GB,1631441106.023928
0,An error occurred while sending the request,Error,/BuildNotice/0,MobileSDK,Xiaomi MI PLAY,OpenGLES2,1.0,1.11.0,False,LowRevenueCountryBlock,LowRevenueCountryBlock,12.09.2021 10:05:04,6028e36ad1e80652e41054ca,6028e407a1ba2a0d3d760566,com.mytalkingcatemma.ballerinagames,1.0,ru,Android OS 8.1.0 / API-27 (O11019/V11.0.10.0.OFIMIXM),16b86e6b-d71c-46bc-80ce-72f6b0bc6861,False,False,BD,1631441106.2267
0,could not receive ip address from ipfy,Error,/BuildNotice/0,MobileSDK,Realme RMX1821,OpenGLES2,1.0,1.11.0,False,LowRevenueCountryBlock,LowRevenueCountryBlock,09/12/2021 10:03:24,6028e36ad1e80652e41054ca,609d69021c511f4b1d4df1c4,com.pregnantcatemma.virtualpet,1.0,iv,Android OS 10 / API-29 (QP1A.190711.020/1624873154),e038be81-11ad-417f-990a-cf4faa24a61b,False,False,IQ,1631441106.247338
0,"We are running ""Programmatic Flow"", you need to active gCom. 
 HTTP/1.1 400 Bad Request
{""product"": null, ""payment"": null, ""shipment_available_options"": [], ""session"": {""session_id"": ""1.0"", ""status"": ""Error: CODE_INVALID_FLOW_ID"", ""error_code"": 110}, ""flow"": ""gcom""}",Error,/BuildNotice/0,MobileSDK,samsung SM-A305F,OpenGLES2,1.0,1.10.2,False,Programmatic1,Programmatic,09/12/2021 10:05:03,611bdadcd4e35d332f3d5e66,611be843d5491c7d0a6ab0ce,com.thg.battleops.shooting.game,1.0,iv,Android OS 11 / API-30 (RP1A.200720.012/A305FDDU6CUE1),,True,False,LA,1631441106.29581
0,An error occurred while sending the request,Error,/BuildNotice/0,MobileSDK,Realme RMX1821,OpenGLES2,1.0,1.11.0,False,LowRevenueCountryBlock,LowRevenueCountryBlock,09/12/2021 10:05:04,6028e36ad1e80652e41054ca,609d69021c511f4b1d4df1c4,com.pregnantcatemma.virtualpet,1.0,iv,Android OS 10 / API-29 (QP1A.190711.020/1624873154),e038be81-11ad-417f-990a-cf4faa24a61b,False,False,IQ,1631441106.513397
0,An error occurred while sending the request,Error,/BuildNotice/0,MobileSDK,Xiaomi MI PLAY,OpenGLES2,1.0,1.11.0,False,LowRevenueCountryBlock,LowRevenueCountryBlock,12.09.2021 10:05:05,6028e36ad1e80652e41054ca,6028e407a1ba2a0d3d760566,com.mytalkingcatemma.ballerinagames,1.0,ru,Android OS 8.1.0 / API-27 (O11019/V11.0.10.0.OFIMIXM),16b86e6b-d71c-46bc-80ce-72f6b0bc6861,False,False,BD,1631441106.571729
0,could not receive ip address from ipfy,Error,/BuildNotice/0,MobileSDK,Xiaomi MI PLAY,OpenGLES2,1.0,1.11.0,False,LowRevenueCountryBlock,LowRevenueCountryBlock,12.09.2021 10:05:05,6028e36ad1e80652e41054ca,6028e407a1ba2a0d3d760566,com.mytalkingcatemma.ballerinagames,1.0,ru,Android OS 8.1.0 / API-27 (O11019/V11.0.10.0.OFIMIXM),16b86e6b-d71c-46bc-80ce-72f6b0bc6861,False,False,BD,1631441106.586248
0,An error occurred while sending the request,Error,/BuildNotice/0,MobileSDK,Realme RMX1821,OpenGLES2,1.0,1.11.0,False,LowRevenueCountryBlock,LowRevenueCountryBlock,09/12/2021 10:05:03,6028e36ad1e80652e41054ca,609d69021c511f4b1d4df1c4,com.pregnantcatemma.virtualpet,1.0,iv,Android OS 10 / API-29 (QP1A.190711.020/1624873154),e038be81-11ad-417f-990a-cf4faa24a61b,False,False,IQ,1631441106.773272
0,could not receive ip address from ipfy,Error,/BuildNotice/0,MobileSDK,Xiaomi MI PLAY,OpenGLES2,1.0,1.11.0,False,LowRevenueCountryBlock,LowRevenueCountryBlock,12.09.2021 10:05:05,6028e36ad1e80652e41054ca,6028e407a1ba2a0d3d760566,com.mytalkingcatemma.ballerinagames,1.0,ru,Android OS 8.1.0 / API-27 (O11019/V11.0.10.0.OFIMIXM),16b86e6b-d71c-46bc-80ce-72f6b0bc6861,False,False,BD,1631441106.915163
0,An error occurred while sending the request,Error,/BuildNotice/0,MobileSDK,Xiaomi MI PLAY,OpenGLES2,1.0,1.11.0,False,LowRevenueCountryBlock,LowRevenueCountryBlock,12.09.2021 10:05:05,6028e36ad1e80652e41054ca,6028e407a1ba2a0d3d760566,com.mytalkingcatemma.ballerinagames,1.0,ru,Android OS 8.1.0 / API-27 (O11019/V11.0.10.0.OFIMIXM),16b86e6b-d71c-46bc-80ce-72f6b0bc6861,False,False,BD,1631441106.93649
0,An error occurred while sending the request,Error,/BuildNotice/0,MobileSDK,Realme RMX1821,OpenGLES2,1.0,1.11.0,False,LowRevenueCountryBlock,LowRevenueCountryBlock,09/12/2021 10:05:05,6028e36ad1e80652e41054ca,609d69021c511f4b1d4df1c4,com.pregnantcatemma.virtualpet,1.0,iv,Android OS 10 / API-29 (QP1A.190711.020/1624873154),e038be81-11ad-417f-990a-cf4faa24a61b,False,False,IQ,1631441107.035891
0,could not receive ip address from ipfy,Error,/BuildNotice/0,MobileSDK,Xiaomi MI PLAY,OpenGLES2,1.0,1.11.0,False,LowRevenueCountryBlock,LowRevenueCountryBlock,12.09.2021 10:05:05,6028e36ad1e80652e41054ca,6028e407a1ba2a0d3d760566,com.mytalkingcatemma.ballerinagames,1.0,ru,Android OS 8.1.0 / API-27 (O11019/V11.0.10.0.OFIMIXM),16b86e6b-d71c-46bc-80ce-72f6b0bc6861,False,False,BD,1631441107.263179
0,could not receive ip address from ipfy,Error,/BuildNotice/0,MobileSDK,Realme RMX1821,OpenGLES2,1.0,1.11.0,False,LowRevenueCountryBlock,LowRevenueCountryBlock,09/12/2021 10:05:03,6028e36ad1e80652e41054ca,609d69021c511f4b1d4df1c4,com.pregnantcatemma.virtualpet,1.0,iv,Android OS 10 / API-29 (QP1A.190711.020/1624873154),e038be81-11ad-417f-990a-cf4faa24a61b,False,False,IQ,1631441107.295601
0,An error occurred while sending the request,Error,/BuildNotice/0,MobileSDK,Xiaomi MI PLAY,OpenGLES2,1.0,1.11.0,False,LowRevenueCountryBlock,LowRevenueCountryBlock,12.09.2021 10:05:05,6028e36ad1e80652e41054ca,6028e407a1ba2a0d3d760566,com.mytalkingcatemma.ballerinagames,1.0,ru,Android OS 8.1.0 / API-27 (O11019/V11.0.10.0.OFIMIXM),16b86e6b-d71c-46bc-80ce-72f6b0bc6861,False,False,BD,1631441107.310065
0,could not receive ip address from ipfy,Error,/BuildNotice/0,MobileSDK,Realme RMX1821,OpenGLES2,1.0,1.11.0,False,LowRevenueCountryBlock,LowRevenueCountryBlock,09/12/2021 10:05:04,6028e36ad1e80652e41054ca,609d69021c511f4b1d4df1c4,com.pregnantcatemma.virtualpet,1.0,iv,Android OS 10 / API-29 (QP1A.190711.020/1624873154),e038be81-11ad-417f-990a-cf4faa24a61b,False,False,IQ,1631441107.42211
0,An error occurred while sending the request,Error,/BuildNotice/0,MobileSDK,Realme RMX1821,OpenGLES2,1.0,1.11.0,False,LowRevenueCountryBlock,LowRevenueCountryBlock,09/12/2021 10:05:03,6028e36ad1e80652e41054ca,609d69021c511f4b1d4df1c4,com.pregnantcatemma.virtualpet,1.0,iv,Android OS 10 / API-29 (QP1A.190711.020/1624873154),e038be81-11ad-417f-990a-cf4faa24a61b,False,False,IQ,1631441107.565323
0,could not receive ip address from ipfy,Error,/BuildNotice/0,MobileSDK,Xiaomi MI PLAY,OpenGLES2,1.0,1.11.0,False,LowRevenueCountryBlock,LowRevenueCountryBlock,12.09.2021 10:05:06,6028e36ad1e80652e41054ca,6028e407a1ba2a0d3d760566,com.mytalkingcatemma.ballerinagames,1.0,ru,Android OS 8.1.0 / API-27 (O11019/V11.0.10.0.OFIMIXM),16b86e6b-d71c-46bc-80ce-72f6b0bc6861,False,False,BD,1631441107.654882
0,could not receive ip address from ipfy,Error,/BuildNotice/0,MobileSDK,Realme RMX1821,OpenGLES2,1.0,1.11.0,False,LowRevenueCountryBlock,LowRevenueCountryBlock,09/12/2021 10:05:03,6028e36ad1e80652e41054ca,609d69021c511f4b1d4df1c4,com.pregnantcatemma.virtualpet,1.0,iv,Android OS 10 / API-29 (QP1A.190711.020/1624873154),e038be81-11ad-417f-990a-cf4faa24a61b,False,False,IQ,1631441107.674602
0,An error occurred while sending the request,Error,/BuildNotice/0,MobileSDK,Xiaomi MI PLAY,OpenGLES2,1.0,1.11.0,False,LowRevenueCountryBlock,LowRevenueCountryBlock,12.09.2021 10:05:06,6028e36ad1e80652e41054ca,6028e407a1ba2a0d3d760566,com.mytalkingcatemma.ballerinagames,1.0,ru,Android OS 8.1.0 / API-27 (O11019/V11.0.10.0.OFIMIXM),16b86e6b-d71c-46bc-80ce-72f6b0bc6861,False,False,BD,1631441107.688097
0,An error occurred while sending the request,Error,/BuildNotice/0,MobileSDK,Realme RMX1821,OpenGLES2,1.0,1.11.0,False,LowRevenueCountryBlock,LowRevenueCountryBlock,09/12/2021 10:05:05,6028e36ad1e80652e41054ca,609d69021c511f4b1d4df1c4,com.pregnantcatemma.virtualpet,1.0,iv,Android OS 10 / API-29 (QP1A.190711.020/1624873154),e038be81-11ad-417f-990a-cf4faa24a61b,False,False,IQ,1631441107.832575
0,An error occurred while sending the request,Error,/BuildNotice/0,MobileSDK,Realme RMX1821,OpenGLES2,1.0,1.11.0,False,LowRevenueCountryBlock,LowRevenueCountryBlock,09/12/2021 10:05:03,6028e36ad1e80652e41054ca,609d69021c511f4b1d4df1c4,com.pregnantcatemma.virtualpet,1.0,iv,Android OS 10 / API-29 (QP1A.190711.020/1624873154),e038be81-11ad-417f-990a-cf4faa24a61b,False,False,IQ,1631441107.92194
0,could not receive ip address from ipfy,Error,/BuildNotice/0,MobileSDK,Xiaomi MI PLAY,OpenGLES2,1.0,1.11.0,False,LowRevenueCountryBlock,LowRevenueCountryBlock,12.09.2021 10:05:07,6028e36ad1e80652e41054ca,6028e407a1ba2a0d3d760566,com.mytalkingcatemma.ballerinagames,1.0,ru,Android OS 8.1.0 / API-27 (O11019/V11.0.10.0.OFIMIXM),16b86e6b-d71c-46bc-80ce-72f6b0bc6861,False,False,BD,1631441108.062478
0,could not receive ip address from ipfy,Error,/BuildNotice/0,MobileSDK,Realme RMX1821,OpenGLES2,1.0,1.11.0,False,LowRevenueCountryBlock,LowRevenueCountryBlock,09/12/2021 10:05:03,6028e36ad1e80652e41054ca,609d69021c511f4b1d4df1c4,com.pregnantcatemma.virtualpet,1.0,iv,Android OS 10 / API-29 (QP1A.190711.020/1624873154),e038be81-11ad-417f-990a-cf4faa24a61b,False,False,IQ,1631441108.242734
0,An error occurred while sending the request,Error,/BuildNotice/0,MobileSDK,Realme RMX1821,OpenGLES2,1.0,1.11.0,False,LowRevenueCountryBlock,LowRevenueCountryBlock,09/12/2021 10:05:03,6028e36ad1e80652e41054ca,609d69021c511f4b1d4df1c4,com.pregnantcatemma.virtualpet,1.0,iv,Android OS 10 / API-29 (QP1A.190711.020/1624873154),e038be81-11ad-417f-990a-cf4faa24a61b,False,False,IQ,1631441108.263788
0,An error occurred while sending the request,Error,/BuildNotice/0,MobileSDK,Xiaomi MI PLAY,OpenGLES2,1.0,1.11.0,False,LowRevenueCountryBlock,LowRevenueCountryBlock,12.09.2021 10:05:07,6028e36ad1e80652e41054ca,6028e407a1ba2a0d3d760566,com.mytalkingcatemma.ballerinagames,1.0,ru,Android OS 8.1.0 / API-27 (O11019/V11.0.10.0.OFIMIXM),16b86e6b-d71c-46bc-80ce-72f6b0bc6861,False,False,BD,1631441108.43591
0,could not receive ip address from ipfy,Error,/BuildNotice/0,MobileSDK,Realme RMX1821,OpenGLES2,1.0,1.11.0,False,LowRevenueCountryBlock,LowRevenueCountryBlock,09/12/2021 10:05:03,6028e36ad1e80652e41054ca,609d69021c511f4b1d4df1c4,com.pregnantcatemma.virtualpet,1.0,iv,Android OS 10 / API-29 (QP1A.190711.020/1624873154),e038be81-11ad-417f-990a-cf4faa24a61b,False,False,IQ,1631441108.498726
0,An error occurred while sending the request,Error,/BuildNotice/0,MobileSDK,Realme RMX1821,OpenGLES2,1.0,1.11.0,False,LowRevenueCountryBlock,LowRevenueCountryBlock,09/12/2021 10:05:03,6028e36ad1e80652e41054ca,609d69021c511f4b1d4df1c4,com.pregnantcatemma.virtualpet,1.0,iv,Android OS 10 / API-29 (QP1A.190711.020/1624873154),e038be81-11ad-417f-990a-cf4faa24a61b,False,False,IQ,1631441108.540477
0,could not receive ip address from ipfy,Error,/BuildNotice/0,MobileSDK,samsung SM-A107F,OpenGLES2,1.0,1.11.0,False,Programmatic1,Programmatic,12/09/2021 10:05:08 AM,6028e36ad1e80652e41054ca,6028e407a1ba2a0d3d760566,com.mytalkingcatemma.ballerinagames,1.0,en,Android OS 11 / API-30 (RP1A.200720.012/A107FXXU8CUG3),ce4af260-dd28-4a62-8aae-9c65ea88a54e,False,False,PH,1631441108.561756
0,An error occurred while sending the request,Error,/BuildNotice/0,MobileSDK,samsung SM-A107F,OpenGLES2,1.0,1.11.0,False,Programmatic1,Programmatic,12/09/2021 10:05:08 AM,6028e36ad1e80652e41054ca,6028e407a1ba2a0d3d760566,com.mytalkingcatemma.ballerinagames,1.0,en,Android OS 11 / API-30 (RP1A.200720.012/A107FXXU8CUG3),ce4af260-dd28-4a62-8aae-9c65ea88a54e,False,False,PH,1631441108.597328
0,could not receive ip address from ipfy,Error,/BuildNotice/0,MobileSDK,Xiaomi MI PLAY,OpenGLES2,1.0,1.11.0,False,LowRevenueCountryBlock,LowRevenueCountryBlock,12.09.2021 10:05:07,6028e36ad1e80652e41054ca,6028e407a1ba2a0d3d760566,com.mytalkingcatemma.ballerinagames,1.0,ru,Android OS 8.1.0 / API-27 (O11019/V11.0.10.0.OFIMIXM),16b86e6b-d71c-46bc-80ce-72f6b0bc6861,False,False,BD,1631441108.614926
0,could not receive ip address from ipfy,Error,/BuildNotice/0,MobileSDK,Realme RMX1821,OpenGLES2,1.0,1.11.0,False,LowRevenueCountryBlock,LowRevenueCountryBlock,09/12/2021 10:05:03,6028e36ad1e80652e41054ca,609d69021c511f4b1d4df1c4,com.pregnantcatemma.virtualpet,1.0,iv,Android OS 10 / API-29 (QP1A.190711.020/1624873154),e038be81-11ad-417f-990a-cf4faa24a61b,False,False,IQ,1631441108.752763
0,An error occurred while sending the request,Error,/BuildNotice/0,MobileSDK,Xiaomi MI PLAY,OpenGLES2,1.0,1.11.0,False,LowRevenueCountryBlock,LowRevenueCountryBlock,12.09.2021 10:05:07,6028e36ad1e80652e41054ca,6028e407a1ba2a0d3d760566,com.mytalkingcatemma.ballerinagames,1.0,ru,Android OS 8.1.0 / API-27 (O11019/V11.0.10.0.OFIMIXM),16b86e6b-d71c-46bc-80ce-72f6b0bc6861,False,False,BD,1631441108.798494
0,An error occurred while sending the request,Error,/BuildNotice/0,MobileSDK,Realme RMX1821,OpenGLES2,1.0,1.11.0,False,LowRevenueCountryBlock,LowRevenueCountryBlock,09/12/2021 10:05:02,6028e36ad1e80652e41054ca,609d69021c511f4b1d4df1c4,com.pregnantcatemma.virtualpet,1.0,iv,Android OS 10 / API-29 (QP1A.190711.020/1624873154),e038be81-11ad-417f-990a-cf4faa24a61b,False,False,IQ,1631441108.818396
0,could not receive ip address from ipfy,Error,/BuildNotice/0,MobileSDK,Realme RMX1821,OpenGLES2,1.0,1.11.0,False,LowRevenueCountryBlock,LowRevenueCountryBlock,09/12/2021 10:05:02,6028e36ad1e80652e41054ca,609d69021c511f4b1d4df1c4,com.pregnantcatemma.virtualpet,1.0,iv,Android OS 10 / API-29 (QP1A.190711.020/1624873154),e038be81-11ad-417f-990a-cf4faa24a61b,False,False,IQ,1631441109.009051
0,could not receive ip address from ipfy,Error,/BuildNotice/0,MobileSDK,Xiaomi MI PLAY,OpenGLES2,1.0,1.11.0,False,LowRevenueCountryBlock,LowRevenueCountryBlock,12.09.2021 10:05:08,6028e36ad1e80652e41054ca,6028e407a1ba2a0d3d760566,com.mytalkingcatemma.ballerinagames,1.0,ru,Android OS 8.1.0 / API-27 (O11019/V11.0.10.0.OFIMIXM),16b86e6b-d71c-46bc-80ce-72f6b0bc6861,False,False,BD,1631441109.031915
0,An error occurred while sending the request,Error,/BuildNotice/0,MobileSDK,Realme RMX1821,OpenGLES2,1.0,1.11.0,False,LowRevenueCountryBlock,LowRevenueCountryBlock,09/12/2021 10:05:02,6028e36ad1e80652e41054ca,609d69021c511f4b1d4df1c4,com.pregnantcatemma.virtualpet,1.0,iv,Android OS 10 / API-29 (QP1A.190711.020/1624873154),e038be81-11ad-417f-990a-cf4faa24a61b,False,False,IQ,1631441109.079364
0,An error occurred while sending the request,Error,/BuildNotice/0,MobileSDK,Xiaomi MI PLAY,OpenGLES2,1.0,1.11.0,False,LowRevenueCountryBlock,LowRevenueCountryBlock,12.09.2021 10:05:08,6028e36ad1e80652e41054ca,6028e407a1ba2a0d3d760566,com.mytalkingcatemma.ballerinagames,1.0,ru,Android OS 8.1.0 / API-27 (O11019/V11.0.10.0.OFIMIXM),16b86e6b-d71c-46bc-80ce-72f6b0bc6861,False,False,BD,1631441109.159747
0,could not receive ip address from ipfy,Error,/BuildNotice/0,MobileSDK,Realme RMX1821,OpenGLES2,1.0,1.11.0,False,LowRevenueCountryBlock,LowRevenueCountryBlock,09/12/2021 10:05:02,6028e36ad1e80652e41054ca,609d69021c511f4b1d4df1c4,com.pregnantcatemma.virtualpet,1.0,iv,Android OS 10 / API-29 (QP1A.190711.020/1624873154),e038be81-11ad-417f-990a-cf4faa24a61b,False,False,IQ,1631441109.26118
0,An error occurred while sending the request,Error,/BuildNotice/0,MobileSDK,Realme RMX1821,OpenGLES2,1.0,1.11.0,False,LowRevenueCountryBlock,LowRevenueCountryBlock,09/12/2021 10:05:02,6028e36ad1e80652e41054ca,609d69021c511f4b1d4df1c4,com.pregnantcatemma.virtualpet,1.0,iv,Android OS 10 / API-29 (QP1A.190711.020/1624873154),e038be81-11ad-417f-990a-cf4faa24a61b,False,False,IQ,1631441109.339528
0,could not receive ip address from ipfy,Error,/BuildNotice/0,MobileSDK,Xiaomi MI PLAY,OpenGLES2,1.0,1.11.0,False,LowRevenueCountryBlock,LowRevenueCountryBlock,12.09.2021 10:05:08,6028e36ad1e80652e41054ca,6028e407a1ba2a0d3d760566,com.mytalkingcatemma.ballerinagames,1.0,ru,Android OS 8.1.0 / API-27 (O11019/V11.0.10.0.OFIMIXM),16b86e6b-d71c-46bc-80ce-72f6b0bc6861,False,False,BD,1631441109.436505
0,An error occurred while sending the request,Error,/BuildNotice/0,MobileSDK,Xiaomi MI PLAY,OpenGLES2,1.0,1.11.0,False,LowRevenueCountryBlock,LowRevenueCountryBlock,12.09.2021 10:05:08,6028e36ad1e80652e41054ca,6028e407a1ba2a0d3d760566,com.mytalkingcatemma.ballerinagames,1.0,ru,Android OS 8.1.0 / API-27 (O11019/V11.0.10.0.OFIMIXM),16b86e6b-d71c-46bc-80ce-72f6b0bc6861,False,False,BD,1631441110.30682
0,could not receive ip address from ipfy,Error,/BuildNotice/0,MobileSDK,Realme RMX1821,OpenGLES2,1.0,1.11.0,False,LowRevenueCountryBlock,LowRevenueCountryBlock,09/12/2021 10:05:02,6028e36ad1e80652e41054ca,609d69021c511f4b1d4df1c4,com.pregnantcatemma.virtualpet,1.0,iv,Android OS 10 / API-29 (QP1A.190711.020/1624873154),e038be81-11ad-417f-990a-cf4faa24a61b,False,False,IQ,1631441110.321613
0,An error occurred while sending the request,Error,/BuildNotice/0,MobileSDK,Realme RMX1821,OpenGLES2,1.0,1.11.0,False,LowRevenueCountryBlock,LowRevenueCountryBlock,09/12/2021 10:05:02,6028e36ad1e80652e41054ca,609d69021c511f4b1d4df1c4,com.pregnantcatemma.virtualpet,1.0,iv,Android OS 10 / API-29 (QP1A.190711.020/1624873154),e038be81-11ad-417f-990a-cf4faa24a61b,False,False,IQ,1631441110.382451
0,could not receive ip address from ipfy,Error,/BuildNotice/0,MobileSDK,Xiaomi Redmi 8,OpenGLES2,1.0,1.11.0,False,Programmatic1,Programmatic,12.09.2021 10:05:08,6028e36ad1e80652e41054ca,6028e407a1ba2a0d3d760566,com.mytalkingcatemma.ballerinagames,1.0,ru,Android OS 10 / API-29 (QKQ1.191014.001/V12.0.3.0.QCNEUXM),ca8856c0-893a-4c1e-b14b-add5a144bc48,False,False,GB,1631441110.548748
0,An error occurred while sending the request,Error,/BuildNotice/0,MobileSDK,Xiaomi Redmi 8,OpenGLES2,1.0,1.11.0,False,Programmatic1,Programmatic,12.09.2021 10:05:08,6028e36ad1e80652e41054ca,6028e407a1ba2a0d3d760566,com.mytalkingcatemma.ballerinagames,1.0,ru,Android OS 10 / API-29 (QKQ1.191014.001/V12.0.3.0.QCNEUXM),ca8856c0-893a-4c1e-b14b-add5a144bc48,False,False,GB,1631441110.564883
0,An error occurred while sending the request,Error,/BuildNotice/0,MobileSDK,Xiaomi MI PLAY,OpenGLES2,1.0,1.11.0,False,LowRevenueCountryBlock,LowRevenueCountryBlock,12.09.2021 10:05:09,6028e36ad1e80652e41054ca,6028e407a1ba2a0d3d760566,com.mytalkingcatemma.ballerinagames,1.0,ru,Android OS 8.1.0 / API-27 (O11019/V11.0.10.0.OFIMIXM),16b86e6b-d71c-46bc-80ce-72f6b0bc6861,False,False,BD,1631441110.632385
0,could not receive ip address from ipfy,Error,/BuildNotice/0,MobileSDK,Xiaomi MI PLAY,OpenGLES2,1.0,1.11.0,False,LowRevenueCountryBlock,LowRevenueCountryBlock,12.09.2021 10:05:09,6028e36ad1e80652e41054ca,6028e407a1ba2a0d3d760566,com.mytalkingcatemma.ballerinagames,1.0,ru,Android OS 8.1.0 / API-27 (O11019/V11.0.10.0.OFIMIXM),16b86e6b-d71c-46bc-80ce-72f6b0bc6861,False,False,BD,1631441110.649699
0,could not receive ip address from ipfy,Error,/BuildNotice/0,MobileSDK,Realme RMX1821,OpenGLES2,1.0,1.11.0,False,LowRevenueCountryBlock,LowRevenueCountryBlock,09/12/2021 10:05:08,6028e36ad1e80652e41054ca,609d69021c511f4b1d4df1c4,com.pregnantcatemma.virtualpet,1.0,iv,Android OS 10 / API-29 (QP1A.190711.020/1624873154),e038be81-11ad-417f-990a-cf4faa24a61b,False,False,IQ,1631441110.823167
0,could not receive ip address from ipfy,Error,/BuildNotice/0,MobileSDK,Realme RMX1821,OpenGLES2,1.0,1.11.0,False,LowRevenueCountryBlock,LowRevenueCountryBlock,09/12/2021 10:05:02,6028e36ad1e80652e41054ca,609d69021c511f4b1d4df1c4,com.pregnantcatemma.virtualpet,1.0,iv,Android OS 10 / API-29 (QP1A.190711.020/1624873154),e038be81-11ad-417f-990a-cf4faa24a61b,False,False,IQ,1631441110.83628
0,could not receive ip address from ipfy,Error,/BuildNotice/0,MobileSDK,Xiaomi MI PLAY,OpenGLES2,1.0,1.11.0,False,LowRevenueCountryBlock,LowRevenueCountryBlock,12.09.2021 10:05:09,6028e36ad1e80652e41054ca,6028e407a1ba2a0d3d760566,com.mytalkingcatemma.ballerinagames,1.0,ru,Android OS 8.1.0 / API-27 (O11019/V11.0.10.0.OFIMIXM),16b86e6b-d71c-46bc-80ce-72f6b0bc6861,False,False,BD,1631441110.989736
0,An error occurred while sending the request,Error,/BuildNotice/0,MobileSDK,Realme RMX1821,OpenGLES2,1.0,1.11.0,False,LowRevenueCountryBlock,LowRevenueCountryBlock,09/12/2021 10:05:02,6028e36ad1e80652e41054ca,609d69021c511f4b1d4df1c4,com.pregnantcatemma.virtualpet,1.0,iv,Android OS 10 / API-29 (QP1A.190711.020/1624873154),e038be81-11ad-417f-990a-cf4faa24a61b,False,False,IQ,1631441111.076176
0,could not receive ip address from ipfy,Error,/BuildNotice/0,MobileSDK,Realme RMX1821,OpenGLES2,1.0,1.11.0,False,LowRevenueCountryBlock,LowRevenueCountryBlock,09/12/2021 10:05:02,6028e36ad1e80652e41054ca,609d69021c511f4b1d4df1c4,com.pregnantcatemma.virtualpet,1.0,iv,Android OS 10 / API-29 (QP1A.190711.020/1624873154),e038be81-11ad-417f-990a-cf4faa24a61b,False,False,IQ,1631441111.095305
0,An error occurred while sending the request,Error,/BuildNotice/0,MobileSDK,Realme RMX1821,OpenGLES2,1.0,1.11.0,False,LowRevenueCountryBlock,LowRevenueCountryBlock,09/12/2021 10:05:02,6028e36ad1e80652e41054ca,609d69021c511f4b1d4df1c4,com.pregnantcatemma.virtualpet,1.0,iv,Android OS 10 / API-29 (QP1A.190711.020/1624873154),e038be81-11ad-417f-990a-cf4faa24a61b,False,False,IQ,1631441111.329623
0,An error occurred while sending the request,Error,/BuildNotice/0,MobileSDK,Xiaomi MI PLAY,OpenGLES2,1.0,1.11.0,False,LowRevenueCountryBlock,LowRevenueCountryBlock,12.09.2021 10:05:09,6028e36ad1e80652e41054ca,6028e407a1ba2a0d3d760566,com.mytalkingcatemma.ballerinagames,1.0,ru,Android OS 8.1.0 / API-27 (O11019/V11.0.10.0.OFIMIXM),16b86e6b-d71c-46bc-80ce-72f6b0bc6861,False,False,BD,1631441111.343794
0,An error occurred while sending the request,Error,/BuildNotice/0,MobileSDK,Realme RMX1821,OpenGLES2,1.0,1.11.0,False,LowRevenueCountryBlock,LowRevenueCountryBlock,09/12/2021 10:05:08,6028e36ad1e80652e41054ca,609d69021c511f4b1d4df1c4,com.pregnantcatemma.virtualpet,1.0,iv,Android OS 10 / API-29 (QP1A.190711.020/1624873154),e038be81-11ad-417f-990a-cf4faa24a61b,False,False,IQ,1631441111.35967
0,could not receive ip address from ipfy,Error,/BuildNotice/0,MobileSDK,Xiaomi MI PLAY,OpenGLES2,1.0,1.11.0,False,LowRevenueCountryBlock,LowRevenueCountryBlock,12.09.2021 10:05:10,6028e36ad1e80652e41054ca,6028e407a1ba2a0d3d760566,com.mytalkingcatemma.ballerinagames,1.0,ru,Android OS 8.1.0 / API-27 (O11019/V11.0.10.0.OFIMIXM),16b86e6b-d71c-46bc-80ce-72f6b0bc6861,False,False,BD,1631441111.530896
0,could not receive ip address from ipfy,Error,/BuildNotice/0,MobileSDK,samsung SM-A107F,OpenGLES2,1.0,1.11.0,False,Programmatic1,Programmatic,12/09/2021 10:05:11 AM,6028e36ad1e80652e41054ca,6028e407a1ba2a0d3d760566,com.mytalkingcatemma.ballerinagames,1.0,en,Android OS 11 / API-30 (RP1A.200720.012/A107FXXU8CUG3),ce4af260-dd28-4a62-8aae-9c65ea88a54e,False,False,PH,1631441111.579936
0,could not receive ip address from ipfy,Error,/BuildNotice/0,MobileSDK,Realme RMX1821,OpenGLES2,1.0,1.11.0,False,LowRevenueCountryBlock,LowRevenueCountryBlock,09/12/2021 10:05:02,6028e36ad1e80652e41054ca,609d69021c511f4b1d4df1c4,com.pregnantcatemma.virtualpet,1.0,iv,Android OS 10 / API-29 (QP1A.190711.020/1624873154),e038be81-11ad-417f-990a-cf4faa24a61b,False,False,IQ,1631441111.594833
0,An error occurred while sending the request,Error,/BuildNotice/0,MobileSDK,samsung SM-A107F,OpenGLES2,1.0,1.11.0,False,Programmatic1,Programmatic,12/09/2021 10:05:11 AM,6028e36ad1e80652e41054ca,6028e407a1ba2a0d3d760566,com.mytalkingcatemma.ballerinagames,1.0,en,Android OS 11 / API-30 (RP1A.200720.012/A107FXXU8CUG3),ce4af260-dd28-4a62-8aae-9c65ea88a54e,False,False,PH,1631441111.619198
0,An error occurred while sending the request,Error,/BuildNotice/0,MobileSDK,Realme RMX1821,OpenGLES2,1.0,1.11.0,False,LowRevenueCountryBlock,LowRevenueCountryBlock,09/12/2021 10:05:01,6028e36ad1e80652e41054ca,609d69021c511f4b1d4df1c4,com.pregnantcatemma.virtualpet,1.0,iv,Android OS 10 / API-29 (QP1A.190711.020/1624873154),e038be81-11ad-417f-990a-cf4faa24a61b,False,False,IQ,1631441111.63899
0,An error occurred while sending the request,Error,/BuildNotice/0,MobileSDK,Xiaomi MI PLAY,OpenGLES2,1.0,1.11.0,False,LowRevenueCountryBlock,LowRevenueCountryBlock,12.09.2021 10:05:10,6028e36ad1e80652e41054ca,6028e407a1ba2a0d3d760566,com.mytalkingcatemma.ballerinagames,1.0,ru,Android OS 8.1.0 / API-27 (O11019/V11.0.10.0.OFIMIXM),16b86e6b-d71c-46bc-80ce-72f6b0bc6861,False,False,BD,1631441111.683062
0,could not receive ip address from ipfy,Error,/BuildNotice/0,MobileSDK,Xiaomi Redmi 8,OpenGLES2,1.0,1.11.0,False,Programmatic1,Programmatic,12.09.2021 10:05:10,6028e36ad1e80652e41054ca,6028e407a1ba2a0d3d760566,com.mytalkingcatemma.ballerinagames,1.0,ru,Android OS 10 / API-29 (QKQ1.191014.001/V12.0.3.0.QCNEUXM),ca8856c0-893a-4c1e-b14b-add5a144bc48,False,False,GB,1631441111.931057
0,could not receive ip address from ipfy,Error,/BuildNotice/0,MobileSDK,Realme RMX1821,OpenGLES2,1.0,1.11.0,False,LowRevenueCountryBlock,LowRevenueCountryBlock,09/12/2021 10:05:01,6028e36ad1e80652e41054ca,609d69021c511f4b1d4df1c4,com.pregnantcatemma.virtualpet,1.0,iv,Android OS 10 / API-29 (QP1A.190711.020/1624873154),e038be81-11ad-417f-990a-cf4faa24a61b,False,False,IQ,1631441111.948972
0,An error occurred while sending the request,Error,/BuildNotice/0,MobileSDK,Xiaomi Redmi 8,OpenGLES2,1.0,1.11.0,False,Programmatic1,Programmatic,12.09.2021 10:05:10,6028e36ad1e80652e41054ca,6028e407a1ba2a0d3d760566,com.mytalkingcatemma.ballerinagames,1.0,ru,Android OS 10 / API-29 (QKQ1.191014.001/V12.0.3.0.QCNEUXM),ca8856c0-893a-4c1e-b14b-add5a144bc48,False,False,GB,1631441111.991639
0,An error occurred while sending the request,Error,/BuildNotice/0,MobileSDK,Realme RMX1821,OpenGLES2,1.0,1.11.0,False,LowRevenueCountryBlock,LowRevenueCountryBlock,09/12/2021 10:05:01,6028e36ad1e80652e41054ca,609d69021c511f4b1d4df1c4,com.pregnantcatemma.virtualpet,1.0,iv,Android OS 10 / API-29 (QP1A.190711.020/1624873154),e038be81-11ad-417f-990a-cf4faa24a61b,False,False,IQ,1631441112.020874
0,An error occurred while sending the request,Error,/BuildNotice/0,MobileSDK,Xiaomi MI PLAY,OpenGLES2,1.0,1.11.0,False,LowRevenueCountryBlock,LowRevenueCountryBlock,12.09.2021 10:05:11,6028e36ad1e80652e41054ca,6028e407a1ba2a0d3d760566,com.mytalkingcatemma.ballerinagames,1.0,ru,Android OS 8.1.0 / API-27 (O11019/V11.0.10.0.OFIMIXM),16b86e6b-d71c-46bc-80ce-72f6b0bc6861,False,False,BD,1631441112.081136
0,could not receive ip address from ipfy,Error,/BuildNotice/0,MobileSDK,Xiaomi MI PLAY,OpenGLES2,1.0,1.11.0,False,LowRevenueCountryBlock,LowRevenueCountryBlock,12.09.2021 10:05:11,6028e36ad1e80652e41054ca,6028e407a1ba2a0d3d760566,com.mytalkingcatemma.ballerinagames,1.0,ru,Android OS 8.1.0 / API-27 (O11019/V11.0.10.0.OFIMIXM),16b86e6b-d71c-46bc-80ce-72f6b0bc6861,False,False,BD,1631441112.096028
0,could not receive ip address from ipfy,Error,/BuildNotice/0,MobileSDK,Realme RMX1821,OpenGLES2,1.0,1.11.0,False,LowRevenueCountryBlock,LowRevenueCountryBlock,09/12/2021 10:05:01,6028e36ad1e80652e41054ca,609d69021c511f4b1d4df1c4,com.pregnantcatemma.virtualpet,1.0,iv,Android OS 10 / API-29 (QP1A.190711.020/1624873154),e038be81-11ad-417f-990a-cf4faa24a61b,False,False,IQ,1631441112.232389
0,An error occurred while sending the request,Error,/BuildNotice/0,MobileSDK,Realme RMX1821,OpenGLES2,1.0,1.11.0,False,LowRevenueCountryBlock,LowRevenueCountryBlock,09/12/2021 10:05:01,6028e36ad1e80652e41054ca,609d69021c511f4b1d4df1c4,com.pregnantcatemma.virtualpet,1.0,iv,Android OS 10 / API-29 (QP1A.190711.020/1624873154),e038be81-11ad-417f-990a-cf4faa24a61b,False,False,IQ,1631441112.279492
0,could not receive ip address from ipfy,Error,/BuildNotice/0,MobileSDK,Xiaomi MI PLAY,OpenGLES2,1.0,1.11.0,False,LowRevenueCountryBlock,LowRevenueCountryBlock,12.09.2021 10:05:11,6028e36ad1e80652e41054ca,6028e407a1ba2a0d3d760566,com.mytalkingcatemma.ballerinagames,1.0,ru,Android OS 8.1.0 / API-27 (O11019/V11.0.10.0.OFIMIXM),16b86e6b-d71c-46bc-80ce-72f6b0bc6861,False,False,BD,1631441112.448774
0,An error occurred while sending the request,Error,/BuildNotice/0,MobileSDK,Xiaomi MI PLAY,OpenGLES2,1.0,1.11.0,False,LowRevenueCountryBlock,LowRevenueCountryBlock,12.09.2021 10:05:11,6028e36ad1e80652e41054ca,6028e407a1ba2a0d3d760566,com.mytalkingcatemma.ballerinagames,1.0,ru,Android OS 8.1.0 / API-27 (O11019/V11.0.10.0.OFIMIXM),16b86e6b-d71c-46bc-80ce-72f6b0bc6861,False,False,BD,1631441112.483293
0,could not receive ip address from ipfy,Error,/BuildNotice/0,MobileSDK,Realme RMX1821,OpenGLES2,1.0,1.11.0,False,LowRevenueCountryBlock,LowRevenueCountryBlock,09/12/2021 10:05:01,6028e36ad1e80652e41054ca,609d69021c511f4b1d4df1c4,com.pregnantcatemma.virtualpet,1.0,iv,Android OS 10 / API-29 (QP1A.190711.020/1624873154),e038be81-11ad-417f-990a-cf4faa24a61b,False,False,IQ,1631441112.501763
0,An error occurred while sending the request,Error,/BuildNotice/0,MobileSDK,Realme RMX1821,OpenGLES2,1.0,1.11.0,False,LowRevenueCountryBlock,LowRevenueCountryBlock,09/12/2021 10:05:01,6028e36ad1e80652e41054ca,609d69021c511f4b1d4df1c4,com.pregnantcatemma.virtualpet,1.0,iv,Android OS 10 / API-29 (QP1A.190711.020/1624873154),e038be81-11ad-417f-990a-cf4faa24a61b,False,False,IQ,1631441112.724166
0,could not receive ip address from ipfy,Error,/BuildNotice/0,MobileSDK,Realme RMX1821,OpenGLES2,1.0,1.11.0,False,LowRevenueCountryBlock,LowRevenueCountryBlock,09/12/2021 10:05:01,6028e36ad1e80652e41054ca,609d69021c511f4b1d4df1c4,com.pregnantcatemma.virtualpet,1.0,iv,Android OS 10 / API-29 (QP1A.190711.020/1624873154),e038be81-11ad-417f-990a-cf4faa24a61b,False,False,IQ,1631441112.752291
0,An error occurred while sending the request,Error,/BuildNotice/0,MobileSDK,Realme RMX1821,OpenGLES2,1.0,1.11.0,False,LowRevenueCountryBlock,LowRevenueCountryBlock,09/12/2021 10:05:00,6028e36ad1e80652e41054ca,609d69021c511f4b1d4df1c4,com.pregnantcatemma.virtualpet,1.0,iv,Android OS 10 / API-29 (QP1A.190711.020/1624873154),e038be81-11ad-417f-990a-cf4faa24a61b,False,False,IQ,1631441112.982537
0,could not receive ip address from ipfy,Error,/BuildNotice/0,MobileSDK,Realme RMX1821,OpenGLES2,1.0,1.11.0,False,LowRevenueCountryBlock,LowRevenueCountryBlock,09/12/2021 10:05:00,6028e36ad1e80652e41054ca,609d69021c511f4b1d4df1c4,com.pregnantcatemma.virtualpet,1.0,iv,Android OS 10 / API-29 (QP1A.190711.020/1624873154),e038be81-11ad-417f-990a-cf4faa24a61b,False,False,IQ,1631441113.000851
0,could not receive ip address from ipfy,Error,/BuildNotice/0,MobileSDK,Xiaomi MI PLAY,OpenGLES2,1.0,1.11.0,False,LowRevenueCountryBlock,LowRevenueCountryBlock,12.09.2021 10:05:12,6028e36ad1e80652e41054ca,6028e407a1ba2a0d3d760566,com.mytalkingcatemma.ballerinagames,1.0,ru,Android OS 8.1.0 / API-27 (O11019/V11.0.10.0.OFIMIXM),16b86e6b-d71c-46bc-80ce-72f6b0bc6861,False,False,BD,1631441113.142436
0,An error occurred while sending the request,Error,/BuildNotice/0,MobileSDK,Xiaomi MI PLAY,OpenGLES2,1.0,1.11.0,False,LowRevenueCountryBlock,LowRevenueCountryBlock,12.09.2021 10:05:12,6028e36ad1e80652e41054ca,6028e407a1ba2a0d3d760566,com.mytalkingcatemma.ballerinagames,1.0,ru,Android OS 8.1.0 / API-27 (O11019/V11.0.10.0.OFIMIXM),16b86e6b-d71c-46bc-80ce-72f6b0bc6861,False,False,BD,1631441113.156972
0,An error occurred while sending the request,Error,/BuildNotice/0,MobileSDK,Realme RMX1821,OpenGLES2,1.0,1.11.0,False,LowRevenueCountryBlock,LowRevenueCountryBlock,09/12/2021 10:05:11,6028e36ad1e80652e41054ca,609d69021c511f4b1d4df1c4,com.pregnantcatemma.virtualpet,1.0,iv,Android OS 10 / API-29 (QP1A.190711.020/1624873154),e038be81-11ad-417f-990a-cf4faa24a61b,False,False,IQ,1631441113.246581
0,An error occurred while sending the request,Error,/BuildNotice/0,MobileSDK,Realme RMX1821,OpenGLES2,1.0,1.11.0,False,LowRevenueCountryBlock,LowRevenueCountryBlock,09/12/2021 10:05:00,6028e36ad1e80652e41054ca,609d69021c511f4b1d4df1c4,com.pregnantcatemma.virtualpet,1.0,iv,Android OS 10 / API-29 (QP1A.190711.020/1624873154),e038be81-11ad-417f-990a-cf4faa24a61b,False,False,IQ,1631441113.340595
0,could not receive ip address from ipfy,Error,/BuildNotice/0,MobileSDK,Realme RMX1821,OpenGLES2,1.0,1.11.0,False,LowRevenueCountryBlock,LowRevenueCountryBlock,09/12/2021 10:05:00,6028e36ad1e80652e41054ca,609d69021c511f4b1d4df1c4,com.pregnantcatemma.virtualpet,1.0,iv,Android OS 10 / API-29 (QP1A.190711.020/1624873154),e038be81-11ad-417f-990a-cf4faa24a61b,False,False,IQ,1631441113.508409
0,An error occurred while sending the request,Error,/BuildNotice/0,MobileSDK,Realme RMX1821,OpenGLES2,1.0,1.11.0,False,LowRevenueCountryBlock,LowRevenueCountryBlock,09/12/2021 10:05:00,6028e36ad1e80652e41054ca,609d69021c511f4b1d4df1c4,com.pregnantcatemma.virtualpet,1.0,iv,Android OS 10 / API-29 (QP1A.190711.020/1624873154),e038be81-11ad-417f-990a-cf4faa24a61b,False,False,IQ,1631441113.598368
0,could not receive ip address from ipfy,Error,/BuildNotice/0,MobileSDK,Xiaomi Redmi 8,OpenGLES2,1.0,1.11.0,False,Programmatic1,Programmatic,12.09.2021 10:05:12,6028e36ad1e80652e41054ca,6028e407a1ba2a0d3d760566,com.mytalkingcatemma.ballerinagames,1.0,ru,Android OS 10 / API-29 (QKQ1.191014.001/V12.0.3.0.QCNEUXM),ca8856c0-893a-4c1e-b14b-add5a144bc48,False,False,GB,1631441113.945144
0,An error occurred while sending the request,Error,/BuildNotice/0,MobileSDK,Xiaomi Redmi 8,OpenGLES2,1.0,1.11.0,False,Programmatic1,Programmatic,12.09.2021 10:05:12,6028e36ad1e80652e41054ca,6028e407a1ba2a0d3d760566,com.mytalkingcatemma.ballerinagames,1.0,ru,Android OS 10 / API-29 (QKQ1.191014.001/V12.0.3.0.QCNEUXM),ca8856c0-893a-4c1e-b14b-add5a144bc48,False,False,GB,1631441113.989949
0,could not receive ip address from ipfy,Error,/BuildNotice/0,MobileSDK,Xiaomi MI PLAY,OpenGLES2,1.0,1.11.0,False,LowRevenueCountryBlock,LowRevenueCountryBlock,12.09.2021 10:05:13,6028e36ad1e80652e41054ca,6028e407a1ba2a0d3d760566,com.mytalkingcatemma.ballerinagames,1.0,ru,Android OS 8.1.0 / API-27 (O11019/V11.0.10.0.OFIMIXM),16b86e6b-d71c-46bc-80ce-72f6b0bc6861,False,False,BD,1631441114.003554
0,An error occurred while sending the request,Error,/BuildNotice/0,MobileSDK,Realme RMX1821,OpenGLES2,1.0,1.11.0,False,LowRevenueCountryBlock,LowRevenueCountryBlock,09/12/2021 10:04:59,6028e36ad1e80652e41054ca,609d69021c511f4b1d4df1c4,com.pregnantcatemma.virtualpet,1.0,iv,Android OS 10 / API-29 (QP1A.190711.020/1624873154),e038be81-11ad-417f-990a-cf4faa24a61b,False,False,IQ,1631441114.108103
0,could not receive ip address from ipfy,Error,/BuildNotice/0,MobileSDK,Realme RMX1821,OpenGLES2,1.0,1.11.0,False,LowRevenueCountryBlock,LowRevenueCountryBlock,09/12/2021 10:05:00,6028e36ad1e80652e41054ca,609d69021c511f4b1d4df1c4,com.pregnantcatemma.virtualpet,1.0,iv,Android OS 10 / API-29 (QP1A.190711.020/1624873154),e038be81-11ad-417f-990a-cf4faa24a61b,False,False,IQ,1631441114.125877
0,An error occurred while sending the request,Error,/BuildNotice/0,MobileSDK,Xiaomi MI PLAY,OpenGLES2,1.0,1.11.0,False,LowRevenueCountryBlock,LowRevenueCountryBlock,12.09.2021 10:05:13,6028e36ad1e80652e41054ca,6028e407a1ba2a0d3d760566,com.mytalkingcatemma.ballerinagames,1.0,ru,Android OS 8.1.0 / API-27 (O11019/V11.0.10.0.OFIMIXM),16b86e6b-d71c-46bc-80ce-72f6b0bc6861,False,False,BD,1631441114.37007
0,could not receive ip address from ipfy,Error,/BuildNotice/0,MobileSDK,Realme RMX1821,OpenGLES2,1.0,1.11.0,False,LowRevenueCountryBlock,LowRevenueCountryBlock,09/12/2021 10:04:59,6028e36ad1e80652e41054ca,609d69021c511f4b1d4df1c4,com.pregnantcatemma.virtualpet,1.0,iv,Android OS 10 / API-29 (QP1A.190711.020/1624873154),e038be81-11ad-417f-990a-cf4faa24a61b,False,False,IQ,1631441114.38579
0,An error occurred while sending the request,Error,/BuildNotice/0,MobileSDK,Realme RMX1821,OpenGLES2,1.0,1.11.0,False,LowRevenueCountryBlock,LowRevenueCountryBlock,09/12/2021 10:04:59,6028e36ad1e80652e41054ca,609d69021c511f4b1d4df1c4,com.pregnantcatemma.virtualpet,1.0,iv,Android OS 10 / API-29 (QP1A.190711.020/1624873154),e038be81-11ad-417f-990a-cf4faa24a61b,False,False,IQ,1631441114.401689
0,could not receive ip address from ipfy,Error,/BuildNotice/0,MobileSDK,Realme RMX1821,OpenGLES2,1.0,1.11.0,False,LowRevenueCountryBlock,LowRevenueCountryBlock,09/12/2021 10:04:59,6028e36ad1e80652e41054ca,609d69021c511f4b1d4df1c4,com.pregnantcatemma.virtualpet,1.0,iv,Android OS 10 / API-29 (QP1A.190711.020/1624873154),e038be81-11ad-417f-990a-cf4faa24a61b,False,False,IQ,1631441114.644211
0,could not receive ip address from ipfy,Error,/BuildNotice/0,MobileSDK,samsung SM-A107F,OpenGLES2,1.0,1.11.0,False,Programmatic1,Programmatic,12/09/2021 10:05:14 AM,6028e36ad1e80652e41054ca,6028e407a1ba2a0d3d760566,com.mytalkingcatemma.ballerinagames,1.0,en,Android OS 11 / API-30 (RP1A.200720.012/A107FXXU8CUG3),ce4af260-dd28-4a62-8aae-9c65ea88a54e,False,False,PH,1631441114.659402
0,An error occurred while sending the request,Error,/BuildNotice/0,MobileSDK,samsung SM-A107F,OpenGLES2,1.0,1.11.0,False,Programmatic1,Programmatic,12/09/2021 10:05:14 AM,6028e36ad1e80652e41054ca,6028e407a1ba2a0d3d760566,com.mytalkingcatemma.ballerinagames,1.0,en,Android OS 11 / API-30 (RP1A.200720.012/A107FXXU8CUG3),ce4af260-dd28-4a62-8aae-9c65ea88a54e,False,False,PH,1631441114.688376
0,An error occurred while sending the request,Error,/BuildNotice/0,MobileSDK,Realme RMX1821,OpenGLES2,1.0,1.11.0,False,LowRevenueCountryBlock,LowRevenueCountryBlock,09/12/2021 10:04:59,6028e36ad1e80652e41054ca,609d69021c511f4b1d4df1c4,com.pregnantcatemma.virtualpet,1.0,iv,Android OS 10 / API-29 (QP1A.190711.020/1624873154),e038be81-11ad-417f-990a-cf4faa24a61b,False,False,IQ,1631441114.705683
0,could not receive ip address from ipfy,Error,/BuildNotice/0,MobileSDK,Realme RMX1821,OpenGLES2,1.0,1.11.0,False,LowRevenueCountryBlock,LowRevenueCountryBlock,09/12/2021 10:04:59,6028e36ad1e80652e41054ca,609d69021c511f4b1d4df1c4,com.pregnantcatemma.virtualpet,1.0,iv,Android OS 10 / API-29 (QP1A.190711.020/1624873154),e038be81-11ad-417f-990a-cf4faa24a61b,False,False,IQ,1631441114.904031
0,could not receive ip address from ipfy,Error,/BuildNotice/0,MobileSDK,Xiaomi Redmi 8,OpenGLES2,1.0,1.11.0,False,Programmatic1,Programmatic,12.09.2021 10:05:13,6028e36ad1e80652e41054ca,6028e407a1ba2a0d3d760566,com.mytalkingcatemma.ballerinagames,1.0,ru,Android OS 10 / API-29 (QKQ1.191014.001/V12.0.3.0.QCNEUXM),ca8856c0-893a-4c1e-b14b-add5a144bc48,False,False,GB,1631441114.960824
0,An error occurred while sending the request,Error,/BuildNotice/0,MobileSDK,Xiaomi Redmi 8,OpenGLES2,1.0,1.11.0,False,Programmatic1,Programmatic,12.09.2021 10:05:13,6028e36ad1e80652e41054ca,6028e407a1ba2a0d3d760566,com.mytalkingcatemma.ballerinagames,1.0,ru,Android OS 10 / API-29 (QKQ1.191014.001/V12.0.3.0.QCNEUXM),ca8856c0-893a-4c1e-b14b-add5a144bc48,False,False,GB,1631441114.975238
0,could not receive ip address from ipfy,Error,/BuildNotice/0,MobileSDK,Realme RMX1821,OpenGLES2,1.0,1.11.0,False,LowRevenueCountryBlock,LowRevenueCountryBlock,09/12/2021 10:05:11,6028e36ad1e80652e41054ca,609d69021c511f4b1d4df1c4,com.pregnantcatemma.virtualpet,1.0,iv,Android OS 10 / API-29 (QP1A.190711.020/1624873154),e038be81-11ad-417f-990a-cf4faa24a61b,False,False,IQ,1631441114.991044
0,could not receive ip address from ipfy,Error,/BuildNotice/0,MobileSDK,Xiaomi MI PLAY,OpenGLES2,1.0,1.11.0,False,LowRevenueCountryBlock,LowRevenueCountryBlock,12.09.2021 10:05:14,6028e36ad1e80652e41054ca,6028e407a1ba2a0d3d760566,com.mytalkingcatemma.ballerinagames,1.0,ru,Android OS 8.1.0 / API-27 (O11019/V11.0.10.0.OFIMIXM),16b86e6b-d71c-46bc-80ce-72f6b0bc6861,False,False,BD,1631441115.136092
0,An error occurred while sending the request,Error,/BuildNotice/0,MobileSDK,Xiaomi MI PLAY,OpenGLES2,1.0,1.11.0,False,LowRevenueCountryBlock,LowRevenueCountryBlock,12.09.2021 10:05:14,6028e36ad1e80652e41054ca,6028e407a1ba2a0d3d760566,com.mytalkingcatemma.ballerinagames,1.0,ru,Android OS 8.1.0 / API-27 (O11019/V11.0.10.0.OFIMIXM),16b86e6b-d71c-46bc-80ce-72f6b0bc6861,False,False,BD,1631441115.153538
0,An error occurred while sending the request,Error,/BuildNotice/0,MobileSDK,Xiaomi MI PLAY,OpenGLES2,1.0,1.11.0,False,LowRevenueCountryBlock,LowRevenueCountryBlock,12.09.2021 10:05:14,6028e36ad1e80652e41054ca,6028e407a1ba2a0d3d760566,com.mytalkingcatemma.ballerinagames,1.0,ru,Android OS 8.1.0 / API-27 (O11019/V11.0.10.0.OFIMIXM),16b86e6b-d71c-46bc-80ce-72f6b0bc6861,False,False,BD,1631441115.521234
0,could not receive ip address from ipfy,Error,/BuildNotice/0,MobileSDK,Xiaomi MI PLAY,OpenGLES2,1.0,1.11.0,False,LowRevenueCountryBlock,LowRevenueCountryBlock,12.09.2021 10:05:15,6028e36ad1e80652e41054ca,6028e407a1ba2a0d3d760566,com.mytalkingcatemma.ballerinagames,1.0,ru,Android OS 8.1.0 / API-27 (O11019/V11.0.10.0.OFIMIXM),16b86e6b-d71c-46bc-80ce-72f6b0bc6861,False,False,BD,1631441115.914039
0,could not receive ip address from ipfy,Error,/BuildNotice/0,MobileSDK,Xiaomi MI PLAY,OpenGLES2,1.0,1.11.0,False,LowRevenueCountryBlock,LowRevenueCountryBlock,12.09.2021 10:05:14,6028e36ad1e80652e41054ca,6028e407a1ba2a0d3d760566,com.mytalkingcatemma.ballerinagames,1.0,ru,Android OS 8.1.0 / API-27 (O11019/V11.0.10.0.OFIMIXM),16b86e6b-d71c-46bc-80ce-72f6b0bc6861,False,False,BD,1631441115.928157
0,could not receive ip address from ipfy,Error,/BuildNotice/0,MobileSDK,Xiaomi Redmi 8,OpenGLES2,1.0,1.11.0,False,Programmatic1,Programmatic,12.09.2021 10:05:14,6028e36ad1e80652e41054ca,6028e407a1ba2a0d3d760566,com.mytalkingcatemma.ballerinagames,1.0,ru,Android OS 10 / API-29 (QKQ1.191014.001/V12.0.3.0.QCNEUXM),ca8856c0-893a-4c1e-b14b-add5a144bc48,False,False,GB,1631441116.169195
0,An error occurred while sending the request,Error,/BuildNotice/0,MobileSDK,Xiaomi Redmi 8,OpenGLES2,1.0,1.11.0,False,Programmatic1,Programmatic,12.09.2021 10:05:14,6028e36ad1e80652e41054ca,6028e407a1ba2a0d3d760566,com.mytalkingcatemma.ballerinagames,1.0,ru,Android OS 10 / API-29 (QKQ1.191014.001/V12.0.3.0.QCNEUXM),ca8856c0-893a-4c1e-b14b-add5a144bc48,False,False,GB,1631441116.188795
0,An error occurred while sending the request,Error,/BuildNotice/0,MobileSDK,Xiaomi MI PLAY,OpenGLES2,1.0,1.11.0,False,LowRevenueCountryBlock,LowRevenueCountryBlock,12.09.2021 10:05:15,6028e36ad1e80652e41054ca,6028e407a1ba2a0d3d760566,com.mytalkingcatemma.ballerinagames,1.0,ru,Android OS 8.1.0 / API-27 (O11019/V11.0.10.0.OFIMIXM),16b86e6b-d71c-46bc-80ce-72f6b0bc6861,False,False,BD,1631441116.263782
0,An error occurred while sending the request,Error,/BuildNotice/0,MobileSDK,Xiaomi MI PLAY,OpenGLES2,1.0,1.11.0,False,LowRevenueCountryBlock,LowRevenueCountryBlock,12.09.2021 10:05:16,6028e36ad1e80652e41054ca,6028e407a1ba2a0d3d760566,com.mytalkingcatemma.ballerinagames,1.0,ru,Android OS 8.1.0 / API-27 (O11019/V11.0.10.0.OFIMIXM),16b86e6b-d71c-46bc-80ce-72f6b0bc6861,False,False,BD,1631441116.965492
0,could not receive ip address from ipfy,Error,/BuildNotice/0,MobileSDK,Xiaomi MI PLAY,OpenGLES2,1.0,1.11.0,False,LowRevenueCountryBlock,LowRevenueCountryBlock,12.09.2021 10:05:16,6028e36ad1e80652e41054ca,6028e407a1ba2a0d3d760566,com.mytalkingcatemma.ballerinagames,1.0,ru,Android OS 8.1.0 / API-27 (O11019/V11.0.10.0.OFIMIXM),16b86e6b-d71c-46bc-80ce-72f6b0bc6861,False,False,BD,1631441116.983107
0,could not receive ip address from ipfy,Error,/BuildNotice/0,MobileSDK,Xiaomi MI PLAY,OpenGLES2,1.0,1.11.0,False,LowRevenueCountryBlock,LowRevenueCountryBlock,12.09.2021 10:05:16,6028e36ad1e80652e41054ca,6028e407a1ba2a0d3d760566,com.mytalkingcatemma.ballerinagames,1.0,ru,Android OS 8.1.0 / API-27 (O11019/V11.0.10.0.OFIMIXM),16b86e6b-d71c-46bc-80ce-72f6b0bc6861,False,False,BD,1631441117.346324
0,An error occurred while sending the request,Error,/BuildNotice/0,MobileSDK,Xiaomi MI PLAY,OpenGLES2,1.0,1.11.0,False,LowRevenueCountryBlock,LowRevenueCountryBlock,12.09.2021 10:05:16,6028e36ad1e80652e41054ca,6028e407a1ba2a0d3d760566,com.mytalkingcatemma.ballerinagames,1.0,ru,Android OS 8.1.0 / API-27 (O11019/V11.0.10.0.OFIMIXM),16b86e6b-d71c-46bc-80ce-72f6b0bc6861,False,False,BD,1631441117.381119
0,could not receive ip address from ipfy,Error,/BuildNotice/0,MobileSDK,Xiaomi Redmi 8,OpenGLES2,1.0,1.11.0,False,Programmatic1,Programmatic,12.09.2021 10:05:15,6028e36ad1e80652e41054ca,6028e407a1ba2a0d3d760566,com.mytalkingcatemma.ballerinagames,1.0,ru,Android OS 10 / API-29 (QKQ1.191014.001/V12.0.3.0.QCNEUXM),ca8856c0-893a-4c1e-b14b-add5a144bc48,False,False,GB,1631441117.456999
0,could not receive ip address from ipfy,Error,/BuildNotice/0,MobileSDK,samsung SM-A107F,OpenGLES2,1.0,1.11.0,False,Programmatic1,Programmatic,12/09/2021 10:05:17 AM,6028e36ad1e80652e41054ca,6028e407a1ba2a0d3d760566,com.mytalkingcatemma.ballerinagames,1.0,en,Android OS 11 / API-30 (RP1A.200720.012/A107FXXU8CUG3),ce4af260-dd28-4a62-8aae-9c65ea88a54e,False,False,PH,1631441117.703948
0,An error occurred while sending the request,Error,/BuildNotice/0,MobileSDK,samsung SM-A107F,OpenGLES2,1.0,1.11.0,False,Programmatic1,Programmatic,12/09/2021 10:05:17 AM,6028e36ad1e80652e41054ca,6028e407a1ba2a0d3d760566,com.mytalkingcatemma.ballerinagames,1.0,en,Android OS 11 / API-30 (RP1A.200720.012/A107FXXU8CUG3),ce4af260-dd28-4a62-8aae-9c65ea88a54e,False,False,PH,1631441117.754454
0,An error occurred while sending the request,Error,/BuildNotice/0,MobileSDK,Xiaomi MI PLAY,OpenGLES2,1.0,1.11.0,False,LowRevenueCountryBlock,LowRevenueCountryBlock,12.09.2021 10:05:17,6028e36ad1e80652e41054ca,6028e407a1ba2a0d3d760566,com.mytalkingcatemma.ballerinagames,1.0,ru,Android OS 8.1.0 / API-27 (O11019/V11.0.10.0.OFIMIXM),16b86e6b-d71c-46bc-80ce-72f6b0bc6861,False,False,BD,1631441117.78596
0,could not receive ip address from ipfy,Error,/BuildNotice/0,MobileSDK,Xiaomi MI PLAY,OpenGLES2,1.0,1.11.0,False,LowRevenueCountryBlock,LowRevenueCountryBlock,12.09.2021 10:05:17,6028e36ad1e80652e41054ca,6028e407a1ba2a0d3d760566,com.mytalkingcatemma.ballerinagames,1.0,ru,Android OS 8.1.0 / API-27 (O11019/V11.0.10.0.OFIMIXM),16b86e6b-d71c-46bc-80ce-72f6b0bc6861,False,False,BD,1631441117.803998
0,An error occurred while sending the request,Error,/BuildNotice/0,MobileSDK,Xiaomi Redmi 8,OpenGLES2,1.0,1.11.0,False,Programmatic1,Programmatic,12.09.2021 10:05:15,6028e36ad1e80652e41054ca,6028e407a1ba2a0d3d760566,com.mytalkingcatemma.ballerinagames,1.0,ru,Android OS 10 / API-29 (QKQ1.191014.001/V12.0.3.0.QCNEUXM),ca8856c0-893a-4c1e-b14b-add5a144bc48,False,False,GB,1631441117.842897
0,could not receive ip address from ipfy,Error,/BuildNotice/0,MobileSDK,Xiaomi Redmi 8,OpenGLES2,1.0,1.11.0,False,Programmatic1,Programmatic,12.09.2021 10:05:16,6028e36ad1e80652e41054ca,6028e407a1ba2a0d3d760566,com.mytalkingcatemma.ballerinagames,1.0,ru,Android OS 10 / API-29 (QKQ1.191014.001/V12.0.3.0.QCNEUXM),ca8856c0-893a-4c1e-b14b-add5a144bc48,False,False,GB,1631441118.486953
0,could not receive ip address from ipfy,Error,/BuildNotice/0,MobileSDK,Xiaomi MI PLAY,OpenGLES2,1.0,1.11.0,False,LowRevenueCountryBlock,LowRevenueCountryBlock,12.09.2021 10:05:18,6028e36ad1e80652e41054ca,6028e407a1ba2a0d3d760566,com.mytalkingcatemma.ballerinagames,1.0,ru,Android OS 8.1.0 / API-27 (O11019/V11.0.10.0.OFIMIXM),16b86e6b-d71c-46bc-80ce-72f6b0bc6861,False,False,BD,1631441118.775969
0,An error occurred while sending the request,Error,/BuildNotice/0,MobileSDK,Xiaomi MI PLAY,OpenGLES2,1.0,1.11.0,False,LowRevenueCountryBlock,LowRevenueCountryBlock,12.09.2021 10:05:18,6028e36ad1e80652e41054ca,6028e407a1ba2a0d3d760566,com.mytalkingcatemma.ballerinagames,1.0,ru,Android OS 8.1.0 / API-27 (O11019/V11.0.10.0.OFIMIXM),16b86e6b-d71c-46bc-80ce-72f6b0bc6861,False,False,BD,1631441118.811799
0,An error occurred while sending the request,Error,/BuildNotice/0,MobileSDK,Xiaomi Redmi 8,OpenGLES2,1.0,1.11.0,False,Programmatic1,Programmatic,12.09.2021 10:05:16,6028e36ad1e80652e41054ca,6028e407a1ba2a0d3d760566,com.mytalkingcatemma.ballerinagames,1.0,ru,Android OS 10 / API-29 (QKQ1.191014.001/V12.0.3.0.QCNEUXM),ca8856c0-893a-4c1e-b14b-add5a144bc48,False,False,GB,1631441118.840969
0,could not receive ip address from ipfy,Error,/BuildNotice/0,MobileSDK,Xiaomi MI PLAY,OpenGLES2,1.0,1.11.0,False,LowRevenueCountryBlock,LowRevenueCountryBlock,12.09.2021 10:05:18,6028e36ad1e80652e41054ca,6028e407a1ba2a0d3d760566,com.mytalkingcatemma.ballerinagames,1.0,ru,Android OS 8.1.0 / API-27 (O11019/V11.0.10.0.OFIMIXM),16b86e6b-d71c-46bc-80ce-72f6b0bc6861,False,False,BD,1631441119.207434
0,An error occurred while sending the request,Error,/BuildNotice/0,MobileSDK,Xiaomi MI PLAY,OpenGLES2,1.0,1.11.0,False,LowRevenueCountryBlock,LowRevenueCountryBlock,12.09.2021 10:05:18,6028e36ad1e80652e41054ca,6028e407a1ba2a0d3d760566,com.mytalkingcatemma.ballerinagames,1.0,ru,Android OS 8.1.0 / API-27 (O11019/V11.0.10.0.OFIMIXM),16b86e6b-d71c-46bc-80ce-72f6b0bc6861,False,False,BD,1631441119.330269
0,could not receive ip address from ipfy,Error,/BuildNotice/0,MobileSDK,Xiaomi Redmi 8,OpenGLES2,1.0,1.11.0,False,Programmatic1,Programmatic,12.09.2021 10:05:17,6028e36ad1e80652e41054ca,6028e407a1ba2a0d3d760566,com.mytalkingcatemma.ballerinagames,1.0,ru,Android OS 10 / API-29 (QKQ1.191014.001/V12.0.3.0.QCNEUXM),ca8856c0-893a-4c1e-b14b-add5a144bc48,False,False,GB,1631441119.463137
0,An error occurred while sending the request,Error,/BuildNotice/0,MobileSDK,Xiaomi Redmi 8,OpenGLES2,1.0,1.11.0,False,Programmatic1,Programmatic,12.09.2021 10:05:17,6028e36ad1e80652e41054ca,6028e407a1ba2a0d3d760566,com.mytalkingcatemma.ballerinagames,1.0,ru,Android OS 10 / API-29 (QKQ1.191014.001/V12.0.3.0.QCNEUXM),ca8856c0-893a-4c1e-b14b-add5a144bc48,False,False,GB,1631441119.775096
0,could not receive ip address from ipfy,Error,/BuildNotice/0,MobileSDK,Xiaomi MI PLAY,OpenGLES2,1.0,1.11.0,False,LowRevenueCountryBlock,LowRevenueCountryBlock,12.09.2021 10:05:19,6028e36ad1e80652e41054ca,6028e407a1ba2a0d3d760566,com.mytalkingcatemma.ballerinagames,1.0,ru,Android OS 8.1.0 / API-27 (O11019/V11.0.10.0.OFIMIXM),16b86e6b-d71c-46bc-80ce-72f6b0bc6861,False,False,BD,1631441119.990781
0,An error occurred while sending the request,Error,/BuildNotice/0,MobileSDK,Xiaomi MI PLAY,OpenGLES2,1.0,1.11.0,False,LowRevenueCountryBlock,LowRevenueCountryBlock,12.09.2021 10:05:19,6028e36ad1e80652e41054ca,6028e407a1ba2a0d3d760566,com.mytalkingcatemma.ballerinagames,1.0,ru,Android OS 8.1.0 / API-27 (O11019/V11.0.10.0.OFIMIXM),16b86e6b-d71c-46bc-80ce-72f6b0bc6861,False,False,BD,1631441120.010549
0,could not receive ip address from ipfy,Error,/BuildNotice/0,MobileSDK,Xiaomi Redmi 8,OpenGLES2,1.0,1.11.0,False,Programmatic1,Programmatic,12.09.2021 10:05:18,6028e36ad1e80652e41054ca,6028e407a1ba2a0d3d760566,com.mytalkingcatemma.ballerinagames,1.0,ru,Android OS 10 / API-29 (QKQ1.191014.001/V12.0.3.0.QCNEUXM),ca8856c0-893a-4c1e-b14b-add5a144bc48,False,False,GB,1631441120.423531
0,An error occurred while sending the request,Error,/BuildNotice/0,MobileSDK,Xiaomi Redmi 8,OpenGLES2,1.0,1.11.0,False,Programmatic1,Programmatic,12.09.2021 10:05:18,6028e36ad1e80652e41054ca,6028e407a1ba2a0d3d760566,com.mytalkingcatemma.ballerinagames,1.0,ru,Android OS 10 / API-29 (QKQ1.191014.001/V12.0.3.0.QCNEUXM),ca8856c0-893a-4c1e-b14b-add5a144bc48,False,False,GB,1631441120.439905
0,"We are running ""Programmatic Flow"", you need to active gCom. 
 HTTP/1.1 400 Bad Request
{""product"": null, ""payment"": null, ""shipment_available_options"": [], ""session"": {""session_id"": ""1.0"", ""status"": ""Error: CODE_INVALID_FLOW_ID"", ""error_code"": 110}, ""flow"": ""gcom""}",Error,/BuildNotice/0,MobileSDK,Xiaomi Redmi Note 5 Pro,OpenGLES2,1.0,1.10.2,False,Programmatic1,Programmatic,09/12/2021 10:05:13,611bdadcd4e35d332f3d5e66,611be843d5491c7d0a6ab0ce,com.thg.battleops.shooting.game,1.0,iv,Android OS 9 / API-28 (PKQ1.180904.001/V11.0.5.0.PEIMIXM),4858ac3d-76a9-4ce4-bf52-0472afc97018,True,False,TH,1631441120.44475
0,An error occurred while sending the request,Error,/BuildNotice/0,MobileSDK,Xiaomi MI PLAY,OpenGLES2,1.0,1.11.0,False,LowRevenueCountryBlock,LowRevenueCountryBlock,12.09.2021 10:05:19,6028e36ad1e80652e41054ca,6028e407a1ba2a0d3d760566,com.mytalkingcatemma.ballerinagames,1.0,ru,Android OS 8.1.0 / API-27 (O11019/V11.0.10.0.OFIMIXM),16b86e6b-d71c-46bc-80ce-72f6b0bc6861,False,False,BD,1631441120.642375
0,could not receive ip address from ipfy,Error,/BuildNotice/0,MobileSDK,Xiaomi MI PLAY,OpenGLES2,1.0,1.11.0,False,LowRevenueCountryBlock,LowRevenueCountryBlock,12.09.2021 10:05:19,6028e36ad1e80652e41054ca,6028e407a1ba2a0d3d760566,com.mytalkingcatemma.ballerinagames,1.0,ru,Android OS 8.1.0 / API-27 (O11019/V11.0.10.0.OFIMIXM),16b86e6b-d71c-46bc-80ce-72f6b0bc6861,False,False,BD,1631441120.655906
0,could not receive ip address from ipfy,Error,/BuildNotice/0,MobileSDK,samsung SM-A107F,OpenGLES2,1.0,1.11.0,False,Programmatic1,Programmatic,12/09/2021 10:05:20 AM,6028e36ad1e80652e41054ca,6028e407a1ba2a0d3d760566,com.mytalkingcatemma.ballerinagames,1.0,en,Android OS 11 / API-30 (RP1A.200720.012/A107FXXU8CUG3),ce4af260-dd28-4a62-8aae-9c65ea88a54e,False,False,PH,1631441120.743512
0,An error occurred while sending the request,Error,/BuildNotice/0,MobileSDK,samsung SM-A107F,OpenGLES2,1.0,1.11.0,False,Programmatic1,Programmatic,12/09/2021 10:05:20 AM,6028e36ad1e80652e41054ca,6028e407a1ba2a0d3d760566,com.mytalkingcatemma.ballerinagames,1.0,en,Android OS 11 / API-30 (RP1A.200720.012/A107FXXU8CUG3),ce4af260-dd28-4a62-8aae-9c65ea88a54e,False,False,PH,1631441120.779945
0,could not receive ip address from ipfy,Error,/BuildNotice/0,MobileSDK,Xiaomi Redmi 8,OpenGLES2,1.0,1.11.0,False,Programmatic1,Programmatic,12.09.2021 10:05:19,6028e36ad1e80652e41054ca,6028e407a1ba2a0d3d760566,com.mytalkingcatemma.ballerinagames,1.0,ru,Android OS 10 / API-29 (QKQ1.191014.001/V12.0.3.0.QCNEUXM),ca8856c0-893a-4c1e-b14b-add5a144bc48,False,False,GB,1631441121.570762
0,An error occurred while sending the request,Error,/BuildNotice/0,MobileSDK,Xiaomi Redmi 8,OpenGLES2,1.0,1.11.0,False,Programmatic1,Programmatic,12.09.2021 10:05:19,6028e36ad1e80652e41054ca,6028e407a1ba2a0d3d760566,com.mytalkingcatemma.ballerinagames,1.0,ru,Android OS 10 / API-29 (QKQ1.191014.001/V12.0.3.0.QCNEUXM),ca8856c0-893a-4c1e-b14b-add5a144bc48,False,False,GB,1631441121.996913
0,could not receive ip address from ipfy,Error,/BuildNotice/0,MobileSDK,Xiaomi Redmi 8,OpenGLES2,1.0,1.11.0,False,Programmatic1,Programmatic,12.09.2021 10:05:20,6028e36ad1e80652e41054ca,6028e407a1ba2a0d3d760566,com.mytalkingcatemma.ballerinagames,1.0,ru,Android OS 10 / API-29 (QKQ1.191014.001/V12.0.3.0.QCNEUXM),ca8856c0-893a-4c1e-b14b-add5a144bc48,False,False,GB,1631441122.603137
0,An error occurred while sending the request,Error,/BuildNotice/0,MobileSDK,Xiaomi Redmi 8,OpenGLES2,1.0,1.11.0,False,Programmatic1,Programmatic,12.09.2021 10:05:20,6028e36ad1e80652e41054ca,6028e407a1ba2a0d3d760566,com.mytalkingcatemma.ballerinagames,1.0,ru,Android OS 10 / API-29 (QKQ1.191014.001/V12.0.3.0.QCNEUXM),ca8856c0-893a-4c1e-b14b-add5a144bc48,False,False,GB,1631441122.621317
0,An error occurred while sending the request,Error,/BuildNotice/0,MobileSDK,samsung SM-A307FN,OpenGLES2,1.0,1.11.0,False,Programmatic1,Programmatic,12.09.2021 10:04:15,6028e36ad1e80652e41054ca,6028e407a1ba2a0d3d760566,com.mytalkingcatemma.ballerinagames,1.0,ru,Android OS 11 / API-30 (RP1A.200720.012/A307FNXXS2CUH4),279297b4-f16b-47de-8558-d59322e20605,False,False,PK,1631441122.939381
0,could not receive ip address from ipfy,Error,/BuildNotice/0,MobileSDK,samsung SM-A307FN,OpenGLES2,1.0,1.11.0,False,Programmatic1,Programmatic,12.09.2021 10:05:07,6028e36ad1e80652e41054ca,6028e407a1ba2a0d3d760566,com.mytalkingcatemma.ballerinagames,1.0,ru,Android OS 11 / API-30 (RP1A.200720.012/A307FNXXS2CUH4),279297b4-f16b-47de-8558-d59322e20605,False,False,PK,1631441123.410187
0,could not receive ip address from ipfy,Error,/BuildNotice/0,MobileSDK,samsung SM-A013F,OpenGLES2,1.0,1.11.0,False,Programmatic1,Programmatic,14.09.2021 10:39:50,6028e36ad1e80652e41054ca,6028e407a1ba2a0d3d760566,com.mytalkingcatemma.ballerinagames,1.0,ru,Android OS 10 / API-29 (QP1A.190711.020/A013FXXU2AUB2),ff3c250c-0d64-4deb-9fb5-6abdae2c3b77,False,False,IR,1631615991.456322
0,An error occurred while sending the request,Error,/BuildNotice/0,MobileSDK,samsung SM-A013F,OpenGLES2,1.0,1.11.0,False,Programmatic1,Programmatic,14.09.2021 10:39:50,6028e36ad1e80652e41054ca,6028e407a1ba2a0d3d760566,com.mytalkingcatemma.ballerinagames,1.0,ru,Android OS 10 / API-29 (QP1A.190711.020/A013FXXU2AUB2),ff3c250c-0d64-4deb-9fb5-6abdae2c3b77,False,False,IR,1631615991.492105
0,could not receive ip address from ipfy,Error,/BuildNotice/0,MobileSDK,samsung SM-A013F,OpenGLES2,1.0,1.11.0,False,Programmatic1,Programmatic,14.09.2021 10:39:50,6028e36ad1e80652e41054ca,6028e407a1ba2a0d3d760566,com.mytalkingcatemma.ballerinagames,1.0,ru,Android OS 10 / API-29 (QP1A.190711.020/A013FXXU2AUB2),ff3c250c-0d64-4deb-9fb5-6abdae2c3b77,False,False,IR,1631615991.863804
0,An error occurred while sending the request,Error,/BuildNotice/0,MobileSDK,samsung SM-A013F,OpenGLES2,1.0,1.11.0,False,Programmatic1,Programmatic,14.09.2021 10:39:50,6028e36ad1e80652e41054ca,6028e407a1ba2a0d3d760566,com.mytalkingcatemma.ballerinagames,1.0,ru,Android OS 10 / API-29 (QP1A.190711.020/A013FXXU2AUB2),ff3c250c-0d64-4deb-9fb5-6abdae2c3b77,False,False,IR,1631615991.881326
0,could not receive ip address from ipfy,Error,/BuildNotice/0,MobileSDK,samsung SM-J415GN,OpenGLES2,1.0,1.11.0,False,Programmatic1,Programmatic,09/14/2021 10:38:09,6028e36ad1e80652e41054ca,609d69021c511f4b1d4df1c4,com.pregnantcatemma.virtualpet,1.0,iv,Android OS 9 / API-28 (PPR1.180610.011/J415GNDXU6BTJ1),f58c24f1-92a4-4e10-8566-db459c25a3cb,False,False,IN,1631615992.22843
0,An error occurred while sending the request,Error,/BuildNotice/0,MobileSDK,samsung SM-J415GN,OpenGLES2,1.0,1.11.0,False,Programmatic1,Programmatic,09/14/2021 10:38:09,6028e36ad1e80652e41054ca,609d69021c511f4b1d4df1c4,com.pregnantcatemma.virtualpet,1.0,iv,Android OS 9 / API-28 (PPR1.180610.011/J415GNDXU6BTJ1),f58c24f1-92a4-4e10-8566-db459c25a3cb,False,False,IN,1631615992.239707
0,could not receive ip address from ipfy,Error,/BuildNotice/0,MobileSDK,samsung SM-A013F,OpenGLES2,1.0,1.11.0,False,Programmatic1,Programmatic,14.09.2021 10:39:51,6028e36ad1e80652e41054ca,6028e407a1ba2a0d3d760566,com.mytalkingcatemma.ballerinagames,1.0,ru,Android OS 10 / API-29 (QP1A.190711.020/A013FXXU2AUB2),ff3c250c-0d64-4deb-9fb5-6abdae2c3b77,False,False,IR,1631615992.268289
0,An error occurred while sending the request,Error,/BuildNotice/0,MobileSDK,samsung SM-A013F,OpenGLES2,1.0,1.11.0,False,Programmatic1,Programmatic,14.09.2021 10:39:51,6028e36ad1e80652e41054ca,6028e407a1ba2a0d3d760566,com.mytalkingcatemma.ballerinagames,1.0,ru,Android OS 10 / API-29 (QP1A.190711.020/A013FXXU2AUB2),ff3c250c-0d64-4deb-9fb5-6abdae2c3b77,False,False,IR,1631615992.29125
0,could not receive ip address from ipfy,Error,/BuildNotice/0,MobileSDK,samsung SM-A013F,OpenGLES2,1.0,1.11.0,False,Programmatic1,Programmatic,14.09.2021 10:39:51,6028e36ad1e80652e41054ca,6028e407a1ba2a0d3d760566,com.mytalkingcatemma.ballerinagames,1.0,ru,Android OS 10 / API-29 (QP1A.190711.020/A013FXXU2AUB2),ff3c250c-0d64-4deb-9fb5-6abdae2c3b77,False,False,IR,1631615992.670109
0,An error occurred while sending the request,Error,/BuildNotice/0,MobileSDK,samsung SM-A013F,OpenGLES2,1.0,1.11.0,False,Programmatic1,Programmatic,14.09.2021 10:39:51,6028e36ad1e80652e41054ca,6028e407a1ba2a0d3d760566,com.mytalkingcatemma.ballerinagames,1.0,ru,Android OS 10 / API-29 (QP1A.190711.020/A013FXXU2AUB2),ff3c250c-0d64-4deb-9fb5-6abdae2c3b77,False,False,IR,1631615992.935768
0,could not receive ip address from ipfy,Error,/BuildNotice/0,MobileSDK,samsung SM-A013F,OpenGLES2,1.0,1.11.0,False,Programmatic1,Programmatic,14.09.2021 10:39:51,6028e36ad1e80652e41054ca,6028e407a1ba2a0d3d760566,com.mytalkingcatemma.ballerinagames,1.0,ru,Android OS 10 / API-29 (QP1A.190711.020/A013FXXU2AUB2),ff3c250c-0d64-4deb-9fb5-6abdae2c3b77,False,False,IR,1631615993.093395
0,An error occurred while sending the request,Error,/BuildNotice/0,MobileSDK,samsung SM-A013F,OpenGLES2,1.0,1.11.0,False,Programmatic1,Programmatic,14.09.2021 10:39:51,6028e36ad1e80652e41054ca,6028e407a1ba2a0d3d760566,com.mytalkingcatemma.ballerinagames,1.0,ru,Android OS 10 / API-29 (QP1A.190711.020/A013FXXU2AUB2),ff3c250c-0d64-4deb-9fb5-6abdae2c3b77,False,False,IR,1631615993.19938
0,could not receive ip address from ipfy,Error,/BuildNotice/0,MobileSDK,samsung SM-A013F,OpenGLES2,1.0,1.11.0,False,Programmatic1,Programmatic,14.09.2021 10:39:52,6028e36ad1e80652e41054ca,6028e407a1ba2a0d3d760566,com.mytalkingcatemma.ballerinagames,1.0,ru,Android OS 10 / API-29 (QP1A.190711.020/A013FXXU2AUB2),ff3c250c-0d64-4deb-9fb5-6abdae2c3b77,False,False,IR,1631615993.350069
0,An error occurred while sending the request,Error,/BuildNotice/0,MobileSDK,samsung SM-A013F,OpenGLES2,1.0,1.11.0,False,Programmatic1,Programmatic,14.09.2021 10:39:52,6028e36ad1e80652e41054ca,6028e407a1ba2a0d3d760566,com.mytalkingcatemma.ballerinagames,1.0,ru,Android OS 10 / API-29 (QP1A.190711.020/A013FXXU2AUB2),ff3c250c-0d64-4deb-9fb5-6abdae2c3b77,False,False,IR,1631615993.503132
0,could not receive ip address from ipfy,Error,/BuildNotice/0,MobileSDK,samsung SM-A013F,OpenGLES2,1.0,1.11.0,False,Programmatic1,Programmatic,14.09.2021 10:39:52,6028e36ad1e80652e41054ca,6028e407a1ba2a0d3d760566,com.mytalkingcatemma.ballerinagames,1.0,ru,Android OS 10 / API-29 (QP1A.190711.020/A013FXXU2AUB2),ff3c250c-0d64-4deb-9fb5-6abdae2c3b77,False,False,IR,1631615993.759848
0,could not receive ip address from ipfy,Error,/BuildNotice/0,MobileSDK,vivo V2026,OpenGLES2,1.0,1.11.0,False,LowRevenueCountryBlock,LowRevenueCountryBlock,14/9/2021 10:39:54 AM,6028e36ad1e80652e41054ca,6028e407a1ba2a0d3d760566,com.mytalkingcatemma.ballerinagames,1.0,en,Android OS 11 / API-30 (RP1A.200720.012/eng.compil.20210717.185129),270320b6-7507-4c46-aa0e-3037cfa87651,False,False,IQ,1631615994.005357
0,An error occurred while sending the request,Error,/BuildNotice/0,MobileSDK,vivo V2026,OpenGLES2,1.0,1.11.0,False,LowRevenueCountryBlock,LowRevenueCountryBlock,14/9/2021 10:39:54 AM,6028e36ad1e80652e41054ca,6028e407a1ba2a0d3d760566,com.mytalkingcatemma.ballerinagames,1.0,en,Android OS 11 / API-30 (RP1A.200720.012/eng.compil.20210717.185129),270320b6-7507-4c46-aa0e-3037cfa87651,False,False,IQ,1631615994.023057
0,An error occurred while sending the request,Error,/BuildNotice/0,MobileSDK,samsung SM-A013F,OpenGLES2,1.0,1.11.0,False,Programmatic1,Programmatic,14.09.2021 10:39:52,6028e36ad1e80652e41054ca,6028e407a1ba2a0d3d760566,com.mytalkingcatemma.ballerinagames,1.0,ru,Android OS 10 / API-29 (QP1A.190711.020/A013FXXU2AUB2),ff3c250c-0d64-4deb-9fb5-6abdae2c3b77,False,False,IR,1631615994.064701
0,could not receive ip address from ipfy,Error,/BuildNotice/0,MobileSDK,samsung SM-A013F,OpenGLES2,1.0,1.11.0,False,Programmatic1,Programmatic,14.09.2021 10:39:52,6028e36ad1e80652e41054ca,6028e407a1ba2a0d3d760566,com.mytalkingcatemma.ballerinagames,1.0,ru,Android OS 10 / API-29 (QP1A.190711.020/A013FXXU2AUB2),ff3c250c-0d64-4deb-9fb5-6abdae2c3b77,False,False,IR,1631615994.327552
0,An error occurred while sending the request,Error,/BuildNotice/0,MobileSDK,samsung SM-A013F,OpenGLES2,1.0,1.11.0,False,Programmatic1,Programmatic,14.09.2021 10:39:52,6028e36ad1e80652e41054ca,6028e407a1ba2a0d3d760566,com.mytalkingcatemma.ballerinagames,1.0,ru,Android OS 10 / API-29 (QP1A.190711.020/A013FXXU2AUB2),ff3c250c-0d64-4deb-9fb5-6abdae2c3b77,False,False,IR,1631615994.472493
0,could not receive ip address from ipfy,Error,/BuildNotice/0,MobileSDK,samsung SM-A013F,OpenGLES2,1.0,1.11.0,False,Programmatic1,Programmatic,14.09.2021 10:39:53,6028e36ad1e80652e41054ca,6028e407a1ba2a0d3d760566,com.mytalkingcatemma.ballerinagames,1.0,ru,Android OS 10 / API-29 (QP1A.190711.020/A013FXXU2AUB2),ff3c250c-0d64-4deb-9fb5-6abdae2c3b77,False,False,IR,1631615994.588023
0,An error occurred while sending the request,Error,/BuildNotice/0,MobileSDK,samsung SM-A013F,OpenGLES2,1.0,1.11.0,False,Programmatic1,Programmatic,14.09.2021 10:39:53,6028e36ad1e80652e41054ca,6028e407a1ba2a0d3d760566,com.mytalkingcatemma.ballerinagames,1.0,ru,Android OS 10 / API-29 (QP1A.190711.020/A013FXXU2AUB2),ff3c250c-0d64-4deb-9fb5-6abdae2c3b77,False,False,IR,1631615994.856841
0,could not receive ip address from ipfy,Error,/BuildNotice/0,MobileSDK,samsung SM-A013F,OpenGLES2,1.0,1.11.0,False,Programmatic1,Programmatic,14.09.2021 10:39:53,6028e36ad1e80652e41054ca,6028e407a1ba2a0d3d760566,com.mytalkingcatemma.ballerinagames,1.0,ru,Android OS 10 / API-29 (QP1A.190711.020/A013FXXU2AUB2),ff3c250c-0d64-4deb-9fb5-6abdae2c3b77,False,False,IR,1631615995.148608
0,An error occurred while sending the request,Error,/BuildNotice/0,MobileSDK,samsung SM-A013F,OpenGLES2,1.0,1.11.0,False,Programmatic1,Programmatic,14.09.2021 10:39:53,6028e36ad1e80652e41054ca,6028e407a1ba2a0d3d760566,com.mytalkingcatemma.ballerinagames,1.0,ru,Android OS 10 / API-29 (QP1A.190711.020/A013FXXU2AUB2),ff3c250c-0d64-4deb-9fb5-6abdae2c3b77,False,False,IR,1631615995.190027
0,could not receive ip address from ipfy,Error,/BuildNotice/0,MobileSDK,samsung SM-A013F,OpenGLES2,1.0,1.11.0,False,Programmatic1,Programmatic,14.09.2021 10:39:53,6028e36ad1e80652e41054ca,6028e407a1ba2a0d3d760566,com.mytalkingcatemma.ballerinagames,1.0,ru,Android OS 10 / API-29 (QP1A.190711.020/A013FXXU2AUB2),ff3c250c-0d64-4deb-9fb5-6abdae2c3b77,False,False,IR,1631615995.780738
0,An error occurred while sending the request,Error,/BuildNotice/0,MobileSDK,samsung SM-A013F,OpenGLES2,1.0,1.11.0,False,Programmatic1,Programmatic,14.09.2021 10:39:53,6028e36ad1e80652e41054ca,6028e407a1ba2a0d3d760566,com.mytalkingcatemma.ballerinagames,1.0,ru,Android OS 10 / API-29 (QP1A.190711.020/A013FXXU2AUB2),ff3c250c-0d64-4deb-9fb5-6abdae2c3b77,False,False,IR,1631615995.946985
0,could not receive ip address from ipfy,Error,/BuildNotice/0,MobileSDK,samsung SM-J415GN,OpenGLES2,1.0,1.11.0,False,Programmatic1,Programmatic,09/14/2021 10:38:13,6028e36ad1e80652e41054ca,609d69021c511f4b1d4df1c4,com.pregnantcatemma.virtualpet,1.0,iv,Android OS 9 / API-28 (PPR1.180610.011/J415GNDXU6BTJ1),f58c24f1-92a4-4e10-8566-db459c25a3cb,False,False,IN,1631615996.112025
0,An error occurred while sending the request,Error,/BuildNotice/0,MobileSDK,samsung SM-J415GN,OpenGLES2,1.0,1.11.0,False,Programmatic1,Programmatic,09/14/2021 10:38:13,6028e36ad1e80652e41054ca,609d69021c511f4b1d4df1c4,com.pregnantcatemma.virtualpet,1.0,iv,Android OS 9 / API-28 (PPR1.180610.011/J415GNDXU6BTJ1),f58c24f1-92a4-4e10-8566-db459c25a3cb,False,False,IN,1631615996.130324
0,could not receive ip address from ipfy,Error,/BuildNotice/0,MobileSDK,samsung SM-A013F,OpenGLES2,1.0,1.11.0,False,Programmatic1,Programmatic,14.09.2021 10:39:53,6028e36ad1e80652e41054ca,6028e407a1ba2a0d3d760566,com.mytalkingcatemma.ballerinagames,1.0,ru,Android OS 10 / API-29 (QP1A.190711.020/A013FXXU2AUB2),ff3c250c-0d64-4deb-9fb5-6abdae2c3b77,False,False,IR,1631615996.193348
0,An error occurred while sending the request,Error,/BuildNotice/0,MobileSDK,samsung SM-A013F,OpenGLES2,1.0,1.11.0,False,Programmatic1,Programmatic,14.09.2021 10:39:53,6028e36ad1e80652e41054ca,6028e407a1ba2a0d3d760566,com.mytalkingcatemma.ballerinagames,1.0,ru,Android OS 10 / API-29 (QP1A.190711.020/A013FXXU2AUB2),ff3c250c-0d64-4deb-9fb5-6abdae2c3b77,False,False,IR,1631615996.35398
0,could not receive ip address from ipfy,Error,/BuildNotice/0,MobileSDK,samsung SM-A013F,OpenGLES2,1.0,1.11.0,False,Programmatic1,Programmatic,14.09.2021 10:39:54,6028e36ad1e80652e41054ca,6028e407a1ba2a0d3d760566,com.mytalkingcatemma.ballerinagames,1.0,ru,Android OS 10 / API-29 (QP1A.190711.020/A013FXXU2AUB2),ff3c250c-0d64-4deb-9fb5-6abdae2c3b77,False,False,IR,1631615996.451935
0,An error occurred while sending the request,Error,/BuildNotice/0,MobileSDK,samsung SM-A013F,OpenGLES2,1.0,1.11.0,False,Programmatic1,Programmatic,14.09.2021 10:39:54,6028e36ad1e80652e41054ca,6028e407a1ba2a0d3d760566,com.mytalkingcatemma.ballerinagames,1.0,ru,Android OS 10 / API-29 (QP1A.190711.020/A013FXXU2AUB2),ff3c250c-0d64-4deb-9fb5-6abdae2c3b77,False,False,IR,1631615996.60258
0,could not receive ip address from ipfy,Error,/BuildNotice/0,MobileSDK,samsung SM-A013F,OpenGLES2,1.0,1.11.0,False,Programmatic1,Programmatic,14.09.2021 10:39:54,6028e36ad1e80652e41054ca,6028e407a1ba2a0d3d760566,com.mytalkingcatemma.ballerinagames,1.0,ru,Android OS 10 / API-29 (QP1A.190711.020/A013FXXU2AUB2),ff3c250c-0d64-4deb-9fb5-6abdae2c3b77,False,False,IR,1631615996.85924
0,An error occurred while sending the request,Error,/BuildNotice/0,MobileSDK,samsung SM-A013F,OpenGLES2,1.0,1.11.0,False,Programmatic1,Programmatic,14.09.2021 10:39:54,6028e36ad1e80652e41054ca,6028e407a1ba2a0d3d760566,com.mytalkingcatemma.ballerinagames,1.0,ru,Android OS 10 / API-29 (QP1A.190711.020/A013FXXU2AUB2),ff3c250c-0d64-4deb-9fb5-6abdae2c3b77,False,False,IR,1631615997.302149
0,could not receive ip address from ipfy,Error,/BuildNotice/0,MobileSDK,samsung SM-A013F,OpenGLES2,1.0,1.11.0,False,Programmatic1,Programmatic,14.09.2021 10:39:54,6028e36ad1e80652e41054ca,6028e407a1ba2a0d3d760566,com.mytalkingcatemma.ballerinagames,1.0,ru,Android OS 10 / API-29 (QP1A.190711.020/A013FXXU2AUB2),ff3c250c-0d64-4deb-9fb5-6abdae2c3b77,False,False,IR,1631615997.32667
0,could not receive ip address from ipfy,Error,/BuildNotice/0,MobileSDK,samsung SM-A013F,OpenGLES2,1.0,1.11.0,False,Programmatic1,Programmatic,14.09.2021 10:39:55,6028e36ad1e80652e41054ca,6028e407a1ba2a0d3d760566,com.mytalkingcatemma.ballerinagames,1.0,ru,Android OS 10 / API-29 (QP1A.190711.020/A013FXXU2AUB2),ff3c250c-0d64-4deb-9fb5-6abdae2c3b77,False,False,IR,1631615997.592197
0,An error occurred while sending the request,Error,/BuildNotice/0,MobileSDK,samsung SM-A013F,OpenGLES2,1.0,1.11.0,False,Programmatic1,Programmatic,14.09.2021 10:39:54,6028e36ad1e80652e41054ca,6028e407a1ba2a0d3d760566,com.mytalkingcatemma.ballerinagames,1.0,ru,Android OS 10 / API-29 (QP1A.190711.020/A013FXXU2AUB2),ff3c250c-0d64-4deb-9fb5-6abdae2c3b77,False,False,IR,1631615997.607596
0,An error occurred while sending the request,Error,/BuildNotice/0,MobileSDK,samsung SM-A013F,OpenGLES2,1.0,1.11.0,False,Programmatic1,Programmatic,14.09.2021 10:39:55,6028e36ad1e80652e41054ca,6028e407a1ba2a0d3d760566,com.mytalkingcatemma.ballerinagames,1.0,ru,Android OS 10 / API-29 (QP1A.190711.020/A013FXXU2AUB2),ff3c250c-0d64-4deb-9fb5-6abdae2c3b77,False,False,IR,1631615997.8558
0,could not receive ip address from ipfy,Error,/BuildNotice/0,MobileSDK,samsung SM-A013F,OpenGLES2,1.0,1.11.0,False,Programmatic1,Programmatic,14.09.2021 10:39:55,6028e36ad1e80652e41054ca,6028e407a1ba2a0d3d760566,com.mytalkingcatemma.ballerinagames,1.0,ru,Android OS 10 / API-29 (QP1A.190711.020/A013FXXU2AUB2),ff3c250c-0d64-4deb-9fb5-6abdae2c3b77,False,False,IR,1631615997.872872
0,An error occurred while sending the request,Error,/BuildNotice/0,MobileSDK,samsung SM-A013F,OpenGLES2,1.0,1.11.0,False,Programmatic1,Programmatic,14.09.2021 10:39:55,6028e36ad1e80652e41054ca,6028e407a1ba2a0d3d760566,com.mytalkingcatemma.ballerinagames,1.0,ru,Android OS 10 / API-29 (QP1A.190711.020/A013FXXU2AUB2),ff3c250c-0d64-4deb-9fb5-6abdae2c3b77,False,False,IR,1631615998.11247
0,could not receive ip address from ipfy,Error,/BuildNotice/0,MobileSDK,samsung SM-A013F,OpenGLES2,1.0,1.11.0,False,Programmatic1,Programmatic,14.09.2021 10:39:55,6028e36ad1e80652e41054ca,6028e407a1ba2a0d3d760566,com.mytalkingcatemma.ballerinagames,1.0,ru,Android OS 10 / API-29 (QP1A.190711.020/A013FXXU2AUB2),ff3c250c-0d64-4deb-9fb5-6abdae2c3b77,False,False,IR,1631615998.138205
0,An error occurred while sending the request,Error,/BuildNotice/0,MobileSDK,samsung SM-A013F,OpenGLES2,1.0,1.11.0,False,Programmatic1,Programmatic,14.09.2021 10:39:55,6028e36ad1e80652e41054ca,6028e407a1ba2a0d3d760566,com.mytalkingcatemma.ballerinagames,1.0,ru,Android OS 10 / API-29 (QP1A.190711.020/A013FXXU2AUB2),ff3c250c-0d64-4deb-9fb5-6abdae2c3b77,False,False,IR,1631615998.402625
0,could not receive ip address from ipfy,Error,/BuildNotice/0,MobileSDK,samsung SM-A013F,OpenGLES2,1.0,1.11.0,False,Programmatic1,Programmatic,14.09.2021 10:39:56,6028e36ad1e80652e41054ca,6028e407a1ba2a0d3d760566,com.mytalkingcatemma.ballerinagames,1.0,ru,Android OS 10 / API-29 (QP1A.190711.020/A013FXXU2AUB2),ff3c250c-0d64-4deb-9fb5-6abdae2c3b77,False,False,IR,1631615998.418981
0,An error occurred while sending the request,Error,/BuildNotice/0,MobileSDK,samsung SM-A013F,OpenGLES2,1.0,1.11.0,False,Programmatic1,Programmatic,14.09.2021 10:39:56,6028e36ad1e80652e41054ca,6028e407a1ba2a0d3d760566,com.mytalkingcatemma.ballerinagames,1.0,ru,Android OS 10 / API-29 (QP1A.190711.020/A013FXXU2AUB2),ff3c250c-0d64-4deb-9fb5-6abdae2c3b77,False,False,IR,1631615998.652508
0,could not receive ip address from ipfy,Error,/BuildNotice/0,MobileSDK,samsung SM-A013F,OpenGLES2,1.0,1.11.0,False,Programmatic1,Programmatic,14.09.2021 10:39:56,6028e36ad1e80652e41054ca,6028e407a1ba2a0d3d760566,com.mytalkingcatemma.ballerinagames,1.0,ru,Android OS 10 / API-29 (QP1A.190711.020/A013FXXU2AUB2),ff3c250c-0d64-4deb-9fb5-6abdae2c3b77,False,False,IR,1631615998.794026
0,An error occurred while sending the request,Error,/BuildNotice/0,MobileSDK,samsung SM-A013F,OpenGLES2,1.0,1.11.0,False,Programmatic1,Programmatic,14.09.2021 10:39:56,6028e36ad1e80652e41054ca,6028e407a1ba2a0d3d760566,com.mytalkingcatemma.ballerinagames,1.0,ru,Android OS 10 / API-29 (QP1A.190711.020/A013FXXU2AUB2),ff3c250c-0d64-4deb-9fb5-6abdae2c3b77,False,False,IR,1631615998.906358
0,could not receive ip address from ipfy,Error,/BuildNotice/0,MobileSDK,samsung SM-A013F,OpenGLES2,1.0,1.11.0,False,Programmatic1,Programmatic,14.09.2021 10:39:56,6028e36ad1e80652e41054ca,6028e407a1ba2a0d3d760566,com.mytalkingcatemma.ballerinagames,1.0,ru,Android OS 10 / API-29 (QP1A.190711.020/A013FXXU2AUB2),ff3c250c-0d64-4deb-9fb5-6abdae2c3b77,False,False,IR,1631615999.04917
0,could not receive ip address from ipfy,Error,/BuildNotice/0,MobileSDK,samsung SM-J415GN,OpenGLES2,1.0,1.11.0,False,Programmatic1,Programmatic,09/14/2021 10:38:17,6028e36ad1e80652e41054ca,609d69021c511f4b1d4df1c4,com.pregnantcatemma.virtualpet,1.0,iv,Android OS 9 / API-28 (PPR1.180610.011/J415GNDXU6BTJ1),f58c24f1-92a4-4e10-8566-db459c25a3cb,False,False,IN,1631615999.335517
0,An error occurred while sending the request,Error,/BuildNotice/0,MobileSDK,samsung SM-J415GN,OpenGLES2,1.0,1.11.0,False,Programmatic1,Programmatic,09/14/2021 10:38:17,6028e36ad1e80652e41054ca,609d69021c511f4b1d4df1c4,com.pregnantcatemma.virtualpet,1.0,iv,Android OS 9 / API-28 (PPR1.180610.011/J415GNDXU6BTJ1),f58c24f1-92a4-4e10-8566-db459c25a3cb,False,False,IN,1631615999.34988
0,An error occurred while sending the request,Error,/BuildNotice/0,MobileSDK,samsung SM-A013F,OpenGLES2,1.0,1.11.0,False,Programmatic1,Programmatic,14.09.2021 10:39:56,6028e36ad1e80652e41054ca,6028e407a1ba2a0d3d760566,com.mytalkingcatemma.ballerinagames,1.0,ru,Android OS 10 / API-29 (QP1A.190711.020/A013FXXU2AUB2),ff3c250c-0d64-4deb-9fb5-6abdae2c3b77,False,False,IR,1631615999.407587
0,could not receive ip address from ipfy,Error,/BuildNotice/0,MobileSDK,samsung SM-A013F,OpenGLES2,1.0,1.11.0,False,Programmatic1,Programmatic,14.09.2021 10:39:57,6028e36ad1e80652e41054ca,6028e407a1ba2a0d3d760566,com.mytalkingcatemma.ballerinagames,1.0,ru,Android OS 10 / API-29 (QP1A.190711.020/A013FXXU2AUB2),ff3c250c-0d64-4deb-9fb5-6abdae2c3b77,False,False,IR,1631615999.429476
0,An error occurred while sending the request,Error,/BuildNotice/0,MobileSDK,samsung SM-A013F,OpenGLES2,1.0,1.11.0,False,Programmatic1,Programmatic,14.09.2021 10:39:57,6028e36ad1e80652e41054ca,6028e407a1ba2a0d3d760566,com.mytalkingcatemma.ballerinagames,1.0,ru,Android OS 10 / API-29 (QP1A.190711.020/A013FXXU2AUB2),ff3c250c-0d64-4deb-9fb5-6abdae2c3b77,False,False,IR,1631615999.662997
0,could not receive ip address from ipfy,Error,/BuildNotice/0,MobileSDK,samsung SM-A013F,OpenGLES2,1.0,1.11.0,False,Programmatic1,Programmatic,14.09.2021 10:39:57,6028e36ad1e80652e41054ca,6028e407a1ba2a0d3d760566,com.mytalkingcatemma.ballerinagames,1.0,ru,Android OS 10 / API-29 (QP1A.190711.020/A013FXXU2AUB2),ff3c250c-0d64-4deb-9fb5-6abdae2c3b77,False,False,IR,1631615999.68714
0,An error occurred while sending the request,Error,/BuildNotice/0,MobileSDK,samsung SM-A013F,OpenGLES2,1.0,1.11.0,False,Programmatic1,Programmatic,14.09.2021 10:39:57,6028e36ad1e80652e41054ca,6028e407a1ba2a0d3d760566,com.mytalkingcatemma.ballerinagames,1.0,ru,Android OS 10 / API-29 (QP1A.190711.020/A013FXXU2AUB2),ff3c250c-0d64-4deb-9fb5-6abdae2c3b77,False,False,IR,1631616000.059144
0,could not receive ip address from ipfy,Error,/BuildNotice/0,MobileSDK,samsung SM-A013F,OpenGLES2,1.0,1.11.0,False,Programmatic1,Programmatic,14.09.2021 10:39:57,6028e36ad1e80652e41054ca,6028e407a1ba2a0d3d760566,com.mytalkingcatemma.ballerinagames,1.0,ru,Android OS 10 / API-29 (QP1A.190711.020/A013FXXU2AUB2),ff3c250c-0d64-4deb-9fb5-6abdae2c3b77,False,False,IR,1631616000.071769
0,An error occurred while sending the request,Error,/BuildNotice/0,MobileSDK,samsung SM-A013F,OpenGLES2,1.0,1.11.0,False,Programmatic1,Programmatic,14.09.2021 10:39:57,6028e36ad1e80652e41054ca,6028e407a1ba2a0d3d760566,com.mytalkingcatemma.ballerinagames,1.0,ru,Android OS 10 / API-29 (QP1A.190711.020/A013FXXU2AUB2),ff3c250c-0d64-4deb-9fb5-6abdae2c3b77,False,False,IR,1631616000.31326
0,could not receive ip address from ipfy,Error,/BuildNotice/0,MobileSDK,samsung SM-A013F,OpenGLES2,1.0,1.11.0,False,Programmatic1,Programmatic,14.09.2021 10:39:58,6028e36ad1e80652e41054ca,6028e407a1ba2a0d3d760566,com.mytalkingcatemma.ballerinagames,1.0,ru,Android OS 10 / API-29 (QP1A.190711.020/A013FXXU2AUB2),ff3c250c-0d64-4deb-9fb5-6abdae2c3b77,False,False,IR,1631616000.42475
0,An error occurred while sending the request,Error,/BuildNotice/0,MobileSDK,samsung SM-A013F,OpenGLES2,1.0,1.11.0,False,Programmatic1,Programmatic,14.09.2021 10:39:58,6028e36ad1e80652e41054ca,6028e407a1ba2a0d3d760566,com.mytalkingcatemma.ballerinagames,1.0,ru,Android OS 10 / API-29 (QP1A.190711.020/A013FXXU2AUB2),ff3c250c-0d64-4deb-9fb5-6abdae2c3b77,False,False,IR,1631616000.570337
0,could not receive ip address from ipfy,Error,/BuildNotice/0,MobileSDK,samsung SM-A013F,OpenGLES2,1.0,1.11.0,False,Programmatic1,Programmatic,14.09.2021 10:39:58,6028e36ad1e80652e41054ca,6028e407a1ba2a0d3d760566,com.mytalkingcatemma.ballerinagames,1.0,ru,Android OS 10 / API-29 (QP1A.190711.020/A013FXXU2AUB2),ff3c250c-0d64-4deb-9fb5-6abdae2c3b77,False,False,IR,1631616000.679404
0,An error occurred while sending the request,Error,/BuildNotice/0,MobileSDK,samsung SM-A013F,OpenGLES2,1.0,1.11.0,False,Programmatic1,Programmatic,14.09.2021 10:39:58,6028e36ad1e80652e41054ca,6028e407a1ba2a0d3d760566,com.mytalkingcatemma.ballerinagames,1.0,ru,Android OS 10 / API-29 (QP1A.190711.020/A013FXXU2AUB2),ff3c250c-0d64-4deb-9fb5-6abdae2c3b77,False,False,IR,1631616000.839248
0,could not receive ip address from ipfy,Error,/BuildNotice/0,MobileSDK,samsung SM-A013F,OpenGLES2,1.0,1.11.0,False,Programmatic1,Programmatic,14.09.2021 10:39:58,6028e36ad1e80652e41054ca,6028e407a1ba2a0d3d760566,com.mytalkingcatemma.ballerinagames,1.0,ru,Android OS 10 / API-29 (QP1A.190711.020/A013FXXU2AUB2),ff3c250c-0d64-4deb-9fb5-6abdae2c3b77,False,False,IR,1631616000.935957
0,An error occurred while sending the request,Error,/BuildNotice/0,MobileSDK,samsung SM-A013F,OpenGLES2,1.0,1.11.0,False,Programmatic1,Programmatic,14.09.2021 10:39:58,6028e36ad1e80652e41054ca,6028e407a1ba2a0d3d760566,com.mytalkingcatemma.ballerinagames,1.0,ru,Android OS 10 / API-29 (QP1A.190711.020/A013FXXU2AUB2),ff3c250c-0d64-4deb-9fb5-6abdae2c3b77,False,False,IR,1631616001.099591
0,could not receive ip address from ipfy,Error,/BuildNotice/0,MobileSDK,samsung SM-A013F,OpenGLES2,1.0,1.11.0,False,Programmatic1,Programmatic,14.09.2021 10:39:59,6028e36ad1e80652e41054ca,6028e407a1ba2a0d3d760566,com.mytalkingcatemma.ballerinagames,1.0,ru,Android OS 10 / API-29 (QP1A.190711.020/A013FXXU2AUB2),ff3c250c-0d64-4deb-9fb5-6abdae2c3b77,False,False,IR,1631616001.252715
0,An error occurred while sending the request,Error,/BuildNotice/0,MobileSDK,samsung SM-A013F,OpenGLES2,1.0,1.11.0,False,Programmatic1,Programmatic,14.09.2021 10:39:59,6028e36ad1e80652e41054ca,6028e407a1ba2a0d3d760566,com.mytalkingcatemma.ballerinagames,1.0,ru,Android OS 10 / API-29 (QP1A.190711.020/A013FXXU2AUB2),ff3c250c-0d64-4deb-9fb5-6abdae2c3b77,False,False,IR,1631616001.353705
0,could not receive ip address from ipfy,Error,/BuildNotice/0,MobileSDK,samsung SM-A013F,OpenGLES2,1.0,1.11.0,False,Programmatic1,Programmatic,14.09.2021 10:39:59,6028e36ad1e80652e41054ca,6028e407a1ba2a0d3d760566,com.mytalkingcatemma.ballerinagames,1.0,ru,Android OS 10 / API-29 (QP1A.190711.020/A013FXXU2AUB2),ff3c250c-0d64-4deb-9fb5-6abdae2c3b77,False,False,IR,1631616001.506377
0,An error occurred while sending the request,Error,/BuildNotice/0,MobileSDK,samsung SM-A013F,OpenGLES2,1.0,1.11.0,False,Programmatic1,Programmatic,14.09.2021 10:39:59,6028e36ad1e80652e41054ca,6028e407a1ba2a0d3d760566,com.mytalkingcatemma.ballerinagames,1.0,ru,Android OS 10 / API-29 (QP1A.190711.020/A013FXXU2AUB2),ff3c250c-0d64-4deb-9fb5-6abdae2c3b77,False,False,IR,1631616001.663229
0,could not receive ip address from ipfy,Error,/BuildNotice/0,MobileSDK,samsung SM-A013F,OpenGLES2,1.0,1.11.0,False,Programmatic1,Programmatic,14.09.2021 10:40:00,6028e36ad1e80652e41054ca,6028e407a1ba2a0d3d760566,com.mytalkingcatemma.ballerinagames,1.0,ru,Android OS 10 / API-29 (QP1A.190711.020/A013FXXU2AUB2),ff3c250c-0d64-4deb-9fb5-6abdae2c3b77,False,False,IR,1631616001.759087
0,An error occurred while sending the request,Error,/BuildNotice/0,MobileSDK,samsung SM-A013F,OpenGLES2,1.0,1.11.0,False,Programmatic1,Programmatic,14.09.2021 10:40:00,6028e36ad1e80652e41054ca,6028e407a1ba2a0d3d760566,com.mytalkingcatemma.ballerinagames,1.0,ru,Android OS 10 / API-29 (QP1A.190711.020/A013FXXU2AUB2),ff3c250c-0d64-4deb-9fb5-6abdae2c3b77,False,False,IR,1631616001.928981
0,could not receive ip address from ipfy,Error,/BuildNotice/0,MobileSDK,samsung SM-A013F,OpenGLES2,1.0,1.11.0,False,Programmatic1,Programmatic,14.09.2021 10:40:00,6028e36ad1e80652e41054ca,6028e407a1ba2a0d3d760566,com.mytalkingcatemma.ballerinagames,1.0,ru,Android OS 10 / API-29 (QP1A.190711.020/A013FXXU2AUB2),ff3c250c-0d64-4deb-9fb5-6abdae2c3b77,False,False,IR,1631616002.055849
0,An error occurred while sending the request,Error,/BuildNotice/0,MobileSDK,samsung SM-A013F,OpenGLES2,1.0,1.11.0,False,Programmatic1,Programmatic,14.09.2021 10:40:00,6028e36ad1e80652e41054ca,6028e407a1ba2a0d3d760566,com.mytalkingcatemma.ballerinagames,1.0,ru,Android OS 10 / API-29 (QP1A.190711.020/A013FXXU2AUB2),ff3c250c-0d64-4deb-9fb5-6abdae2c3b77,False,False,IR,1631616002.183216
0,could not receive ip address from ipfy,Error,/BuildNotice/0,MobileSDK,samsung SM-A013F,OpenGLES2,1.0,1.11.0,False,Programmatic1,Programmatic,14.09.2021 10:40:00,6028e36ad1e80652e41054ca,6028e407a1ba2a0d3d760566,com.mytalkingcatemma.ballerinagames,1.0,ru,Android OS 10 / API-29 (QP1A.190711.020/A013FXXU2AUB2),ff3c250c-0d64-4deb-9fb5-6abdae2c3b77,False,False,IR,1631616002.310246
0,An error occurred while sending the request,Error,/BuildNotice/0,MobileSDK,samsung SM-A013F,OpenGLES2,1.0,1.11.0,False,Programmatic1,Programmatic,14.09.2021 10:40:00,6028e36ad1e80652e41054ca,6028e407a1ba2a0d3d760566,com.mytalkingcatemma.ballerinagames,1.0,ru,Android OS 10 / API-29 (QP1A.190711.020/A013FXXU2AUB2),ff3c250c-0d64-4deb-9fb5-6abdae2c3b77,False,False,IR,1631616002.470918
0,could not receive ip address from ipfy,Error,/BuildNotice/0,MobileSDK,samsung SM-A013F,OpenGLES2,1.0,1.11.0,False,Programmatic1,Programmatic,14.09.2021 10:40:01,6028e36ad1e80652e41054ca,6028e407a1ba2a0d3d760566,com.mytalkingcatemma.ballerinagames,1.0,ru,Android OS 10 / API-29 (QP1A.190711.020/A013FXXU2AUB2),ff3c250c-0d64-4deb-9fb5-6abdae2c3b77,False,False,IR,1631616002.561083
0,An error occurred while sending the request,Error,/BuildNotice/0,MobileSDK,samsung SM-A013F,OpenGLES2,1.0,1.11.0,False,Programmatic1,Programmatic,14.09.2021 10:40:01,6028e36ad1e80652e41054ca,6028e407a1ba2a0d3d760566,com.mytalkingcatemma.ballerinagames,1.0,ru,Android OS 10 / API-29 (QP1A.190711.020/A013FXXU2AUB2),ff3c250c-0d64-4deb-9fb5-6abdae2c3b77,False,False,IR,1631616002.726638
0,could not receive ip address from ipfy,Error,/BuildNotice/0,MobileSDK,samsung SM-A013F,OpenGLES2,1.0,1.11.0,False,Programmatic1,Programmatic,14.09.2021 10:40:01,6028e36ad1e80652e41054ca,6028e407a1ba2a0d3d760566,com.mytalkingcatemma.ballerinagames,1.0,ru,Android OS 10 / API-29 (QP1A.190711.020/A013FXXU2AUB2),ff3c250c-0d64-4deb-9fb5-6abdae2c3b77,False,False,IR,1631616002.879868
0,could not receive ip address from ipfy,Error,/BuildNotice/0,MobileSDK,samsung SM-J415GN,OpenGLES2,1.0,1.11.0,False,Programmatic1,Programmatic,09/14/2021 10:38:20,6028e36ad1e80652e41054ca,609d69021c511f4b1d4df1c4,com.pregnantcatemma.virtualpet,1.0,iv,Android OS 9 / API-28 (PPR1.180610.011/J415GNDXU6BTJ1),f58c24f1-92a4-4e10-8566-db459c25a3cb,False,False,IN,1631616002.895018
0,An error occurred while sending the request,Error,/BuildNotice/0,MobileSDK,samsung SM-J415GN,OpenGLES2,1.0,1.11.0,False,Programmatic1,Programmatic,09/14/2021 10:38:20,6028e36ad1e80652e41054ca,609d69021c511f4b1d4df1c4,com.pregnantcatemma.virtualpet,1.0,iv,Android OS 9 / API-28 (PPR1.180610.011/J415GNDXU6BTJ1),f58c24f1-92a4-4e10-8566-db459c25a3cb,False,False,IN,1631616002.911905
0,An error occurred while sending the request,Error,/BuildNotice/0,MobileSDK,samsung SM-A013F,OpenGLES2,1.0,1.11.0,False,Programmatic1,Programmatic,14.09.2021 10:40:01,6028e36ad1e80652e41054ca,6028e407a1ba2a0d3d760566,com.mytalkingcatemma.ballerinagames,1.0,ru,Android OS 10 / API-29 (QP1A.190711.020/A013FXXU2AUB2),ff3c250c-0d64-4deb-9fb5-6abdae2c3b77,False,False,IR,1631616003.025284
0,could not receive ip address from ipfy,Error,/BuildNotice/0,MobileSDK,samsung SM-A013F,OpenGLES2,1.0,1.11.0,False,Programmatic1,Programmatic,14.09.2021 10:40:01,6028e36ad1e80652e41054ca,6028e407a1ba2a0d3d760566,com.mytalkingcatemma.ballerinagames,1.0,ru,Android OS 10 / API-29 (QP1A.190711.020/A013FXXU2AUB2),ff3c250c-0d64-4deb-9fb5-6abdae2c3b77,False,False,IR,1631616003.137241
0,An error occurred while sending the request,Error,/BuildNotice/0,MobileSDK,samsung SM-A013F,OpenGLES2,1.0,1.11.0,False,Programmatic1,Programmatic,14.09.2021 10:40:01,6028e36ad1e80652e41054ca,6028e407a1ba2a0d3d760566,com.mytalkingcatemma.ballerinagames,1.0,ru,Android OS 10 / API-29 (QP1A.190711.020/A013FXXU2AUB2),ff3c250c-0d64-4deb-9fb5-6abdae2c3b77,False,False,IR,1631616003.287814
0,could not receive ip address from ipfy,Error,/BuildNotice/0,MobileSDK,samsung SM-A013F,OpenGLES2,1.0,1.11.0,False,Programmatic1,Programmatic,14.09.2021 10:40:02,6028e36ad1e80652e41054ca,6028e407a1ba2a0d3d760566,com.mytalkingcatemma.ballerinagames,1.0,ru,Android OS 10 / API-29 (QP1A.190711.020/A013FXXU2AUB2),ff3c250c-0d64-4deb-9fb5-6abdae2c3b77,False,False,IR,1631616003.394364
0,An error occurred while sending the request,Error,/BuildNotice/0,MobileSDK,samsung SM-A013F,OpenGLES2,1.0,1.11.0,False,Programmatic1,Programmatic,14.09.2021 10:40:02,6028e36ad1e80652e41054ca,6028e407a1ba2a0d3d760566,com.mytalkingcatemma.ballerinagames,1.0,ru,Android OS 10 / API-29 (QP1A.190711.020/A013FXXU2AUB2),ff3c250c-0d64-4deb-9fb5-6abdae2c3b77,False,False,IR,1631616003.540305
0,could not receive ip address from ipfy,Error,/BuildNotice/0,MobileSDK,samsung SM-A013F,OpenGLES2,1.0,1.11.0,False,Programmatic1,Programmatic,14.09.2021 10:40:02,6028e36ad1e80652e41054ca,6028e407a1ba2a0d3d760566,com.mytalkingcatemma.ballerinagames,1.0,ru,Android OS 10 / API-29 (QP1A.190711.020/A013FXXU2AUB2),ff3c250c-0d64-4deb-9fb5-6abdae2c3b77,False,False,IR,1631616004.085559
0,An error occurred while sending the request,Error,/BuildNotice/0,MobileSDK,samsung SM-A013F,OpenGLES2,1.0,1.11.0,False,Programmatic1,Programmatic,14.09.2021 10:40:02,6028e36ad1e80652e41054ca,6028e407a1ba2a0d3d760566,com.mytalkingcatemma.ballerinagames,1.0,ru,Android OS 10 / API-29 (QP1A.190711.020/A013FXXU2AUB2),ff3c250c-0d64-4deb-9fb5-6abdae2c3b77,False,False,IR,1631616004.26628
0,could not receive ip address from ipfy,Error,/BuildNotice/0,MobileSDK,samsung SM-A013F,OpenGLES2,1.0,1.11.0,False,Programmatic1,Programmatic,14.09.2021 10:40:03,6028e36ad1e80652e41054ca,6028e407a1ba2a0d3d760566,com.mytalkingcatemma.ballerinagames,1.0,ru,Android OS 10 / API-29 (QP1A.190711.020/A013FXXU2AUB2),ff3c250c-0d64-4deb-9fb5-6abdae2c3b77,False,False,IR,1631616004.638241
0,An error occurred while sending the request,Error,/BuildNotice/0,MobileSDK,samsung SM-A013F,OpenGLES2,1.0,1.11.0,False,Programmatic1,Programmatic,14.09.2021 10:40:03,6028e36ad1e80652e41054ca,6028e407a1ba2a0d3d760566,com.mytalkingcatemma.ballerinagames,1.0,ru,Android OS 10 / API-29 (QP1A.190711.020/A013FXXU2AUB2),ff3c250c-0d64-4deb-9fb5-6abdae2c3b77,False,False,IR,1631616004.661752
0,could not receive ip address from ipfy,Error,/BuildNotice/0,MobileSDK,samsung SM-A013F,OpenGLES2,1.0,1.11.0,False,Programmatic1,Programmatic,14.09.2021 10:40:03,6028e36ad1e80652e41054ca,6028e407a1ba2a0d3d760566,com.mytalkingcatemma.ballerinagames,1.0,ru,Android OS 10 / API-29 (QP1A.190711.020/A013FXXU2AUB2),ff3c250c-0d64-4deb-9fb5-6abdae2c3b77,False,False,IR,1631616005.045743
0,An error occurred while sending the request,Error,/BuildNotice/0,MobileSDK,samsung SM-A013F,OpenGLES2,1.0,1.11.0,False,Programmatic1,Programmatic,14.09.2021 10:40:03,6028e36ad1e80652e41054ca,6028e407a1ba2a0d3d760566,com.mytalkingcatemma.ballerinagames,1.0,ru,Android OS 10 / API-29 (QP1A.190711.020/A013FXXU2AUB2),ff3c250c-0d64-4deb-9fb5-6abdae2c3b77,False,False,IR,1631616005.08428
0,could not receive ip address from ipfy,Error,/BuildNotice/0,MobileSDK,samsung SM-A013F,OpenGLES2,1.0,1.11.0,False,Programmatic1,Programmatic,14.09.2021 10:40:04,6028e36ad1e80652e41054ca,6028e407a1ba2a0d3d760566,com.mytalkingcatemma.ballerinagames,1.0,ru,Android OS 10 / API-29 (QP1A.190711.020/A013FXXU2AUB2),ff3c250c-0d64-4deb-9fb5-6abdae2c3b77,False,False,IR,1631616005.784606
0,An error occurred while sending the request,Error,/BuildNotice/0,MobileSDK,samsung SM-A013F,OpenGLES2,1.0,1.11.0,False,Programmatic1,Programmatic,14.09.2021 10:40:04,6028e36ad1e80652e41054ca,6028e407a1ba2a0d3d760566,com.mytalkingcatemma.ballerinagames,1.0,ru,Android OS 10 / API-29 (QP1A.190711.020/A013FXXU2AUB2),ff3c250c-0d64-4deb-9fb5-6abdae2c3b77,False,False,IR,1631616005.802052
0,could not receive ip address from ipfy,Error,/BuildNotice/0,MobileSDK,samsung SM-J415GN,OpenGLES2,1.0,1.11.0,False,Programmatic1,Programmatic,09/14/2021 10:38:23,6028e36ad1e80652e41054ca,609d69021c511f4b1d4df1c4,com.pregnantcatemma.virtualpet,1.0,iv,Android OS 9 / API-28 (PPR1.180610.011/J415GNDXU6BTJ1),f58c24f1-92a4-4e10-8566-db459c25a3cb,False,False,IN,1631616006.038635
0,An error occurred while sending the request,Error,/BuildNotice/0,MobileSDK,samsung SM-J415GN,OpenGLES2,1.0,1.11.0,False,Programmatic1,Programmatic,09/14/2021 10:38:23,6028e36ad1e80652e41054ca,609d69021c511f4b1d4df1c4,com.pregnantcatemma.virtualpet,1.0,iv,Android OS 9 / API-28 (PPR1.180610.011/J415GNDXU6BTJ1),f58c24f1-92a4-4e10-8566-db459c25a3cb,False,False,IN,1631616006.05336
0,could not receive ip address from ipfy,Error,/BuildNotice/0,MobileSDK,samsung SM-A013F,OpenGLES2,1.0,1.11.0,False,Programmatic1,Programmatic,14.09.2021 10:40:04,6028e36ad1e80652e41054ca,6028e407a1ba2a0d3d760566,com.mytalkingcatemma.ballerinagames,1.0,ru,Android OS 10 / API-29 (QP1A.190711.020/A013FXXU2AUB2),ff3c250c-0d64-4deb-9fb5-6abdae2c3b77,False,False,IR,1631616006.150534
0,An error occurred while sending the request,Error,/BuildNotice/0,MobileSDK,samsung SM-A013F,OpenGLES2,1.0,1.11.0,False,Programmatic1,Programmatic,14.09.2021 10:40:04,6028e36ad1e80652e41054ca,6028e407a1ba2a0d3d760566,com.mytalkingcatemma.ballerinagames,1.0,ru,Android OS 10 / API-29 (QP1A.190711.020/A013FXXU2AUB2),ff3c250c-0d64-4deb-9fb5-6abdae2c3b77,False,False,IR,1631616006.168389
0,could not receive ip address from ipfy,Error,/BuildNotice/0,MobileSDK,samsung SM-A013F,OpenGLES2,1.0,1.11.0,False,Programmatic1,Programmatic,14.09.2021 10:40:05,6028e36ad1e80652e41054ca,6028e407a1ba2a0d3d760566,com.mytalkingcatemma.ballerinagames,1.0,ru,Android OS 10 / API-29 (QP1A.190711.020/A013FXXU2AUB2),ff3c250c-0d64-4deb-9fb5-6abdae2c3b77,False,False,IR,1631616006.670067
0,An error occurred while sending the request,Error,/BuildNotice/0,MobileSDK,samsung SM-A013F,OpenGLES2,1.0,1.11.0,False,Programmatic1,Programmatic,14.09.2021 10:40:05,6028e36ad1e80652e41054ca,6028e407a1ba2a0d3d760566,com.mytalkingcatemma.ballerinagames,1.0,ru,Android OS 10 / API-29 (QP1A.190711.020/A013FXXU2AUB2),ff3c250c-0d64-4deb-9fb5-6abdae2c3b77,False,False,IR,1631616006.706125
0,could not receive ip address from ipfy,Error,/BuildNotice/0,MobileSDK,samsung SM-A013F,OpenGLES2,1.0,1.11.0,False,Programmatic1,Programmatic,14.09.2021 10:40:07,6028e36ad1e80652e41054ca,6028e407a1ba2a0d3d760566,com.mytalkingcatemma.ballerinagames,1.0,ru,Android OS 10 / API-29 (QP1A.190711.020/A013FXXU2AUB2),ff3c250c-0d64-4deb-9fb5-6abdae2c3b77,False,False,IR,1631616008.568923
0,An error occurred while sending the request,Error,/BuildNotice/0,MobileSDK,samsung SM-A013F,OpenGLES2,1.0,1.11.0,False,Programmatic1,Programmatic,14.09.2021 10:40:07,6028e36ad1e80652e41054ca,6028e407a1ba2a0d3d760566,com.mytalkingcatemma.ballerinagames,1.0,ru,Android OS 10 / API-29 (QP1A.190711.020/A013FXXU2AUB2),ff3c250c-0d64-4deb-9fb5-6abdae2c3b77,False,False,IR,1631616008.60266
0,could not receive ip address from ipfy,Error,/BuildNotice/0,MobileSDK,samsung SM-A013F,OpenGLES2,1.0,1.11.0,False,Programmatic1,Programmatic,14.09.2021 10:40:07,6028e36ad1e80652e41054ca,6028e407a1ba2a0d3d760566,com.mytalkingcatemma.ballerinagames,1.0,ru,Android OS 10 / API-29 (QP1A.190711.020/A013FXXU2AUB2),ff3c250c-0d64-4deb-9fb5-6abdae2c3b77,False,False,IR,1631616008.860125
0,An error occurred while sending the request,Error,/BuildNotice/0,MobileSDK,samsung SM-A013F,OpenGLES2,1.0,1.11.0,False,Programmatic1,Programmatic,14.09.2021 10:40:07,6028e36ad1e80652e41054ca,6028e407a1ba2a0d3d760566,com.mytalkingcatemma.ballerinagames,1.0,ru,Android OS 10 / API-29 (QP1A.190711.020/A013FXXU2AUB2),ff3c250c-0d64-4deb-9fb5-6abdae2c3b77,False,False,IR,1631616008.978442
0,could not receive ip address from ipfy,Error,/BuildNotice/0,MobileSDK,samsung SM-A013F,OpenGLES2,1.0,1.11.0,False,Programmatic1,Programmatic,14.09.2021 10:40:08,6028e36ad1e80652e41054ca,6028e407a1ba2a0d3d760566,com.mytalkingcatemma.ballerinagames,1.0,ru,Android OS 10 / API-29 (QP1A.190711.020/A013FXXU2AUB2),ff3c250c-0d64-4deb-9fb5-6abdae2c3b77,False,False,IR,1631616009.392602
0,An error occurred while sending the request,Error,/BuildNotice/0,MobileSDK,samsung SM-A013F,OpenGLES2,1.0,1.11.0,False,Programmatic1,Programmatic,14.09.2021 10:40:08,6028e36ad1e80652e41054ca,6028e407a1ba2a0d3d760566,com.mytalkingcatemma.ballerinagames,1.0,ru,Android OS 10 / API-29 (QP1A.190711.020/A013FXXU2AUB2),ff3c250c-0d64-4deb-9fb5-6abdae2c3b77,False,False,IR,1631616009.408692
0,could not receive ip address from ipfy,Error,/BuildNotice/0,MobileSDK,samsung SM-J415GN,OpenGLES2,1.0,1.11.0,False,Programmatic1,Programmatic,09/14/2021 10:38:27,6028e36ad1e80652e41054ca,609d69021c511f4b1d4df1c4,com.pregnantcatemma.virtualpet,1.0,iv,Android OS 9 / API-28 (PPR1.180610.011/J415GNDXU6BTJ1),f58c24f1-92a4-4e10-8566-db459c25a3cb,False,False,IN,1631616009.462131
0,An error occurred while sending the request,Error,/BuildNotice/0,MobileSDK,samsung SM-J415GN,OpenGLES2,1.0,1.11.0,False,Programmatic1,Programmatic,09/14/2021 10:38:27,6028e36ad1e80652e41054ca,609d69021c511f4b1d4df1c4,com.pregnantcatemma.virtualpet,1.0,iv,Android OS 9 / API-28 (PPR1.180610.011/J415GNDXU6BTJ1),f58c24f1-92a4-4e10-8566-db459c25a3cb,False,False,IN,1631616009.493581
0,could not receive ip address from ipfy,Error,/BuildNotice/0,MobileSDK,samsung SM-A013F,OpenGLES2,1.0,1.11.0,False,Programmatic1,Programmatic,14.09.2021 10:40:08,6028e36ad1e80652e41054ca,6028e407a1ba2a0d3d760566,com.mytalkingcatemma.ballerinagames,1.0,ru,Android OS 10 / API-29 (QP1A.190711.020/A013FXXU2AUB2),ff3c250c-0d64-4deb-9fb5-6abdae2c3b77,False,False,IR,1631616009.793576
0,An error occurred while sending the request,Error,/BuildNotice/0,MobileSDK,samsung SM-A013F,OpenGLES2,1.0,1.11.0,False,Programmatic1,Programmatic,14.09.2021 10:40:08,6028e36ad1e80652e41054ca,6028e407a1ba2a0d3d760566,com.mytalkingcatemma.ballerinagames,1.0,ru,Android OS 10 / API-29 (QP1A.190711.020/A013FXXU2AUB2),ff3c250c-0d64-4deb-9fb5-6abdae2c3b77,False,False,IR,1631616010.046311
0,could not receive ip address from ipfy,Error,/BuildNotice/0,MobileSDK,samsung SM-A013F,OpenGLES2,1.0,1.11.0,False,Programmatic1,Programmatic,14.09.2021 10:40:08,6028e36ad1e80652e41054ca,6028e407a1ba2a0d3d760566,com.mytalkingcatemma.ballerinagames,1.0,ru,Android OS 10 / API-29 (QP1A.190711.020/A013FXXU2AUB2),ff3c250c-0d64-4deb-9fb5-6abdae2c3b77,False,False,IR,1631616010.283432
0,An error occurred while sending the request,Error,/BuildNotice/0,MobileSDK,samsung SM-A013F,OpenGLES2,1.0,1.11.0,False,Programmatic1,Programmatic,14.09.2021 10:40:08,6028e36ad1e80652e41054ca,6028e407a1ba2a0d3d760566,com.mytalkingcatemma.ballerinagames,1.0,ru,Android OS 10 / API-29 (QP1A.190711.020/A013FXXU2AUB2),ff3c250c-0d64-4deb-9fb5-6abdae2c3b77,False,False,IR,1631616010.317125
0,could not receive ip address from ipfy,Error,/BuildNotice/0,MobileSDK,samsung SM-A013F,OpenGLES2,1.0,1.11.0,False,Programmatic1,Programmatic,14.09.2021 10:40:09,6028e36ad1e80652e41054ca,6028e407a1ba2a0d3d760566,com.mytalkingcatemma.ballerinagames,1.0,ru,Android OS 10 / API-29 (QP1A.190711.020/A013FXXU2AUB2),ff3c250c-0d64-4deb-9fb5-6abdae2c3b77,False,False,IR,1631616010.632493
0,An error occurred while sending the request,Error,/BuildNotice/0,MobileSDK,samsung SM-A013F,OpenGLES2,1.0,1.11.0,False,Programmatic1,Programmatic,14.09.2021 10:40:09,6028e36ad1e80652e41054ca,6028e407a1ba2a0d3d760566,com.mytalkingcatemma.ballerinagames,1.0,ru,Android OS 10 / API-29 (QP1A.190711.020/A013FXXU2AUB2),ff3c250c-0d64-4deb-9fb5-6abdae2c3b77,False,False,IR,1631616010.64729
0,could not receive ip address from ipfy,Error,/BuildNotice/0,MobileSDK,samsung SM-A013F,OpenGLES2,1.0,1.11.0,False,Programmatic1,Programmatic,14.09.2021 10:40:10,6028e36ad1e80652e41054ca,6028e407a1ba2a0d3d760566,com.mytalkingcatemma.ballerinagames,1.0,ru,Android OS 10 / API-29 (QP1A.190711.020/A013FXXU2AUB2),ff3c250c-0d64-4deb-9fb5-6abdae2c3b77,False,False,IR,1631616011.26788
0,An error occurred while sending the request,Error,/BuildNotice/0,MobileSDK,samsung SM-A013F,OpenGLES2,1.0,1.11.0,False,Programmatic1,Programmatic,14.09.2021 10:40:10,6028e36ad1e80652e41054ca,6028e407a1ba2a0d3d760566,com.mytalkingcatemma.ballerinagames,1.0,ru,Android OS 10 / API-29 (QP1A.190711.020/A013FXXU2AUB2),ff3c250c-0d64-4deb-9fb5-6abdae2c3b77,False,False,IR,1631616011.288016
0,could not receive ip address from ipfy,Error,/BuildNotice/0,MobileSDK,samsung SM-A013F,OpenGLES2,1.0,1.11.0,False,Programmatic1,Programmatic,14.09.2021 10:40:10,6028e36ad1e80652e41054ca,6028e407a1ba2a0d3d760566,com.mytalkingcatemma.ballerinagames,1.0,ru,Android OS 10 / API-29 (QP1A.190711.020/A013FXXU2AUB2),ff3c250c-0d64-4deb-9fb5-6abdae2c3b77,False,False,IR,1631616011.574982
0,An error occurred while sending the request,Error,/BuildNotice/0,MobileSDK,samsung SM-A013F,OpenGLES2,1.0,1.11.0,False,Programmatic1,Programmatic,14.09.2021 10:40:10,6028e36ad1e80652e41054ca,6028e407a1ba2a0d3d760566,com.mytalkingcatemma.ballerinagames,1.0,ru,Android OS 10 / API-29 (QP1A.190711.020/A013FXXU2AUB2),ff3c250c-0d64-4deb-9fb5-6abdae2c3b77,False,False,IR,1631616011.609655
0,could not receive ip address from ipfy,Error,/BuildNotice/0,MobileSDK,samsung SM-A013F,OpenGLES2,1.0,1.11.0,False,Programmatic1,Programmatic,14.09.2021 10:40:10,6028e36ad1e80652e41054ca,6028e407a1ba2a0d3d760566,com.mytalkingcatemma.ballerinagames,1.0,ru,Android OS 10 / API-29 (QP1A.190711.020/A013FXXU2AUB2),ff3c250c-0d64-4deb-9fb5-6abdae2c3b77,False,False,IR,1631616011.982524
0,An error occurred while sending the request,Error,/BuildNotice/0,MobileSDK,samsung SM-A013F,OpenGLES2,1.0,1.11.0,False,Programmatic1,Programmatic,14.09.2021 10:40:10,6028e36ad1e80652e41054ca,6028e407a1ba2a0d3d760566,com.mytalkingcatemma.ballerinagames,1.0,ru,Android OS 10 / API-29 (QP1A.190711.020/A013FXXU2AUB2),ff3c250c-0d64-4deb-9fb5-6abdae2c3b77,False,False,IR,1631616012.035906
0,could not receive ip address from ipfy,Error,/BuildNotice/0,MobileSDK,HUAWEI DUB-LX2,OpenGLES2,1.0,1.11.0,False,Programmatic1,Programmatic,09/14/2021 10:40:06,6028e36ad1e80652e41054ca,609d69021c511f4b1d4df1c4,com.pregnantcatemma.virtualpet,1.0,iv,Android OS 8.1.0 / API-27 (HUAWEIDUB-LX2/151(C636)),4b81c757-414d-4ae9-a8a5-19678531872c,False,False,ID,1631616012.055118
0,An error occurred while sending the request,Error,/BuildNotice/0,MobileSDK,HUAWEI DUB-LX2,OpenGLES2,1.0,1.11.0,False,Programmatic1,Programmatic,09/14/2021 10:40:06,6028e36ad1e80652e41054ca,609d69021c511f4b1d4df1c4,com.pregnantcatemma.virtualpet,1.0,iv,Android OS 8.1.0 / API-27 (HUAWEIDUB-LX2/151(C636)),4b81c757-414d-4ae9-a8a5-19678531872c,False,False,ID,1631616012.093511
0,could not receive ip address from ipfy,Error,/BuildNotice/0,MobileSDK,samsung SM-A013F,OpenGLES2,1.0,1.11.0,False,Programmatic1,Programmatic,14.09.2021 10:40:11,6028e36ad1e80652e41054ca,6028e407a1ba2a0d3d760566,com.mytalkingcatemma.ballerinagames,1.0,ru,Android OS 10 / API-29 (QP1A.190711.020/A013FXXU2AUB2),ff3c250c-0d64-4deb-9fb5-6abdae2c3b77,False,False,IR,1631616012.339579
0,An error occurred while sending the request,Error,/BuildNotice/0,MobileSDK,samsung SM-A013F,OpenGLES2,1.0,1.11.0,False,Programmatic1,Programmatic,14.09.2021 10:40:11,6028e36ad1e80652e41054ca,6028e407a1ba2a0d3d760566,com.mytalkingcatemma.ballerinagames,1.0,ru,Android OS 10 / API-29 (QP1A.190711.020/A013FXXU2AUB2),ff3c250c-0d64-4deb-9fb5-6abdae2c3b77,False,False,IR,1631616012.357254
0,could not receive ip address from ipfy,Error,/BuildNotice/0,MobileSDK,samsung SM-J415GN,OpenGLES2,1.0,1.11.0,False,Programmatic1,Programmatic,09/14/2021 10:38:30,6028e36ad1e80652e41054ca,609d69021c511f4b1d4df1c4,com.pregnantcatemma.virtualpet,1.0,iv,Android OS 9 / API-28 (PPR1.180610.011/J415GNDXU6BTJ1),f58c24f1-92a4-4e10-8566-db459c25a3cb,False,False,IN,1631616012.636535
0,An error occurred while sending the request,Error,/BuildNotice/0,MobileSDK,samsung SM-J415GN,OpenGLES2,1.0,1.11.0,False,Programmatic1,Programmatic,09/14/2021 10:38:30,6028e36ad1e80652e41054ca,609d69021c511f4b1d4df1c4,com.pregnantcatemma.virtualpet,1.0,iv,Android OS 9 / API-28 (PPR1.180610.011/J415GNDXU6BTJ1),f58c24f1-92a4-4e10-8566-db459c25a3cb,False,False,IN,1631616012.655558
0,could not receive ip address from ipfy,Error,/BuildNotice/0,MobileSDK,samsung SM-A013F,OpenGLES2,1.0,1.11.0,False,Programmatic1,Programmatic,14.09.2021 10:40:11,6028e36ad1e80652e41054ca,6028e407a1ba2a0d3d760566,com.mytalkingcatemma.ballerinagames,1.0,ru,Android OS 10 / API-29 (QP1A.190711.020/A013FXXU2AUB2),ff3c250c-0d64-4deb-9fb5-6abdae2c3b77,False,False,IR,1631616012.673573
0,An error occurred while sending the request,Error,/BuildNotice/0,MobileSDK,samsung SM-A013F,OpenGLES2,1.0,1.11.0,False,Programmatic1,Programmatic,14.09.2021 10:40:11,6028e36ad1e80652e41054ca,6028e407a1ba2a0d3d760566,com.mytalkingcatemma.ballerinagames,1.0,ru,Android OS 10 / API-29 (QP1A.190711.020/A013FXXU2AUB2),ff3c250c-0d64-4deb-9fb5-6abdae2c3b77,False,False,IR,1631616012.689752
0,could not receive ip address from ipfy,Error,/BuildNotice/0,MobileSDK,samsung SM-A013F,OpenGLES2,1.0,1.11.0,False,Programmatic1,Programmatic,14.09.2021 10:40:11,6028e36ad1e80652e41054ca,6028e407a1ba2a0d3d760566,com.mytalkingcatemma.ballerinagames,1.0,ru,Android OS 10 / API-29 (QP1A.190711.020/A013FXXU2AUB2),ff3c250c-0d64-4deb-9fb5-6abdae2c3b77,False,False,IR,1631616012.930753
0,An error occurred while sending the request,Error,/BuildNotice/0,MobileSDK,samsung SM-A013F,OpenGLES2,1.0,1.11.0,False,Programmatic1,Programmatic,14.09.2021 10:40:11,6028e36ad1e80652e41054ca,6028e407a1ba2a0d3d760566,com.mytalkingcatemma.ballerinagames,1.0,ru,Android OS 10 / API-29 (QP1A.190711.020/A013FXXU2AUB2),ff3c250c-0d64-4deb-9fb5-6abdae2c3b77,False,False,IR,1631616012.963058
0,could not receive ip address from ipfy,Error,/BuildNotice/0,MobileSDK,samsung SM-A013F,OpenGLES2,1.0,1.11.0,False,Programmatic1,Programmatic,14.09.2021 10:40:12,6028e36ad1e80652e41054ca,6028e407a1ba2a0d3d760566,com.mytalkingcatemma.ballerinagames,1.0,ru,Android OS 10 / API-29 (QP1A.190711.020/A013FXXU2AUB2),ff3c250c-0d64-4deb-9fb5-6abdae2c3b77,False,False,IR,1631616013.819152
0,An error occurred while sending the request,Error,/BuildNotice/0,MobileSDK,samsung SM-A013F,OpenGLES2,1.0,1.11.0,False,Programmatic1,Programmatic,14.09.2021 10:40:12,6028e36ad1e80652e41054ca,6028e407a1ba2a0d3d760566,com.mytalkingcatemma.ballerinagames,1.0,ru,Android OS 10 / API-29 (QP1A.190711.020/A013FXXU2AUB2),ff3c250c-0d64-4deb-9fb5-6abdae2c3b77,False,False,IR,1631616014.064876
0,could not receive ip address from ipfy,Error,/BuildNotice/0,MobileSDK,samsung SM-A013F,OpenGLES2,1.0,1.11.0,False,Programmatic1,Programmatic,14.09.2021 10:40:12,6028e36ad1e80652e41054ca,6028e407a1ba2a0d3d760566,com.mytalkingcatemma.ballerinagames,1.0,ru,Android OS 10 / API-29 (QP1A.190711.020/A013FXXU2AUB2),ff3c250c-0d64-4deb-9fb5-6abdae2c3b77,False,False,IR,1631616014.087393
0,An error occurred while sending the request,Error,/BuildNotice/0,MobileSDK,samsung SM-A013F,OpenGLES2,1.0,1.11.0,False,Programmatic1,Programmatic,14.09.2021 10:40:12,6028e36ad1e80652e41054ca,6028e407a1ba2a0d3d760566,com.mytalkingcatemma.ballerinagames,1.0,ru,Android OS 10 / API-29 (QP1A.190711.020/A013FXXU2AUB2),ff3c250c-0d64-4deb-9fb5-6abdae2c3b77,False,False,IR,1631616014.478561
0,could not receive ip address from ipfy,Error,/BuildNotice/0,MobileSDK,samsung SM-A013F,OpenGLES2,1.0,1.11.0,False,Programmatic1,Programmatic,14.09.2021 10:40:13,6028e36ad1e80652e41054ca,6028e407a1ba2a0d3d760566,com.mytalkingcatemma.ballerinagames,1.0,ru,Android OS 10 / API-29 (QP1A.190711.020/A013FXXU2AUB2),ff3c250c-0d64-4deb-9fb5-6abdae2c3b77,False,False,IR,1631616014.889612
0,An error occurred while sending the request,Error,/BuildNotice/0,MobileSDK,samsung SM-A013F,OpenGLES2,1.0,1.11.0,False,Programmatic1,Programmatic,14.09.2021 10:40:13,6028e36ad1e80652e41054ca,6028e407a1ba2a0d3d760566,com.mytalkingcatemma.ballerinagames,1.0,ru,Android OS 10 / API-29 (QP1A.190711.020/A013FXXU2AUB2),ff3c250c-0d64-4deb-9fb5-6abdae2c3b77,False,False,IR,1631616014.913801
0,could not receive ip address from ipfy,Error,/BuildNotice/0,MobileSDK,samsung SM-J415GN,OpenGLES2,1.0,1.11.0,False,Programmatic1,Programmatic,09/14/2021 10:38:33,6028e36ad1e80652e41054ca,609d69021c511f4b1d4df1c4,com.pregnantcatemma.virtualpet,1.0,iv,Android OS 9 / API-28 (PPR1.180610.011/J415GNDXU6BTJ1),f58c24f1-92a4-4e10-8566-db459c25a3cb,False,False,IN,1631616015.985843
0,An error occurred while sending the request,Error,/BuildNotice/0,MobileSDK,samsung SM-J415GN,OpenGLES2,1.0,1.11.0,False,Programmatic1,Programmatic,09/14/2021 10:38:33,6028e36ad1e80652e41054ca,609d69021c511f4b1d4df1c4,com.pregnantcatemma.virtualpet,1.0,iv,Android OS 9 / API-28 (PPR1.180610.011/J415GNDXU6BTJ1),f58c24f1-92a4-4e10-8566-db459c25a3cb,False,False,IN,1631616016.080618
0,could not receive ip address from ipfy,Error,/BuildNotice/0,MobileSDK,samsung SM-A013F,OpenGLES2,1.0,1.11.0,False,Programmatic1,Programmatic,14.09.2021 10:40:14,6028e36ad1e80652e41054ca,6028e407a1ba2a0d3d760566,com.mytalkingcatemma.ballerinagames,1.0,ru,Android OS 10 / API-29 (QP1A.190711.020/A013FXXU2AUB2),ff3c250c-0d64-4deb-9fb5-6abdae2c3b77,False,False,IR,1631616016.09663
0,An error occurred while sending the request,Error,/BuildNotice/0,MobileSDK,samsung SM-A013F,OpenGLES2,1.0,1.11.0,False,Programmatic1,Programmatic,14.09.2021 10:40:14,6028e36ad1e80652e41054ca,6028e407a1ba2a0d3d760566,com.mytalkingcatemma.ballerinagames,1.0,ru,Android OS 10 / API-29 (QP1A.190711.020/A013FXXU2AUB2),ff3c250c-0d64-4deb-9fb5-6abdae2c3b77,False,False,IR,1631616016.180608
0,could not receive ip address from ipfy,Error,/BuildNotice/0,MobileSDK,samsung SM-A013F,OpenGLES2,1.0,1.11.0,False,Programmatic1,Programmatic,14.09.2021 10:40:15,6028e36ad1e80652e41054ca,6028e407a1ba2a0d3d760566,com.mytalkingcatemma.ballerinagames,1.0,ru,Android OS 10 / API-29 (QP1A.190711.020/A013FXXU2AUB2),ff3c250c-0d64-4deb-9fb5-6abdae2c3b77,False,False,IR,1631616016.718015
0,An error occurred while sending the request,Error,/BuildNotice/0,MobileSDK,samsung SM-A013F,OpenGLES2,1.0,1.11.0,False,Programmatic1,Programmatic,14.09.2021 10:40:15,6028e36ad1e80652e41054ca,6028e407a1ba2a0d3d760566,com.mytalkingcatemma.ballerinagames,1.0,ru,Android OS 10 / API-29 (QP1A.190711.020/A013FXXU2AUB2),ff3c250c-0d64-4deb-9fb5-6abdae2c3b77,False,False,IR,1631616016.742574
0,could not receive ip address from ipfy,Error,/BuildNotice/0,MobileSDK,samsung SM-A013F,OpenGLES2,1.0,1.11.0,False,Programmatic1,Programmatic,14.09.2021 10:40:16,6028e36ad1e80652e41054ca,6028e407a1ba2a0d3d760566,com.mytalkingcatemma.ballerinagames,1.0,ru,Android OS 10 / API-29 (QP1A.190711.020/A013FXXU2AUB2),ff3c250c-0d64-4deb-9fb5-6abdae2c3b77,False,False,IR,1631616017.258586
0,An error occurred while sending the request,Error,/BuildNotice/0,MobileSDK,samsung SM-A013F,OpenGLES2,1.0,1.11.0,False,Programmatic1,Programmatic,14.09.2021 10:40:16,6028e36ad1e80652e41054ca,6028e407a1ba2a0d3d760566,com.mytalkingcatemma.ballerinagames,1.0,ru,Android OS 10 / API-29 (QP1A.190711.020/A013FXXU2AUB2),ff3c250c-0d64-4deb-9fb5-6abdae2c3b77,False,False,IR,1631616017.317588
0,could not receive ip address from ipfy,Error,/BuildNotice/0,MobileSDK,samsung SM-A013F,OpenGLES2,1.0,1.11.0,False,Programmatic1,Programmatic,14.09.2021 10:40:17,6028e36ad1e80652e41054ca,6028e407a1ba2a0d3d760566,com.mytalkingcatemma.ballerinagames,1.0,ru,Android OS 10 / API-29 (QP1A.190711.020/A013FXXU2AUB2),ff3c250c-0d64-4deb-9fb5-6abdae2c3b77,False,False,IR,1631616018.224584
0,An error occurred while sending the request,Error,/BuildNotice/0,MobileSDK,samsung SM-A013F,OpenGLES2,1.0,1.11.0,False,Programmatic1,Programmatic,14.09.2021 10:40:17,6028e36ad1e80652e41054ca,6028e407a1ba2a0d3d760566,com.mytalkingcatemma.ballerinagames,1.0,ru,Android OS 10 / API-29 (QP1A.190711.020/A013FXXU2AUB2),ff3c250c-0d64-4deb-9fb5-6abdae2c3b77,False,False,IR,1631616018.364113
0,could not receive ip address from ipfy,Error,/BuildNotice/0,MobileSDK,samsung SM-A013F,OpenGLES2,1.0,1.11.0,False,Programmatic1,Programmatic,14.09.2021 10:40:17,6028e36ad1e80652e41054ca,6028e407a1ba2a0d3d760566,com.mytalkingcatemma.ballerinagames,1.0,ru,Android OS 10 / API-29 (QP1A.190711.020/A013FXXU2AUB2),ff3c250c-0d64-4deb-9fb5-6abdae2c3b77,False,False,IR,1631616018.759928
0,An error occurred while sending the request,Error,/BuildNotice/0,MobileSDK,samsung SM-A013F,OpenGLES2,1.0,1.11.0,False,Programmatic1,Programmatic,14.09.2021 10:40:17,6028e36ad1e80652e41054ca,6028e407a1ba2a0d3d760566,com.mytalkingcatemma.ballerinagames,1.0,ru,Android OS 10 / API-29 (QP1A.190711.020/A013FXXU2AUB2),ff3c250c-0d64-4deb-9fb5-6abdae2c3b77,False,False,IR,1631616018.775286
0,could not receive ip address from ipfy,Error,/BuildNotice/0,MobileSDK,samsung SM-J415GN,OpenGLES2,1.0,1.11.0,False,Programmatic1,Programmatic,09/14/2021 10:38:36,6028e36ad1e80652e41054ca,609d69021c511f4b1d4df1c4,com.pregnantcatemma.virtualpet,1.0,iv,Android OS 9 / API-28 (PPR1.180610.011/J415GNDXU6BTJ1),f58c24f1-92a4-4e10-8566-db459c25a3cb,False,False,IN,1631616018.793467
0,An error occurred while sending the request,Error,/BuildNotice/0,MobileSDK,samsung SM-J415GN,OpenGLES2,1.0,1.11.0,False,Programmatic1,Programmatic,09/14/2021 10:38:36,6028e36ad1e80652e41054ca,609d69021c511f4b1d4df1c4,com.pregnantcatemma.virtualpet,1.0,iv,Android OS 9 / API-28 (PPR1.180610.011/J415GNDXU6BTJ1),f58c24f1-92a4-4e10-8566-db459c25a3cb,False,False,IN,1631616018.810942
0,could not receive ip address from ipfy,Error,/BuildNotice/0,MobileSDK,samsung SM-A013F,OpenGLES2,1.0,1.11.0,False,Programmatic1,Programmatic,14.09.2021 10:40:18,6028e36ad1e80652e41054ca,6028e407a1ba2a0d3d760566,com.mytalkingcatemma.ballerinagames,1.0,ru,Android OS 10 / API-29 (QP1A.190711.020/A013FXXU2AUB2),ff3c250c-0d64-4deb-9fb5-6abdae2c3b77,False,False,IR,1631616019.412345
0,An error occurred while sending the request,Error,/BuildNotice/0,MobileSDK,samsung SM-A013F,OpenGLES2,1.0,1.11.0,False,Programmatic1,Programmatic,14.09.2021 10:40:18,6028e36ad1e80652e41054ca,6028e407a1ba2a0d3d760566,com.mytalkingcatemma.ballerinagames,1.0,ru,Android OS 10 / API-29 (QP1A.190711.020/A013FXXU2AUB2),ff3c250c-0d64-4deb-9fb5-6abdae2c3b77,False,False,IR,1631616019.599252
0,could not receive ip address from ipfy,Error,/BuildNotice/0,MobileSDK,samsung SM-A013F,OpenGLES2,1.0,1.11.0,False,Programmatic1,Programmatic,14.09.2021 10:40:18,6028e36ad1e80652e41054ca,6028e407a1ba2a0d3d760566,com.mytalkingcatemma.ballerinagames,1.0,ru,Android OS 10 / API-29 (QP1A.190711.020/A013FXXU2AUB2),ff3c250c-0d64-4deb-9fb5-6abdae2c3b77,False,False,IR,1631616020.027221
0,An error occurred while sending the request,Error,/BuildNotice/0,MobileSDK,samsung SM-A013F,OpenGLES2,1.0,1.11.0,False,Programmatic1,Programmatic,14.09.2021 10:40:18,6028e36ad1e80652e41054ca,6028e407a1ba2a0d3d760566,com.mytalkingcatemma.ballerinagames,1.0,ru,Android OS 10 / API-29 (QP1A.190711.020/A013FXXU2AUB2),ff3c250c-0d64-4deb-9fb5-6abdae2c3b77,False,False,IR,1631616020.073864
0,could not receive ip address from ipfy,Error,/BuildNotice/0,MobileSDK,samsung SM-A205F,OpenGLES2,1.0,1.11.0,False,Programmatic1,Programmatic,14-09-2021 10:40:12,6028e36ad1e80652e41054ca,6028e407a1ba2a0d3d760566,com.mytalkingcatemma.ballerinagames,1.0,en,Android OS 9 / API-28 (PPR1.180610.011/A205FXXS7ATD1),5a2aff80-bc0d-4df3-9cf7-ad71ea02640c,False,False,IR,1631616020.36948
0,could not receive ip address from ipfy,Error,/BuildNotice/0,MobileSDK,samsung SM-A013F,OpenGLES2,1.0,1.11.0,False,Programmatic1,Programmatic,14.09.2021 10:40:19,6028e36ad1e80652e41054ca,6028e407a1ba2a0d3d760566,com.mytalkingcatemma.ballerinagames,1.0,ru,Android OS 10 / API-29 (QP1A.190711.020/A013FXXU2AUB2),ff3c250c-0d64-4deb-9fb5-6abdae2c3b77,False,False,IR,1631616020.64738
0,An error occurred while sending the request,Error,/BuildNotice/0,MobileSDK,samsung SM-A013F,OpenGLES2,1.0,1.11.0,False,Programmatic1,Programmatic,14.09.2021 10:40:19,6028e36ad1e80652e41054ca,6028e407a1ba2a0d3d760566,com.mytalkingcatemma.ballerinagames,1.0,ru,Android OS 10 / API-29 (QP1A.190711.020/A013FXXU2AUB2),ff3c250c-0d64-4deb-9fb5-6abdae2c3b77,False,False,IR,1631616020.703814
0,"We are running ""Programmatic Flow"", you need to active gCom. 
 HTTP/1.1 400 Bad Request
{""product"": null, ""payment"": null, ""shipment_available_options"": [], ""session"": {""session_id"": ""1.0"", ""status"": ""Error: CODE_INVALID_FLOW_ID"", ""error_code"": 110}, ""flow"": ""gcom""}",Error,/BuildNotice/0,MobileSDK,motorola moto e(7) power,OpenGLES2,1.0,1.10.2,False,Programmatic1,Programmatic,09/14/2021 10:40:19,611bdadcd4e35d332f3d5e66,611be843d5491c7d0a6ab0ce,com.thg.battleops.shooting.game,1.0,iv,Android OS 10 / API-29 (QOL30.288-33/a08d2),e1cabf48-0830-42d9-a8c9-0634d65df459,True,False,RU,1631616021.481725
0,could not receive ip address from ipfy,Error,/BuildNotice/0,MobileSDK,samsung SM-J415GN,OpenGLES2,1.0,1.11.0,False,Programmatic1,Programmatic,09/14/2021 10:38:39,6028e36ad1e80652e41054ca,609d69021c511f4b1d4df1c4,com.pregnantcatemma.virtualpet,1.0,iv,Android OS 9 / API-28 (PPR1.180610.011/J415GNDXU6BTJ1),f58c24f1-92a4-4e10-8566-db459c25a3cb,False,False,IN,1631616021.872172
0,An error occurred while sending the request,Error,/BuildNotice/0,MobileSDK,samsung SM-J415GN,OpenGLES2,1.0,1.11.0,False,Programmatic1,Programmatic,09/14/2021 10:38:39,6028e36ad1e80652e41054ca,609d69021c511f4b1d4df1c4,com.pregnantcatemma.virtualpet,1.0,iv,Android OS 9 / API-28 (PPR1.180610.011/J415GNDXU6BTJ1),f58c24f1-92a4-4e10-8566-db459c25a3cb,False,False,IN,1631616021.885197
0,could not receive ip address from ipfy,Error,/BuildNotice/0,MobileSDK,samsung SM-A013F,OpenGLES2,1.0,1.11.0,False,Programmatic1,Programmatic,14.09.2021 10:40:21,6028e36ad1e80652e41054ca,6028e407a1ba2a0d3d760566,com.mytalkingcatemma.ballerinagames,1.0,ru,Android OS 10 / API-29 (QP1A.190711.020/A013FXXU2AUB2),ff3c250c-0d64-4deb-9fb5-6abdae2c3b77,False,False,IR,1631616022.538231
0,An error occurred while sending the request,Error,/BuildNotice/0,MobileSDK,samsung SM-A013F,OpenGLES2,1.0,1.11.0,False,Programmatic1,Programmatic,14.09.2021 10:40:21,6028e36ad1e80652e41054ca,6028e407a1ba2a0d3d760566,com.mytalkingcatemma.ballerinagames,1.0,ru,Android OS 10 / API-29 (QP1A.190711.020/A013FXXU2AUB2),ff3c250c-0d64-4deb-9fb5-6abdae2c3b77,False,False,IR,1631616022.556614
0,could not receive ip address from ipfy,Error,/BuildNotice/0,MobileSDK,samsung SM-A013F,OpenGLES2,1.0,1.11.0,False,Programmatic1,Programmatic,14.09.2021 10:40:21,6028e36ad1e80652e41054ca,6028e407a1ba2a0d3d760566,com.mytalkingcatemma.ballerinagames,1.0,ru,Android OS 10 / API-29 (QP1A.190711.020/A013FXXU2AUB2),ff3c250c-0d64-4deb-9fb5-6abdae2c3b77,False,False,IR,1631616022.937153
0,An error occurred while sending the request,Error,/BuildNotice/0,MobileSDK,samsung SM-A013F,OpenGLES2,1.0,1.11.0,False,Programmatic1,Programmatic,14.09.2021 10:40:21,6028e36ad1e80652e41054ca,6028e407a1ba2a0d3d760566,com.mytalkingcatemma.ballerinagames,1.0,ru,Android OS 10 / API-29 (QP1A.190711.020/A013FXXU2AUB2),ff3c250c-0d64-4deb-9fb5-6abdae2c3b77,False,False,IR,1631616023.471297
0,could not receive ip address from ipfy,Error,/BuildNotice/0,MobileSDK,samsung SM-A013F,OpenGLES2,1.0,1.11.0,False,Programmatic1,Programmatic,14.09.2021 10:40:22,6028e36ad1e80652e41054ca,6028e407a1ba2a0d3d760566,com.mytalkingcatemma.ballerinagames,1.0,ru,Android OS 10 / API-29 (QP1A.190711.020/A013FXXU2AUB2),ff3c250c-0d64-4deb-9fb5-6abdae2c3b77,False,False,IR,1631616023.838273
