0,1,2,3,4,5,6,7,8,9,10,11,12,13,14,15,16,17,18,19,20,21,22,23
0,"We are running ""Programmatic Flow"", you need to active gCom. 
 HTTP/1.1 400 Bad Request
{""product"": null, ""payment"": null, ""shipment_available_options"": [], ""session"": {""session_id"": ""1.0"", ""status"": ""Error: CODE_INVALID_FLOW_ID"", ""error_code"": 110}, ""flow"": ""gcom""}",Error,/BuildNotice/0,MobileSDK,realme RMX2103,OpenGLES2,1.0,1.10.2,False,LowRevenueCountryBlock,LowRevenueCountryBlock,09/12/2021 10:31:17,611bdadcd4e35d332f3d5e66,611be843d5491c7d0a6ab0ce,com.thg.battleops.shooting.game,1.0,iv,Android OS 11 / API-30 (RKQ1.201217.002/1624241518687),d6742b97-5638-4c97-8d59-5b538a4ddb02,True,False,KZ,1631442679.384516
0,could not receive ip address from ipfy,Error,/BuildNotice/0,MobileSDK,asus ASUS_X00ID,OpenGLES2,1.0,1.10.2,False,Programmatic1,Programmatic,09/12/2021 10:31:17,611bdadcd4e35d332f3d5e66,611be843d5491c7d0a6ab0ce,com.thg.battleops.shooting.game,1.0,iv,Android OS 8.1.0 / API-27 (OPM1.171019.011/15.2016.1907.519-0),564d0cfc-1492-473a-b00a-4aa7f82cbe3a,True,False,GE,1631442679.434669
0,could not receive ip address from ipfy,Error,/BuildNotice/0,MobileSDK,samsung SM-T295,OpenGLES2,1.0,1.11.0,False,Programmatic1,Programmatic,09/12/2021 10:27:56,6028e36ad1e80652e41054ca,609d69021c511f4b1d4df1c4,com.pregnantcatemma.virtualpet,1.0,iv,Android OS 10 / API-29 (QP1A.190711.020/T295XXU3BTFE),1a1dfbe5-c6bd-4a86-b2c4-8bbdb7a7343c,False,False,IN,1631442679.547465
0,An error occurred while sending the request,Error,/BuildNotice/0,MobileSDK,samsung SM-T295,OpenGLES2,1.0,1.11.0,False,Programmatic1,Programmatic,09/12/2021 10:27:56,6028e36ad1e80652e41054ca,609d69021c511f4b1d4df1c4,com.pregnantcatemma.virtualpet,1.0,iv,Android OS 10 / API-29 (QP1A.190711.020/T295XXU3BTFE),1a1dfbe5-c6bd-4a86-b2c4-8bbdb7a7343c,False,False,IN,1631442679.570751
0,"We are running ""Programmatic Flow"", you need to active gCom. 
 Cannot resolve destination host
",Error,/BuildNotice/0,MobileSDK,vivo V2027,OpenGLES2,1.0,1.10.2,False,Programmatic1,Programmatic,09/12/2021 10:30:53,611bdadcd4e35d332f3d5e66,611be843d5491c7d0a6ab0ce,com.thg.battleops.shooting.game,1.0,iv,Android OS 10 / API-29 (QP1A.190711.020/compiler07191706),74592e93-e38d-4de5-86bb-355ae4c50074,True,False,GE,1631442680.01196
0,An error occurred while sending the request,Error,/BuildNotice/0,MobileSDK,asus ASUS_X00ID,OpenGLES2,1.0,1.10.2,False,Programmatic1,Programmatic,09/12/2021 10:31:18,611bdadcd4e35d332f3d5e66,611be843d5491c7d0a6ab0ce,com.thg.battleops.shooting.game,1.0,iv,Android OS 8.1.0 / API-27 (OPM1.171019.011/15.2016.1907.519-0),564d0cfc-1492-473a-b00a-4aa7f82cbe3a,True,False,GE,1631442680.221832
0,could not receive ip address from ipfy,Error,/BuildNotice/0,MobileSDK,Xiaomi M2004J19C,OpenGLES2,1.0,1.10.2,False,LowRevenueCountryBlock,LowRevenueCountryBlock,09/12/2021 10:31:18,611bdadcd4e35d332f3d5e66,611be843d5491c7d0a6ab0ce,com.thg.battleops.shooting.game,1.0,iv,Android OS 11 / API-30 (RP1A.200720.011/V12.5.1.0.RJCINXM),99100822-0f26-4ed4-9e84-5a55d6c15538,True,False,MA,1631442680.442874
0,could not receive ip address from ipfy,Error,/BuildNotice/0,MobileSDK,Cherry_Mobile A890,OpenGLES2,1.0,1.11.0,False,LowRevenueCountryBlock,LowRevenueCountryBlock,9/12/2021 10:31:18 AM,6028e36ad1e80652e41054ca,6028e407a1ba2a0d3d760566,com.mytalkingcatemma.ballerinagames,1.0,en,Android OS 10 / API-29 (Q00711/1594896502),6f4d7e21-1060-44ce-b032-5a5052a078cd,False,False,MA,1631442680.584186
0,An error occurred while sending the request,Error,/BuildNotice/0,MobileSDK,Cherry_Mobile A890,OpenGLES2,1.0,1.11.0,False,LowRevenueCountryBlock,LowRevenueCountryBlock,9/12/2021 10:31:18 AM,6028e36ad1e80652e41054ca,6028e407a1ba2a0d3d760566,com.mytalkingcatemma.ballerinagames,1.0,en,Android OS 10 / API-29 (Q00711/1594896502),6f4d7e21-1060-44ce-b032-5a5052a078cd,False,False,MA,1631442680.59858
0,could not receive ip address from ipfy,Error,/BuildNotice/0,MobileSDK,Xiaomi M2004J19C,OpenGLES2,1.0,1.10.2,False,LowRevenueCountryBlock,LowRevenueCountryBlock,09/12/2021 10:31:16,611bdadcd4e35d332f3d5e66,611be843d5491c7d0a6ab0ce,com.thg.battleops.shooting.game,1.0,iv,Android OS 11 / API-30 (RP1A.200720.011/V12.5.1.0.RJCINXM),99100822-0f26-4ed4-9e84-5a55d6c15538,True,False,MA,1631442680.721826
0,An error occurred while sending the request,Error,/BuildNotice/0,MobileSDK,Xiaomi M2004J19C,OpenGLES2,1.0,1.10.2,False,LowRevenueCountryBlock,LowRevenueCountryBlock,09/12/2021 10:31:18,611bdadcd4e35d332f3d5e66,611be843d5491c7d0a6ab0ce,com.thg.battleops.shooting.game,1.0,iv,Android OS 11 / API-30 (RP1A.200720.011/V12.5.1.0.RJCINXM),99100822-0f26-4ed4-9e84-5a55d6c15538,True,False,MA,1631442681.367812
0,could not receive ip address from ipfy,Error,/BuildNotice/0,MobileSDK,Xiaomi M2004J19C,OpenGLES2,1.0,1.10.2,False,LowRevenueCountryBlock,LowRevenueCountryBlock,09/12/2021 10:31:20,611bdadcd4e35d332f3d5e66,611be843d5491c7d0a6ab0ce,com.thg.battleops.shooting.game,1.0,iv,Android OS 11 / API-30 (RP1A.200720.011/V12.5.1.0.RJCINXM),99100822-0f26-4ed4-9e84-5a55d6c15538,True,False,MA,1631442682.535095
0,could not receive ip address from ipfy,Error,/BuildNotice/0,MobileSDK,asus ASUS_X00ID,OpenGLES2,1.0,1.10.2,False,Programmatic1,Programmatic,09/12/2021 10:31:20,611bdadcd4e35d332f3d5e66,611be843d5491c7d0a6ab0ce,com.thg.battleops.shooting.game,1.0,iv,Android OS 8.1.0 / API-27 (OPM1.171019.011/15.2016.1907.519-0),564d0cfc-1492-473a-b00a-4aa7f82cbe3a,True,False,GE,1631442682.546287
0,An error occurred while sending the request,Error,/BuildNotice/0,MobileSDK,samsung SM-T295,OpenGLES2,1.0,1.11.0,False,Programmatic1,Programmatic,09/12/2021 10:27:59,6028e36ad1e80652e41054ca,609d69021c511f4b1d4df1c4,com.pregnantcatemma.virtualpet,1.0,iv,Android OS 10 / API-29 (QP1A.190711.020/T295XXU3BTFE),1a1dfbe5-c6bd-4a86-b2c4-8bbdb7a7343c,False,False,IN,1631442682.569812
0,could not receive ip address from ipfy,Error,/BuildNotice/0,MobileSDK,samsung SM-T295,OpenGLES2,1.0,1.11.0,False,Programmatic1,Programmatic,09/12/2021 10:27:59,6028e36ad1e80652e41054ca,609d69021c511f4b1d4df1c4,com.pregnantcatemma.virtualpet,1.0,iv,Android OS 10 / API-29 (QP1A.190711.020/T295XXU3BTFE),1a1dfbe5-c6bd-4a86-b2c4-8bbdb7a7343c,False,False,IN,1631442682.587339
0,An error occurred while sending the request,Error,/BuildNotice/0,MobileSDK,Xiaomi M2004J19C,OpenGLES2,1.0,1.10.2,False,LowRevenueCountryBlock,LowRevenueCountryBlock,09/12/2021 10:31:20,611bdadcd4e35d332f3d5e66,611be843d5491c7d0a6ab0ce,com.thg.battleops.shooting.game,1.0,iv,Android OS 11 / API-30 (RP1A.200720.011/V12.5.1.0.RJCINXM),99100822-0f26-4ed4-9e84-5a55d6c15538,True,False,MA,1631442682.925442
0,An error occurred while sending the request,Error,/BuildNotice/0,MobileSDK,asus ASUS_X00ID,OpenGLES2,1.0,1.10.2,False,Programmatic1,Programmatic,09/12/2021 10:31:21,611bdadcd4e35d332f3d5e66,611be843d5491c7d0a6ab0ce,com.thg.battleops.shooting.game,1.0,iv,Android OS 8.1.0 / API-27 (OPM1.171019.011/15.2016.1907.519-0),564d0cfc-1492-473a-b00a-4aa7f82cbe3a,True,False,GE,1631442683.314429
0,could not receive ip address from ipfy,Error,/BuildNotice/0,MobileSDK,Cherry_Mobile A890,OpenGLES2,1.0,1.11.0,False,LowRevenueCountryBlock,LowRevenueCountryBlock,9/12/2021 10:31:22 AM,6028e36ad1e80652e41054ca,6028e407a1ba2a0d3d760566,com.mytalkingcatemma.ballerinagames,1.0,en,Android OS 10 / API-29 (Q00711/1594896502),6f4d7e21-1060-44ce-b032-5a5052a078cd,False,False,MA,1631442683.714989
0,An error occurred while sending the request,Error,/BuildNotice/0,MobileSDK,Cherry_Mobile A890,OpenGLES2,1.0,1.11.0,False,LowRevenueCountryBlock,LowRevenueCountryBlock,9/12/2021 10:31:22 AM,6028e36ad1e80652e41054ca,6028e407a1ba2a0d3d760566,com.mytalkingcatemma.ballerinagames,1.0,en,Android OS 10 / API-29 (Q00711/1594896502),6f4d7e21-1060-44ce-b032-5a5052a078cd,False,False,MA,1631442683.742997
0,could not receive ip address from ipfy,Error,/BuildNotice/0,MobileSDK,asus ASUS_X00ID,OpenGLES2,1.0,1.10.2,False,Programmatic1,Programmatic,09/12/2021 10:31:23,611bdadcd4e35d332f3d5e66,611be843d5491c7d0a6ab0ce,com.thg.battleops.shooting.game,1.0,iv,Android OS 8.1.0 / API-27 (OPM1.171019.011/15.2016.1907.519-0),564d0cfc-1492-473a-b00a-4aa7f82cbe3a,True,False,GE,1631442685.220621
0,could not receive ip address from ipfy,Error,/BuildNotice/0,MobileSDK,samsung SM-T295,OpenGLES2,1.0,1.11.0,False,Programmatic1,Programmatic,09/12/2021 10:28:02,6028e36ad1e80652e41054ca,609d69021c511f4b1d4df1c4,com.pregnantcatemma.virtualpet,1.0,iv,Android OS 10 / API-29 (QP1A.190711.020/T295XXU3BTFE),1a1dfbe5-c6bd-4a86-b2c4-8bbdb7a7343c,False,False,IN,1631442685.594515
0,An error occurred while sending the request,Error,/BuildNotice/0,MobileSDK,samsung SM-T295,OpenGLES2,1.0,1.11.0,False,Programmatic1,Programmatic,09/12/2021 10:28:02,6028e36ad1e80652e41054ca,609d69021c511f4b1d4df1c4,com.pregnantcatemma.virtualpet,1.0,iv,Android OS 10 / API-29 (QP1A.190711.020/T295XXU3BTFE),1a1dfbe5-c6bd-4a86-b2c4-8bbdb7a7343c,False,False,IN,1631442685.609492
0,An error occurred while sending the request,Error,/BuildNotice/0,MobileSDK,asus ASUS_X00ID,OpenGLES2,1.0,1.10.2,False,Programmatic1,Programmatic,09/12/2021 10:31:24,611bdadcd4e35d332f3d5e66,611be843d5491c7d0a6ab0ce,com.thg.battleops.shooting.game,1.0,iv,Android OS 8.1.0 / API-27 (OPM1.171019.011/15.2016.1907.519-0),564d0cfc-1492-473a-b00a-4aa7f82cbe3a,True,False,GE,1631442686.31847
0,could not receive ip address from ipfy,Error,/BuildNotice/0,MobileSDK,Cherry_Mobile A890,OpenGLES2,1.0,1.11.0,False,LowRevenueCountryBlock,LowRevenueCountryBlock,9/12/2021 10:31:25 AM,6028e36ad1e80652e41054ca,6028e407a1ba2a0d3d760566,com.mytalkingcatemma.ballerinagames,1.0,en,Android OS 10 / API-29 (Q00711/1594896502),6f4d7e21-1060-44ce-b032-5a5052a078cd,False,False,MA,1631442686.666425
0,An error occurred while sending the request,Error,/BuildNotice/0,MobileSDK,Cherry_Mobile A890,OpenGLES2,1.0,1.11.0,False,LowRevenueCountryBlock,LowRevenueCountryBlock,9/12/2021 10:31:25 AM,6028e36ad1e80652e41054ca,6028e407a1ba2a0d3d760566,com.mytalkingcatemma.ballerinagames,1.0,en,Android OS 10 / API-29 (Q00711/1594896502),6f4d7e21-1060-44ce-b032-5a5052a078cd,False,False,MA,1631442686.680868
0,could not receive ip address from ipfy,Error,/BuildNotice/0,MobileSDK,asus ASUS_X00ID,OpenGLES2,1.0,1.10.2,False,Programmatic1,Programmatic,09/12/2021 10:31:26,611bdadcd4e35d332f3d5e66,611be843d5491c7d0a6ab0ce,com.thg.battleops.shooting.game,1.0,iv,Android OS 8.1.0 / API-27 (OPM1.171019.011/15.2016.1907.519-0),564d0cfc-1492-473a-b00a-4aa7f82cbe3a,True,False,GE,1631442688.559869
0,could not receive ip address from ipfy,Error,/BuildNotice/0,MobileSDK,samsung SM-T295,OpenGLES2,1.0,1.11.0,False,Programmatic1,Programmatic,09/12/2021 10:28:05,6028e36ad1e80652e41054ca,609d69021c511f4b1d4df1c4,com.pregnantcatemma.virtualpet,1.0,iv,Android OS 10 / API-29 (QP1A.190711.020/T295XXU3BTFE),1a1dfbe5-c6bd-4a86-b2c4-8bbdb7a7343c,False,False,IN,1631442688.605154
0,An error occurred while sending the request,Error,/BuildNotice/0,MobileSDK,samsung SM-T295,OpenGLES2,1.0,1.11.0,False,Programmatic1,Programmatic,09/12/2021 10:28:05,6028e36ad1e80652e41054ca,609d69021c511f4b1d4df1c4,com.pregnantcatemma.virtualpet,1.0,iv,Android OS 10 / API-29 (QP1A.190711.020/T295XXU3BTFE),1a1dfbe5-c6bd-4a86-b2c4-8bbdb7a7343c,False,False,IN,1631442688.621443
0,An error occurred while sending the request,Error,/BuildNotice/0,MobileSDK,asus ASUS_X00ID,OpenGLES2,1.0,1.10.2,False,Programmatic1,Programmatic,09/12/2021 10:31:27,611bdadcd4e35d332f3d5e66,611be843d5491c7d0a6ab0ce,com.thg.battleops.shooting.game,1.0,iv,Android OS 8.1.0 / API-27 (OPM1.171019.011/15.2016.1907.519-0),564d0cfc-1492-473a-b00a-4aa7f82cbe3a,True,False,GE,1631442689.291398
0,could not receive ip address from ipfy,Error,/BuildNotice/0,MobileSDK,Cherry_Mobile A890,OpenGLES2,1.0,1.11.0,False,LowRevenueCountryBlock,LowRevenueCountryBlock,9/12/2021 10:31:28 AM,6028e36ad1e80652e41054ca,6028e407a1ba2a0d3d760566,com.mytalkingcatemma.ballerinagames,1.0,en,Android OS 10 / API-29 (Q00711/1594896502),6f4d7e21-1060-44ce-b032-5a5052a078cd,False,False,MA,1631442689.764247
0,An error occurred while sending the request,Error,/BuildNotice/0,MobileSDK,Cherry_Mobile A890,OpenGLES2,1.0,1.11.0,False,LowRevenueCountryBlock,LowRevenueCountryBlock,9/12/2021 10:31:28 AM,6028e36ad1e80652e41054ca,6028e407a1ba2a0d3d760566,com.mytalkingcatemma.ballerinagames,1.0,en,Android OS 10 / API-29 (Q00711/1594896502),6f4d7e21-1060-44ce-b032-5a5052a078cd,False,False,MA,1631442689.889545
0,could not receive ip address from ipfy,Error,/BuildNotice/0,MobileSDK,samsung SM-T295,OpenGLES2,1.0,1.11.0,False,Programmatic1,Programmatic,09/12/2021 10:28:08,6028e36ad1e80652e41054ca,609d69021c511f4b1d4df1c4,com.pregnantcatemma.virtualpet,1.0,iv,Android OS 10 / API-29 (QP1A.190711.020/T295XXU3BTFE),1a1dfbe5-c6bd-4a86-b2c4-8bbdb7a7343c,False,False,IN,1631442691.664293
0,An error occurred while sending the request,Error,/BuildNotice/0,MobileSDK,samsung SM-T295,OpenGLES2,1.0,1.11.0,False,Programmatic1,Programmatic,09/12/2021 10:28:08,6028e36ad1e80652e41054ca,609d69021c511f4b1d4df1c4,com.pregnantcatemma.virtualpet,1.0,iv,Android OS 10 / API-29 (QP1A.190711.020/T295XXU3BTFE),1a1dfbe5-c6bd-4a86-b2c4-8bbdb7a7343c,False,False,IN,1631442691.68144
0,could not receive ip address from ipfy,Error,/BuildNotice/0,MobileSDK,Cherry_Mobile A890,OpenGLES2,1.0,1.11.0,False,LowRevenueCountryBlock,LowRevenueCountryBlock,9/12/2021 10:31:31 AM,6028e36ad1e80652e41054ca,6028e407a1ba2a0d3d760566,com.mytalkingcatemma.ballerinagames,1.0,en,Android OS 10 / API-29 (Q00711/1594896502),6f4d7e21-1060-44ce-b032-5a5052a078cd,False,False,MA,1631442692.839849
0,An error occurred while sending the request,Error,/BuildNotice/0,MobileSDK,Cherry_Mobile A890,OpenGLES2,1.0,1.11.0,False,LowRevenueCountryBlock,LowRevenueCountryBlock,9/12/2021 10:31:31 AM,6028e36ad1e80652e41054ca,6028e407a1ba2a0d3d760566,com.mytalkingcatemma.ballerinagames,1.0,en,Android OS 10 / API-29 (Q00711/1594896502),6f4d7e21-1060-44ce-b032-5a5052a078cd,False,False,MA,1631442692.856146
0,could not receive ip address from ipfy,Error,/BuildNotice/0,MobileSDK,samsung SM-T295,OpenGLES2,1.0,1.11.0,False,Programmatic1,Programmatic,09/12/2021 10:28:11,6028e36ad1e80652e41054ca,609d69021c511f4b1d4df1c4,com.pregnantcatemma.virtualpet,1.0,iv,Android OS 10 / API-29 (QP1A.190711.020/T295XXU3BTFE),1a1dfbe5-c6bd-4a86-b2c4-8bbdb7a7343c,False,False,IN,1631442694.938741
0,An error occurred while sending the request,Error,/BuildNotice/0,MobileSDK,samsung SM-T295,OpenGLES2,1.0,1.11.0,False,Programmatic1,Programmatic,09/12/2021 10:28:11,6028e36ad1e80652e41054ca,609d69021c511f4b1d4df1c4,com.pregnantcatemma.virtualpet,1.0,iv,Android OS 10 / API-29 (QP1A.190711.020/T295XXU3BTFE),1a1dfbe5-c6bd-4a86-b2c4-8bbdb7a7343c,False,False,IN,1631442694.953886
0,could not receive ip address from ipfy,Error,/BuildNotice/0,MobileSDK,Cherry_Mobile A890,OpenGLES2,1.0,1.11.0,False,LowRevenueCountryBlock,LowRevenueCountryBlock,9/12/2021 10:31:34 AM,6028e36ad1e80652e41054ca,6028e407a1ba2a0d3d760566,com.mytalkingcatemma.ballerinagames,1.0,en,Android OS 10 / API-29 (Q00711/1594896502),6f4d7e21-1060-44ce-b032-5a5052a078cd,False,False,MA,1631442695.892511
0,An error occurred while sending the request,Error,/BuildNotice/0,MobileSDK,Cherry_Mobile A890,OpenGLES2,1.0,1.11.0,False,LowRevenueCountryBlock,LowRevenueCountryBlock,9/12/2021 10:31:34 AM,6028e36ad1e80652e41054ca,6028e407a1ba2a0d3d760566,com.mytalkingcatemma.ballerinagames,1.0,en,Android OS 10 / API-29 (Q00711/1594896502),6f4d7e21-1060-44ce-b032-5a5052a078cd,False,False,MA,1631442695.914795
0,could not receive ip address from ipfy,Error,/BuildNotice/0,MobileSDK,samsung SM-T295,OpenGLES2,1.0,1.11.0,False,Programmatic1,Programmatic,09/12/2021 10:28:14,6028e36ad1e80652e41054ca,609d69021c511f4b1d4df1c4,com.pregnantcatemma.virtualpet,1.0,iv,Android OS 10 / API-29 (QP1A.190711.020/T295XXU3BTFE),1a1dfbe5-c6bd-4a86-b2c4-8bbdb7a7343c,False,False,IN,1631442697.938684
0,could not receive ip address from ipfy,Error,/BuildNotice/0,MobileSDK,OPPO CPH2059,OpenGLES2,1.0,1.11.0,False,LowRevenueCountryBlock,LowRevenueCountryBlock,9/12/2021 10:31:36 AM,6028e36ad1e80652e41054ca,6028e407a1ba2a0d3d760566,com.mytalkingcatemma.ballerinagames,1.0,en,Android OS 11 / API-30 (RKQ1.200903.002/1613621987096),4210a14d-6e31-47ab-a565-a49e29dad812,False,False,MA,1631442697.955365
0,An error occurred while sending the request,Error,/BuildNotice/0,MobileSDK,samsung SM-T295,OpenGLES2,1.0,1.11.0,False,Programmatic1,Programmatic,09/12/2021 10:28:14,6028e36ad1e80652e41054ca,609d69021c511f4b1d4df1c4,com.pregnantcatemma.virtualpet,1.0,iv,Android OS 10 / API-29 (QP1A.190711.020/T295XXU3BTFE),1a1dfbe5-c6bd-4a86-b2c4-8bbdb7a7343c,False,False,IN,1631442697.977747
0,An error occurred while sending the request,Error,/BuildNotice/0,MobileSDK,OPPO CPH2059,OpenGLES2,1.0,1.11.0,False,LowRevenueCountryBlock,LowRevenueCountryBlock,9/12/2021 10:31:36 AM,6028e36ad1e80652e41054ca,6028e407a1ba2a0d3d760566,com.mytalkingcatemma.ballerinagames,1.0,en,Android OS 11 / API-30 (RKQ1.200903.002/1613621987096),4210a14d-6e31-47ab-a565-a49e29dad812,False,False,MA,1631442698.001507
0,could not receive ip address from ipfy,Error,/BuildNotice/0,MobileSDK,Cherry_Mobile A890,OpenGLES2,1.0,1.11.0,False,LowRevenueCountryBlock,LowRevenueCountryBlock,9/12/2021 10:31:37 AM,6028e36ad1e80652e41054ca,6028e407a1ba2a0d3d760566,com.mytalkingcatemma.ballerinagames,1.0,en,Android OS 10 / API-29 (Q00711/1594896502),6f4d7e21-1060-44ce-b032-5a5052a078cd,False,False,MA,1631442698.960335
0,An error occurred while sending the request,Error,/BuildNotice/0,MobileSDK,Cherry_Mobile A890,OpenGLES2,1.0,1.11.0,False,LowRevenueCountryBlock,LowRevenueCountryBlock,9/12/2021 10:31:37 AM,6028e36ad1e80652e41054ca,6028e407a1ba2a0d3d760566,com.mytalkingcatemma.ballerinagames,1.0,en,Android OS 10 / API-29 (Q00711/1594896502),6f4d7e21-1060-44ce-b032-5a5052a078cd,False,False,MA,1631442698.996835
0,could not receive ip address from ipfy,Error,/BuildNotice/0,MobileSDK,samsung SM-T295,OpenGLES2,1.0,1.11.0,False,Programmatic1,Programmatic,09/12/2021 10:28:18,6028e36ad1e80652e41054ca,609d69021c511f4b1d4df1c4,com.pregnantcatemma.virtualpet,1.0,iv,Android OS 10 / API-29 (QP1A.190711.020/T295XXU3BTFE),1a1dfbe5-c6bd-4a86-b2c4-8bbdb7a7343c,False,False,IN,1631442701.835886
0,An error occurred while sending the request,Error,/BuildNotice/0,MobileSDK,samsung SM-T295,OpenGLES2,1.0,1.11.0,False,Programmatic1,Programmatic,09/12/2021 10:28:18,6028e36ad1e80652e41054ca,609d69021c511f4b1d4df1c4,com.pregnantcatemma.virtualpet,1.0,iv,Android OS 10 / API-29 (QP1A.190711.020/T295XXU3BTFE),1a1dfbe5-c6bd-4a86-b2c4-8bbdb7a7343c,False,False,IN,1631442701.853504
0,could not receive ip address from ipfy,Error,/BuildNotice/0,MobileSDK,Cherry_Mobile A890,OpenGLES2,1.0,1.11.0,False,LowRevenueCountryBlock,LowRevenueCountryBlock,9/12/2021 10:31:40 AM,6028e36ad1e80652e41054ca,6028e407a1ba2a0d3d760566,com.mytalkingcatemma.ballerinagames,1.0,en,Android OS 10 / API-29 (Q00711/1594896502),6f4d7e21-1060-44ce-b032-5a5052a078cd,False,False,MA,1631442702.145324
0,An error occurred while sending the request,Error,/BuildNotice/0,MobileSDK,Cherry_Mobile A890,OpenGLES2,1.0,1.11.0,False,LowRevenueCountryBlock,LowRevenueCountryBlock,9/12/2021 10:31:40 AM,6028e36ad1e80652e41054ca,6028e407a1ba2a0d3d760566,com.mytalkingcatemma.ballerinagames,1.0,en,Android OS 10 / API-29 (Q00711/1594896502),6f4d7e21-1060-44ce-b032-5a5052a078cd,False,False,MA,1631442702.163838
0,could not receive ip address from ipfy,Error,/BuildNotice/0,MobileSDK,Cherry_Mobile A890,OpenGLES2,1.0,1.11.0,False,LowRevenueCountryBlock,LowRevenueCountryBlock,9/12/2021 10:31:43 AM,6028e36ad1e80652e41054ca,6028e407a1ba2a0d3d760566,com.mytalkingcatemma.ballerinagames,1.0,en,Android OS 10 / API-29 (Q00711/1594896502),6f4d7e21-1060-44ce-b032-5a5052a078cd,False,False,MA,1631442705.176611
0,An error occurred while sending the request,Error,/BuildNotice/0,MobileSDK,Cherry_Mobile A890,OpenGLES2,1.0,1.11.0,False,LowRevenueCountryBlock,LowRevenueCountryBlock,9/12/2021 10:31:43 AM,6028e36ad1e80652e41054ca,6028e407a1ba2a0d3d760566,com.mytalkingcatemma.ballerinagames,1.0,en,Android OS 10 / API-29 (Q00711/1594896502),6f4d7e21-1060-44ce-b032-5a5052a078cd,False,False,MA,1631442705.192604
0,could not receive ip address from ipfy,Error,/BuildNotice/0,MobileSDK,samsung SM-T295,OpenGLES2,1.0,1.11.0,False,Programmatic1,Programmatic,09/12/2021 10:28:24,6028e36ad1e80652e41054ca,609d69021c511f4b1d4df1c4,com.pregnantcatemma.virtualpet,1.0,iv,Android OS 10 / API-29 (QP1A.190711.020/T295XXU3BTFE),1a1dfbe5-c6bd-4a86-b2c4-8bbdb7a7343c,False,False,IN,1631442707.944174
0,An error occurred while sending the request,Error,/BuildNotice/0,MobileSDK,samsung SM-T295,OpenGLES2,1.0,1.11.0,False,Programmatic1,Programmatic,09/12/2021 10:28:24,6028e36ad1e80652e41054ca,609d69021c511f4b1d4df1c4,com.pregnantcatemma.virtualpet,1.0,iv,Android OS 10 / API-29 (QP1A.190711.020/T295XXU3BTFE),1a1dfbe5-c6bd-4a86-b2c4-8bbdb7a7343c,False,False,IN,1631442707.961327
0,could not receive ip address from ipfy,Error,/BuildNotice/0,MobileSDK,Cherry_Mobile A890,OpenGLES2,1.0,1.11.0,False,LowRevenueCountryBlock,LowRevenueCountryBlock,9/12/2021 10:31:46 AM,6028e36ad1e80652e41054ca,6028e407a1ba2a0d3d760566,com.mytalkingcatemma.ballerinagames,1.0,en,Android OS 10 / API-29 (Q00711/1594896502),6f4d7e21-1060-44ce-b032-5a5052a078cd,False,False,MA,1631442708.18075
0,An error occurred while sending the request,Error,/BuildNotice/0,MobileSDK,Cherry_Mobile A890,OpenGLES2,1.0,1.11.0,False,LowRevenueCountryBlock,LowRevenueCountryBlock,9/12/2021 10:31:46 AM,6028e36ad1e80652e41054ca,6028e407a1ba2a0d3d760566,com.mytalkingcatemma.ballerinagames,1.0,en,Android OS 10 / API-29 (Q00711/1594896502),6f4d7e21-1060-44ce-b032-5a5052a078cd,False,False,MA,1631442708.201428
0,could not receive ip address from ipfy,Error,/BuildNotice/0,MobileSDK,samsung SM-T295,OpenGLES2,1.0,1.11.0,False,Programmatic1,Programmatic,09/12/2021 10:28:25,6028e36ad1e80652e41054ca,609d69021c511f4b1d4df1c4,com.pregnantcatemma.virtualpet,1.0,iv,Android OS 10 / API-29 (QP1A.190711.020/T295XXU3BTFE),1a1dfbe5-c6bd-4a86-b2c4-8bbdb7a7343c,False,False,IN,1631442708.584973
0,An error occurred while sending the request,Error,/BuildNotice/0,MobileSDK,samsung SM-T295,OpenGLES2,1.0,1.11.0,False,Programmatic1,Programmatic,09/12/2021 10:28:25,6028e36ad1e80652e41054ca,609d69021c511f4b1d4df1c4,com.pregnantcatemma.virtualpet,1.0,iv,Android OS 10 / API-29 (QP1A.190711.020/T295XXU3BTFE),1a1dfbe5-c6bd-4a86-b2c4-8bbdb7a7343c,False,False,IN,1631442708.600559
0,could not receive ip address from ipfy,Error,/BuildNotice/0,MobileSDK,Cherry_Mobile A890,OpenGLES2,1.0,1.11.0,False,LowRevenueCountryBlock,LowRevenueCountryBlock,9/12/2021 10:31:49 AM,6028e36ad1e80652e41054ca,6028e407a1ba2a0d3d760566,com.mytalkingcatemma.ballerinagames,1.0,en,Android OS 10 / API-29 (Q00711/1594896502),6f4d7e21-1060-44ce-b032-5a5052a078cd,False,False,MA,1631442711.178513
0,An error occurred while sending the request,Error,/BuildNotice/0,MobileSDK,Cherry_Mobile A890,OpenGLES2,1.0,1.11.0,False,LowRevenueCountryBlock,LowRevenueCountryBlock,9/12/2021 10:31:49 AM,6028e36ad1e80652e41054ca,6028e407a1ba2a0d3d760566,com.mytalkingcatemma.ballerinagames,1.0,en,Android OS 10 / API-29 (Q00711/1594896502),6f4d7e21-1060-44ce-b032-5a5052a078cd,False,False,MA,1631442711.194642
0,could not receive ip address from ipfy,Error,/BuildNotice/0,MobileSDK,samsung SM-T295,OpenGLES2,1.0,1.11.0,False,Programmatic1,Programmatic,09/12/2021 10:28:28,6028e36ad1e80652e41054ca,609d69021c511f4b1d4df1c4,com.pregnantcatemma.virtualpet,1.0,iv,Android OS 10 / API-29 (QP1A.190711.020/T295XXU3BTFE),1a1dfbe5-c6bd-4a86-b2c4-8bbdb7a7343c,False,False,IN,1631442711.780205
0,An error occurred while sending the request,Error,/BuildNotice/0,MobileSDK,samsung SM-T295,OpenGLES2,1.0,1.11.0,False,Programmatic1,Programmatic,09/12/2021 10:28:28,6028e36ad1e80652e41054ca,609d69021c511f4b1d4df1c4,com.pregnantcatemma.virtualpet,1.0,iv,Android OS 10 / API-29 (QP1A.190711.020/T295XXU3BTFE),1a1dfbe5-c6bd-4a86-b2c4-8bbdb7a7343c,False,False,IN,1631442711.795428
0,could not receive ip address from ipfy,Error,/BuildNotice/0,MobileSDK,Cherry_Mobile A890,OpenGLES2,1.0,1.11.0,False,LowRevenueCountryBlock,LowRevenueCountryBlock,9/12/2021 10:31:52 AM,6028e36ad1e80652e41054ca,6028e407a1ba2a0d3d760566,com.mytalkingcatemma.ballerinagames,1.0,en,Android OS 10 / API-29 (Q00711/1594896502),6f4d7e21-1060-44ce-b032-5a5052a078cd,False,False,MA,1631442714.26214
0,An error occurred while sending the request,Error,/BuildNotice/0,MobileSDK,Cherry_Mobile A890,OpenGLES2,1.0,1.11.0,False,LowRevenueCountryBlock,LowRevenueCountryBlock,9/12/2021 10:31:52 AM,6028e36ad1e80652e41054ca,6028e407a1ba2a0d3d760566,com.mytalkingcatemma.ballerinagames,1.0,en,Android OS 10 / API-29 (Q00711/1594896502),6f4d7e21-1060-44ce-b032-5a5052a078cd,False,False,MA,1631442714.279691
0,An error occurred while sending the request,Error,/BuildNotice/0,MobileSDK,Xiaomi M2004J19C,OpenGLES2,1.0,1.10.2,False,LowRevenueCountryBlock,LowRevenueCountryBlock,09/12/2021 10:31:52,611bdadcd4e35d332f3d5e66,611be843d5491c7d0a6ab0ce,com.thg.battleops.shooting.game,1.0,iv,Android OS 11 / API-30 (RP1A.200720.011/V12.5.1.0.RJCINXM),99100822-0f26-4ed4-9e84-5a55d6c15538,True,False,MA,1631442714.818828
0,could not receive ip address from ipfy,Error,/BuildNotice/0,MobileSDK,Xiaomi M2004J19C,OpenGLES2,1.0,1.10.2,False,LowRevenueCountryBlock,LowRevenueCountryBlock,09/12/2021 10:31:52,611bdadcd4e35d332f3d5e66,611be843d5491c7d0a6ab0ce,com.thg.battleops.shooting.game,1.0,iv,Android OS 11 / API-30 (RP1A.200720.011/V12.5.1.0.RJCINXM),99100822-0f26-4ed4-9e84-5a55d6c15538,True,False,MA,1631442714.974737
0,An error occurred while sending the request,Error,/BuildNotice/0,MobileSDK,samsung SM-T295,OpenGLES2,1.0,1.11.0,False,Programmatic1,Programmatic,09/12/2021 10:28:31,6028e36ad1e80652e41054ca,609d69021c511f4b1d4df1c4,com.pregnantcatemma.virtualpet,1.0,iv,Android OS 10 / API-29 (QP1A.190711.020/T295XXU3BTFE),1a1dfbe5-c6bd-4a86-b2c4-8bbdb7a7343c,False,False,IN,1631442714.992083
0,could not receive ip address from ipfy,Error,/BuildNotice/0,MobileSDK,samsung SM-T295,OpenGLES2,1.0,1.11.0,False,Programmatic1,Programmatic,09/12/2021 10:28:31,6028e36ad1e80652e41054ca,609d69021c511f4b1d4df1c4,com.pregnantcatemma.virtualpet,1.0,iv,Android OS 10 / API-29 (QP1A.190711.020/T295XXU3BTFE),1a1dfbe5-c6bd-4a86-b2c4-8bbdb7a7343c,False,False,IN,1631442715.011229
0,An error occurred while sending the request,Error,/BuildNotice/0,MobileSDK,samsung SM-A205FN,OpenGLES2,1.0,1.11.0,False,Programmatic1,Programmatic,12.09.2021 10:31:29,6028e36ad1e80652e41054ca,6028e407a1ba2a0d3d760566,com.mytalkingcatemma.ballerinagames,1.0,ru,Android OS 11 / API-30 (RP1A.200720.012/A205FNPUUACUF1),645aae0d-a317-4d71-b863-3b3d54e312b9,False,False,RU,1631442715.131828
0,could not receive ip address from ipfy,Error,/BuildNotice/0,MobileSDK,Xiaomi M2004J19C,OpenGLES2,1.0,1.10.2,False,LowRevenueCountryBlock,LowRevenueCountryBlock,09/12/2021 10:31:54,611bdadcd4e35d332f3d5e66,611be843d5491c7d0a6ab0ce,com.thg.battleops.shooting.game,1.0,iv,Android OS 11 / API-30 (RP1A.200720.011/V12.5.1.0.RJCINXM),99100822-0f26-4ed4-9e84-5a55d6c15538,True,False,MA,1631442716.626932
0,An error occurred while sending the request,Error,/BuildNotice/0,MobileSDK,Xiaomi M2004J19C,OpenGLES2,1.0,1.10.2,False,LowRevenueCountryBlock,LowRevenueCountryBlock,09/12/2021 10:31:54,611bdadcd4e35d332f3d5e66,611be843d5491c7d0a6ab0ce,com.thg.battleops.shooting.game,1.0,iv,Android OS 11 / API-30 (RP1A.200720.011/V12.5.1.0.RJCINXM),99100822-0f26-4ed4-9e84-5a55d6c15538,True,False,MA,1631442717.00997
0,could not receive ip address from ipfy,Error,/BuildNotice/0,MobileSDK,Cherry_Mobile A890,OpenGLES2,1.0,1.11.0,False,LowRevenueCountryBlock,LowRevenueCountryBlock,9/12/2021 10:31:55 AM,6028e36ad1e80652e41054ca,6028e407a1ba2a0d3d760566,com.mytalkingcatemma.ballerinagames,1.0,en,Android OS 10 / API-29 (Q00711/1594896502),6f4d7e21-1060-44ce-b032-5a5052a078cd,False,False,MA,1631442717.340092
0,An error occurred while sending the request,Error,/BuildNotice/0,MobileSDK,Cherry_Mobile A890,OpenGLES2,1.0,1.11.0,False,LowRevenueCountryBlock,LowRevenueCountryBlock,9/12/2021 10:31:55 AM,6028e36ad1e80652e41054ca,6028e407a1ba2a0d3d760566,com.mytalkingcatemma.ballerinagames,1.0,en,Android OS 10 / API-29 (Q00711/1594896502),6f4d7e21-1060-44ce-b032-5a5052a078cd,False,False,MA,1631442717.357079
0,could not receive ip address from ipfy,Error,/BuildNotice/0,MobileSDK,samsung SM-T295,OpenGLES2,1.0,1.11.0,False,Programmatic1,Programmatic,09/12/2021 10:28:34,6028e36ad1e80652e41054ca,609d69021c511f4b1d4df1c4,com.pregnantcatemma.virtualpet,1.0,iv,Android OS 10 / API-29 (QP1A.190711.020/T295XXU3BTFE),1a1dfbe5-c6bd-4a86-b2c4-8bbdb7a7343c,False,False,IN,1631442717.948219
0,An error occurred while sending the request,Error,/BuildNotice/0,MobileSDK,samsung SM-T295,OpenGLES2,1.0,1.11.0,False,Programmatic1,Programmatic,09/12/2021 10:28:34,6028e36ad1e80652e41054ca,609d69021c511f4b1d4df1c4,com.pregnantcatemma.virtualpet,1.0,iv,Android OS 10 / API-29 (QP1A.190711.020/T295XXU3BTFE),1a1dfbe5-c6bd-4a86-b2c4-8bbdb7a7343c,False,False,IN,1631442717.96306
0,An error occurred while sending the request,Error,/BuildNotice/0,MobileSDK,Xiaomi M2004J19C,OpenGLES2,1.0,1.10.2,False,LowRevenueCountryBlock,LowRevenueCountryBlock,09/12/2021 10:31:56,611bdadcd4e35d332f3d5e66,611be843d5491c7d0a6ab0ce,com.thg.battleops.shooting.game,1.0,iv,Android OS 11 / API-30 (RP1A.200720.011/V12.5.1.0.RJCINXM),99100822-0f26-4ed4-9e84-5a55d6c15538,True,False,MA,1631442718.462447
0,could not receive ip address from ipfy,Error,/BuildNotice/0,MobileSDK,Xiaomi M2004J19C,OpenGLES2,1.0,1.10.2,False,LowRevenueCountryBlock,LowRevenueCountryBlock,09/12/2021 10:31:56,611bdadcd4e35d332f3d5e66,611be843d5491c7d0a6ab0ce,com.thg.battleops.shooting.game,1.0,iv,Android OS 11 / API-30 (RP1A.200720.011/V12.5.1.0.RJCINXM),99100822-0f26-4ed4-9e84-5a55d6c15538,True,False,MA,1631442718.468663
0,could not receive ip address from ipfy,Error,/BuildNotice/0,MobileSDK,Xiaomi M2004J19C,OpenGLES2,1.0,1.10.2,False,LowRevenueCountryBlock,LowRevenueCountryBlock,09/12/2021 10:31:57,611bdadcd4e35d332f3d5e66,611be843d5491c7d0a6ab0ce,com.thg.battleops.shooting.game,1.0,iv,Android OS 11 / API-30 (RP1A.200720.011/V12.5.1.0.RJCINXM),99100822-0f26-4ed4-9e84-5a55d6c15538,True,False,MA,1631442719.71175
0,An error occurred while sending the request,Error,/BuildNotice/0,MobileSDK,Xiaomi M2004J19C,OpenGLES2,1.0,1.10.2,False,LowRevenueCountryBlock,LowRevenueCountryBlock,09/12/2021 10:31:57,611bdadcd4e35d332f3d5e66,611be843d5491c7d0a6ab0ce,com.thg.battleops.shooting.game,1.0,iv,Android OS 11 / API-30 (RP1A.200720.011/V12.5.1.0.RJCINXM),99100822-0f26-4ed4-9e84-5a55d6c15538,True,False,MA,1631442719.840337
0,could not receive ip address from ipfy,Error,/BuildNotice/0,MobileSDK,Cherry_Mobile A890,OpenGLES2,1.0,1.11.0,False,LowRevenueCountryBlock,LowRevenueCountryBlock,9/12/2021 10:31:58 AM,6028e36ad1e80652e41054ca,6028e407a1ba2a0d3d760566,com.mytalkingcatemma.ballerinagames,1.0,en,Android OS 10 / API-29 (Q00711/1594896502),6f4d7e21-1060-44ce-b032-5a5052a078cd,False,False,MA,1631442720.500944
0,An error occurred while sending the request,Error,/BuildNotice/0,MobileSDK,Cherry_Mobile A890,OpenGLES2,1.0,1.11.0,False,LowRevenueCountryBlock,LowRevenueCountryBlock,9/12/2021 10:31:58 AM,6028e36ad1e80652e41054ca,6028e407a1ba2a0d3d760566,com.mytalkingcatemma.ballerinagames,1.0,en,Android OS 10 / API-29 (Q00711/1594896502),6f4d7e21-1060-44ce-b032-5a5052a078cd,False,False,MA,1631442720.520791
0,An error occurred while sending the request,Error,/BuildNotice/0,MobileSDK,HUAWEI YAL-L21,OpenGLES2,1.0,1.11.0,False,Programmatic1,Programmatic,12/9/2021 10:31:58 AM,6028e36ad1e80652e41054ca,6028e407a1ba2a0d3d760566,com.mytalkingcatemma.ballerinagames,1.0,en,Android OS 10 / API-29 (HUAWEIYAL-L61/10.1.0.250C636),62ad5168-b389-497c-9292-f3486ff917dc,False,False,RU,1631442721.079813
0,could not receive ip address from ipfy,Error,/BuildNotice/0,MobileSDK,samsung SM-T295,OpenGLES2,1.0,1.11.0,False,Programmatic1,Programmatic,09/12/2021 10:28:37,6028e36ad1e80652e41054ca,609d69021c511f4b1d4df1c4,com.pregnantcatemma.virtualpet,1.0,iv,Android OS 10 / API-29 (QP1A.190711.020/T295XXU3BTFE),1a1dfbe5-c6bd-4a86-b2c4-8bbdb7a7343c,False,False,IN,1631442721.100611
0,An error occurred while sending the request,Error,/BuildNotice/0,MobileSDK,samsung SM-T295,OpenGLES2,1.0,1.11.0,False,Programmatic1,Programmatic,09/12/2021 10:28:37,6028e36ad1e80652e41054ca,609d69021c511f4b1d4df1c4,com.pregnantcatemma.virtualpet,1.0,iv,Android OS 10 / API-29 (QP1A.190711.020/T295XXU3BTFE),1a1dfbe5-c6bd-4a86-b2c4-8bbdb7a7343c,False,False,IN,1631442721.11401
0,could not receive ip address from ipfy,Error,/BuildNotice/0,MobileSDK,HUAWEI YAL-L21,OpenGLES2,1.0,1.11.0,False,Programmatic1,Programmatic,12/9/2021 10:31:58 AM,6028e36ad1e80652e41054ca,6028e407a1ba2a0d3d760566,com.mytalkingcatemma.ballerinagames,1.0,en,Android OS 10 / API-29 (HUAWEIYAL-L61/10.1.0.250C636),62ad5168-b389-497c-9292-f3486ff917dc,False,False,RU,1631442721.182496
0,could not receive ip address from ipfy,Error,/BuildNotice/0,MobileSDK,Xiaomi M2004J19C,OpenGLES2,1.0,1.10.2,False,LowRevenueCountryBlock,LowRevenueCountryBlock,09/12/2021 10:31:59,611bdadcd4e35d332f3d5e66,611be843d5491c7d0a6ab0ce,com.thg.battleops.shooting.game,1.0,iv,Android OS 11 / API-30 (RP1A.200720.011/V12.5.1.0.RJCINXM),99100822-0f26-4ed4-9e84-5a55d6c15538,True,False,MA,1631442723.08831
0,An error occurred while sending the request,Error,/BuildNotice/0,MobileSDK,Xiaomi M2004J19C,OpenGLES2,1.0,1.10.2,False,LowRevenueCountryBlock,LowRevenueCountryBlock,09/12/2021 10:31:59,611bdadcd4e35d332f3d5e66,611be843d5491c7d0a6ab0ce,com.thg.battleops.shooting.game,1.0,iv,Android OS 11 / API-30 (RP1A.200720.011/V12.5.1.0.RJCINXM),99100822-0f26-4ed4-9e84-5a55d6c15538,True,False,MA,1631442723.180864
0,could not receive ip address from ipfy,Error,/BuildNotice/0,MobileSDK,Cherry_Mobile A890,OpenGLES2,1.0,1.11.0,False,LowRevenueCountryBlock,LowRevenueCountryBlock,9/12/2021 10:32:01 AM,6028e36ad1e80652e41054ca,6028e407a1ba2a0d3d760566,com.mytalkingcatemma.ballerinagames,1.0,en,Android OS 10 / API-29 (Q00711/1594896502),6f4d7e21-1060-44ce-b032-5a5052a078cd,False,False,MA,1631442723.537463
0,An error occurred while sending the request,Error,/BuildNotice/0,MobileSDK,Cherry_Mobile A890,OpenGLES2,1.0,1.11.0,False,LowRevenueCountryBlock,LowRevenueCountryBlock,9/12/2021 10:32:01 AM,6028e36ad1e80652e41054ca,6028e407a1ba2a0d3d760566,com.mytalkingcatemma.ballerinagames,1.0,en,Android OS 10 / API-29 (Q00711/1594896502),6f4d7e21-1060-44ce-b032-5a5052a078cd,False,False,MA,1631442723.551523
0,could not receive ip address from ipfy,Error,/BuildNotice/0,MobileSDK,samsung SM-T295,OpenGLES2,1.0,1.11.0,False,Programmatic1,Programmatic,09/12/2021 10:28:40,6028e36ad1e80652e41054ca,609d69021c511f4b1d4df1c4,com.pregnantcatemma.virtualpet,1.0,iv,Android OS 10 / API-29 (QP1A.190711.020/T295XXU3BTFE),1a1dfbe5-c6bd-4a86-b2c4-8bbdb7a7343c,False,False,IN,1631442724.19434
0,An error occurred while sending the request,Error,/BuildNotice/0,MobileSDK,samsung SM-T295,OpenGLES2,1.0,1.11.0,False,Programmatic1,Programmatic,09/12/2021 10:28:40,6028e36ad1e80652e41054ca,609d69021c511f4b1d4df1c4,com.pregnantcatemma.virtualpet,1.0,iv,Android OS 10 / API-29 (QP1A.190711.020/T295XXU3BTFE),1a1dfbe5-c6bd-4a86-b2c4-8bbdb7a7343c,False,False,IN,1631442724.210864
0,could not receive ip address from ipfy,Error,/BuildNotice/0,MobileSDK,Cherry_Mobile A890,OpenGLES2,1.0,1.11.0,False,LowRevenueCountryBlock,LowRevenueCountryBlock,9/12/2021 10:32:05 AM,6028e36ad1e80652e41054ca,6028e407a1ba2a0d3d760566,com.mytalkingcatemma.ballerinagames,1.0,en,Android OS 10 / API-29 (Q00711/1594896502),6f4d7e21-1060-44ce-b032-5a5052a078cd,False,False,MA,1631442726.867878
0,An error occurred while sending the request,Error,/BuildNotice/0,MobileSDK,Cherry_Mobile A890,OpenGLES2,1.0,1.11.0,False,LowRevenueCountryBlock,LowRevenueCountryBlock,9/12/2021 10:32:05 AM,6028e36ad1e80652e41054ca,6028e407a1ba2a0d3d760566,com.mytalkingcatemma.ballerinagames,1.0,en,Android OS 10 / API-29 (Q00711/1594896502),6f4d7e21-1060-44ce-b032-5a5052a078cd,False,False,MA,1631442726.88338
0,could not receive ip address from ipfy,Error,/BuildNotice/0,MobileSDK,Xiaomi M2004J19C,OpenGLES2,1.0,1.10.2,False,LowRevenueCountryBlock,LowRevenueCountryBlock,09/12/2021 10:32:03,611bdadcd4e35d332f3d5e66,611be843d5491c7d0a6ab0ce,com.thg.battleops.shooting.game,1.0,iv,Android OS 11 / API-30 (RP1A.200720.011/V12.5.1.0.RJCINXM),99100822-0f26-4ed4-9e84-5a55d6c15538,True,False,MA,1631442727.274044
0,An error occurred while sending the request,Error,/BuildNotice/0,MobileSDK,Xiaomi M2004J19C,OpenGLES2,1.0,1.10.2,False,LowRevenueCountryBlock,LowRevenueCountryBlock,09/12/2021 10:32:03,611bdadcd4e35d332f3d5e66,611be843d5491c7d0a6ab0ce,com.thg.battleops.shooting.game,1.0,iv,Android OS 11 / API-30 (RP1A.200720.011/V12.5.1.0.RJCINXM),99100822-0f26-4ed4-9e84-5a55d6c15538,True,False,MA,1631442727.274656
0,"We are running ""Programmatic Flow"", you need to active gCom. 
 HTTP/1.1 400 Bad Request
{""product"": null, ""payment"": null, ""shipment_available_options"": [], ""session"": {""session_id"": ""1.0"", ""status"": ""Error: CODE_INVALID_FLOW_ID"", ""error_code"": 110}, ""flow"": ""gcom""}",Error,/BuildNotice/0,MobileSDK,samsung SM-A015F,OpenGLES2,1.0,1.10.2,False,LowRevenueCountryBlock,LowRevenueCountryBlock,09/12/2021 10:32:05,611bdadcd4e35d332f3d5e66,611be843d5491c7d0a6ab0ce,com.thg.battleops.shooting.game,1.0,iv,Android OS 11 / API-30 (RP1A.200720.012/A015FXXU4BUG4),c213d2da-b388-4870-ace3-4de6d65958cf,True,False,KZ,1631442727.638593
0,could not receive ip address from ipfy,Error,/BuildNotice/0,MobileSDK,samsung SM-T295,OpenGLES2,1.0,1.11.0,False,Programmatic1,Programmatic,09/12/2021 10:28:44,6028e36ad1e80652e41054ca,609d69021c511f4b1d4df1c4,com.pregnantcatemma.virtualpet,1.0,iv,Android OS 10 / API-29 (QP1A.190711.020/T295XXU3BTFE),1a1dfbe5-c6bd-4a86-b2c4-8bbdb7a7343c,False,False,IN,1631442728.17134
0,An error occurred while sending the request,Error,/BuildNotice/0,MobileSDK,samsung SM-T295,OpenGLES2,1.0,1.11.0,False,Programmatic1,Programmatic,09/12/2021 10:28:44,6028e36ad1e80652e41054ca,609d69021c511f4b1d4df1c4,com.pregnantcatemma.virtualpet,1.0,iv,Android OS 10 / API-29 (QP1A.190711.020/T295XXU3BTFE),1a1dfbe5-c6bd-4a86-b2c4-8bbdb7a7343c,False,False,IN,1631442728.185233
0,An error occurred while sending the request,Error,/BuildNotice/0,MobileSDK,Cherry_Mobile A890,OpenGLES2,1.0,1.11.0,False,LowRevenueCountryBlock,LowRevenueCountryBlock,9/12/2021 10:32:08 AM,6028e36ad1e80652e41054ca,6028e407a1ba2a0d3d760566,com.mytalkingcatemma.ballerinagames,1.0,en,Android OS 10 / API-29 (Q00711/1594896502),6f4d7e21-1060-44ce-b032-5a5052a078cd,False,False,MA,1631442729.820019
0,An error occurred while sending the request,Error,/BuildNotice/0,MobileSDK,Xiaomi M2004J19C,OpenGLES2,1.0,1.10.2,False,LowRevenueCountryBlock,LowRevenueCountryBlock,09/12/2021 10:32:08,611bdadcd4e35d332f3d5e66,611be843d5491c7d0a6ab0ce,com.thg.battleops.shooting.game,1.0,iv,Android OS 11 / API-30 (RP1A.200720.011/V12.5.1.0.RJCINXM),99100822-0f26-4ed4-9e84-5a55d6c15538,True,False,MA,1631442729.834031
0,could not receive ip address from ipfy,Error,/BuildNotice/0,MobileSDK,Cherry_Mobile A890,OpenGLES2,1.0,1.11.0,False,LowRevenueCountryBlock,LowRevenueCountryBlock,9/12/2021 10:32:08 AM,6028e36ad1e80652e41054ca,6028e407a1ba2a0d3d760566,com.mytalkingcatemma.ballerinagames,1.0,en,Android OS 10 / API-29 (Q00711/1594896502),6f4d7e21-1060-44ce-b032-5a5052a078cd,False,False,MA,1631442729.835477
0,could not receive ip address from ipfy,Error,/BuildNotice/0,MobileSDK,Xiaomi M2004J19C,OpenGLES2,1.0,1.10.2,False,LowRevenueCountryBlock,LowRevenueCountryBlock,09/12/2021 10:32:08,611bdadcd4e35d332f3d5e66,611be843d5491c7d0a6ab0ce,com.thg.battleops.shooting.game,1.0,iv,Android OS 11 / API-30 (RP1A.200720.011/V12.5.1.0.RJCINXM),99100822-0f26-4ed4-9e84-5a55d6c15538,True,False,MA,1631442729.920163
0,could not receive ip address from ipfy,Error,/BuildNotice/0,MobileSDK,samsung SM-T295,OpenGLES2,1.0,1.11.0,False,Programmatic1,Programmatic,09/12/2021 10:28:47,6028e36ad1e80652e41054ca,609d69021c511f4b1d4df1c4,com.pregnantcatemma.virtualpet,1.0,iv,Android OS 10 / API-29 (QP1A.190711.020/T295XXU3BTFE),1a1dfbe5-c6bd-4a86-b2c4-8bbdb7a7343c,False,False,IN,1631442731.24694
0,An error occurred while sending the request,Error,/BuildNotice/0,MobileSDK,samsung SM-T295,OpenGLES2,1.0,1.11.0,False,Programmatic1,Programmatic,09/12/2021 10:28:47,6028e36ad1e80652e41054ca,609d69021c511f4b1d4df1c4,com.pregnantcatemma.virtualpet,1.0,iv,Android OS 10 / API-29 (QP1A.190711.020/T295XXU3BTFE),1a1dfbe5-c6bd-4a86-b2c4-8bbdb7a7343c,False,False,IN,1631442731.26998
0,could not receive ip address from ipfy,Error,/BuildNotice/0,MobileSDK,Cherry_Mobile A890,OpenGLES2,1.0,1.11.0,False,LowRevenueCountryBlock,LowRevenueCountryBlock,9/12/2021 10:32:11 AM,6028e36ad1e80652e41054ca,6028e407a1ba2a0d3d760566,com.mytalkingcatemma.ballerinagames,1.0,en,Android OS 10 / API-29 (Q00711/1594896502),6f4d7e21-1060-44ce-b032-5a5052a078cd,False,False,MA,1631442732.810109
0,An error occurred while sending the request,Error,/BuildNotice/0,MobileSDK,Cherry_Mobile A890,OpenGLES2,1.0,1.11.0,False,LowRevenueCountryBlock,LowRevenueCountryBlock,9/12/2021 10:32:11 AM,6028e36ad1e80652e41054ca,6028e407a1ba2a0d3d760566,com.mytalkingcatemma.ballerinagames,1.0,en,Android OS 10 / API-29 (Q00711/1594896502),6f4d7e21-1060-44ce-b032-5a5052a078cd,False,False,MA,1631442732.827858
0,could not receive ip address from ipfy,Error,/BuildNotice/0,MobileSDK,samsung SM-T295,OpenGLES2,1.0,1.11.0,False,Programmatic1,Programmatic,09/12/2021 10:28:50,6028e36ad1e80652e41054ca,609d69021c511f4b1d4df1c4,com.pregnantcatemma.virtualpet,1.0,iv,Android OS 10 / API-29 (QP1A.190711.020/T295XXU3BTFE),1a1dfbe5-c6bd-4a86-b2c4-8bbdb7a7343c,False,False,IN,1631442734.378653
0,An error occurred while sending the request,Error,/BuildNotice/0,MobileSDK,samsung SM-T295,OpenGLES2,1.0,1.11.0,False,Programmatic1,Programmatic,09/12/2021 10:28:50,6028e36ad1e80652e41054ca,609d69021c511f4b1d4df1c4,com.pregnantcatemma.virtualpet,1.0,iv,Android OS 10 / API-29 (QP1A.190711.020/T295XXU3BTFE),1a1dfbe5-c6bd-4a86-b2c4-8bbdb7a7343c,False,False,IN,1631442734.394224
0,An error occurred while sending the request,Error,/BuildNotice/0,MobileSDK,Xiaomi M2004J19C,OpenGLES2,1.0,1.10.2,False,LowRevenueCountryBlock,LowRevenueCountryBlock,09/12/2021 10:32:11,611bdadcd4e35d332f3d5e66,611be843d5491c7d0a6ab0ce,com.thg.battleops.shooting.game,1.0,iv,Android OS 11 / API-30 (RP1A.200720.011/V12.5.1.0.RJCINXM),99100822-0f26-4ed4-9e84-5a55d6c15538,True,False,MA,1631442734.637749
0,could not receive ip address from ipfy,Error,/BuildNotice/0,MobileSDK,Xiaomi M2004J19C,OpenGLES2,1.0,1.10.2,False,LowRevenueCountryBlock,LowRevenueCountryBlock,09/12/2021 10:32:11,611bdadcd4e35d332f3d5e66,611be843d5491c7d0a6ab0ce,com.thg.battleops.shooting.game,1.0,iv,Android OS 11 / API-30 (RP1A.200720.011/V12.5.1.0.RJCINXM),99100822-0f26-4ed4-9e84-5a55d6c15538,True,False,MA,1631442734.914158
0,could not receive ip address from ipfy,Error,/BuildNotice/0,MobileSDK,Cherry_Mobile A890,OpenGLES2,1.0,1.11.0,False,LowRevenueCountryBlock,LowRevenueCountryBlock,9/12/2021 10:32:14 AM,6028e36ad1e80652e41054ca,6028e407a1ba2a0d3d760566,com.mytalkingcatemma.ballerinagames,1.0,en,Android OS 10 / API-29 (Q00711/1594896502),6f4d7e21-1060-44ce-b032-5a5052a078cd,False,False,MA,1631442735.871847
0,An error occurred while sending the request,Error,/BuildNotice/0,MobileSDK,Cherry_Mobile A890,OpenGLES2,1.0,1.11.0,False,LowRevenueCountryBlock,LowRevenueCountryBlock,9/12/2021 10:32:14 AM,6028e36ad1e80652e41054ca,6028e407a1ba2a0d3d760566,com.mytalkingcatemma.ballerinagames,1.0,en,Android OS 10 / API-29 (Q00711/1594896502),6f4d7e21-1060-44ce-b032-5a5052a078cd,False,False,MA,1631442735.891086
0,could not receive ip address from ipfy,Error,/BuildNotice/0,MobileSDK,Xiaomi M2004J19C,OpenGLES2,1.0,1.10.2,False,LowRevenueCountryBlock,LowRevenueCountryBlock,09/12/2021 10:32:14,611bdadcd4e35d332f3d5e66,611be843d5491c7d0a6ab0ce,com.thg.battleops.shooting.game,1.0,iv,Android OS 11 / API-30 (RP1A.200720.011/V12.5.1.0.RJCINXM),99100822-0f26-4ed4-9e84-5a55d6c15538,True,False,MA,1631442736.846041
0,An error occurred while sending the request,Error,/BuildNotice/0,MobileSDK,Xiaomi M2004J19C,OpenGLES2,1.0,1.10.2,False,LowRevenueCountryBlock,LowRevenueCountryBlock,09/12/2021 10:32:14,611bdadcd4e35d332f3d5e66,611be843d5491c7d0a6ab0ce,com.thg.battleops.shooting.game,1.0,iv,Android OS 11 / API-30 (RP1A.200720.011/V12.5.1.0.RJCINXM),99100822-0f26-4ed4-9e84-5a55d6c15538,True,False,MA,1631442737.063172
0,could not receive ip address from ipfy,Error,/BuildNotice/0,MobileSDK,samsung SM-T295,OpenGLES2,1.0,1.11.0,False,Programmatic1,Programmatic,09/12/2021 10:28:53,6028e36ad1e80652e41054ca,609d69021c511f4b1d4df1c4,com.pregnantcatemma.virtualpet,1.0,iv,Android OS 10 / API-29 (QP1A.190711.020/T295XXU3BTFE),1a1dfbe5-c6bd-4a86-b2c4-8bbdb7a7343c,False,False,IN,1631442737.458652
0,An error occurred while sending the request,Error,/BuildNotice/0,MobileSDK,samsung SM-T295,OpenGLES2,1.0,1.11.0,False,Programmatic1,Programmatic,09/12/2021 10:28:53,6028e36ad1e80652e41054ca,609d69021c511f4b1d4df1c4,com.pregnantcatemma.virtualpet,1.0,iv,Android OS 10 / API-29 (QP1A.190711.020/T295XXU3BTFE),1a1dfbe5-c6bd-4a86-b2c4-8bbdb7a7343c,False,False,IN,1631442737.475163
0,An error occurred while sending the request,Error,/BuildNotice/0,MobileSDK,Xiaomi M2004J19C,OpenGLES2,1.0,1.10.2,False,LowRevenueCountryBlock,LowRevenueCountryBlock,09/12/2021 10:32:16,611bdadcd4e35d332f3d5e66,611be843d5491c7d0a6ab0ce,com.thg.battleops.shooting.game,1.0,iv,Android OS 11 / API-30 (RP1A.200720.011/V12.5.1.0.RJCINXM),99100822-0f26-4ed4-9e84-5a55d6c15538,True,False,MA,1631442738.653742
0,could not receive ip address from ipfy,Error,/BuildNotice/0,MobileSDK,Xiaomi M2004J19C,OpenGLES2,1.0,1.10.2,False,LowRevenueCountryBlock,LowRevenueCountryBlock,09/12/2021 10:32:16,611bdadcd4e35d332f3d5e66,611be843d5491c7d0a6ab0ce,com.thg.battleops.shooting.game,1.0,iv,Android OS 11 / API-30 (RP1A.200720.011/V12.5.1.0.RJCINXM),99100822-0f26-4ed4-9e84-5a55d6c15538,True,False,MA,1631442738.777403
0,could not receive ip address from ipfy,Error,/BuildNotice/0,MobileSDK,Cherry_Mobile A890,OpenGLES2,1.0,1.11.0,False,LowRevenueCountryBlock,LowRevenueCountryBlock,9/12/2021 10:32:17 AM,6028e36ad1e80652e41054ca,6028e407a1ba2a0d3d760566,com.mytalkingcatemma.ballerinagames,1.0,en,Android OS 10 / API-29 (Q00711/1594896502),6f4d7e21-1060-44ce-b032-5a5052a078cd,False,False,MA,1631442738.997145
0,An error occurred while sending the request,Error,/BuildNotice/0,MobileSDK,Cherry_Mobile A890,OpenGLES2,1.0,1.11.0,False,LowRevenueCountryBlock,LowRevenueCountryBlock,9/12/2021 10:32:17 AM,6028e36ad1e80652e41054ca,6028e407a1ba2a0d3d760566,com.mytalkingcatemma.ballerinagames,1.0,en,Android OS 10 / API-29 (Q00711/1594896502),6f4d7e21-1060-44ce-b032-5a5052a078cd,False,False,MA,1631442739.010707
0,An error occurred while sending the request,Error,/BuildNotice/0,MobileSDK,vivo vivo 1906,OpenGLES2,1.0,1.10.2,False,Programmatic1,Programmatic,09/11/2021 10:54:14,611bdadcd4e35d332f3d5e66,611be843d5491c7d0a6ab0ce,com.thg.battleops.shooting.game,1.0,iv,Android OS 11 / API-30 (RP1A.200720.012/eng.compil.20210607.222122),fb9dd824-3203-40ec-baf1-eabb4a038398,True,False,DZ,1631357656.415479
0,could not receive ip address from ipfy,Error,/BuildNotice/0,MobileSDK,Google Mediatek MT8173 Chromebook,OpenGLES2,1.0,1.11.0,False,Programmatic1,Programmatic,11/09/2021 10:54:14,6028e36ad1e80652e41054ca,6028e407a1ba2a0d3d760566,com.mytalkingcatemma.ballerinagames,1.0,en,Android OS 9 / API-28 (R92-13982.88.0/7611540),642939ef-7224-42bd-ab8c-54bfec1db268,False,False,AF,1631357656.756341
0,An error occurred while sending the request,Error,/BuildNotice/0,MobileSDK,Google Mediatek MT8173 Chromebook,OpenGLES2,1.0,1.11.0,False,Programmatic1,Programmatic,11/09/2021 10:54:14,6028e36ad1e80652e41054ca,6028e407a1ba2a0d3d760566,com.mytalkingcatemma.ballerinagames,1.0,en,Android OS 9 / API-28 (R92-13982.88.0/7611540),642939ef-7224-42bd-ab8c-54bfec1db268,False,False,AF,1631357656.781793
0,could not receive ip address from ipfy,Error,/BuildNotice/0,MobileSDK,Google Mediatek MT8173 Chromebook,OpenGLES2,1.0,1.11.0,False,Programmatic1,Programmatic,11/09/2021 10:54:15,6028e36ad1e80652e41054ca,6028e407a1ba2a0d3d760566,com.mytalkingcatemma.ballerinagames,1.0,en,Android OS 9 / API-28 (R92-13982.88.0/7611540),642939ef-7224-42bd-ab8c-54bfec1db268,False,False,AF,1631357657.197942
0,An error occurred while sending the request,Error,/BuildNotice/0,MobileSDK,Google Mediatek MT8173 Chromebook,OpenGLES2,1.0,1.11.0,False,Programmatic1,Programmatic,11/09/2021 10:54:15,6028e36ad1e80652e41054ca,6028e407a1ba2a0d3d760566,com.mytalkingcatemma.ballerinagames,1.0,en,Android OS 9 / API-28 (R92-13982.88.0/7611540),642939ef-7224-42bd-ab8c-54bfec1db268,False,False,AF,1631357657.235565
0,could not receive ip address from ipfy,Error,/BuildNotice/0,MobileSDK,samsung SM-M315F,OpenGLES2,1.0,1.11.0,False,Programmatic1,Programmatic,09/11/2021 10:54:15,6028e36ad1e80652e41054ca,609d69021c511f4b1d4df1c4,com.pregnantcatemma.virtualpet,1.0,iv,Android OS 11 / API-30 (RP1A.200720.012/M315FXXU2BUG2),22958cb2-3edb-4eee-955c-0e1a06cef14c,False,False,IN,1631357657.418041
0,An error occurred while sending the request,Error,/BuildNotice/0,MobileSDK,samsung SM-M315F,OpenGLES2,1.0,1.11.0,False,Programmatic1,Programmatic,09/11/2021 10:54:15,6028e36ad1e80652e41054ca,609d69021c511f4b1d4df1c4,com.pregnantcatemma.virtualpet,1.0,iv,Android OS 11 / API-30 (RP1A.200720.012/M315FXXU2BUG2),22958cb2-3edb-4eee-955c-0e1a06cef14c,False,False,IN,1631357657.430932
0,could not receive ip address from ipfy,Error,/BuildNotice/0,MobileSDK,Google Mediatek MT8173 Chromebook,OpenGLES2,1.0,1.11.0,False,Programmatic1,Programmatic,11/09/2021 10:54:15,6028e36ad1e80652e41054ca,6028e407a1ba2a0d3d760566,com.mytalkingcatemma.ballerinagames,1.0,en,Android OS 9 / API-28 (R92-13982.88.0/7611540),642939ef-7224-42bd-ab8c-54bfec1db268,False,False,AF,1631357657.578093
0,An error occurred while sending the request,Error,/BuildNotice/0,MobileSDK,Google Mediatek MT8173 Chromebook,OpenGLES2,1.0,1.11.0,False,Programmatic1,Programmatic,11/09/2021 10:54:15,6028e36ad1e80652e41054ca,6028e407a1ba2a0d3d760566,com.mytalkingcatemma.ballerinagames,1.0,en,Android OS 9 / API-28 (R92-13982.88.0/7611540),642939ef-7224-42bd-ab8c-54bfec1db268,False,False,AF,1631357657.612273
0,could not receive ip address from ipfy,Error,/BuildNotice/0,MobileSDK,Google Mediatek MT8173 Chromebook,OpenGLES2,1.0,1.11.0,False,Programmatic1,Programmatic,11/09/2021 10:54:15,6028e36ad1e80652e41054ca,6028e407a1ba2a0d3d760566,com.mytalkingcatemma.ballerinagames,1.0,en,Android OS 9 / API-28 (R92-13982.88.0/7611540),642939ef-7224-42bd-ab8c-54bfec1db268,False,False,AF,1631357657.938129
0,An error occurred while sending the request,Error,/BuildNotice/0,MobileSDK,Google Mediatek MT8173 Chromebook,OpenGLES2,1.0,1.11.0,False,Programmatic1,Programmatic,11/09/2021 10:54:15,6028e36ad1e80652e41054ca,6028e407a1ba2a0d3d760566,com.mytalkingcatemma.ballerinagames,1.0,en,Android OS 9 / API-28 (R92-13982.88.0/7611540),642939ef-7224-42bd-ab8c-54bfec1db268,False,False,AF,1631357657.972434
0,could not receive ip address from ipfy,Error,/BuildNotice/0,MobileSDK,Google Mediatek MT8173 Chromebook,OpenGLES2,1.0,1.11.0,False,Programmatic1,Programmatic,11/09/2021 10:54:16,6028e36ad1e80652e41054ca,6028e407a1ba2a0d3d760566,com.mytalkingcatemma.ballerinagames,1.0,en,Android OS 9 / API-28 (R92-13982.88.0/7611540),642939ef-7224-42bd-ab8c-54bfec1db268,False,False,AF,1631357658.291237
0,An error occurred while sending the request,Error,/BuildNotice/0,MobileSDK,Google Mediatek MT8173 Chromebook,OpenGLES2,1.0,1.11.0,False,Programmatic1,Programmatic,11/09/2021 10:54:16,6028e36ad1e80652e41054ca,6028e407a1ba2a0d3d760566,com.mytalkingcatemma.ballerinagames,1.0,en,Android OS 9 / API-28 (R92-13982.88.0/7611540),642939ef-7224-42bd-ab8c-54bfec1db268,False,False,AF,1631357658.324879
0,could not receive ip address from ipfy,Error,/BuildNotice/0,MobileSDK,vivo vivo 1815,OpenGLES2,1.0,1.11.0,False,Programmatic1,Programmatic,9/11/2021 10:54:15 AM,6028e36ad1e80652e41054ca,6028e407a1ba2a0d3d760566,com.mytalkingcatemma.ballerinagames,1.0,en,Android OS 8.1.0 / API-27 (O11019/1625744218),aeffd1c5-1fb1-4106-b26a-928dcb9a3b54,False,False,RU,1631357658.36791
0,could not receive ip address from ipfy,Error,/BuildNotice/0,MobileSDK,Google Mediatek MT8173 Chromebook,OpenGLES2,1.0,1.11.0,False,Programmatic1,Programmatic,11/09/2021 10:54:16,6028e36ad1e80652e41054ca,6028e407a1ba2a0d3d760566,com.mytalkingcatemma.ballerinagames,1.0,en,Android OS 9 / API-28 (R92-13982.88.0/7611540),642939ef-7224-42bd-ab8c-54bfec1db268,False,False,AF,1631357658.632539
0,An error occurred while sending the request,Error,/BuildNotice/0,MobileSDK,Google Mediatek MT8173 Chromebook,OpenGLES2,1.0,1.11.0,False,Programmatic1,Programmatic,11/09/2021 10:54:16,6028e36ad1e80652e41054ca,6028e407a1ba2a0d3d760566,com.mytalkingcatemma.ballerinagames,1.0,en,Android OS 9 / API-28 (R92-13982.88.0/7611540),642939ef-7224-42bd-ab8c-54bfec1db268,False,False,AF,1631357658.66696
0,could not receive ip address from ipfy,Error,/BuildNotice/0,MobileSDK,Xiaomi Redmi Go,OpenGLES2,1.0,1.11.0,False,Programmatic1,Programmatic,11.09.2021 10:54:16,6028e36ad1e80652e41054ca,6028e407a1ba2a0d3d760566,com.mytalkingcatemma.ballerinagames,1.0,ru,Android OS 8.1.0 / API-27 (OPM1.171019.026/V10.2.19.0.OCLINXM),a93fc096-654d-4731-ae19-bf84488ff6e9,False,False,FR,1631357658.781759
0,An error occurred while sending the request,Error,/BuildNotice/0,MobileSDK,Xiaomi Redmi Go,OpenGLES2,1.0,1.11.0,False,Programmatic1,Programmatic,11.09.2021 10:54:16,6028e36ad1e80652e41054ca,6028e407a1ba2a0d3d760566,com.mytalkingcatemma.ballerinagames,1.0,ru,Android OS 8.1.0 / API-27 (OPM1.171019.026/V10.2.19.0.OCLINXM),a93fc096-654d-4731-ae19-bf84488ff6e9,False,False,FR,1631357658.797226
0,could not receive ip address from ipfy,Error,/BuildNotice/0,MobileSDK,Google Mediatek MT8173 Chromebook,OpenGLES2,1.0,1.11.0,False,Programmatic1,Programmatic,11/09/2021 10:54:16,6028e36ad1e80652e41054ca,6028e407a1ba2a0d3d760566,com.mytalkingcatemma.ballerinagames,1.0,en,Android OS 9 / API-28 (R92-13982.88.0/7611540),642939ef-7224-42bd-ab8c-54bfec1db268,False,False,AF,1631357659.074785
0,An error occurred while sending the request,Error,/BuildNotice/0,MobileSDK,vivo vivo 1815,OpenGLES2,1.0,1.11.0,False,Programmatic1,Programmatic,9/11/2021 10:54:15 AM,6028e36ad1e80652e41054ca,6028e407a1ba2a0d3d760566,com.mytalkingcatemma.ballerinagames,1.0,en,Android OS 8.1.0 / API-27 (O11019/1625744218),aeffd1c5-1fb1-4106-b26a-928dcb9a3b54,False,False,RU,1631357659.089089
0,An error occurred while sending the request,Error,/BuildNotice/0,MobileSDK,Google Mediatek MT8173 Chromebook,OpenGLES2,1.0,1.11.0,False,Programmatic1,Programmatic,11/09/2021 10:54:16,6028e36ad1e80652e41054ca,6028e407a1ba2a0d3d760566,com.mytalkingcatemma.ballerinagames,1.0,en,Android OS 9 / API-28 (R92-13982.88.0/7611540),642939ef-7224-42bd-ab8c-54bfec1db268,False,False,AF,1631357659.112019
0,A task was canceled.,Error,/BuildNotice/0,MobileSDK,samsung SM-A217F,OpenGLES2,1.0,1.11.0,False,Programmatic1,Programmatic,09/11/2021 10:54:19,6028e36ad1e80652e41054ca,609d69021c511f4b1d4df1c4,com.pregnantcatemma.virtualpet,1.0,iv,Android OS 10 / API-29 (QP1A.190711.020/A217FXXU3ATI7),c5108cd5-f5c9-4cd2-84c1-fbcc4cbbf638,False,False,RU,1631357659.380364
0,could not receive ip address from ipfy,Error,/BuildNotice/0,MobileSDK,samsung SM-A217F,OpenGLES2,1.0,1.11.0,False,Programmatic1,Programmatic,09/11/2021 10:54:19,6028e36ad1e80652e41054ca,609d69021c511f4b1d4df1c4,com.pregnantcatemma.virtualpet,1.0,iv,Android OS 10 / API-29 (QP1A.190711.020/A217FXXU3ATI7),c5108cd5-f5c9-4cd2-84c1-fbcc4cbbf638,False,False,RU,1631357659.398921
0,could not receive ip address from ipfy,Error,/BuildNotice/0,MobileSDK,Google Mediatek MT8173 Chromebook,OpenGLES2,1.0,1.11.0,False,Programmatic1,Programmatic,11/09/2021 10:54:17,6028e36ad1e80652e41054ca,6028e407a1ba2a0d3d760566,com.mytalkingcatemma.ballerinagames,1.0,en,Android OS 9 / API-28 (R92-13982.88.0/7611540),642939ef-7224-42bd-ab8c-54bfec1db268,False,False,AF,1631357659.735461
0,An error occurred while sending the request,Error,/BuildNotice/0,MobileSDK,Google Mediatek MT8173 Chromebook,OpenGLES2,1.0,1.11.0,False,Programmatic1,Programmatic,11/09/2021 10:54:17,6028e36ad1e80652e41054ca,6028e407a1ba2a0d3d760566,com.mytalkingcatemma.ballerinagames,1.0,en,Android OS 9 / API-28 (R92-13982.88.0/7611540),642939ef-7224-42bd-ab8c-54bfec1db268,False,False,AF,1631357659.759046
0,could not receive ip address from ipfy,Error,/BuildNotice/0,MobileSDK,samsung SM-M315F,OpenGLES2,1.0,1.11.0,False,Programmatic1,Programmatic,09/11/2021 10:54:19,6028e36ad1e80652e41054ca,609d69021c511f4b1d4df1c4,com.pregnantcatemma.virtualpet,1.0,iv,Android OS 11 / API-30 (RP1A.200720.012/M315FXXU2BUG2),22958cb2-3edb-4eee-955c-0e1a06cef14c,False,False,IN,1631357660.624335
0,An error occurred while sending the request,Error,/BuildNotice/0,MobileSDK,samsung SM-M315F,OpenGLES2,1.0,1.11.0,False,Programmatic1,Programmatic,09/11/2021 10:54:19,6028e36ad1e80652e41054ca,609d69021c511f4b1d4df1c4,com.pregnantcatemma.virtualpet,1.0,iv,Android OS 11 / API-30 (RP1A.200720.012/M315FXXU2BUG2),22958cb2-3edb-4eee-955c-0e1a06cef14c,False,False,IN,1631357660.641093
0,could not receive ip address from ipfy,Error,/BuildNotice/0,MobileSDK,Google Mediatek MT8173 Chromebook,OpenGLES2,1.0,1.11.0,False,Programmatic1,Programmatic,11/09/2021 10:54:18,6028e36ad1e80652e41054ca,6028e407a1ba2a0d3d760566,com.mytalkingcatemma.ballerinagames,1.0,en,Android OS 9 / API-28 (R92-13982.88.0/7611540),642939ef-7224-42bd-ab8c-54bfec1db268,False,False,AF,1631357660.704846
0,An error occurred while sending the request,Error,/BuildNotice/0,MobileSDK,Google Mediatek MT8173 Chromebook,OpenGLES2,1.0,1.11.0,False,Programmatic1,Programmatic,11/09/2021 10:54:18,6028e36ad1e80652e41054ca,6028e407a1ba2a0d3d760566,com.mytalkingcatemma.ballerinagames,1.0,en,Android OS 9 / API-28 (R92-13982.88.0/7611540),642939ef-7224-42bd-ab8c-54bfec1db268,False,False,AF,1631357660.728497
0,"We are running ""Programmatic Flow"", you need to active gCom. 
 HTTP/1.1 400 Bad Request
{""product"": null, ""payment"": null, ""shipment_available_options"": [], ""session"": {""session_id"": ""1.0"", ""status"": ""Error: CODE_INVALID_FLOW_ID"", ""error_code"": 110}, ""flow"": ""gcom""}",Error,/BuildNotice/0,MobileSDK,OPPO CPH2159,OpenGLES2,1.0,1.10.2,False,Programmatic1,Programmatic,09/11/2021 10:54:19,611bdadcd4e35d332f3d5e66,611be843d5491c7d0a6ab0ce,com.thg.battleops.shooting.game,1.0,iv,Android OS 11 / API-30 (RKQ1.200903.002/1629099662676),b5a7f459-2336-486e-87cf-6f5a05e7e47a,True,False,SA,1631357661.088206
0,could not receive ip address from ipfy,Error,/BuildNotice/0,MobileSDK,Google Mediatek MT8173 Chromebook,OpenGLES2,1.0,1.11.0,False,Programmatic1,Programmatic,11/09/2021 10:54:19,6028e36ad1e80652e41054ca,6028e407a1ba2a0d3d760566,com.mytalkingcatemma.ballerinagames,1.0,en,Android OS 9 / API-28 (R92-13982.88.0/7611540),642939ef-7224-42bd-ab8c-54bfec1db268,False,False,AF,1631357662.10313
0,An error occurred while sending the request,Error,/BuildNotice/0,MobileSDK,Google Mediatek MT8173 Chromebook,OpenGLES2,1.0,1.11.0,False,Programmatic1,Programmatic,11/09/2021 10:54:19,6028e36ad1e80652e41054ca,6028e407a1ba2a0d3d760566,com.mytalkingcatemma.ballerinagames,1.0,en,Android OS 9 / API-28 (R92-13982.88.0/7611540),642939ef-7224-42bd-ab8c-54bfec1db268,False,False,AF,1631357662.12316
0,could not receive ip address from ipfy,Error,/BuildNotice/0,MobileSDK,LGE LM-G850,OpenGLES2,1.0,1.11.0,False,Programmatic1,Programmatic,11/09/2021 10:54:22,6028e36ad1e80652e41054ca,6028e407a1ba2a0d3d760566,com.mytalkingcatemma.ballerinagames,1.0,en,Android OS 11 / API-30 (RKQ1.210420.001/2121423165754.OPEN_ESA_DS),23239c7e-f630-4dd2-a29d-9a7ebba20566,False,False,RU,1631357662.553173
0,An error occurred while sending the request,Error,/BuildNotice/0,MobileSDK,LGE LM-G850,OpenGLES2,1.0,1.11.0,False,Programmatic1,Programmatic,11/09/2021 10:54:22,6028e36ad1e80652e41054ca,6028e407a1ba2a0d3d760566,com.mytalkingcatemma.ballerinagames,1.0,en,Android OS 11 / API-30 (RKQ1.210420.001/2121423165754.OPEN_ESA_DS),23239c7e-f630-4dd2-a29d-9a7ebba20566,False,False,RU,1631357662.586328
0,An error occurred while sending the request,Error,/BuildNotice/0,MobileSDK,Xiaomi M2004J19C,OpenGLES2,1.0,1.11.0,False,Programmatic1,Programmatic,09/11/2021 10:54:19,6028e36ad1e80652e41054ca,609d69021c511f4b1d4df1c4,com.pregnantcatemma.virtualpet,1.0,iv,Android OS 10 / API-29 (QP1A.190711.020/V12.0.1.0.QJCRUXM),7f33e85a-6581-4dea-b1db-97759fae75c2,False,False,KR,1631357662.640221
0,could not receive ip address from ipfy,Error,/BuildNotice/0,MobileSDK,Xiaomi M2004J19C,OpenGLES2,1.0,1.11.0,False,Programmatic1,Programmatic,09/11/2021 10:54:19,6028e36ad1e80652e41054ca,609d69021c511f4b1d4df1c4,com.pregnantcatemma.virtualpet,1.0,iv,Android OS 10 / API-29 (QP1A.190711.020/V12.0.1.0.QJCRUXM),7f33e85a-6581-4dea-b1db-97759fae75c2,False,False,KR,1631357662.655539
0,could not receive ip address from ipfy,Error,/BuildNotice/0,MobileSDK,Google Mediatek MT8173 Chromebook,OpenGLES2,1.0,1.11.0,False,Programmatic1,Programmatic,11/09/2021 10:54:20,6028e36ad1e80652e41054ca,6028e407a1ba2a0d3d760566,com.mytalkingcatemma.ballerinagames,1.0,en,Android OS 9 / API-28 (R92-13982.88.0/7611540),642939ef-7224-42bd-ab8c-54bfec1db268,False,False,AF,1631357662.852258
0,An error occurred while sending the request,Error,/BuildNotice/0,MobileSDK,Google Mediatek MT8173 Chromebook,OpenGLES2,1.0,1.11.0,False,Programmatic1,Programmatic,11/09/2021 10:54:20,6028e36ad1e80652e41054ca,6028e407a1ba2a0d3d760566,com.mytalkingcatemma.ballerinagames,1.0,en,Android OS 9 / API-28 (R92-13982.88.0/7611540),642939ef-7224-42bd-ab8c-54bfec1db268,False,False,AF,1631357662.878738
0,could not receive ip address from ipfy,Error,/BuildNotice/0,MobileSDK,Google Mediatek MT8173 Chromebook,OpenGLES2,1.0,1.11.0,False,Programmatic1,Programmatic,11/09/2021 10:54:21,6028e36ad1e80652e41054ca,6028e407a1ba2a0d3d760566,com.mytalkingcatemma.ballerinagames,1.0,en,Android OS 9 / API-28 (R92-13982.88.0/7611540),642939ef-7224-42bd-ab8c-54bfec1db268,False,False,AF,1631357663.241573
0,An error occurred while sending the request,Error,/BuildNotice/0,MobileSDK,Google Mediatek MT8173 Chromebook,OpenGLES2,1.0,1.11.0,False,Programmatic1,Programmatic,11/09/2021 10:54:21,6028e36ad1e80652e41054ca,6028e407a1ba2a0d3d760566,com.mytalkingcatemma.ballerinagames,1.0,en,Android OS 9 / API-28 (R92-13982.88.0/7611540),642939ef-7224-42bd-ab8c-54bfec1db268,False,False,AF,1631357663.298287
0,could not receive ip address from ipfy,Error,/BuildNotice/0,MobileSDK,Google Mediatek MT8173 Chromebook,OpenGLES2,1.0,1.11.0,False,Programmatic1,Programmatic,11/09/2021 10:54:21,6028e36ad1e80652e41054ca,6028e407a1ba2a0d3d760566,com.mytalkingcatemma.ballerinagames,1.0,en,Android OS 9 / API-28 (R92-13982.88.0/7611540),642939ef-7224-42bd-ab8c-54bfec1db268,False,False,AF,1631357663.614978
0,An error occurred while sending the request,Error,/BuildNotice/0,MobileSDK,Xiaomi Redmi Go,OpenGLES2,1.0,1.11.0,False,Programmatic1,Programmatic,11.09.2021 10:54:20,6028e36ad1e80652e41054ca,6028e407a1ba2a0d3d760566,com.mytalkingcatemma.ballerinagames,1.0,ru,Android OS 8.1.0 / API-27 (OPM1.171019.026/V10.2.19.0.OCLINXM),a93fc096-654d-4731-ae19-bf84488ff6e9,False,False,FR,1631357663.630351
0,could not receive ip address from ipfy,Error,/BuildNotice/0,MobileSDK,Xiaomi Redmi Go,OpenGLES2,1.0,1.11.0,False,Programmatic1,Programmatic,11.09.2021 10:54:20,6028e36ad1e80652e41054ca,6028e407a1ba2a0d3d760566,com.mytalkingcatemma.ballerinagames,1.0,ru,Android OS 8.1.0 / API-27 (OPM1.171019.026/V10.2.19.0.OCLINXM),a93fc096-654d-4731-ae19-bf84488ff6e9,False,False,FR,1631357663.645907
0,An error occurred while sending the request,Error,/BuildNotice/0,MobileSDK,Google Mediatek MT8173 Chromebook,OpenGLES2,1.0,1.11.0,False,Programmatic1,Programmatic,11/09/2021 10:54:21,6028e36ad1e80652e41054ca,6028e407a1ba2a0d3d760566,com.mytalkingcatemma.ballerinagames,1.0,en,Android OS 9 / API-28 (R92-13982.88.0/7611540),642939ef-7224-42bd-ab8c-54bfec1db268,False,False,AF,1631357663.683524
0,could not receive ip address from ipfy,Error,/BuildNotice/0,MobileSDK,samsung SM-M315F,OpenGLES2,1.0,1.11.0,False,Programmatic1,Programmatic,09/11/2021 10:54:22,6028e36ad1e80652e41054ca,609d69021c511f4b1d4df1c4,com.pregnantcatemma.virtualpet,1.0,iv,Android OS 11 / API-30 (RP1A.200720.012/M315FXXU2BUG2),22958cb2-3edb-4eee-955c-0e1a06cef14c,False,False,IN,1631357663.698319
0,An error occurred while sending the request,Error,/BuildNotice/0,MobileSDK,samsung SM-M315F,OpenGLES2,1.0,1.11.0,False,Programmatic1,Programmatic,09/11/2021 10:54:22,6028e36ad1e80652e41054ca,609d69021c511f4b1d4df1c4,com.pregnantcatemma.virtualpet,1.0,iv,Android OS 11 / API-30 (RP1A.200720.012/M315FXXU2BUG2),22958cb2-3edb-4eee-955c-0e1a06cef14c,False,False,IN,1631357663.711391
0,could not receive ip address from ipfy,Error,/BuildNotice/0,MobileSDK,Google Mediatek MT8173 Chromebook,OpenGLES2,1.0,1.11.0,False,Programmatic1,Programmatic,11/09/2021 10:54:21,6028e36ad1e80652e41054ca,6028e407a1ba2a0d3d760566,com.mytalkingcatemma.ballerinagames,1.0,en,Android OS 9 / API-28 (R92-13982.88.0/7611540),642939ef-7224-42bd-ab8c-54bfec1db268,False,False,AF,1631357663.973066
0,An error occurred while sending the request,Error,/BuildNotice/0,MobileSDK,Google Mediatek MT8173 Chromebook,OpenGLES2,1.0,1.11.0,False,Programmatic1,Programmatic,11/09/2021 10:54:21,6028e36ad1e80652e41054ca,6028e407a1ba2a0d3d760566,com.mytalkingcatemma.ballerinagames,1.0,en,Android OS 9 / API-28 (R92-13982.88.0/7611540),642939ef-7224-42bd-ab8c-54bfec1db268,False,False,AF,1631357664.009697
0,could not receive ip address from ipfy,Error,/BuildNotice/0,MobileSDK,Xiaomi M2004J19C,OpenGLES2,1.0,1.11.0,False,Programmatic1,Programmatic,09/11/2021 10:54:21,6028e36ad1e80652e41054ca,609d69021c511f4b1d4df1c4,com.pregnantcatemma.virtualpet,1.0,iv,Android OS 10 / API-29 (QP1A.190711.020/V12.0.1.0.QJCRUXM),7f33e85a-6581-4dea-b1db-97759fae75c2,False,False,KR,1631357664.170557
0,An error occurred while sending the request,Error,/BuildNotice/0,MobileSDK,Xiaomi M2004J19C,OpenGLES2,1.0,1.11.0,False,Programmatic1,Programmatic,09/11/2021 10:54:21,6028e36ad1e80652e41054ca,609d69021c511f4b1d4df1c4,com.pregnantcatemma.virtualpet,1.0,iv,Android OS 10 / API-29 (QP1A.190711.020/V12.0.1.0.QJCRUXM),7f33e85a-6581-4dea-b1db-97759fae75c2,False,False,KR,1631357664.185993
0,could not receive ip address from ipfy,Error,/BuildNotice/0,MobileSDK,Google Mediatek MT8173 Chromebook,OpenGLES2,1.0,1.11.0,False,Programmatic1,Programmatic,11/09/2021 10:54:22,6028e36ad1e80652e41054ca,6028e407a1ba2a0d3d760566,com.mytalkingcatemma.ballerinagames,1.0,en,Android OS 9 / API-28 (R92-13982.88.0/7611540),642939ef-7224-42bd-ab8c-54bfec1db268,False,False,AF,1631357664.31536
0,An error occurred while sending the request,Error,/BuildNotice/0,MobileSDK,Google Mediatek MT8173 Chromebook,OpenGLES2,1.0,1.11.0,False,Programmatic1,Programmatic,11/09/2021 10:54:22,6028e36ad1e80652e41054ca,6028e407a1ba2a0d3d760566,com.mytalkingcatemma.ballerinagames,1.0,en,Android OS 9 / API-28 (R92-13982.88.0/7611540),642939ef-7224-42bd-ab8c-54bfec1db268,False,False,AF,1631357664.350309
0,could not receive ip address from ipfy,Error,/BuildNotice/0,MobileSDK,vivo vivo 1906,OpenGLES2,1.0,1.10.2,False,Programmatic1,Programmatic,09/11/2021 10:54:22,611bdadcd4e35d332f3d5e66,611be843d5491c7d0a6ab0ce,com.thg.battleops.shooting.game,1.0,iv,Android OS 11 / API-30 (RP1A.200720.012/eng.compil.20210607.222122),fb9dd824-3203-40ec-baf1-eabb4a038398,True,False,DZ,1631357664.637506
0,could not receive ip address from ipfy,Error,/BuildNotice/0,MobileSDK,Google Mediatek MT8173 Chromebook,OpenGLES2,1.0,1.11.0,False,Programmatic1,Programmatic,11/09/2021 10:54:22,6028e36ad1e80652e41054ca,6028e407a1ba2a0d3d760566,com.mytalkingcatemma.ballerinagames,1.0,en,Android OS 9 / API-28 (R92-13982.88.0/7611540),642939ef-7224-42bd-ab8c-54bfec1db268,False,False,AF,1631357664.727498
0,An error occurred while sending the request,Error,/BuildNotice/0,MobileSDK,vivo vivo 1906,OpenGLES2,1.0,1.10.2,False,Programmatic1,Programmatic,09/11/2021 10:54:22,611bdadcd4e35d332f3d5e66,611be843d5491c7d0a6ab0ce,com.thg.battleops.shooting.game,1.0,iv,Android OS 11 / API-30 (RP1A.200720.012/eng.compil.20210607.222122),fb9dd824-3203-40ec-baf1-eabb4a038398,True,False,DZ,1631357664.728868
0,An error occurred while sending the request,Error,/BuildNotice/0,MobileSDK,Google Mediatek MT8173 Chromebook,OpenGLES2,1.0,1.11.0,False,Programmatic1,Programmatic,11/09/2021 10:54:22,6028e36ad1e80652e41054ca,6028e407a1ba2a0d3d760566,com.mytalkingcatemma.ballerinagames,1.0,en,Android OS 9 / API-28 (R92-13982.88.0/7611540),642939ef-7224-42bd-ab8c-54bfec1db268,False,False,AF,1631357664.7647
0,could not receive ip address from ipfy,Error,/BuildNotice/0,MobileSDK,Xiaomi M2004J19C,OpenGLES2,1.0,1.11.0,False,Programmatic1,Programmatic,09/11/2021 10:54:21,6028e36ad1e80652e41054ca,609d69021c511f4b1d4df1c4,com.pregnantcatemma.virtualpet,1.0,iv,Android OS 10 / API-29 (QP1A.190711.020/V12.0.1.0.QJCRUXM),7f33e85a-6581-4dea-b1db-97759fae75c2,False,False,KR,1631357664.877311
0,An error occurred while sending the request,Error,/BuildNotice/0,MobileSDK,Xiaomi M2004J19C,OpenGLES2,1.0,1.11.0,False,Programmatic1,Programmatic,09/11/2021 10:54:21,6028e36ad1e80652e41054ca,609d69021c511f4b1d4df1c4,com.pregnantcatemma.virtualpet,1.0,iv,Android OS 10 / API-29 (QP1A.190711.020/V12.0.1.0.QJCRUXM),7f33e85a-6581-4dea-b1db-97759fae75c2,False,False,KR,1631357664.892326
0,could not receive ip address from ipfy,Error,/BuildNotice/0,MobileSDK,Google Mediatek MT8173 Chromebook,OpenGLES2,1.0,1.11.0,False,Programmatic1,Programmatic,11/09/2021 10:54:22,6028e36ad1e80652e41054ca,6028e407a1ba2a0d3d760566,com.mytalkingcatemma.ballerinagames,1.0,en,Android OS 9 / API-28 (R92-13982.88.0/7611540),642939ef-7224-42bd-ab8c-54bfec1db268,False,False,AF,1631357665.088661
0,An error occurred while sending the request,Error,/BuildNotice/0,MobileSDK,Google Mediatek MT8173 Chromebook,OpenGLES2,1.0,1.11.0,False,Programmatic1,Programmatic,11/09/2021 10:54:22,6028e36ad1e80652e41054ca,6028e407a1ba2a0d3d760566,com.mytalkingcatemma.ballerinagames,1.0,en,Android OS 9 / API-28 (R92-13982.88.0/7611540),642939ef-7224-42bd-ab8c-54bfec1db268,False,False,AF,1631357665.115007
0,could not receive ip address from ipfy,Error,/BuildNotice/0,MobileSDK,Xiaomi M2004J19C,OpenGLES2,1.0,1.11.0,False,Programmatic1,Programmatic,09/11/2021 10:54:22,6028e36ad1e80652e41054ca,609d69021c511f4b1d4df1c4,com.pregnantcatemma.virtualpet,1.0,iv,Android OS 10 / API-29 (QP1A.190711.020/V12.0.1.0.QJCRUXM),7f33e85a-6581-4dea-b1db-97759fae75c2,False,False,KR,1631357665.325362
0,An error occurred while sending the request,Error,/BuildNotice/0,MobileSDK,Xiaomi M2004J19C,OpenGLES2,1.0,1.11.0,False,Programmatic1,Programmatic,09/11/2021 10:54:22,6028e36ad1e80652e41054ca,609d69021c511f4b1d4df1c4,com.pregnantcatemma.virtualpet,1.0,iv,Android OS 10 / API-29 (QP1A.190711.020/V12.0.1.0.QJCRUXM),7f33e85a-6581-4dea-b1db-97759fae75c2,False,False,KR,1631357665.344903
0,could not receive ip address from ipfy,Error,/BuildNotice/0,MobileSDK,Google Mediatek MT8173 Chromebook,OpenGLES2,1.0,1.11.0,False,Programmatic1,Programmatic,11/09/2021 10:54:23,6028e36ad1e80652e41054ca,6028e407a1ba2a0d3d760566,com.mytalkingcatemma.ballerinagames,1.0,en,Android OS 9 / API-28 (R92-13982.88.0/7611540),642939ef-7224-42bd-ab8c-54bfec1db268,False,False,AF,1631357665.580529
0,An error occurred while sending the request,Error,/BuildNotice/0,MobileSDK,Google Mediatek MT8173 Chromebook,OpenGLES2,1.0,1.11.0,False,Programmatic1,Programmatic,11/09/2021 10:54:23,6028e36ad1e80652e41054ca,6028e407a1ba2a0d3d760566,com.mytalkingcatemma.ballerinagames,1.0,en,Android OS 9 / API-28 (R92-13982.88.0/7611540),642939ef-7224-42bd-ab8c-54bfec1db268,False,False,AF,1631357665.596862
0,could not receive ip address from ipfy,Error,/BuildNotice/0,MobileSDK,Xiaomi M2004J19C,OpenGLES2,1.0,1.11.0,False,Programmatic1,Programmatic,09/11/2021 10:54:22,6028e36ad1e80652e41054ca,609d69021c511f4b1d4df1c4,com.pregnantcatemma.virtualpet,1.0,iv,Android OS 10 / API-29 (QP1A.190711.020/V12.0.1.0.QJCRUXM),7f33e85a-6581-4dea-b1db-97759fae75c2,False,False,KR,1631357665.85371
0,An error occurred while sending the request,Error,/BuildNotice/0,MobileSDK,Xiaomi M2004J19C,OpenGLES2,1.0,1.11.0,False,Programmatic1,Programmatic,09/11/2021 10:54:22,6028e36ad1e80652e41054ca,609d69021c511f4b1d4df1c4,com.pregnantcatemma.virtualpet,1.0,iv,Android OS 10 / API-29 (QP1A.190711.020/V12.0.1.0.QJCRUXM),7f33e85a-6581-4dea-b1db-97759fae75c2,False,False,KR,1631357665.870187
0,could not receive ip address from ipfy,Error,/BuildNotice/0,MobileSDK,Google Mediatek MT8173 Chromebook,OpenGLES2,1.0,1.11.0,False,Programmatic1,Programmatic,11/09/2021 10:54:23,6028e36ad1e80652e41054ca,6028e407a1ba2a0d3d760566,com.mytalkingcatemma.ballerinagames,1.0,en,Android OS 9 / API-28 (R92-13982.88.0/7611540),642939ef-7224-42bd-ab8c-54bfec1db268,False,False,AF,1631357665.91365
0,An error occurred while sending the request,Error,/BuildNotice/0,MobileSDK,Google Mediatek MT8173 Chromebook,OpenGLES2,1.0,1.11.0,False,Programmatic1,Programmatic,11/09/2021 10:54:23,6028e36ad1e80652e41054ca,6028e407a1ba2a0d3d760566,com.mytalkingcatemma.ballerinagames,1.0,en,Android OS 9 / API-28 (R92-13982.88.0/7611540),642939ef-7224-42bd-ab8c-54bfec1db268,False,False,AF,1631357665.934841
0,could not receive ip address from ipfy,Error,/BuildNotice/0,MobileSDK,Google Mediatek MT8173 Chromebook,OpenGLES2,1.0,1.11.0,False,Programmatic1,Programmatic,11/09/2021 10:54:24,6028e36ad1e80652e41054ca,6028e407a1ba2a0d3d760566,com.mytalkingcatemma.ballerinagames,1.0,en,Android OS 9 / API-28 (R92-13982.88.0/7611540),642939ef-7224-42bd-ab8c-54bfec1db268,False,False,AF,1631357666.242905
0,An error occurred while sending the request,Error,/BuildNotice/0,MobileSDK,Google Mediatek MT8173 Chromebook,OpenGLES2,1.0,1.11.0,False,Programmatic1,Programmatic,11/09/2021 10:54:24,6028e36ad1e80652e41054ca,6028e407a1ba2a0d3d760566,com.mytalkingcatemma.ballerinagames,1.0,en,Android OS 9 / API-28 (R92-13982.88.0/7611540),642939ef-7224-42bd-ab8c-54bfec1db268,False,False,AF,1631357666.263494
0,could not receive ip address from ipfy,Error,/BuildNotice/0,MobileSDK,Xiaomi M2004J19C,OpenGLES2,1.0,1.11.0,False,Programmatic1,Programmatic,09/11/2021 10:54:23,6028e36ad1e80652e41054ca,609d69021c511f4b1d4df1c4,com.pregnantcatemma.virtualpet,1.0,iv,Android OS 10 / API-29 (QP1A.190711.020/V12.0.1.0.QJCRUXM),7f33e85a-6581-4dea-b1db-97759fae75c2,False,False,KR,1631357666.557656
0,An error occurred while sending the request,Error,/BuildNotice/0,MobileSDK,Xiaomi M2004J19C,OpenGLES2,1.0,1.11.0,False,Programmatic1,Programmatic,09/11/2021 10:54:23,6028e36ad1e80652e41054ca,609d69021c511f4b1d4df1c4,com.pregnantcatemma.virtualpet,1.0,iv,Android OS 10 / API-29 (QP1A.190711.020/V12.0.1.0.QJCRUXM),7f33e85a-6581-4dea-b1db-97759fae75c2,False,False,KR,1631357666.621523
0,could not receive ip address from ipfy,Error,/BuildNotice/0,MobileSDK,samsung SM-M315F,OpenGLES2,1.0,1.11.0,False,Programmatic1,Programmatic,09/11/2021 10:54:25,6028e36ad1e80652e41054ca,609d69021c511f4b1d4df1c4,com.pregnantcatemma.virtualpet,1.0,iv,Android OS 11 / API-30 (RP1A.200720.012/M315FXXU2BUG2),22958cb2-3edb-4eee-955c-0e1a06cef14c,False,False,IN,1631357666.714827
0,An error occurred while sending the request,Error,/BuildNotice/0,MobileSDK,samsung SM-M315F,OpenGLES2,1.0,1.11.0,False,Programmatic1,Programmatic,09/11/2021 10:54:25,6028e36ad1e80652e41054ca,609d69021c511f4b1d4df1c4,com.pregnantcatemma.virtualpet,1.0,iv,Android OS 11 / API-30 (RP1A.200720.012/M315FXXU2BUG2),22958cb2-3edb-4eee-955c-0e1a06cef14c,False,False,IN,1631357666.731431
0,could not receive ip address from ipfy,Error,/BuildNotice/0,MobileSDK,Google Mediatek MT8173 Chromebook,OpenGLES2,1.0,1.11.0,False,Programmatic1,Programmatic,11/09/2021 10:54:24,6028e36ad1e80652e41054ca,6028e407a1ba2a0d3d760566,com.mytalkingcatemma.ballerinagames,1.0,en,Android OS 9 / API-28 (R92-13982.88.0/7611540),642939ef-7224-42bd-ab8c-54bfec1db268,False,False,AF,1631357666.770747
0,An error occurred while sending the request,Error,/BuildNotice/0,MobileSDK,Google Mediatek MT8173 Chromebook,OpenGLES2,1.0,1.11.0,False,Programmatic1,Programmatic,11/09/2021 10:54:24,6028e36ad1e80652e41054ca,6028e407a1ba2a0d3d760566,com.mytalkingcatemma.ballerinagames,1.0,en,Android OS 9 / API-28 (R92-13982.88.0/7611540),642939ef-7224-42bd-ab8c-54bfec1db268,False,False,AF,1631357666.79461
0,could not receive ip address from ipfy,Error,/BuildNotice/0,MobileSDK,Google Mediatek MT8173 Chromebook,OpenGLES2,1.0,1.11.0,False,Programmatic1,Programmatic,11/09/2021 10:54:25,6028e36ad1e80652e41054ca,6028e407a1ba2a0d3d760566,com.mytalkingcatemma.ballerinagames,1.0,en,Android OS 9 / API-28 (R92-13982.88.0/7611540),642939ef-7224-42bd-ab8c-54bfec1db268,False,False,AF,1631357667.186198
0,An error occurred while sending the request,Error,/BuildNotice/0,MobileSDK,Google Mediatek MT8173 Chromebook,OpenGLES2,1.0,1.11.0,False,Programmatic1,Programmatic,11/09/2021 10:54:25,6028e36ad1e80652e41054ca,6028e407a1ba2a0d3d760566,com.mytalkingcatemma.ballerinagames,1.0,en,Android OS 9 / API-28 (R92-13982.88.0/7611540),642939ef-7224-42bd-ab8c-54bfec1db268,False,False,AF,1631357667.206215
0,could not receive ip address from ipfy,Error,/BuildNotice/0,MobileSDK,Xiaomi Redmi Go,OpenGLES2,1.0,1.11.0,False,Programmatic1,Programmatic,11.09.2021 10:54:24,6028e36ad1e80652e41054ca,6028e407a1ba2a0d3d760566,com.mytalkingcatemma.ballerinagames,1.0,ru,Android OS 8.1.0 / API-27 (OPM1.171019.026/V10.2.19.0.OCLINXM),a93fc096-654d-4731-ae19-bf84488ff6e9,False,False,FR,1631357667.431505
0,An error occurred while sending the request,Error,/BuildNotice/0,MobileSDK,Xiaomi Redmi Go,OpenGLES2,1.0,1.11.0,False,Programmatic1,Programmatic,11.09.2021 10:54:24,6028e36ad1e80652e41054ca,6028e407a1ba2a0d3d760566,com.mytalkingcatemma.ballerinagames,1.0,ru,Android OS 8.1.0 / API-27 (OPM1.171019.026/V10.2.19.0.OCLINXM),a93fc096-654d-4731-ae19-bf84488ff6e9,False,False,FR,1631357667.445362
0,could not receive ip address from ipfy,Error,/BuildNotice/0,MobileSDK,Xiaomi M2004J19C,OpenGLES2,1.0,1.11.0,False,Programmatic1,Programmatic,09/11/2021 10:54:25,6028e36ad1e80652e41054ca,609d69021c511f4b1d4df1c4,com.pregnantcatemma.virtualpet,1.0,iv,Android OS 10 / API-29 (QP1A.190711.020/V12.0.1.0.QJCRUXM),7f33e85a-6581-4dea-b1db-97759fae75c2,False,False,KR,1631357668.089574
0,An error occurred while sending the request,Error,/BuildNotice/0,MobileSDK,Xiaomi M2004J19C,OpenGLES2,1.0,1.11.0,False,Programmatic1,Programmatic,09/11/2021 10:54:25,6028e36ad1e80652e41054ca,609d69021c511f4b1d4df1c4,com.pregnantcatemma.virtualpet,1.0,iv,Android OS 10 / API-29 (QP1A.190711.020/V12.0.1.0.QJCRUXM),7f33e85a-6581-4dea-b1db-97759fae75c2,False,False,KR,1631357668.140363
0,could not receive ip address from ipfy,Error,/BuildNotice/0,MobileSDK,Google Mediatek MT8173 Chromebook,OpenGLES2,1.0,1.11.0,False,Programmatic1,Programmatic,11/09/2021 10:54:26,6028e36ad1e80652e41054ca,6028e407a1ba2a0d3d760566,com.mytalkingcatemma.ballerinagames,1.0,en,Android OS 9 / API-28 (R92-13982.88.0/7611540),642939ef-7224-42bd-ab8c-54bfec1db268,False,False,AF,1631357668.18173
0,An error occurred while sending the request,Error,/BuildNotice/0,MobileSDK,Google Mediatek MT8173 Chromebook,OpenGLES2,1.0,1.11.0,False,Programmatic1,Programmatic,11/09/2021 10:54:26,6028e36ad1e80652e41054ca,6028e407a1ba2a0d3d760566,com.mytalkingcatemma.ballerinagames,1.0,en,Android OS 9 / API-28 (R92-13982.88.0/7611540),642939ef-7224-42bd-ab8c-54bfec1db268,False,False,AF,1631357668.215458
0,An error occurred while sending the request,Error,/BuildNotice/0,MobileSDK,Xiaomi Redmi Go,OpenGLES2,1.0,1.11.0,False,Programmatic1,Programmatic,11.09.2021 10:54:26,6028e36ad1e80652e41054ca,6028e407a1ba2a0d3d760566,com.mytalkingcatemma.ballerinagames,1.0,ru,Android OS 8.1.0 / API-27 (OPM1.171019.026/V10.2.19.0.OCLINXM),a93fc096-654d-4731-ae19-bf84488ff6e9,False,False,FR,1631357668.935769
0,could not receive ip address from ipfy,Error,/BuildNotice/0,MobileSDK,Xiaomi Redmi Go,OpenGLES2,1.0,1.11.0,False,Programmatic1,Programmatic,11.09.2021 10:54:26,6028e36ad1e80652e41054ca,6028e407a1ba2a0d3d760566,com.mytalkingcatemma.ballerinagames,1.0,ru,Android OS 8.1.0 / API-27 (OPM1.171019.026/V10.2.19.0.OCLINXM),a93fc096-654d-4731-ae19-bf84488ff6e9,False,False,FR,1631357668.950227
0,could not receive ip address from ipfy,Error,/BuildNotice/0,MobileSDK,Xiaomi M2004J19C,OpenGLES2,1.0,1.11.0,False,Programmatic1,Programmatic,09/11/2021 10:54:25,6028e36ad1e80652e41054ca,609d69021c511f4b1d4df1c4,com.pregnantcatemma.virtualpet,1.0,iv,Android OS 10 / API-29 (QP1A.190711.020/V12.0.1.0.QJCRUXM),7f33e85a-6581-4dea-b1db-97759fae75c2,False,False,KR,1631357669.060348
0,An error occurred while sending the request,Error,/BuildNotice/0,MobileSDK,Xiaomi M2004J19C,OpenGLES2,1.0,1.11.0,False,Programmatic1,Programmatic,09/11/2021 10:54:26,6028e36ad1e80652e41054ca,609d69021c511f4b1d4df1c4,com.pregnantcatemma.virtualpet,1.0,iv,Android OS 10 / API-29 (QP1A.190711.020/V12.0.1.0.QJCRUXM),7f33e85a-6581-4dea-b1db-97759fae75c2,False,False,KR,1631357669.111236
0,could not receive ip address from ipfy,Error,/BuildNotice/0,MobileSDK,Google Mediatek MT8173 Chromebook,OpenGLES2,1.0,1.11.0,False,Programmatic1,Programmatic,11/09/2021 10:54:27,6028e36ad1e80652e41054ca,6028e407a1ba2a0d3d760566,com.mytalkingcatemma.ballerinagames,1.0,en,Android OS 9 / API-28 (R92-13982.88.0/7611540),642939ef-7224-42bd-ab8c-54bfec1db268,False,False,AF,1631357669.43583
0,An error occurred while sending the request,Error,/BuildNotice/0,MobileSDK,Google Mediatek MT8173 Chromebook,OpenGLES2,1.0,1.11.0,False,Programmatic1,Programmatic,11/09/2021 10:54:27,6028e36ad1e80652e41054ca,6028e407a1ba2a0d3d760566,com.mytalkingcatemma.ballerinagames,1.0,en,Android OS 9 / API-28 (R92-13982.88.0/7611540),642939ef-7224-42bd-ab8c-54bfec1db268,False,False,AF,1631357669.456067
0,could not receive ip address from ipfy,Error,/BuildNotice/0,MobileSDK,LGE LM-G850,OpenGLES2,1.0,1.11.0,False,Programmatic1,Programmatic,11/09/2021 10:54:29,6028e36ad1e80652e41054ca,6028e407a1ba2a0d3d760566,com.mytalkingcatemma.ballerinagames,1.0,en,Android OS 11 / API-30 (RKQ1.210420.001/2121423165754.OPEN_ESA_DS),23239c7e-f630-4dd2-a29d-9a7ebba20566,False,False,RU,1631357669.490865
0,An error occurred while sending the request,Error,/BuildNotice/0,MobileSDK,LGE LM-G850,OpenGLES2,1.0,1.11.0,False,Programmatic1,Programmatic,11/09/2021 10:54:29,6028e36ad1e80652e41054ca,6028e407a1ba2a0d3d760566,com.mytalkingcatemma.ballerinagames,1.0,en,Android OS 11 / API-30 (RKQ1.210420.001/2121423165754.OPEN_ESA_DS),23239c7e-f630-4dd2-a29d-9a7ebba20566,False,False,RU,1631357669.505593
0,could not receive ip address from ipfy,Error,/BuildNotice/0,MobileSDK,samsung SM-M315F,OpenGLES2,1.0,1.11.0,False,Programmatic1,Programmatic,09/11/2021 10:54:28,6028e36ad1e80652e41054ca,609d69021c511f4b1d4df1c4,com.pregnantcatemma.virtualpet,1.0,iv,Android OS 11 / API-30 (RP1A.200720.012/M315FXXU2BUG2),22958cb2-3edb-4eee-955c-0e1a06cef14c,False,False,IN,1631357669.6851
0,An error occurred while sending the request,Error,/BuildNotice/0,MobileSDK,samsung SM-M315F,OpenGLES2,1.0,1.11.0,False,Programmatic1,Programmatic,09/11/2021 10:54:28,6028e36ad1e80652e41054ca,609d69021c511f4b1d4df1c4,com.pregnantcatemma.virtualpet,1.0,iv,Android OS 11 / API-30 (RP1A.200720.012/M315FXXU2BUG2),22958cb2-3edb-4eee-955c-0e1a06cef14c,False,False,IN,1631357669.701674
0,could not receive ip address from ipfy,Error,/BuildNotice/0,MobileSDK,Xiaomi M2004J19C,OpenGLES2,1.0,1.11.0,False,Programmatic1,Programmatic,09/11/2021 10:54:26,6028e36ad1e80652e41054ca,609d69021c511f4b1d4df1c4,com.pregnantcatemma.virtualpet,1.0,iv,Android OS 10 / API-29 (QP1A.190711.020/V12.0.1.0.QJCRUXM),7f33e85a-6581-4dea-b1db-97759fae75c2,False,False,KR,1631357669.80636
0,An error occurred while sending the request,Error,/BuildNotice/0,MobileSDK,Xiaomi M2004J19C,OpenGLES2,1.0,1.11.0,False,Programmatic1,Programmatic,09/11/2021 10:54:26,6028e36ad1e80652e41054ca,609d69021c511f4b1d4df1c4,com.pregnantcatemma.virtualpet,1.0,iv,Android OS 10 / API-29 (QP1A.190711.020/V12.0.1.0.QJCRUXM),7f33e85a-6581-4dea-b1db-97759fae75c2,False,False,KR,1631357669.889064
0,could not receive ip address from ipfy,Error,/BuildNotice/0,MobileSDK,Google Mediatek MT8173 Chromebook,OpenGLES2,1.0,1.11.0,False,Programmatic1,Programmatic,11/09/2021 10:54:28,6028e36ad1e80652e41054ca,6028e407a1ba2a0d3d760566,com.mytalkingcatemma.ballerinagames,1.0,en,Android OS 9 / API-28 (R92-13982.88.0/7611540),642939ef-7224-42bd-ab8c-54bfec1db268,False,False,AF,1631357670.296203
0,An error occurred while sending the request,Error,/BuildNotice/0,MobileSDK,Google Mediatek MT8173 Chromebook,OpenGLES2,1.0,1.11.0,False,Programmatic1,Programmatic,11/09/2021 10:54:28,6028e36ad1e80652e41054ca,6028e407a1ba2a0d3d760566,com.mytalkingcatemma.ballerinagames,1.0,en,Android OS 9 / API-28 (R92-13982.88.0/7611540),642939ef-7224-42bd-ab8c-54bfec1db268,False,False,AF,1631357670.334471
0,could not receive ip address from ipfy,Error,/BuildNotice/0,MobileSDK,Xiaomi M2004J19C,OpenGLES2,1.0,1.11.0,False,Programmatic1,Programmatic,09/11/2021 10:54:27,6028e36ad1e80652e41054ca,609d69021c511f4b1d4df1c4,com.pregnantcatemma.virtualpet,1.0,iv,Android OS 10 / API-29 (QP1A.190711.020/V12.0.1.0.QJCRUXM),7f33e85a-6581-4dea-b1db-97759fae75c2,False,False,KR,1631357670.600564
0,An error occurred while sending the request,Error,/BuildNotice/0,MobileSDK,Xiaomi M2004J19C,OpenGLES2,1.0,1.11.0,False,Programmatic1,Programmatic,09/11/2021 10:54:27,6028e36ad1e80652e41054ca,609d69021c511f4b1d4df1c4,com.pregnantcatemma.virtualpet,1.0,iv,Android OS 10 / API-29 (QP1A.190711.020/V12.0.1.0.QJCRUXM),7f33e85a-6581-4dea-b1db-97759fae75c2,False,False,KR,1631357670.619147
0,could not receive ip address from ipfy,Error,/BuildNotice/0,MobileSDK,Google Mediatek MT8173 Chromebook,OpenGLES2,1.0,1.11.0,False,Programmatic1,Programmatic,11/09/2021 10:54:28,6028e36ad1e80652e41054ca,6028e407a1ba2a0d3d760566,com.mytalkingcatemma.ballerinagames,1.0,en,Android OS 9 / API-28 (R92-13982.88.0/7611540),642939ef-7224-42bd-ab8c-54bfec1db268,False,False,AF,1631357670.715314
0,An error occurred while sending the request,Error,/BuildNotice/0,MobileSDK,Google Mediatek MT8173 Chromebook,OpenGLES2,1.0,1.11.0,False,Programmatic1,Programmatic,11/09/2021 10:54:28,6028e36ad1e80652e41054ca,6028e407a1ba2a0d3d760566,com.mytalkingcatemma.ballerinagames,1.0,en,Android OS 9 / API-28 (R92-13982.88.0/7611540),642939ef-7224-42bd-ab8c-54bfec1db268,False,False,AF,1631357670.74948
0,could not receive ip address from ipfy,Error,/BuildNotice/0,MobileSDK,Xiaomi Redmi Go,OpenGLES2,1.0,1.11.0,False,Programmatic1,Programmatic,11.09.2021 10:54:28,6028e36ad1e80652e41054ca,6028e407a1ba2a0d3d760566,com.mytalkingcatemma.ballerinagames,1.0,ru,Android OS 8.1.0 / API-27 (OPM1.171019.026/V10.2.19.0.OCLINXM),a93fc096-654d-4731-ae19-bf84488ff6e9,False,False,FR,1631357670.785734
0,An error occurred while sending the request,Error,/BuildNotice/0,MobileSDK,Xiaomi Redmi Go,OpenGLES2,1.0,1.11.0,False,Programmatic1,Programmatic,11.09.2021 10:54:28,6028e36ad1e80652e41054ca,6028e407a1ba2a0d3d760566,com.mytalkingcatemma.ballerinagames,1.0,ru,Android OS 8.1.0 / API-27 (OPM1.171019.026/V10.2.19.0.OCLINXM),a93fc096-654d-4731-ae19-bf84488ff6e9,False,False,FR,1631357670.801591
0,"We are running ""Programmatic Flow"", you need to active gCom. 
 HTTP/1.1 400 Bad Request
{""product"": null, ""payment"": null, ""shipment_available_options"": [], ""session"": {""session_id"": ""1.0"", ""status"": ""Error: CODE_INVALID_FLOW_ID"", ""error_code"": 110}, ""flow"": ""gcom""}",Error,/BuildNotice/0,MobileSDK,OPPO CPH2185,OpenGLES2,1.0,1.10.2,False,Programmatic1,Programmatic,09/11/2021 10:54:32,611bdadcd4e35d332f3d5e66,611be843d5491c7d0a6ab0ce,com.thg.battleops.shooting.game,1.0,iv,Android OS 10 / API-29 (QP1A.190711.020/1626760170),45d9bfa4-50ac-4558-bced-28ad4c37eff9,True,False,ID,1631357670.850689
0,could not receive ip address from ipfy,Error,/BuildNotice/0,MobileSDK,Google Mediatek MT8173 Chromebook,OpenGLES2,1.0,1.11.0,False,Programmatic1,Programmatic,11/09/2021 10:54:28,6028e36ad1e80652e41054ca,6028e407a1ba2a0d3d760566,com.mytalkingcatemma.ballerinagames,1.0,en,Android OS 9 / API-28 (R92-13982.88.0/7611540),642939ef-7224-42bd-ab8c-54bfec1db268,False,False,AF,1631357671.100586
0,An error occurred while sending the request,Error,/BuildNotice/0,MobileSDK,Google Mediatek MT8173 Chromebook,OpenGLES2,1.0,1.11.0,False,Programmatic1,Programmatic,11/09/2021 10:54:28,6028e36ad1e80652e41054ca,6028e407a1ba2a0d3d760566,com.mytalkingcatemma.ballerinagames,1.0,en,Android OS 9 / API-28 (R92-13982.88.0/7611540),642939ef-7224-42bd-ab8c-54bfec1db268,False,False,AF,1631357671.14464
0,could not receive ip address from ipfy,Error,/BuildNotice/0,MobileSDK,Xiaomi M2004J19C,OpenGLES2,1.0,1.11.0,False,Programmatic1,Programmatic,09/11/2021 10:54:28,6028e36ad1e80652e41054ca,609d69021c511f4b1d4df1c4,com.pregnantcatemma.virtualpet,1.0,iv,Android OS 10 / API-29 (QP1A.190711.020/V12.0.1.0.QJCRUXM),7f33e85a-6581-4dea-b1db-97759fae75c2,False,False,KR,1631357671.481212
0,An error occurred while sending the request,Error,/BuildNotice/0,MobileSDK,Xiaomi M2004J19C,OpenGLES2,1.0,1.11.0,False,Programmatic1,Programmatic,09/11/2021 10:54:28,6028e36ad1e80652e41054ca,609d69021c511f4b1d4df1c4,com.pregnantcatemma.virtualpet,1.0,iv,Android OS 10 / API-29 (QP1A.190711.020/V12.0.1.0.QJCRUXM),7f33e85a-6581-4dea-b1db-97759fae75c2,False,False,KR,1631357671.532227
0,could not receive ip address from ipfy,Error,/BuildNotice/0,MobileSDK,Google Mediatek MT8173 Chromebook,OpenGLES2,1.0,1.11.0,False,Programmatic1,Programmatic,11/09/2021 10:54:29,6028e36ad1e80652e41054ca,6028e407a1ba2a0d3d760566,com.mytalkingcatemma.ballerinagames,1.0,en,Android OS 9 / API-28 (R92-13982.88.0/7611540),642939ef-7224-42bd-ab8c-54bfec1db268,False,False,AF,1631357671.54818
0,An error occurred while sending the request,Error,/BuildNotice/0,MobileSDK,Google Mediatek MT8173 Chromebook,OpenGLES2,1.0,1.11.0,False,Programmatic1,Programmatic,11/09/2021 10:54:29,6028e36ad1e80652e41054ca,6028e407a1ba2a0d3d760566,com.mytalkingcatemma.ballerinagames,1.0,en,Android OS 9 / API-28 (R92-13982.88.0/7611540),642939ef-7224-42bd-ab8c-54bfec1db268,False,False,AF,1631357671.582532
0,An error occurred while sending the request,Error,/BuildNotice/0,MobileSDK,Xiaomi Redmi Go,OpenGLES2,1.0,1.11.0,False,Programmatic1,Programmatic,11.09.2021 10:54:29,6028e36ad1e80652e41054ca,6028e407a1ba2a0d3d760566,com.mytalkingcatemma.ballerinagames,1.0,ru,Android OS 8.1.0 / API-27 (OPM1.171019.026/V10.2.19.0.OCLINXM),a93fc096-654d-4731-ae19-bf84488ff6e9,False,False,FR,1631357671.885739
0,could not receive ip address from ipfy,Error,/BuildNotice/0,MobileSDK,Xiaomi Redmi Go,OpenGLES2,1.0,1.11.0,False,Programmatic1,Programmatic,11.09.2021 10:54:29,6028e36ad1e80652e41054ca,6028e407a1ba2a0d3d760566,com.mytalkingcatemma.ballerinagames,1.0,ru,Android OS 8.1.0 / API-27 (OPM1.171019.026/V10.2.19.0.OCLINXM),a93fc096-654d-4731-ae19-bf84488ff6e9,False,False,FR,1631357671.900644
0,could not receive ip address from ipfy,Error,/BuildNotice/0,MobileSDK,Google Mediatek MT8173 Chromebook,OpenGLES2,1.0,1.11.0,False,Programmatic1,Programmatic,11/09/2021 10:54:30,6028e36ad1e80652e41054ca,6028e407a1ba2a0d3d760566,com.mytalkingcatemma.ballerinagames,1.0,en,Android OS 9 / API-28 (R92-13982.88.0/7611540),642939ef-7224-42bd-ab8c-54bfec1db268,False,False,AF,1631357672.515846
0,An error occurred while sending the request,Error,/BuildNotice/0,MobileSDK,Google Mediatek MT8173 Chromebook,OpenGLES2,1.0,1.11.0,False,Programmatic1,Programmatic,11/09/2021 10:54:30,6028e36ad1e80652e41054ca,6028e407a1ba2a0d3d760566,com.mytalkingcatemma.ballerinagames,1.0,en,Android OS 9 / API-28 (R92-13982.88.0/7611540),642939ef-7224-42bd-ab8c-54bfec1db268,False,False,AF,1631357672.541153
0,could not receive ip address from ipfy,Error,/BuildNotice/0,MobileSDK,samsung SM-M315F,OpenGLES2,1.0,1.11.0,False,Programmatic1,Programmatic,09/11/2021 10:54:31,6028e36ad1e80652e41054ca,609d69021c511f4b1d4df1c4,com.pregnantcatemma.virtualpet,1.0,iv,Android OS 11 / API-30 (RP1A.200720.012/M315FXXU2BUG2),22958cb2-3edb-4eee-955c-0e1a06cef14c,False,False,IN,1631357672.800021
0,An error occurred while sending the request,Error,/BuildNotice/0,MobileSDK,samsung SM-M315F,OpenGLES2,1.0,1.11.0,False,Programmatic1,Programmatic,09/11/2021 10:54:31,6028e36ad1e80652e41054ca,609d69021c511f4b1d4df1c4,com.pregnantcatemma.virtualpet,1.0,iv,Android OS 11 / API-30 (RP1A.200720.012/M315FXXU2BUG2),22958cb2-3edb-4eee-955c-0e1a06cef14c,False,False,IN,1631357672.813722
0,could not receive ip address from ipfy,Error,/BuildNotice/0,MobileSDK,Google Mediatek MT8173 Chromebook,OpenGLES2,1.0,1.11.0,False,Programmatic1,Programmatic,11/09/2021 10:54:30,6028e36ad1e80652e41054ca,6028e407a1ba2a0d3d760566,com.mytalkingcatemma.ballerinagames,1.0,en,Android OS 9 / API-28 (R92-13982.88.0/7611540),642939ef-7224-42bd-ab8c-54bfec1db268,False,False,AF,1631357672.893016
0,could not receive ip address from ipfy,Error,/BuildNotice/0,MobileSDK,vivo vivo 1906,OpenGLES2,1.0,1.10.2,False,Programmatic1,Programmatic,09/11/2021 10:54:31,611bdadcd4e35d332f3d5e66,611be843d5491c7d0a6ab0ce,com.thg.battleops.shooting.game,1.0,iv,Android OS 11 / API-30 (RP1A.200720.012/eng.compil.20210607.222122),fb9dd824-3203-40ec-baf1-eabb4a038398,True,False,DZ,1631357672.920231
0,An error occurred while sending the request,Error,/BuildNotice/0,MobileSDK,Google Mediatek MT8173 Chromebook,OpenGLES2,1.0,1.11.0,False,Programmatic1,Programmatic,11/09/2021 10:54:30,6028e36ad1e80652e41054ca,6028e407a1ba2a0d3d760566,com.mytalkingcatemma.ballerinagames,1.0,en,Android OS 9 / API-28 (R92-13982.88.0/7611540),642939ef-7224-42bd-ab8c-54bfec1db268,False,False,AF,1631357672.93166
0,An error occurred while sending the request,Error,/BuildNotice/0,MobileSDK,vivo vivo 1906,OpenGLES2,1.0,1.10.2,False,Programmatic1,Programmatic,09/11/2021 10:54:31,611bdadcd4e35d332f3d5e66,611be843d5491c7d0a6ab0ce,com.thg.battleops.shooting.game,1.0,iv,Android OS 11 / API-30 (RP1A.200720.012/eng.compil.20210607.222122),fb9dd824-3203-40ec-baf1-eabb4a038398,True,False,DZ,1631357672.954504
0,could not receive ip address from ipfy,Error,/BuildNotice/0,MobileSDK,Xiaomi Redmi Go,OpenGLES2,1.0,1.11.0,False,Programmatic1,Programmatic,11.09.2021 10:54:30,6028e36ad1e80652e41054ca,6028e407a1ba2a0d3d760566,com.mytalkingcatemma.ballerinagames,1.0,ru,Android OS 8.1.0 / API-27 (OPM1.171019.026/V10.2.19.0.OCLINXM),a93fc096-654d-4731-ae19-bf84488ff6e9,False,False,FR,1631357673.020137
0,An error occurred while sending the request,Error,/BuildNotice/0,MobileSDK,Xiaomi Redmi Go,OpenGLES2,1.0,1.11.0,False,Programmatic1,Programmatic,11.09.2021 10:54:30,6028e36ad1e80652e41054ca,6028e407a1ba2a0d3d760566,com.mytalkingcatemma.ballerinagames,1.0,ru,Android OS 8.1.0 / API-27 (OPM1.171019.026/V10.2.19.0.OCLINXM),a93fc096-654d-4731-ae19-bf84488ff6e9,False,False,FR,1631357673.038932
0,could not receive ip address from ipfy,Error,/BuildNotice/0,MobileSDK,Google Mediatek MT8173 Chromebook,OpenGLES2,1.0,1.11.0,False,Programmatic1,Programmatic,11/09/2021 10:54:31,6028e36ad1e80652e41054ca,6028e407a1ba2a0d3d760566,com.mytalkingcatemma.ballerinagames,1.0,en,Android OS 9 / API-28 (R92-13982.88.0/7611540),642939ef-7224-42bd-ab8c-54bfec1db268,False,False,AF,1631357673.247996
0,An error occurred while sending the request,Error,/BuildNotice/0,MobileSDK,Google Mediatek MT8173 Chromebook,OpenGLES2,1.0,1.11.0,False,Programmatic1,Programmatic,11/09/2021 10:54:31,6028e36ad1e80652e41054ca,6028e407a1ba2a0d3d760566,com.mytalkingcatemma.ballerinagames,1.0,en,Android OS 9 / API-28 (R92-13982.88.0/7611540),642939ef-7224-42bd-ab8c-54bfec1db268,False,False,AF,1631357673.287771
0,could not receive ip address from ipfy,Error,/BuildNotice/0,MobileSDK,Xiaomi M2004J19C,OpenGLES2,1.0,1.11.0,False,Programmatic1,Programmatic,09/11/2021 10:54:30,6028e36ad1e80652e41054ca,609d69021c511f4b1d4df1c4,com.pregnantcatemma.virtualpet,1.0,iv,Android OS 10 / API-29 (QP1A.190711.020/V12.0.1.0.QJCRUXM),7f33e85a-6581-4dea-b1db-97759fae75c2,False,False,KR,1631357673.519632
0,An error occurred while sending the request,Error,/BuildNotice/0,MobileSDK,Xiaomi M2004J19C,OpenGLES2,1.0,1.11.0,False,Programmatic1,Programmatic,09/11/2021 10:54:30,6028e36ad1e80652e41054ca,609d69021c511f4b1d4df1c4,com.pregnantcatemma.virtualpet,1.0,iv,Android OS 10 / API-29 (QP1A.190711.020/V12.0.1.0.QJCRUXM),7f33e85a-6581-4dea-b1db-97759fae75c2,False,False,KR,1631357673.536633
0,could not receive ip address from ipfy,Error,/BuildNotice/0,MobileSDK,Google Mediatek MT8173 Chromebook,OpenGLES2,1.0,1.11.0,False,Programmatic1,Programmatic,11/09/2021 10:54:31,6028e36ad1e80652e41054ca,6028e407a1ba2a0d3d760566,com.mytalkingcatemma.ballerinagames,1.0,en,Android OS 9 / API-28 (R92-13982.88.0/7611540),642939ef-7224-42bd-ab8c-54bfec1db268,False,False,AF,1631357673.621777
0,An error occurred while sending the request,Error,/BuildNotice/0,MobileSDK,Google Mediatek MT8173 Chromebook,OpenGLES2,1.0,1.11.0,False,Programmatic1,Programmatic,11/09/2021 10:54:31,6028e36ad1e80652e41054ca,6028e407a1ba2a0d3d760566,com.mytalkingcatemma.ballerinagames,1.0,en,Android OS 9 / API-28 (R92-13982.88.0/7611540),642939ef-7224-42bd-ab8c-54bfec1db268,False,False,AF,1631357673.641881
0,could not receive ip address from ipfy,Error,/BuildNotice/0,MobileSDK,Xiaomi Redmi Go,OpenGLES2,1.0,1.11.0,False,Programmatic1,Programmatic,11.09.2021 10:54:31,6028e36ad1e80652e41054ca,6028e407a1ba2a0d3d760566,com.mytalkingcatemma.ballerinagames,1.0,ru,Android OS 8.1.0 / API-27 (OPM1.171019.026/V10.2.19.0.OCLINXM),a93fc096-654d-4731-ae19-bf84488ff6e9,False,False,FR,1631357673.740633
0,An error occurred while sending the request,Error,/BuildNotice/0,MobileSDK,Xiaomi Redmi Go,OpenGLES2,1.0,1.11.0,False,Programmatic1,Programmatic,11.09.2021 10:54:31,6028e36ad1e80652e41054ca,6028e407a1ba2a0d3d760566,com.mytalkingcatemma.ballerinagames,1.0,ru,Android OS 8.1.0 / API-27 (OPM1.171019.026/V10.2.19.0.OCLINXM),a93fc096-654d-4731-ae19-bf84488ff6e9,False,False,FR,1631357673.794978
0,could not receive ip address from ipfy,Error,/BuildNotice/0,MobileSDK,vivo vivo 1906,OpenGLES2,1.0,1.10.2,False,Programmatic1,Programmatic,09/11/2021 10:54:32,611bdadcd4e35d332f3d5e66,611be843d5491c7d0a6ab0ce,com.thg.battleops.shooting.game,1.0,iv,Android OS 11 / API-30 (RP1A.200720.012/eng.compil.20210607.222122),fb9dd824-3203-40ec-baf1-eabb4a038398,True,False,DZ,1631357673.919725
0,An error occurred while sending the request,Error,/BuildNotice/0,MobileSDK,vivo vivo 1906,OpenGLES2,1.0,1.10.2,False,Programmatic1,Programmatic,09/11/2021 10:54:32,611bdadcd4e35d332f3d5e66,611be843d5491c7d0a6ab0ce,com.thg.battleops.shooting.game,1.0,iv,Android OS 11 / API-30 (RP1A.200720.012/eng.compil.20210607.222122),fb9dd824-3203-40ec-baf1-eabb4a038398,True,False,DZ,1631357673.966043
0,could not receive ip address from ipfy,Error,/BuildNotice/0,MobileSDK,Google Mediatek MT8173 Chromebook,OpenGLES2,1.0,1.11.0,False,Programmatic1,Programmatic,11/09/2021 10:54:31,6028e36ad1e80652e41054ca,6028e407a1ba2a0d3d760566,com.mytalkingcatemma.ballerinagames,1.0,en,Android OS 9 / API-28 (R92-13982.88.0/7611540),642939ef-7224-42bd-ab8c-54bfec1db268,False,False,AF,1631357674.010827
0,An error occurred while sending the request,Error,/BuildNotice/0,MobileSDK,Google Mediatek MT8173 Chromebook,OpenGLES2,1.0,1.11.0,False,Programmatic1,Programmatic,11/09/2021 10:54:31,6028e36ad1e80652e41054ca,6028e407a1ba2a0d3d760566,com.mytalkingcatemma.ballerinagames,1.0,en,Android OS 9 / API-28 (R92-13982.88.0/7611540),642939ef-7224-42bd-ab8c-54bfec1db268,False,False,AF,1631357674.048089
0,"We are running ""Programmatic Flow"", you need to active gCom. 
 HTTP/1.1 400 Bad Request
{""product"": null, ""payment"": null, ""shipment_available_options"": [], ""session"": {""session_id"": ""1.0"", ""status"": ""Error: CODE_INVALID_FLOW_ID"", ""error_code"": 110}, ""flow"": ""gcom""}",Error,/BuildNotice/0,MobileSDK,realme RMX2195,OpenGLES2,1.0,1.10.2,False,Programmatic1,Programmatic,09/11/2021 10:54:32,611bdadcd4e35d332f3d5e66,611be843d5491c7d0a6ab0ce,com.thg.battleops.shooting.game,1.0,iv,Android OS 11 / API-30 (RKQ1.201217.002/1621307382867),cdedf062-67ea-40b8-bb84-5db2a2afb265,True,False,ID,1631357674.451296
0,could not receive ip address from ipfy,Error,/BuildNotice/0,MobileSDK,Google Mediatek MT8173 Chromebook,OpenGLES2,1.0,1.11.0,False,Programmatic1,Programmatic,11/09/2021 10:54:32,6028e36ad1e80652e41054ca,6028e407a1ba2a0d3d760566,com.mytalkingcatemma.ballerinagames,1.0,en,Android OS 9 / API-28 (R92-13982.88.0/7611540),642939ef-7224-42bd-ab8c-54bfec1db268,False,False,AF,1631357674.480284
0,An error occurred while sending the request,Error,/BuildNotice/0,MobileSDK,Google Mediatek MT8173 Chromebook,OpenGLES2,1.0,1.11.0,False,Programmatic1,Programmatic,11/09/2021 10:54:32,6028e36ad1e80652e41054ca,6028e407a1ba2a0d3d760566,com.mytalkingcatemma.ballerinagames,1.0,en,Android OS 9 / API-28 (R92-13982.88.0/7611540),642939ef-7224-42bd-ab8c-54bfec1db268,False,False,AF,1631357674.500412
0,could not receive ip address from ipfy,Error,/BuildNotice/0,MobileSDK,vivo vivo 1906,OpenGLES2,1.0,1.10.2,False,Programmatic1,Programmatic,09/11/2021 10:54:32,611bdadcd4e35d332f3d5e66,611be843d5491c7d0a6ab0ce,com.thg.battleops.shooting.game,1.0,iv,Android OS 11 / API-30 (RP1A.200720.012/eng.compil.20210607.222122),fb9dd824-3203-40ec-baf1-eabb4a038398,True,False,DZ,1631357674.524462
0,An error occurred while sending the request,Error,/BuildNotice/0,MobileSDK,Xiaomi M2004J19C,OpenGLES2,1.0,1.11.0,False,Programmatic1,Programmatic,09/11/2021 10:54:31,6028e36ad1e80652e41054ca,609d69021c511f4b1d4df1c4,com.pregnantcatemma.virtualpet,1.0,iv,Android OS 10 / API-29 (QP1A.190711.020/V12.0.1.0.QJCRUXM),7f33e85a-6581-4dea-b1db-97759fae75c2,False,False,KR,1631357674.559234
0,could not receive ip address from ipfy,Error,/BuildNotice/0,MobileSDK,Xiaomi M2004J19C,OpenGLES2,1.0,1.11.0,False,Programmatic1,Programmatic,09/11/2021 10:54:31,6028e36ad1e80652e41054ca,609d69021c511f4b1d4df1c4,com.pregnantcatemma.virtualpet,1.0,iv,Android OS 10 / API-29 (QP1A.190711.020/V12.0.1.0.QJCRUXM),7f33e85a-6581-4dea-b1db-97759fae75c2,False,False,KR,1631357674.582621
0,could not receive ip address from ipfy,Error,/BuildNotice/0,MobileSDK,Xiaomi Redmi Go,OpenGLES2,1.0,1.11.0,False,Programmatic1,Programmatic,11.09.2021 10:54:32,6028e36ad1e80652e41054ca,6028e407a1ba2a0d3d760566,com.mytalkingcatemma.ballerinagames,1.0,ru,Android OS 8.1.0 / API-27 (OPM1.171019.026/V10.2.19.0.OCLINXM),a93fc096-654d-4731-ae19-bf84488ff6e9,False,False,FR,1631357674.615652
0,An error occurred while sending the request,Error,/BuildNotice/0,MobileSDK,Xiaomi Redmi Go,OpenGLES2,1.0,1.11.0,False,Programmatic1,Programmatic,11.09.2021 10:54:32,6028e36ad1e80652e41054ca,6028e407a1ba2a0d3d760566,com.mytalkingcatemma.ballerinagames,1.0,ru,Android OS 8.1.0 / API-27 (OPM1.171019.026/V10.2.19.0.OCLINXM),a93fc096-654d-4731-ae19-bf84488ff6e9,False,False,FR,1631357674.680815
0,could not receive ip address from ipfy,Error,/BuildNotice/0,MobileSDK,Google Mediatek MT8173 Chromebook,OpenGLES2,1.0,1.11.0,False,Programmatic1,Programmatic,11/09/2021 10:54:32,6028e36ad1e80652e41054ca,6028e407a1ba2a0d3d760566,com.mytalkingcatemma.ballerinagames,1.0,en,Android OS 9 / API-28 (R92-13982.88.0/7611540),642939ef-7224-42bd-ab8c-54bfec1db268,False,False,AF,1631357674.878184
0,An error occurred while sending the request,Error,/BuildNotice/0,MobileSDK,Google Mediatek MT8173 Chromebook,OpenGLES2,1.0,1.11.0,False,Programmatic1,Programmatic,11/09/2021 10:54:32,6028e36ad1e80652e41054ca,6028e407a1ba2a0d3d760566,com.mytalkingcatemma.ballerinagames,1.0,en,Android OS 9 / API-28 (R92-13982.88.0/7611540),642939ef-7224-42bd-ab8c-54bfec1db268,False,False,AF,1631357674.915328
0,An error occurred while sending the request,Error,/BuildNotice/0,MobileSDK,vivo vivo 1906,OpenGLES2,1.0,1.10.2,False,Programmatic1,Programmatic,09/11/2021 10:54:32,611bdadcd4e35d332f3d5e66,611be843d5491c7d0a6ab0ce,com.thg.battleops.shooting.game,1.0,iv,Android OS 11 / API-30 (RP1A.200720.012/eng.compil.20210607.222122),fb9dd824-3203-40ec-baf1-eabb4a038398,True,False,DZ,1631357674.997107
0,could not receive ip address from ipfy,Error,/BuildNotice/0,MobileSDK,realme RMX3231,OpenGLES2,1.0,1.11.0,False,Programmatic1,Programmatic,11/09/2021 10:54:30 PG,6028e36ad1e80652e41054ca,6028e407a1ba2a0d3d760566,com.mytalkingcatemma.ballerinagames,1.0,ms,Android OS 11 / API-30 (RP1A.201005.001/72),99637796-3e65-48f5-abba-c3d76e5355a7,False,False,IR,1631357675.108577
0,could not receive ip address from ipfy,Error,/BuildNotice/0,MobileSDK,Google Mediatek MT8173 Chromebook,OpenGLES2,1.0,1.11.0,False,Programmatic1,Programmatic,11/09/2021 10:54:33,6028e36ad1e80652e41054ca,6028e407a1ba2a0d3d760566,com.mytalkingcatemma.ballerinagames,1.0,en,Android OS 9 / API-28 (R92-13982.88.0/7611540),642939ef-7224-42bd-ab8c-54bfec1db268,False,False,AF,1631357675.245891
0,An error occurred while sending the request,Error,/BuildNotice/0,MobileSDK,Google Mediatek MT8173 Chromebook,OpenGLES2,1.0,1.11.0,False,Programmatic1,Programmatic,11/09/2021 10:54:33,6028e36ad1e80652e41054ca,6028e407a1ba2a0d3d760566,com.mytalkingcatemma.ballerinagames,1.0,en,Android OS 9 / API-28 (R92-13982.88.0/7611540),642939ef-7224-42bd-ab8c-54bfec1db268,False,False,AF,1631357675.26713
0,could not receive ip address from ipfy,Error,/BuildNotice/0,MobileSDK,vivo vivo 1906,OpenGLES2,1.0,1.10.2,False,Programmatic1,Programmatic,09/11/2021 10:54:33,611bdadcd4e35d332f3d5e66,611be843d5491c7d0a6ab0ce,com.thg.battleops.shooting.game,1.0,iv,Android OS 11 / API-30 (RP1A.200720.012/eng.compil.20210607.222122),fb9dd824-3203-40ec-baf1-eabb4a038398,True,False,DZ,1631357675.609797
0,An error occurred while sending the request,Error,/BuildNotice/0,MobileSDK,realme RMX3231,OpenGLES2,1.0,1.11.0,False,Programmatic1,Programmatic,11/09/2021 10:54:30 PG,6028e36ad1e80652e41054ca,6028e407a1ba2a0d3d760566,com.mytalkingcatemma.ballerinagames,1.0,ms,Android OS 11 / API-30 (RP1A.201005.001/72),99637796-3e65-48f5-abba-c3d76e5355a7,False,False,IR,1631357675.684973
0,could not receive ip address from ipfy,Error,/BuildNotice/0,MobileSDK,Xiaomi M2004J19C,OpenGLES2,1.0,1.11.0,False,Programmatic1,Programmatic,09/11/2021 10:54:32,6028e36ad1e80652e41054ca,609d69021c511f4b1d4df1c4,com.pregnantcatemma.virtualpet,1.0,iv,Android OS 10 / API-29 (QP1A.190711.020/V12.0.1.0.QJCRUXM),7f33e85a-6581-4dea-b1db-97759fae75c2,False,False,KR,1631357675.69754
0,could not receive ip address from ipfy,Error,/BuildNotice/0,MobileSDK,Google Mediatek MT8173 Chromebook,OpenGLES2,1.0,1.11.0,False,Programmatic1,Programmatic,11/09/2021 10:54:33,6028e36ad1e80652e41054ca,6028e407a1ba2a0d3d760566,com.mytalkingcatemma.ballerinagames,1.0,en,Android OS 9 / API-28 (R92-13982.88.0/7611540),642939ef-7224-42bd-ab8c-54bfec1db268,False,False,AF,1631357675.715149
0,An error occurred while sending the request,Error,/BuildNotice/0,MobileSDK,Xiaomi M2004J19C,OpenGLES2,1.0,1.11.0,False,Programmatic1,Programmatic,09/11/2021 10:54:32,6028e36ad1e80652e41054ca,609d69021c511f4b1d4df1c4,com.pregnantcatemma.virtualpet,1.0,iv,Android OS 10 / API-29 (QP1A.190711.020/V12.0.1.0.QJCRUXM),7f33e85a-6581-4dea-b1db-97759fae75c2,False,False,KR,1631357675.782302
0,An error occurred while sending the request,Error,/BuildNotice/0,MobileSDK,Google Mediatek MT8173 Chromebook,OpenGLES2,1.0,1.11.0,False,Programmatic1,Programmatic,11/09/2021 10:54:33,6028e36ad1e80652e41054ca,6028e407a1ba2a0d3d760566,com.mytalkingcatemma.ballerinagames,1.0,en,Android OS 9 / API-28 (R92-13982.88.0/7611540),642939ef-7224-42bd-ab8c-54bfec1db268,False,False,AF,1631357675.798664
0,could not receive ip address from ipfy,Error,/BuildNotice/0,MobileSDK,Xiaomi Redmi Go,OpenGLES2,1.0,1.11.0,False,Programmatic1,Programmatic,11.09.2021 10:54:33,6028e36ad1e80652e41054ca,6028e407a1ba2a0d3d760566,com.mytalkingcatemma.ballerinagames,1.0,ru,Android OS 8.1.0 / API-27 (OPM1.171019.026/V10.2.19.0.OCLINXM),a93fc096-654d-4731-ae19-bf84488ff6e9,False,False,FR,1631357675.814288
0,"We are running ""Programmatic Flow"", you need to active gCom. 
 HTTP/1.1 400 Bad Request
{""product"": null, ""payment"": null, ""shipment_available_options"": [], ""session"": {""session_id"": ""1.0"", ""status"": ""Error: CODE_INVALID_FLOW_ID"", ""error_code"": 110}, ""flow"": ""gcom""}",Error,/BuildNotice/0,MobileSDK,samsung SM-A125F,OpenGLES2,1.0,1.10.2,False,Programmatic1,Programmatic,09/11/2021 10:54:34,611bdadcd4e35d332f3d5e66,611be843d5491c7d0a6ab0ce,com.thg.battleops.shooting.game,1.0,iv,Android OS 11 / API-30 (RP1A.200720.012/A125FXXU1BUG6),,True,False,PK,1631357675.871002
0,An error occurred while sending the request,Error,/BuildNotice/0,MobileSDK,Xiaomi Redmi Go,OpenGLES2,1.0,1.11.0,False,Programmatic1,Programmatic,11.09.2021 10:54:33,6028e36ad1e80652e41054ca,6028e407a1ba2a0d3d760566,com.mytalkingcatemma.ballerinagames,1.0,ru,Android OS 8.1.0 / API-27 (OPM1.171019.026/V10.2.19.0.OCLINXM),a93fc096-654d-4731-ae19-bf84488ff6e9,False,False,FR,1631357675.882591
0,An error occurred while sending the request,Error,/BuildNotice/0,MobileSDK,vivo vivo 1906,OpenGLES2,1.0,1.10.2,False,Programmatic1,Programmatic,09/11/2021 10:54:33,611bdadcd4e35d332f3d5e66,611be843d5491c7d0a6ab0ce,com.thg.battleops.shooting.game,1.0,iv,Android OS 11 / API-30 (RP1A.200720.012/eng.compil.20210607.222122),fb9dd824-3203-40ec-baf1-eabb4a038398,True,False,DZ,1631357675.977293
0,could not receive ip address from ipfy,Error,/BuildNotice/0,MobileSDK,Google Mediatek MT8173 Chromebook,OpenGLES2,1.0,1.11.0,False,Programmatic1,Programmatic,11/09/2021 10:54:33,6028e36ad1e80652e41054ca,6028e407a1ba2a0d3d760566,com.mytalkingcatemma.ballerinagames,1.0,en,Android OS 9 / API-28 (R92-13982.88.0/7611540),642939ef-7224-42bd-ab8c-54bfec1db268,False,False,AF,1631357676.093521
0,could not receive ip address from ipfy,Error,/BuildNotice/0,MobileSDK,LGE LM-G850,OpenGLES2,1.0,1.11.0,False,Programmatic1,Programmatic,11/09/2021 10:54:36,6028e36ad1e80652e41054ca,6028e407a1ba2a0d3d760566,com.mytalkingcatemma.ballerinagames,1.0,en,Android OS 11 / API-30 (RKQ1.210420.001/2121423165754.OPEN_ESA_DS),23239c7e-f630-4dd2-a29d-9a7ebba20566,False,False,RU,1631357676.109227
0,An error occurred while sending the request,Error,/BuildNotice/0,MobileSDK,LGE LM-G850,OpenGLES2,1.0,1.11.0,False,Programmatic1,Programmatic,11/09/2021 10:54:36,6028e36ad1e80652e41054ca,6028e407a1ba2a0d3d760566,com.mytalkingcatemma.ballerinagames,1.0,en,Android OS 11 / API-30 (RKQ1.210420.001/2121423165754.OPEN_ESA_DS),23239c7e-f630-4dd2-a29d-9a7ebba20566,False,False,RU,1631357676.123172
0,An error occurred while sending the request,Error,/BuildNotice/0,MobileSDK,Google Mediatek MT8173 Chromebook,OpenGLES2,1.0,1.11.0,False,Programmatic1,Programmatic,11/09/2021 10:54:33,6028e36ad1e80652e41054ca,6028e407a1ba2a0d3d760566,com.mytalkingcatemma.ballerinagames,1.0,en,Android OS 9 / API-28 (R92-13982.88.0/7611540),642939ef-7224-42bd-ab8c-54bfec1db268,False,False,AF,1631357676.182414
0,could not receive ip address from ipfy,Error,/BuildNotice/0,MobileSDK,Xiaomi Redmi Go,OpenGLES2,1.0,1.11.0,False,Programmatic1,Programmatic,11.09.2021 10:54:33,6028e36ad1e80652e41054ca,6028e407a1ba2a0d3d760566,com.mytalkingcatemma.ballerinagames,1.0,ru,Android OS 8.1.0 / API-27 (OPM1.171019.026/V10.2.19.0.OCLINXM),a93fc096-654d-4731-ae19-bf84488ff6e9,False,False,FR,1631357676.203826
0,An error occurred while sending the request,Error,/BuildNotice/0,MobileSDK,Xiaomi Redmi Go,OpenGLES2,1.0,1.11.0,False,Programmatic1,Programmatic,11.09.2021 10:54:33,6028e36ad1e80652e41054ca,6028e407a1ba2a0d3d760566,com.mytalkingcatemma.ballerinagames,1.0,ru,Android OS 8.1.0 / API-27 (OPM1.171019.026/V10.2.19.0.OCLINXM),a93fc096-654d-4731-ae19-bf84488ff6e9,False,False,FR,1631357676.28145
0,could not receive ip address from ipfy,Error,/BuildNotice/0,MobileSDK,samsung SM-M315F,OpenGLES2,1.0,1.11.0,False,Programmatic1,Programmatic,09/11/2021 10:54:34,6028e36ad1e80652e41054ca,609d69021c511f4b1d4df1c4,com.pregnantcatemma.virtualpet,1.0,iv,Android OS 11 / API-30 (RP1A.200720.012/M315FXXU2BUG2),22958cb2-3edb-4eee-955c-0e1a06cef14c,False,False,IN,1631357676.318365
0,could not receive ip address from ipfy,Error,/BuildNotice/0,MobileSDK,vivo vivo 1906,OpenGLES2,1.0,1.10.2,False,Programmatic1,Programmatic,09/11/2021 10:54:34,611bdadcd4e35d332f3d5e66,611be843d5491c7d0a6ab0ce,com.thg.battleops.shooting.game,1.0,iv,Android OS 11 / API-30 (RP1A.200720.012/eng.compil.20210607.222122),fb9dd824-3203-40ec-baf1-eabb4a038398,True,False,DZ,1631357676.322822
0,An error occurred while sending the request,Error,/BuildNotice/0,MobileSDK,samsung SM-M315F,OpenGLES2,1.0,1.11.0,False,Programmatic1,Programmatic,09/11/2021 10:54:34,6028e36ad1e80652e41054ca,609d69021c511f4b1d4df1c4,com.pregnantcatemma.virtualpet,1.0,iv,Android OS 11 / API-30 (RP1A.200720.012/M315FXXU2BUG2),22958cb2-3edb-4eee-955c-0e1a06cef14c,False,False,IN,1631357676.332353
0,could not receive ip address from ipfy,Error,/BuildNotice/0,MobileSDK,Google Mediatek MT8173 Chromebook,OpenGLES2,1.0,1.11.0,False,Programmatic1,Programmatic,11/09/2021 10:54:34,6028e36ad1e80652e41054ca,6028e407a1ba2a0d3d760566,com.mytalkingcatemma.ballerinagames,1.0,en,Android OS 9 / API-28 (R92-13982.88.0/7611540),642939ef-7224-42bd-ab8c-54bfec1db268,False,False,AF,1631357676.419336
0,An error occurred while sending the request,Error,/BuildNotice/0,MobileSDK,Google Mediatek MT8173 Chromebook,OpenGLES2,1.0,1.11.0,False,Programmatic1,Programmatic,11/09/2021 10:54:34,6028e36ad1e80652e41054ca,6028e407a1ba2a0d3d760566,com.mytalkingcatemma.ballerinagames,1.0,en,Android OS 9 / API-28 (R92-13982.88.0/7611540),642939ef-7224-42bd-ab8c-54bfec1db268,False,False,AF,1631357676.511155
0,could not receive ip address from ipfy,Error,/BuildNotice/0,MobileSDK,Google Mediatek MT8173 Chromebook,OpenGLES2,1.0,1.11.0,False,Programmatic1,Programmatic,11/09/2021 10:54:34,6028e36ad1e80652e41054ca,6028e407a1ba2a0d3d760566,com.mytalkingcatemma.ballerinagames,1.0,en,Android OS 9 / API-28 (R92-13982.88.0/7611540),642939ef-7224-42bd-ab8c-54bfec1db268,False,False,AF,1631357676.747279
0,An error occurred while sending the request,Error,/BuildNotice/0,MobileSDK,Google Mediatek MT8173 Chromebook,OpenGLES2,1.0,1.11.0,False,Programmatic1,Programmatic,11/09/2021 10:54:34,6028e36ad1e80652e41054ca,6028e407a1ba2a0d3d760566,com.mytalkingcatemma.ballerinagames,1.0,en,Android OS 9 / API-28 (R92-13982.88.0/7611540),642939ef-7224-42bd-ab8c-54bfec1db268,False,False,AF,1631357676.839051
0,An error occurred while sending the request,Error,/BuildNotice/0,MobileSDK,Xiaomi M2004J19C,OpenGLES2,1.0,1.11.0,False,Programmatic1,Programmatic,09/11/2021 10:54:33,6028e36ad1e80652e41054ca,609d69021c511f4b1d4df1c4,com.pregnantcatemma.virtualpet,1.0,iv,Android OS 10 / API-29 (QP1A.190711.020/V12.0.1.0.QJCRUXM),7f33e85a-6581-4dea-b1db-97759fae75c2,False,False,KR,1631357676.889222
0,could not receive ip address from ipfy,Error,/BuildNotice/0,MobileSDK,Xiaomi M2004J19C,OpenGLES2,1.0,1.11.0,False,Programmatic1,Programmatic,09/11/2021 10:54:33,6028e36ad1e80652e41054ca,609d69021c511f4b1d4df1c4,com.pregnantcatemma.virtualpet,1.0,iv,Android OS 10 / API-29 (QP1A.190711.020/V12.0.1.0.QJCRUXM),7f33e85a-6581-4dea-b1db-97759fae75c2,False,False,KR,1631357676.905975
0,An error occurred while sending the request,Error,/BuildNotice/0,MobileSDK,vivo vivo 1906,OpenGLES2,1.0,1.10.2,False,Programmatic1,Programmatic,09/11/2021 10:54:34,611bdadcd4e35d332f3d5e66,611be843d5491c7d0a6ab0ce,com.thg.battleops.shooting.game,1.0,iv,Android OS 11 / API-30 (RP1A.200720.012/eng.compil.20210607.222122),fb9dd824-3203-40ec-baf1-eabb4a038398,True,False,DZ,1631357677.033124
0,could not receive ip address from ipfy,Error,/BuildNotice/0,MobileSDK,Google Mediatek MT8173 Chromebook,OpenGLES2,1.0,1.11.0,False,Programmatic1,Programmatic,11/09/2021 10:54:35,6028e36ad1e80652e41054ca,6028e407a1ba2a0d3d760566,com.mytalkingcatemma.ballerinagames,1.0,en,Android OS 9 / API-28 (R92-13982.88.0/7611540),642939ef-7224-42bd-ab8c-54bfec1db268,False,False,AF,1631357677.188323
0,could not receive ip address from ipfy,Error,/BuildNotice/0,MobileSDK,vivo vivo 1906,OpenGLES2,1.0,1.10.2,False,Programmatic1,Programmatic,09/11/2021 10:54:34,611bdadcd4e35d332f3d5e66,611be843d5491c7d0a6ab0ce,com.thg.battleops.shooting.game,1.0,iv,Android OS 11 / API-30 (RP1A.200720.012/eng.compil.20210607.222122),fb9dd824-3203-40ec-baf1-eabb4a038398,True,False,DZ,1631357677.243366
0,An error occurred while sending the request,Error,/BuildNotice/0,MobileSDK,Google Mediatek MT8173 Chromebook,OpenGLES2,1.0,1.11.0,False,Programmatic1,Programmatic,11/09/2021 10:54:35,6028e36ad1e80652e41054ca,6028e407a1ba2a0d3d760566,com.mytalkingcatemma.ballerinagames,1.0,en,Android OS 9 / API-28 (R92-13982.88.0/7611540),642939ef-7224-42bd-ab8c-54bfec1db268,False,False,AF,1631357677.274768
0,could not receive ip address from ipfy,Error,/BuildNotice/0,MobileSDK,Xiaomi Redmi Go,OpenGLES2,1.0,1.11.0,False,Programmatic1,Programmatic,11.09.2021 10:54:34,6028e36ad1e80652e41054ca,6028e407a1ba2a0d3d760566,com.mytalkingcatemma.ballerinagames,1.0,ru,Android OS 8.1.0 / API-27 (OPM1.171019.026/V10.2.19.0.OCLINXM),a93fc096-654d-4731-ae19-bf84488ff6e9,False,False,FR,1631357677.29138
0,An error occurred while sending the request,Error,/BuildNotice/0,MobileSDK,Xiaomi Redmi Go,OpenGLES2,1.0,1.11.0,False,Programmatic1,Programmatic,11.09.2021 10:54:34,6028e36ad1e80652e41054ca,6028e407a1ba2a0d3d760566,com.mytalkingcatemma.ballerinagames,1.0,ru,Android OS 8.1.0 / API-27 (OPM1.171019.026/V10.2.19.0.OCLINXM),a93fc096-654d-4731-ae19-bf84488ff6e9,False,False,FR,1631357677.305979
0,could not receive ip address from ipfy,Error,/BuildNotice/0,MobileSDK,Xiaomi M2004J19C,OpenGLES2,1.0,1.11.0,False,Programmatic1,Programmatic,09/11/2021 10:54:34,6028e36ad1e80652e41054ca,609d69021c511f4b1d4df1c4,com.pregnantcatemma.virtualpet,1.0,iv,Android OS 10 / API-29 (QP1A.190711.020/V12.0.1.0.QJCRUXM),7f33e85a-6581-4dea-b1db-97759fae75c2,False,False,KR,1631357677.363957
0,An error occurred while sending the request,Error,/BuildNotice/0,MobileSDK,Xiaomi M2004J19C,OpenGLES2,1.0,1.11.0,False,Programmatic1,Programmatic,09/11/2021 10:54:34,6028e36ad1e80652e41054ca,609d69021c511f4b1d4df1c4,com.pregnantcatemma.virtualpet,1.0,iv,Android OS 10 / API-29 (QP1A.190711.020/V12.0.1.0.QJCRUXM),7f33e85a-6581-4dea-b1db-97759fae75c2,False,False,KR,1631357677.400572
0,An error occurred while sending the request,Error,/BuildNotice/0,MobileSDK,vivo vivo 1906,OpenGLES2,1.0,1.10.2,False,Programmatic1,Programmatic,09/11/2021 10:54:34,611bdadcd4e35d332f3d5e66,611be843d5491c7d0a6ab0ce,com.thg.battleops.shooting.game,1.0,iv,Android OS 11 / API-30 (RP1A.200720.012/eng.compil.20210607.222122),fb9dd824-3203-40ec-baf1-eabb4a038398,True,False,DZ,1631357677.570387
0,could not receive ip address from ipfy,Error,/BuildNotice/0,MobileSDK,Google Mediatek MT8173 Chromebook,OpenGLES2,1.0,1.11.0,False,Programmatic1,Programmatic,11/09/2021 10:54:35,6028e36ad1e80652e41054ca,6028e407a1ba2a0d3d760566,com.mytalkingcatemma.ballerinagames,1.0,en,Android OS 9 / API-28 (R92-13982.88.0/7611540),642939ef-7224-42bd-ab8c-54bfec1db268,False,False,AF,1631357677.582847
0,An error occurred while sending the request,Error,/BuildNotice/0,MobileSDK,Google Mediatek MT8173 Chromebook,OpenGLES2,1.0,1.11.0,False,Programmatic1,Programmatic,11/09/2021 10:54:35,6028e36ad1e80652e41054ca,6028e407a1ba2a0d3d760566,com.mytalkingcatemma.ballerinagames,1.0,en,Android OS 9 / API-28 (R92-13982.88.0/7611540),642939ef-7224-42bd-ab8c-54bfec1db268,False,False,AF,1631357677.617652
0,could not receive ip address from ipfy,Error,/BuildNotice/0,MobileSDK,Google Mediatek MT8173 Chromebook,OpenGLES2,1.0,1.11.0,False,Programmatic1,Programmatic,11/09/2021 10:54:35,6028e36ad1e80652e41054ca,6028e407a1ba2a0d3d760566,com.mytalkingcatemma.ballerinagames,1.0,en,Android OS 9 / API-28 (R92-13982.88.0/7611540),642939ef-7224-42bd-ab8c-54bfec1db268,False,False,AF,1631357677.973053
0,An error occurred while sending the request,Error,/BuildNotice/0,MobileSDK,Google Mediatek MT8173 Chromebook,OpenGLES2,1.0,1.11.0,False,Programmatic1,Programmatic,11/09/2021 10:54:35,6028e36ad1e80652e41054ca,6028e407a1ba2a0d3d760566,com.mytalkingcatemma.ballerinagames,1.0,en,Android OS 9 / API-28 (R92-13982.88.0/7611540),642939ef-7224-42bd-ab8c-54bfec1db268,False,False,AF,1631357677.999068
0,could not receive ip address from ipfy,Error,/BuildNotice/0,MobileSDK,vivo vivo 1906,OpenGLES2,1.0,1.10.2,False,Programmatic1,Programmatic,09/11/2021 10:54:35,611bdadcd4e35d332f3d5e66,611be843d5491c7d0a6ab0ce,com.thg.battleops.shooting.game,1.0,iv,Android OS 11 / API-30 (RP1A.200720.012/eng.compil.20210607.222122),fb9dd824-3203-40ec-baf1-eabb4a038398,True,False,DZ,1631357678.040837
0,could not receive ip address from ipfy,Error,/BuildNotice/0,MobileSDK,samsung SM-J320G,OpenGLES2,1.0,1.11.0,False,Programmatic1,Programmatic,9/11/2021 10:56:05 AM,6028e36ad1e80652e41054ca,6028e407a1ba2a0d3d760566,com.mytalkingcatemma.ballerinagames,1.0,en,Android OS 5.1.1 / API-22 (LMY47V/J320GXXS0AQL1),12d3ed51-6206-45e4-b418-d84bcded1d9f,False,False,IN,1631357678.302476
0,An error occurred while sending the request,Error,/BuildNotice/0,MobileSDK,samsung SM-J320G,OpenGLES2,1.0,1.11.0,False,Programmatic1,Programmatic,9/11/2021 10:56:05 AM,6028e36ad1e80652e41054ca,6028e407a1ba2a0d3d760566,com.mytalkingcatemma.ballerinagames,1.0,en,Android OS 5.1.1 / API-22 (LMY47V/J320GXXS0AQL1),12d3ed51-6206-45e4-b418-d84bcded1d9f,False,False,IN,1631357678.363175
0,could not receive ip address from ipfy,Error,/BuildNotice/0,MobileSDK,Google Mediatek MT8173 Chromebook,OpenGLES2,1.0,1.11.0,False,Programmatic1,Programmatic,11/09/2021 10:54:36,6028e36ad1e80652e41054ca,6028e407a1ba2a0d3d760566,com.mytalkingcatemma.ballerinagames,1.0,en,Android OS 9 / API-28 (R92-13982.88.0/7611540),642939ef-7224-42bd-ab8c-54bfec1db268,False,False,AF,1631357678.376272
0,An error occurred while sending the request,Error,/BuildNotice/0,MobileSDK,Google Mediatek MT8173 Chromebook,OpenGLES2,1.0,1.11.0,False,Programmatic1,Programmatic,11/09/2021 10:54:36,6028e36ad1e80652e41054ca,6028e407a1ba2a0d3d760566,com.mytalkingcatemma.ballerinagames,1.0,en,Android OS 9 / API-28 (R92-13982.88.0/7611540),642939ef-7224-42bd-ab8c-54bfec1db268,False,False,AF,1631357678.391536
0,An error occurred while sending the request,Error,/BuildNotice/0,MobileSDK,vivo vivo 1906,OpenGLES2,1.0,1.10.2,False,Programmatic1,Programmatic,09/11/2021 10:54:35,611bdadcd4e35d332f3d5e66,611be843d5491c7d0a6ab0ce,com.thg.battleops.shooting.game,1.0,iv,Android OS 11 / API-30 (RP1A.200720.012/eng.compil.20210607.222122),fb9dd824-3203-40ec-baf1-eabb4a038398,True,False,DZ,1631357678.456246
0,could not receive ip address from ipfy,Error,/BuildNotice/0,MobileSDK,Google Mediatek MT8173 Chromebook,OpenGLES2,1.0,1.11.0,False,Programmatic1,Programmatic,11/09/2021 10:54:36,6028e36ad1e80652e41054ca,6028e407a1ba2a0d3d760566,com.mytalkingcatemma.ballerinagames,1.0,en,Android OS 9 / API-28 (R92-13982.88.0/7611540),642939ef-7224-42bd-ab8c-54bfec1db268,False,False,AF,1631357678.907178
0,An error occurred while sending the request,Error,/BuildNotice/0,MobileSDK,Google Mediatek MT8173 Chromebook,OpenGLES2,1.0,1.11.0,False,Programmatic1,Programmatic,11/09/2021 10:54:36,6028e36ad1e80652e41054ca,6028e407a1ba2a0d3d760566,com.mytalkingcatemma.ballerinagames,1.0,en,Android OS 9 / API-28 (R92-13982.88.0/7611540),642939ef-7224-42bd-ab8c-54bfec1db268,False,False,AF,1631357678.947521
0,could not receive ip address from ipfy,Error,/BuildNotice/0,MobileSDK,LGE LM-G850,OpenGLES2,1.0,1.11.0,False,Programmatic1,Programmatic,11/09/2021 10:54:39,6028e36ad1e80652e41054ca,6028e407a1ba2a0d3d760566,com.mytalkingcatemma.ballerinagames,1.0,en,Android OS 11 / API-30 (RKQ1.210420.001/2121423165754.OPEN_ESA_DS),23239c7e-f630-4dd2-a29d-9a7ebba20566,False,False,RU,1631357679.164903
0,could not receive ip address from ipfy,Error,/BuildNotice/0,MobileSDK,vivo vivo 1906,OpenGLES2,1.0,1.10.2,False,Programmatic1,Programmatic,09/11/2021 10:54:36,611bdadcd4e35d332f3d5e66,611be843d5491c7d0a6ab0ce,com.thg.battleops.shooting.game,1.0,iv,Android OS 11 / API-30 (RP1A.200720.012/eng.compil.20210607.222122),fb9dd824-3203-40ec-baf1-eabb4a038398,True,False,DZ,1631357679.160117
0,An error occurred while sending the request,Error,/BuildNotice/0,MobileSDK,LGE LM-G850,OpenGLES2,1.0,1.11.0,False,Programmatic1,Programmatic,11/09/2021 10:54:39,6028e36ad1e80652e41054ca,6028e407a1ba2a0d3d760566,com.mytalkingcatemma.ballerinagames,1.0,en,Android OS 11 / API-30 (RKQ1.210420.001/2121423165754.OPEN_ESA_DS),23239c7e-f630-4dd2-a29d-9a7ebba20566,False,False,RU,1631357679.180668
0,An error occurred while sending the request,Error,/BuildNotice/0,MobileSDK,vivo vivo 1906,OpenGLES2,1.0,1.10.2,False,Programmatic1,Programmatic,09/11/2021 10:54:36,611bdadcd4e35d332f3d5e66,611be843d5491c7d0a6ab0ce,com.thg.battleops.shooting.game,1.0,iv,Android OS 11 / API-30 (RP1A.200720.012/eng.compil.20210607.222122),fb9dd824-3203-40ec-baf1-eabb4a038398,True,False,DZ,1631357679.335492
0,could not receive ip address from ipfy,Error,/BuildNotice/0,MobileSDK,Google Mediatek MT8173 Chromebook,OpenGLES2,1.0,1.11.0,False,Programmatic1,Programmatic,11/09/2021 10:54:37,6028e36ad1e80652e41054ca,6028e407a1ba2a0d3d760566,com.mytalkingcatemma.ballerinagames,1.0,en,Android OS 9 / API-28 (R92-13982.88.0/7611540),642939ef-7224-42bd-ab8c-54bfec1db268,False,False,AF,1631357679.558515
0,An error occurred while sending the request,Error,/BuildNotice/0,MobileSDK,Google Mediatek MT8173 Chromebook,OpenGLES2,1.0,1.11.0,False,Programmatic1,Programmatic,11/09/2021 10:54:37,6028e36ad1e80652e41054ca,6028e407a1ba2a0d3d760566,com.mytalkingcatemma.ballerinagames,1.0,en,Android OS 9 / API-28 (R92-13982.88.0/7611540),642939ef-7224-42bd-ab8c-54bfec1db268,False,False,AF,1631357679.593053
0,could not receive ip address from ipfy,Error,/BuildNotice/0,MobileSDK,samsung SM-M315F,OpenGLES2,1.0,1.11.0,False,Programmatic1,Programmatic,09/11/2021 10:54:38,6028e36ad1e80652e41054ca,609d69021c511f4b1d4df1c4,com.pregnantcatemma.virtualpet,1.0,iv,Android OS 11 / API-30 (RP1A.200720.012/M315FXXU2BUG2),22958cb2-3edb-4eee-955c-0e1a06cef14c,False,False,IN,1631357679.782251
0,An error occurred while sending the request,Error,/BuildNotice/0,MobileSDK,samsung SM-M315F,OpenGLES2,1.0,1.11.0,False,Programmatic1,Programmatic,09/11/2021 10:54:38,6028e36ad1e80652e41054ca,609d69021c511f4b1d4df1c4,com.pregnantcatemma.virtualpet,1.0,iv,Android OS 11 / API-30 (RP1A.200720.012/M315FXXU2BUG2),22958cb2-3edb-4eee-955c-0e1a06cef14c,False,False,IN,1631357679.796346
0,could not receive ip address from ipfy,Error,/BuildNotice/0,MobileSDK,vivo vivo 1906,OpenGLES2,1.0,1.10.2,False,Programmatic1,Programmatic,09/11/2021 10:54:37,611bdadcd4e35d332f3d5e66,611be843d5491c7d0a6ab0ce,com.thg.battleops.shooting.game,1.0,iv,Android OS 11 / API-30 (RP1A.200720.012/eng.compil.20210607.222122),fb9dd824-3203-40ec-baf1-eabb4a038398,True,False,DZ,1631357679.889251
0,could not receive ip address from ipfy,Error,/BuildNotice/0,MobileSDK,Google Mediatek MT8173 Chromebook,OpenGLES2,1.0,1.11.0,False,Programmatic1,Programmatic,11/09/2021 10:54:37,6028e36ad1e80652e41054ca,6028e407a1ba2a0d3d760566,com.mytalkingcatemma.ballerinagames,1.0,en,Android OS 9 / API-28 (R92-13982.88.0/7611540),642939ef-7224-42bd-ab8c-54bfec1db268,False,False,AF,1631357679.901099
0,An error occurred while sending the request,Error,/BuildNotice/0,MobileSDK,Google Mediatek MT8173 Chromebook,OpenGLES2,1.0,1.11.0,False,Programmatic1,Programmatic,11/09/2021 10:54:37,6028e36ad1e80652e41054ca,6028e407a1ba2a0d3d760566,com.mytalkingcatemma.ballerinagames,1.0,en,Android OS 9 / API-28 (R92-13982.88.0/7611540),642939ef-7224-42bd-ab8c-54bfec1db268,False,False,AF,1631357679.937471
0,An error occurred while sending the request,Error,/BuildNotice/0,MobileSDK,vivo vivo 1906,OpenGLES2,1.0,1.10.2,False,Programmatic1,Programmatic,09/11/2021 10:54:37,611bdadcd4e35d332f3d5e66,611be843d5491c7d0a6ab0ce,com.thg.battleops.shooting.game,1.0,iv,Android OS 11 / API-30 (RP1A.200720.012/eng.compil.20210607.222122),fb9dd824-3203-40ec-baf1-eabb4a038398,True,False,DZ,1631357680.218902
0,could not receive ip address from ipfy,Error,/BuildNotice/0,MobileSDK,Google Mediatek MT8173 Chromebook,OpenGLES2,1.0,1.11.0,False,Programmatic1,Programmatic,11/09/2021 10:54:38,6028e36ad1e80652e41054ca,6028e407a1ba2a0d3d760566,com.mytalkingcatemma.ballerinagames,1.0,en,Android OS 9 / API-28 (R92-13982.88.0/7611540),642939ef-7224-42bd-ab8c-54bfec1db268,False,False,AF,1631357680.262165
0,An error occurred while sending the request,Error,/BuildNotice/0,MobileSDK,Google Mediatek MT8173 Chromebook,OpenGLES2,1.0,1.11.0,False,Programmatic1,Programmatic,11/09/2021 10:54:38,6028e36ad1e80652e41054ca,6028e407a1ba2a0d3d760566,com.mytalkingcatemma.ballerinagames,1.0,en,Android OS 9 / API-28 (R92-13982.88.0/7611540),642939ef-7224-42bd-ab8c-54bfec1db268,False,False,AF,1631357680.301554
0,could not receive ip address from ipfy,Error,/BuildNotice/0,MobileSDK,Xiaomi M2004J19C,OpenGLES2,1.0,1.11.0,False,Programmatic1,Programmatic,09/11/2021 10:54:37,6028e36ad1e80652e41054ca,609d69021c511f4b1d4df1c4,com.pregnantcatemma.virtualpet,1.0,iv,Android OS 10 / API-29 (QP1A.190711.020/V12.0.1.0.QJCRUXM),7f33e85a-6581-4dea-b1db-97759fae75c2,False,False,KR,1631357680.557238
0,An error occurred while sending the request,Error,/BuildNotice/0,MobileSDK,Xiaomi M2004J19C,OpenGLES2,1.0,1.11.0,False,Programmatic1,Programmatic,09/11/2021 10:54:37,6028e36ad1e80652e41054ca,609d69021c511f4b1d4df1c4,com.pregnantcatemma.virtualpet,1.0,iv,Android OS 10 / API-29 (QP1A.190711.020/V12.0.1.0.QJCRUXM),7f33e85a-6581-4dea-b1db-97759fae75c2,False,False,KR,1631357680.573436
0,could not receive ip address from ipfy,Error,/BuildNotice/0,MobileSDK,Google Mediatek MT8173 Chromebook,OpenGLES2,1.0,1.11.0,False,Programmatic1,Programmatic,11/09/2021 10:54:38,6028e36ad1e80652e41054ca,6028e407a1ba2a0d3d760566,com.mytalkingcatemma.ballerinagames,1.0,en,Android OS 9 / API-28 (R92-13982.88.0/7611540),642939ef-7224-42bd-ab8c-54bfec1db268,False,False,AF,1631357680.622504
0,An error occurred while sending the request,Error,/BuildNotice/0,MobileSDK,Google Mediatek MT8173 Chromebook,OpenGLES2,1.0,1.11.0,False,Programmatic1,Programmatic,11/09/2021 10:54:38,6028e36ad1e80652e41054ca,6028e407a1ba2a0d3d760566,com.mytalkingcatemma.ballerinagames,1.0,en,Android OS 9 / API-28 (R92-13982.88.0/7611540),642939ef-7224-42bd-ab8c-54bfec1db268,False,False,AF,1631357680.66144
0,"We are running ""Programmatic Flow"", you need to active gCom. 
 HTTP/1.1 400 Bad Request
{""product"": null, ""payment"": null, ""shipment_available_options"": [], ""session"": {""session_id"": ""1.0"", ""status"": ""Error: CODE_INVALID_FLOW_ID"", ""error_code"": 110}, ""flow"": ""gcom""}",Error,/BuildNotice/0,MobileSDK,samsung SM-G975F,OpenGLES2,1.0,1.10.2,False,Programmatic1,Programmatic,09/11/2021 10:54:40,611bdadcd4e35d332f3d5e66,611be843d5491c7d0a6ab0ce,com.thg.battleops.shooting.game,1.0,iv,Android OS 11 / API-30 (RP1A.200720.012/G975FXXU9EUA4),ad495aa3-5546-41bf-af2c-e27edd4c0b93,True,False,AU,1631357680.791446
0,could not receive ip address from ipfy,Error,/BuildNotice/0,MobileSDK,vivo vivo 1906,OpenGLES2,1.0,1.10.2,False,Programmatic1,Programmatic,09/11/2021 10:54:38,611bdadcd4e35d332f3d5e66,611be843d5491c7d0a6ab0ce,com.thg.battleops.shooting.game,1.0,iv,Android OS 11 / API-30 (RP1A.200720.012/eng.compil.20210607.222122),fb9dd824-3203-40ec-baf1-eabb4a038398,True,False,DZ,1631357680.922376
0,could not receive ip address from ipfy,Error,/BuildNotice/0,MobileSDK,Google Mediatek MT8173 Chromebook,OpenGLES2,1.0,1.11.0,False,Programmatic1,Programmatic,11/09/2021 10:54:38,6028e36ad1e80652e41054ca,6028e407a1ba2a0d3d760566,com.mytalkingcatemma.ballerinagames,1.0,en,Android OS 9 / API-28 (R92-13982.88.0/7611540),642939ef-7224-42bd-ab8c-54bfec1db268,False,False,AF,1631357680.967635
0,An error occurred while sending the request,Error,/BuildNotice/0,MobileSDK,Google Mediatek MT8173 Chromebook,OpenGLES2,1.0,1.11.0,False,Programmatic1,Programmatic,11/09/2021 10:54:38,6028e36ad1e80652e41054ca,6028e407a1ba2a0d3d760566,com.mytalkingcatemma.ballerinagames,1.0,en,Android OS 9 / API-28 (R92-13982.88.0/7611540),642939ef-7224-42bd-ab8c-54bfec1db268,False,False,AF,1631357681.119822
0,could not receive ip address from ipfy,Error,/BuildNotice/0,MobileSDK,Google Mediatek MT8173 Chromebook,OpenGLES2,1.0,1.11.0,False,Programmatic1,Programmatic,11/09/2021 10:54:39,6028e36ad1e80652e41054ca,6028e407a1ba2a0d3d760566,com.mytalkingcatemma.ballerinagames,1.0,en,Android OS 9 / API-28 (R92-13982.88.0/7611540),642939ef-7224-42bd-ab8c-54bfec1db268,False,False,AF,1631357681.330409
0,An error occurred while sending the request,Error,/BuildNotice/0,MobileSDK,Google Mediatek MT8173 Chromebook,OpenGLES2,1.0,1.11.0,False,Programmatic1,Programmatic,11/09/2021 10:54:39,6028e36ad1e80652e41054ca,6028e407a1ba2a0d3d760566,com.mytalkingcatemma.ballerinagames,1.0,en,Android OS 9 / API-28 (R92-13982.88.0/7611540),642939ef-7224-42bd-ab8c-54bfec1db268,False,False,AF,1631357681.448701
0,could not receive ip address from ipfy,Error,/BuildNotice/0,MobileSDK,vivo vivo 1815,OpenGLES2,1.0,1.11.0,False,Programmatic1,Programmatic,9/11/2021 10:54:40 AM,6028e36ad1e80652e41054ca,6028e407a1ba2a0d3d760566,com.mytalkingcatemma.ballerinagames,1.0,en,Android OS 8.1.0 / API-27 (O11019/1625744218),aeffd1c5-1fb1-4106-b26a-928dcb9a3b54,False,False,RU,1631357681.621785
0,could not receive ip address from ipfy,Error,/BuildNotice/0,MobileSDK,Google Mediatek MT8173 Chromebook,OpenGLES2,1.0,1.11.0,False,Programmatic1,Programmatic,11/09/2021 10:54:39,6028e36ad1e80652e41054ca,6028e407a1ba2a0d3d760566,com.mytalkingcatemma.ballerinagames,1.0,en,Android OS 9 / API-28 (R92-13982.88.0/7611540),642939ef-7224-42bd-ab8c-54bfec1db268,False,False,AF,1631357681.673756
0,An error occurred while sending the request,Error,/BuildNotice/0,MobileSDK,vivo vivo 1815,OpenGLES2,1.0,1.11.0,False,Programmatic1,Programmatic,9/11/2021 10:54:40 AM,6028e36ad1e80652e41054ca,6028e407a1ba2a0d3d760566,com.mytalkingcatemma.ballerinagames,1.0,en,Android OS 8.1.0 / API-27 (O11019/1625744218),aeffd1c5-1fb1-4106-b26a-928dcb9a3b54,False,False,RU,1631357681.685393
0,An error occurred while sending the request,Error,/BuildNotice/0,MobileSDK,Google Mediatek MT8173 Chromebook,OpenGLES2,1.0,1.11.0,False,Programmatic1,Programmatic,11/09/2021 10:54:39,6028e36ad1e80652e41054ca,6028e407a1ba2a0d3d760566,com.mytalkingcatemma.ballerinagames,1.0,en,Android OS 9 / API-28 (R92-13982.88.0/7611540),642939ef-7224-42bd-ab8c-54bfec1db268,False,False,AF,1631357681.77526
0,could not receive ip address from ipfy,Error,/BuildNotice/0,MobileSDK,Google Mediatek MT8173 Chromebook,OpenGLES2,1.0,1.11.0,False,Programmatic1,Programmatic,11/09/2021 10:54:39,6028e36ad1e80652e41054ca,6028e407a1ba2a0d3d760566,com.mytalkingcatemma.ballerinagames,1.0,en,Android OS 9 / API-28 (R92-13982.88.0/7611540),642939ef-7224-42bd-ab8c-54bfec1db268,False,False,AF,1631357682.06582
0,An error occurred while sending the request,Error,/BuildNotice/0,MobileSDK,vivo vivo 1906,OpenGLES2,1.0,1.10.2,False,Programmatic1,Programmatic,09/11/2021 10:54:38,611bdadcd4e35d332f3d5e66,611be843d5491c7d0a6ab0ce,com.thg.battleops.shooting.game,1.0,iv,Android OS 11 / API-30 (RP1A.200720.012/eng.compil.20210607.222122),fb9dd824-3203-40ec-baf1-eabb4a038398,True,False,DZ,1631357682.074129
0,could not receive ip address from ipfy,Error,/BuildNotice/0,MobileSDK,vivo vivo 1906,OpenGLES2,1.0,1.10.2,False,Programmatic1,Programmatic,09/11/2021 10:54:39,611bdadcd4e35d332f3d5e66,611be843d5491c7d0a6ab0ce,com.thg.battleops.shooting.game,1.0,iv,Android OS 11 / API-30 (RP1A.200720.012/eng.compil.20210607.222122),fb9dd824-3203-40ec-baf1-eabb4a038398,True,False,DZ,1631357682.098686
0,An error occurred while sending the request,Error,/BuildNotice/0,MobileSDK,Google Mediatek MT8173 Chromebook,OpenGLES2,1.0,1.11.0,False,Programmatic1,Programmatic,11/09/2021 10:54:39,6028e36ad1e80652e41054ca,6028e407a1ba2a0d3d760566,com.mytalkingcatemma.ballerinagames,1.0,en,Android OS 9 / API-28 (R92-13982.88.0/7611540),642939ef-7224-42bd-ab8c-54bfec1db268,False,False,AF,1631357682.1034
0,could not receive ip address from ipfy,Error,/BuildNotice/0,MobileSDK,Google Mediatek MT8173 Chromebook,OpenGLES2,1.0,1.11.0,False,Programmatic1,Programmatic,11/09/2021 10:54:40,6028e36ad1e80652e41054ca,6028e407a1ba2a0d3d760566,com.mytalkingcatemma.ballerinagames,1.0,en,Android OS 9 / API-28 (R92-13982.88.0/7611540),642939ef-7224-42bd-ab8c-54bfec1db268,False,False,AF,1631357682.407784
0,An error occurred while sending the request,Error,/BuildNotice/0,MobileSDK,Google Mediatek MT8173 Chromebook,OpenGLES2,1.0,1.11.0,False,Programmatic1,Programmatic,11/09/2021 10:54:40,6028e36ad1e80652e41054ca,6028e407a1ba2a0d3d760566,com.mytalkingcatemma.ballerinagames,1.0,en,Android OS 9 / API-28 (R92-13982.88.0/7611540),642939ef-7224-42bd-ab8c-54bfec1db268,False,False,AF,1631357682.445926
0,could not receive ip address from ipfy,Error,/BuildNotice/0,MobileSDK,Google Mediatek MT8173 Chromebook,OpenGLES2,1.0,1.11.0,False,Programmatic1,Programmatic,11/09/2021 10:54:40,6028e36ad1e80652e41054ca,6028e407a1ba2a0d3d760566,com.mytalkingcatemma.ballerinagames,1.0,en,Android OS 9 / API-28 (R92-13982.88.0/7611540),642939ef-7224-42bd-ab8c-54bfec1db268,False,False,AF,1631357682.758724
0,could not receive ip address from ipfy,Error,/BuildNotice/0,MobileSDK,samsung SM-M315F,OpenGLES2,1.0,1.11.0,False,Programmatic1,Programmatic,09/11/2021 10:54:41,6028e36ad1e80652e41054ca,609d69021c511f4b1d4df1c4,com.pregnantcatemma.virtualpet,1.0,iv,Android OS 11 / API-30 (RP1A.200720.012/M315FXXU2BUG2),22958cb2-3edb-4eee-955c-0e1a06cef14c,False,False,IN,1631357682.772419
0,An error occurred while sending the request,Error,/BuildNotice/0,MobileSDK,Google Mediatek MT8173 Chromebook,OpenGLES2,1.0,1.11.0,False,Programmatic1,Programmatic,11/09/2021 10:54:40,6028e36ad1e80652e41054ca,6028e407a1ba2a0d3d760566,com.mytalkingcatemma.ballerinagames,1.0,en,Android OS 9 / API-28 (R92-13982.88.0/7611540),642939ef-7224-42bd-ab8c-54bfec1db268,False,False,AF,1631357682.796313
0,An error occurred while sending the request,Error,/BuildNotice/0,MobileSDK,samsung SM-M315F,OpenGLES2,1.0,1.11.0,False,Programmatic1,Programmatic,09/11/2021 10:54:41,6028e36ad1e80652e41054ca,609d69021c511f4b1d4df1c4,com.pregnantcatemma.virtualpet,1.0,iv,Android OS 11 / API-30 (RP1A.200720.012/M315FXXU2BUG2),22958cb2-3edb-4eee-955c-0e1a06cef14c,False,False,IN,1631357682.809404
0,An error occurred while sending the request,Error,/BuildNotice/0,MobileSDK,vivo vivo 1906,OpenGLES2,1.0,1.10.2,False,Programmatic1,Programmatic,09/11/2021 10:54:39,611bdadcd4e35d332f3d5e66,611be843d5491c7d0a6ab0ce,com.thg.battleops.shooting.game,1.0,iv,Android OS 11 / API-30 (RP1A.200720.012/eng.compil.20210607.222122),fb9dd824-3203-40ec-baf1-eabb4a038398,True,False,DZ,1631357682.825372
0,could not receive ip address from ipfy,Error,/BuildNotice/0,MobileSDK,vivo vivo 1906,OpenGLES2,1.0,1.10.2,False,Programmatic1,Programmatic,09/11/2021 10:54:40,611bdadcd4e35d332f3d5e66,611be843d5491c7d0a6ab0ce,com.thg.battleops.shooting.game,1.0,iv,Android OS 11 / API-30 (RP1A.200720.012/eng.compil.20210607.222122),fb9dd824-3203-40ec-baf1-eabb4a038398,True,False,DZ,1631357683.035401
0,could not receive ip address from ipfy,Error,/BuildNotice/0,MobileSDK,Google Mediatek MT8173 Chromebook,OpenGLES2,1.0,1.11.0,False,Programmatic1,Programmatic,11/09/2021 10:54:40,6028e36ad1e80652e41054ca,6028e407a1ba2a0d3d760566,com.mytalkingcatemma.ballerinagames,1.0,en,Android OS 9 / API-28 (R92-13982.88.0/7611540),642939ef-7224-42bd-ab8c-54bfec1db268,False,False,AF,1631357683.114408
0,An error occurred while sending the request,Error,/BuildNotice/0,MobileSDK,Google Mediatek MT8173 Chromebook,OpenGLES2,1.0,1.11.0,False,Programmatic1,Programmatic,11/09/2021 10:54:40,6028e36ad1e80652e41054ca,6028e407a1ba2a0d3d760566,com.mytalkingcatemma.ballerinagames,1.0,en,Android OS 9 / API-28 (R92-13982.88.0/7611540),642939ef-7224-42bd-ab8c-54bfec1db268,False,False,AF,1631357683.180907
0,could not receive ip address from ipfy,Error,/BuildNotice/0,MobileSDK,Google Mediatek MT8173 Chromebook,OpenGLES2,1.0,1.11.0,False,Programmatic1,Programmatic,11/09/2021 10:54:41,6028e36ad1e80652e41054ca,6028e407a1ba2a0d3d760566,com.mytalkingcatemma.ballerinagames,1.0,en,Android OS 9 / API-28 (R92-13982.88.0/7611540),642939ef-7224-42bd-ab8c-54bfec1db268,False,False,AF,1631357683.456106
0,An error occurred while sending the request,Error,/BuildNotice/0,MobileSDK,Google Mediatek MT8173 Chromebook,OpenGLES2,1.0,1.11.0,False,Programmatic1,Programmatic,11/09/2021 10:54:41,6028e36ad1e80652e41054ca,6028e407a1ba2a0d3d760566,com.mytalkingcatemma.ballerinagames,1.0,en,Android OS 9 / API-28 (R92-13982.88.0/7611540),642939ef-7224-42bd-ab8c-54bfec1db268,False,False,AF,1631357683.51607
0,could not receive ip address from ipfy,Error,/BuildNotice/0,MobileSDK,Google Mediatek MT8173 Chromebook,OpenGLES2,1.0,1.11.0,False,Programmatic1,Programmatic,11/09/2021 10:54:41,6028e36ad1e80652e41054ca,6028e407a1ba2a0d3d760566,com.mytalkingcatemma.ballerinagames,1.0,en,Android OS 9 / API-28 (R92-13982.88.0/7611540),642939ef-7224-42bd-ab8c-54bfec1db268,False,False,AF,1631357683.80663
0,An error occurred while sending the request,Error,/BuildNotice/0,MobileSDK,Google Mediatek MT8173 Chromebook,OpenGLES2,1.0,1.11.0,False,Programmatic1,Programmatic,11/09/2021 10:54:41,6028e36ad1e80652e41054ca,6028e407a1ba2a0d3d760566,com.mytalkingcatemma.ballerinagames,1.0,en,Android OS 9 / API-28 (R92-13982.88.0/7611540),642939ef-7224-42bd-ab8c-54bfec1db268,False,False,AF,1631357683.849385
0,could not receive ip address from ipfy,Error,/BuildNotice/0,MobileSDK,vivo vivo 1906,OpenGLES2,1.0,1.10.2,False,Programmatic1,Programmatic,09/11/2021 10:54:41,611bdadcd4e35d332f3d5e66,611be843d5491c7d0a6ab0ce,com.thg.battleops.shooting.game,1.0,iv,Android OS 11 / API-30 (RP1A.200720.012/eng.compil.20210607.222122),fb9dd824-3203-40ec-baf1-eabb4a038398,True,False,DZ,1631357683.855566
0,An error occurred while sending the request,Error,/BuildNotice/0,MobileSDK,vivo vivo 1906,OpenGLES2,1.0,1.10.2,False,Programmatic1,Programmatic,09/11/2021 10:54:40,611bdadcd4e35d332f3d5e66,611be843d5491c7d0a6ab0ce,com.thg.battleops.shooting.game,1.0,iv,Android OS 11 / API-30 (RP1A.200720.012/eng.compil.20210607.222122),fb9dd824-3203-40ec-baf1-eabb4a038398,True,False,DZ,1631357683.943238
0,could not receive ip address from ipfy,Error,/BuildNotice/0,MobileSDK,Google Mediatek MT8173 Chromebook,OpenGLES2,1.0,1.11.0,False,Programmatic1,Programmatic,11/09/2021 10:54:42,6028e36ad1e80652e41054ca,6028e407a1ba2a0d3d760566,com.mytalkingcatemma.ballerinagames,1.0,en,Android OS 9 / API-28 (R92-13982.88.0/7611540),642939ef-7224-42bd-ab8c-54bfec1db268,False,False,AF,1631357684.220647
0,An error occurred while sending the request,Error,/BuildNotice/0,MobileSDK,Google Mediatek MT8173 Chromebook,OpenGLES2,1.0,1.11.0,False,Programmatic1,Programmatic,11/09/2021 10:54:42,6028e36ad1e80652e41054ca,6028e407a1ba2a0d3d760566,com.mytalkingcatemma.ballerinagames,1.0,en,Android OS 9 / API-28 (R92-13982.88.0/7611540),642939ef-7224-42bd-ab8c-54bfec1db268,False,False,AF,1631357684.236553
0,could not receive ip address from ipfy,Error,/BuildNotice/0,MobileSDK,Google Mediatek MT8173 Chromebook,OpenGLES2,1.0,1.11.0,False,Programmatic1,Programmatic,11/09/2021 10:54:42,6028e36ad1e80652e41054ca,6028e407a1ba2a0d3d760566,com.mytalkingcatemma.ballerinagames,1.0,en,Android OS 9 / API-28 (R92-13982.88.0/7611540),642939ef-7224-42bd-ab8c-54bfec1db268,False,False,AF,1631357684.548684
0,An error occurred while sending the request,Error,/BuildNotice/0,MobileSDK,Google Mediatek MT8173 Chromebook,OpenGLES2,1.0,1.11.0,False,Programmatic1,Programmatic,11/09/2021 10:54:42,6028e36ad1e80652e41054ca,6028e407a1ba2a0d3d760566,com.mytalkingcatemma.ballerinagames,1.0,en,Android OS 9 / API-28 (R92-13982.88.0/7611540),642939ef-7224-42bd-ab8c-54bfec1db268,False,False,AF,1631357684.584794
0,An error occurred while sending the request,Error,/BuildNotice/0,MobileSDK,vivo vivo 1906,OpenGLES2,1.0,1.10.2,False,Programmatic1,Programmatic,09/11/2021 10:54:41,611bdadcd4e35d332f3d5e66,611be843d5491c7d0a6ab0ce,com.thg.battleops.shooting.game,1.0,iv,Android OS 11 / API-30 (RP1A.200720.012/eng.compil.20210607.222122),fb9dd824-3203-40ec-baf1-eabb4a038398,True,False,DZ,1631357684.65799
0,could not receive ip address from ipfy,Error,/BuildNotice/0,MobileSDK,Google Mediatek MT8173 Chromebook,OpenGLES2,1.0,1.11.0,False,Programmatic1,Programmatic,11/09/2021 10:54:42,6028e36ad1e80652e41054ca,6028e407a1ba2a0d3d760566,com.mytalkingcatemma.ballerinagames,1.0,en,Android OS 9 / API-28 (R92-13982.88.0/7611540),642939ef-7224-42bd-ab8c-54bfec1db268,False,False,AF,1631357684.918925
0,An error occurred while sending the request,Error,/BuildNotice/0,MobileSDK,Google Mediatek MT8173 Chromebook,OpenGLES2,1.0,1.11.0,False,Programmatic1,Programmatic,11/09/2021 10:54:42,6028e36ad1e80652e41054ca,6028e407a1ba2a0d3d760566,com.mytalkingcatemma.ballerinagames,1.0,en,Android OS 9 / API-28 (R92-13982.88.0/7611540),642939ef-7224-42bd-ab8c-54bfec1db268,False,False,AF,1631357684.953506
0,could not receive ip address from ipfy,Error,/BuildNotice/0,MobileSDK,vivo vivo 1906,OpenGLES2,1.0,1.10.2,False,Programmatic1,Programmatic,09/11/2021 10:54:42,611bdadcd4e35d332f3d5e66,611be843d5491c7d0a6ab0ce,com.thg.battleops.shooting.game,1.0,iv,Android OS 11 / API-30 (RP1A.200720.012/eng.compil.20210607.222122),fb9dd824-3203-40ec-baf1-eabb4a038398,True,False,DZ,1631357685.025416
0,could not receive ip address from ipfy,Error,/BuildNotice/0,MobileSDK,Google Mediatek MT8173 Chromebook,OpenGLES2,1.0,1.11.0,False,Programmatic1,Programmatic,11/09/2021 10:54:43,6028e36ad1e80652e41054ca,6028e407a1ba2a0d3d760566,com.mytalkingcatemma.ballerinagames,1.0,en,Android OS 9 / API-28 (R92-13982.88.0/7611540),642939ef-7224-42bd-ab8c-54bfec1db268,False,False,AF,1631357685.349457
0,could not receive ip address from ipfy,Error,/BuildNotice/0,MobileSDK,vivo vivo 1906,OpenGLES2,1.0,1.10.2,False,Programmatic1,Programmatic,09/11/2021 10:54:42,611bdadcd4e35d332f3d5e66,611be843d5491c7d0a6ab0ce,com.thg.battleops.shooting.game,1.0,iv,Android OS 11 / API-30 (RP1A.200720.012/eng.compil.20210607.222122),fb9dd824-3203-40ec-baf1-eabb4a038398,True,False,DZ,1631357685.382627
0,An error occurred while sending the request,Error,/BuildNotice/0,MobileSDK,Google Mediatek MT8173 Chromebook,OpenGLES2,1.0,1.11.0,False,Programmatic1,Programmatic,11/09/2021 10:54:43,6028e36ad1e80652e41054ca,6028e407a1ba2a0d3d760566,com.mytalkingcatemma.ballerinagames,1.0,en,Android OS 9 / API-28 (R92-13982.88.0/7611540),642939ef-7224-42bd-ab8c-54bfec1db268,False,False,AF,1631357685.490106
0,An error occurred while sending the request,Error,/BuildNotice/0,MobileSDK,vivo vivo 1906,OpenGLES2,1.0,1.10.2,False,Programmatic1,Programmatic,09/11/2021 10:54:42,611bdadcd4e35d332f3d5e66,611be843d5491c7d0a6ab0ce,com.thg.battleops.shooting.game,1.0,iv,Android OS 11 / API-30 (RP1A.200720.012/eng.compil.20210607.222122),fb9dd824-3203-40ec-baf1-eabb4a038398,True,False,DZ,1631357685.631399
0,could not receive ip address from ipfy,Error,/BuildNotice/0,MobileSDK,LGE LM-G850,OpenGLES2,1.0,1.11.0,False,Programmatic1,Programmatic,11/09/2021 10:54:45,6028e36ad1e80652e41054ca,6028e407a1ba2a0d3d760566,com.mytalkingcatemma.ballerinagames,1.0,en,Android OS 11 / API-30 (RKQ1.210420.001/2121423165754.OPEN_ESA_DS),23239c7e-f630-4dd2-a29d-9a7ebba20566,False,False,RU,1631357685.771996
0,An error occurred while sending the request,Error,/BuildNotice/0,MobileSDK,LGE LM-G850,OpenGLES2,1.0,1.11.0,False,Programmatic1,Programmatic,11/09/2021 10:54:45,6028e36ad1e80652e41054ca,6028e407a1ba2a0d3d760566,com.mytalkingcatemma.ballerinagames,1.0,en,Android OS 11 / API-30 (RKQ1.210420.001/2121423165754.OPEN_ESA_DS),23239c7e-f630-4dd2-a29d-9a7ebba20566,False,False,RU,1631357685.787159
0,could not receive ip address from ipfy,Error,/BuildNotice/0,MobileSDK,samsung SM-M315F,OpenGLES2,1.0,1.11.0,False,Programmatic1,Programmatic,09/11/2021 10:54:44,6028e36ad1e80652e41054ca,609d69021c511f4b1d4df1c4,com.pregnantcatemma.virtualpet,1.0,iv,Android OS 11 / API-30 (RP1A.200720.012/M315FXXU2BUG2),22958cb2-3edb-4eee-955c-0e1a06cef14c,False,False,IN,1631357685.800281
0,An error occurred while sending the request,Error,/BuildNotice/0,MobileSDK,samsung SM-M315F,OpenGLES2,1.0,1.11.0,False,Programmatic1,Programmatic,09/11/2021 10:54:44,6028e36ad1e80652e41054ca,609d69021c511f4b1d4df1c4,com.pregnantcatemma.virtualpet,1.0,iv,Android OS 11 / API-30 (RP1A.200720.012/M315FXXU2BUG2),22958cb2-3edb-4eee-955c-0e1a06cef14c,False,False,IN,1631357685.819156
0,could not receive ip address from ipfy,Error,/BuildNotice/0,MobileSDK,Google Mediatek MT8173 Chromebook,OpenGLES2,1.0,1.11.0,False,Programmatic1,Programmatic,11/09/2021 10:54:43,6028e36ad1e80652e41054ca,6028e407a1ba2a0d3d760566,com.mytalkingcatemma.ballerinagames,1.0,en,Android OS 9 / API-28 (R92-13982.88.0/7611540),642939ef-7224-42bd-ab8c-54bfec1db268,False,False,AF,1631357686.035272
0,could not receive ip address from ipfy,Error,/BuildNotice/0,MobileSDK,vivo vivo 1906,OpenGLES2,1.0,1.10.2,False,Programmatic1,Programmatic,09/11/2021 10:54:43,611bdadcd4e35d332f3d5e66,611be843d5491c7d0a6ab0ce,com.thg.battleops.shooting.game,1.0,iv,Android OS 11 / API-30 (RP1A.200720.012/eng.compil.20210607.222122),fb9dd824-3203-40ec-baf1-eabb4a038398,True,False,DZ,1631357686.109799
0,An error occurred while sending the request,Error,/BuildNotice/0,MobileSDK,vivo vivo 1906,OpenGLES2,1.0,1.10.2,False,Programmatic1,Programmatic,09/11/2021 10:54:42,611bdadcd4e35d332f3d5e66,611be843d5491c7d0a6ab0ce,com.thg.battleops.shooting.game,1.0,iv,Android OS 11 / API-30 (RP1A.200720.012/eng.compil.20210607.222122),fb9dd824-3203-40ec-baf1-eabb4a038398,True,False,DZ,1631357686.225401
0,An error occurred while sending the request,Error,/BuildNotice/0,MobileSDK,Google Mediatek MT8173 Chromebook,OpenGLES2,1.0,1.11.0,False,Programmatic1,Programmatic,11/09/2021 10:54:43,6028e36ad1e80652e41054ca,6028e407a1ba2a0d3d760566,com.mytalkingcatemma.ballerinagames,1.0,en,Android OS 9 / API-28 (R92-13982.88.0/7611540),642939ef-7224-42bd-ab8c-54bfec1db268,False,False,AF,1631357686.247004
0,An error occurred while sending the request,Error,/BuildNotice/0,MobileSDK,vivo vivo 1906,OpenGLES2,1.0,1.10.2,False,Programmatic1,Programmatic,09/11/2021 10:54:43,611bdadcd4e35d332f3d5e66,611be843d5491c7d0a6ab0ce,com.thg.battleops.shooting.game,1.0,iv,Android OS 11 / API-30 (RP1A.200720.012/eng.compil.20210607.222122),fb9dd824-3203-40ec-baf1-eabb4a038398,True,False,DZ,1631357686.686942
0,could not receive ip address from ipfy,Error,/BuildNotice/0,MobileSDK,Google Mediatek MT8173 Chromebook,OpenGLES2,1.0,1.11.0,False,Programmatic1,Programmatic,11/09/2021 10:54:44,6028e36ad1e80652e41054ca,6028e407a1ba2a0d3d760566,com.mytalkingcatemma.ballerinagames,1.0,en,Android OS 9 / API-28 (R92-13982.88.0/7611540),642939ef-7224-42bd-ab8c-54bfec1db268,False,False,AF,1631357686.859344
0,An error occurred while sending the request,Error,/BuildNotice/0,MobileSDK,Google Mediatek MT8173 Chromebook,OpenGLES2,1.0,1.11.0,False,Programmatic1,Programmatic,11/09/2021 10:54:44,6028e36ad1e80652e41054ca,6028e407a1ba2a0d3d760566,com.mytalkingcatemma.ballerinagames,1.0,en,Android OS 9 / API-28 (R92-13982.88.0/7611540),642939ef-7224-42bd-ab8c-54bfec1db268,False,False,AF,1631357686.895345
0,could not receive ip address from ipfy,Error,/BuildNotice/0,MobileSDK,vivo vivo 1906,OpenGLES2,1.0,1.10.2,False,Programmatic1,Programmatic,09/11/2021 10:54:43,611bdadcd4e35d332f3d5e66,611be843d5491c7d0a6ab0ce,com.thg.battleops.shooting.game,1.0,iv,Android OS 11 / API-30 (RP1A.200720.012/eng.compil.20210607.222122),fb9dd824-3203-40ec-baf1-eabb4a038398,True,False,DZ,1631357686.924861
0,could not receive ip address from ipfy,Error,/BuildNotice/0,MobileSDK,Google Mediatek MT8173 Chromebook,OpenGLES2,1.0,1.11.0,False,Programmatic1,Programmatic,11/09/2021 10:54:45,6028e36ad1e80652e41054ca,6028e407a1ba2a0d3d760566,com.mytalkingcatemma.ballerinagames,1.0,en,Android OS 9 / API-28 (R92-13982.88.0/7611540),642939ef-7224-42bd-ab8c-54bfec1db268,False,False,AF,1631357687.439582
0,An error occurred while sending the request,Error,/BuildNotice/0,MobileSDK,Google Mediatek MT8173 Chromebook,OpenGLES2,1.0,1.11.0,False,Programmatic1,Programmatic,11/09/2021 10:54:45,6028e36ad1e80652e41054ca,6028e407a1ba2a0d3d760566,com.mytalkingcatemma.ballerinagames,1.0,en,Android OS 9 / API-28 (R92-13982.88.0/7611540),642939ef-7224-42bd-ab8c-54bfec1db268,False,False,AF,1631357687.477519
0,could not receive ip address from ipfy,Error,/BuildNotice/0,MobileSDK,vivo vivo 1906,OpenGLES2,1.0,1.10.2,False,Programmatic1,Programmatic,09/11/2021 10:54:44,611bdadcd4e35d332f3d5e66,611be843d5491c7d0a6ab0ce,com.thg.battleops.shooting.game,1.0,iv,Android OS 11 / API-30 (RP1A.200720.012/eng.compil.20210607.222122),fb9dd824-3203-40ec-baf1-eabb4a038398,True,False,DZ,1631357687.577613
0,An error occurred while sending the request,Error,/BuildNotice/0,MobileSDK,vivo vivo 1906,OpenGLES2,1.0,1.10.2,False,Programmatic1,Programmatic,09/11/2021 10:54:43,611bdadcd4e35d332f3d5e66,611be843d5491c7d0a6ab0ce,com.thg.battleops.shooting.game,1.0,iv,Android OS 11 / API-30 (RP1A.200720.012/eng.compil.20210607.222122),fb9dd824-3203-40ec-baf1-eabb4a038398,True,False,DZ,1631357687.694161
0,could not receive ip address from ipfy,Error,/BuildNotice/0,MobileSDK,Google Mediatek MT8173 Chromebook,OpenGLES2,1.0,1.11.0,False,Programmatic1,Programmatic,11/09/2021 10:54:45,6028e36ad1e80652e41054ca,6028e407a1ba2a0d3d760566,com.mytalkingcatemma.ballerinagames,1.0,en,Android OS 9 / API-28 (R92-13982.88.0/7611540),642939ef-7224-42bd-ab8c-54bfec1db268,False,False,AF,1631357687.838123
0,An error occurred while sending the request,Error,/BuildNotice/0,MobileSDK,Google Mediatek MT8173 Chromebook,OpenGLES2,1.0,1.11.0,False,Programmatic1,Programmatic,11/09/2021 10:54:45,6028e36ad1e80652e41054ca,6028e407a1ba2a0d3d760566,com.mytalkingcatemma.ballerinagames,1.0,en,Android OS 9 / API-28 (R92-13982.88.0/7611540),642939ef-7224-42bd-ab8c-54bfec1db268,False,False,AF,1631357687.861958
0,could not receive ip address from ipfy,Error,/BuildNotice/0,MobileSDK,samsung SM-A260F,OpenGLES2,1.0,1.11.0,False,Programmatic1,Programmatic,09/11/2021 10:54:45,6028e36ad1e80652e41054ca,609d69021c511f4b1d4df1c4,com.pregnantcatemma.virtualpet,1.0,iv,Android OS 8.1.0 / API-27 (OPR6/A260FXXS7ATI2),8e8b620c-2f1a-46cd-ab15-2052714a1afc,False,False,PL,1631357687.933051
0,An error occurred while sending the request,Error,/BuildNotice/0,MobileSDK,samsung SM-A260F,OpenGLES2,1.0,1.11.0,False,Programmatic1,Programmatic,09/11/2021 10:54:45,6028e36ad1e80652e41054ca,609d69021c511f4b1d4df1c4,com.pregnantcatemma.virtualpet,1.0,iv,Android OS 8.1.0 / API-27 (OPR6/A260FXXS7ATI2),8e8b620c-2f1a-46cd-ab15-2052714a1afc,False,False,PL,1631357687.951541
0,could not receive ip address from ipfy,Error,/BuildNotice/0,MobileSDK,Google Mediatek MT8173 Chromebook,OpenGLES2,1.0,1.11.0,False,Programmatic1,Programmatic,11/09/2021 10:54:46,6028e36ad1e80652e41054ca,6028e407a1ba2a0d3d760566,com.mytalkingcatemma.ballerinagames,1.0,en,Android OS 9 / API-28 (R92-13982.88.0/7611540),642939ef-7224-42bd-ab8c-54bfec1db268,False,False,AF,1631357688.235498
0,An error occurred while sending the request,Error,/BuildNotice/0,MobileSDK,Google Mediatek MT8173 Chromebook,OpenGLES2,1.0,1.11.0,False,Programmatic1,Programmatic,11/09/2021 10:54:46,6028e36ad1e80652e41054ca,6028e407a1ba2a0d3d760566,com.mytalkingcatemma.ballerinagames,1.0,en,Android OS 9 / API-28 (R92-13982.88.0/7611540),642939ef-7224-42bd-ab8c-54bfec1db268,False,False,AF,1631357688.255541
0,An error occurred while sending the request,Error,/BuildNotice/0,MobileSDK,vivo vivo 1906,OpenGLES2,1.0,1.10.2,False,Programmatic1,Programmatic,09/11/2021 10:54:44,611bdadcd4e35d332f3d5e66,611be843d5491c7d0a6ab0ce,com.thg.battleops.shooting.game,1.0,iv,Android OS 11 / API-30 (RP1A.200720.012/eng.compil.20210607.222122),fb9dd824-3203-40ec-baf1-eabb4a038398,True,False,DZ,1631357688.301422
0,could not receive ip address from ipfy,Error,/BuildNotice/0,MobileSDK,vivo vivo 1906,OpenGLES2,1.0,1.10.2,False,Programmatic1,Programmatic,09/11/2021 10:54:45,611bdadcd4e35d332f3d5e66,611be843d5491c7d0a6ab0ce,com.thg.battleops.shooting.game,1.0,iv,Android OS 11 / API-30 (RP1A.200720.012/eng.compil.20210607.222122),fb9dd824-3203-40ec-baf1-eabb4a038398,True,False,DZ,1631357688.401298
0,could not receive ip address from ipfy,Error,/BuildNotice/0,MobileSDK,Google Mediatek MT8173 Chromebook,OpenGLES2,1.0,1.11.0,False,Programmatic1,Programmatic,11/09/2021 10:54:46,6028e36ad1e80652e41054ca,6028e407a1ba2a0d3d760566,com.mytalkingcatemma.ballerinagames,1.0,en,Android OS 9 / API-28 (R92-13982.88.0/7611540),642939ef-7224-42bd-ab8c-54bfec1db268,False,False,AF,1631357688.59919
0,An error occurred while sending the request,Error,/BuildNotice/0,MobileSDK,vivo vivo 1906,OpenGLES2,1.0,1.10.2,False,Programmatic1,Programmatic,09/11/2021 10:54:45,611bdadcd4e35d332f3d5e66,611be843d5491c7d0a6ab0ce,com.thg.battleops.shooting.game,1.0,iv,Android OS 11 / API-30 (RP1A.200720.012/eng.compil.20210607.222122),fb9dd824-3203-40ec-baf1-eabb4a038398,True,False,DZ,1631357688.771754
0,could not receive ip address from ipfy,Error,/BuildNotice/0,MobileSDK,vivo vivo 1906,OpenGLES2,1.0,1.10.2,False,Programmatic1,Programmatic,09/11/2021 10:54:46,611bdadcd4e35d332f3d5e66,611be843d5491c7d0a6ab0ce,com.thg.battleops.shooting.game,1.0,iv,Android OS 11 / API-30 (RP1A.200720.012/eng.compil.20210607.222122),fb9dd824-3203-40ec-baf1-eabb4a038398,True,False,DZ,1631357688.94775
0,could not receive ip address from ipfy,Error,/BuildNotice/0,MobileSDK,vivo vivo 1906,OpenGLES2,1.0,1.10.2,False,Programmatic1,Programmatic,09/11/2021 10:54:47,611bdadcd4e35d332f3d5e66,611be843d5491c7d0a6ab0ce,com.thg.battleops.shooting.game,1.0,iv,Android OS 11 / API-30 (RP1A.200720.012/eng.compil.20210607.222122),fb9dd824-3203-40ec-baf1-eabb4a038398,True,False,DZ,1631357689.503965
0,An error occurred while sending the request,Error,/BuildNotice/0,MobileSDK,Google Mediatek MT8173 Chromebook,OpenGLES2,1.0,1.11.0,False,Programmatic1,Programmatic,11/09/2021 10:54:46,6028e36ad1e80652e41054ca,6028e407a1ba2a0d3d760566,com.mytalkingcatemma.ballerinagames,1.0,en,Android OS 9 / API-28 (R92-13982.88.0/7611540),642939ef-7224-42bd-ab8c-54bfec1db268,False,False,AF,1631357689.605382
0,could not receive ip address from ipfy,Error,/BuildNotice/0,MobileSDK,LGE LM-G850,OpenGLES2,1.0,1.11.0,False,Programmatic1,Programmatic,11/09/2021 10:54:48,6028e36ad1e80652e41054ca,6028e407a1ba2a0d3d760566,com.mytalkingcatemma.ballerinagames,1.0,en,Android OS 11 / API-30 (RKQ1.210420.001/2121423165754.OPEN_ESA_DS),23239c7e-f630-4dd2-a29d-9a7ebba20566,False,False,RU,1631357689.619305
0,An error occurred while sending the request,Error,/BuildNotice/0,MobileSDK,LGE LM-G850,OpenGLES2,1.0,1.11.0,False,Programmatic1,Programmatic,11/09/2021 10:54:48,6028e36ad1e80652e41054ca,6028e407a1ba2a0d3d760566,com.mytalkingcatemma.ballerinagames,1.0,en,Android OS 11 / API-30 (RKQ1.210420.001/2121423165754.OPEN_ESA_DS),23239c7e-f630-4dd2-a29d-9a7ebba20566,False,False,RU,1631357689.633099
0,could not receive ip address from ipfy,Error,/BuildNotice/0,MobileSDK,Google Mediatek MT8173 Chromebook,OpenGLES2,1.0,1.11.0,False,Programmatic1,Programmatic,11/09/2021 10:54:46,6028e36ad1e80652e41054ca,6028e407a1ba2a0d3d760566,com.mytalkingcatemma.ballerinagames,1.0,en,Android OS 9 / API-28 (R92-13982.88.0/7611540),642939ef-7224-42bd-ab8c-54bfec1db268,False,False,AF,1631357689.645443
0,could not receive ip address from ipfy,Error,/BuildNotice/0,MobileSDK,samsung SM-M315F,OpenGLES2,1.0,1.11.0,False,Programmatic1,Programmatic,09/11/2021 10:54:47,6028e36ad1e80652e41054ca,609d69021c511f4b1d4df1c4,com.pregnantcatemma.virtualpet,1.0,iv,Android OS 11 / API-30 (RP1A.200720.012/M315FXXU2BUG2),22958cb2-3edb-4eee-955c-0e1a06cef14c,False,False,IN,1631357689.683287
0,An error occurred while sending the request,Error,/BuildNotice/0,MobileSDK,samsung SM-M315F,OpenGLES2,1.0,1.11.0,False,Programmatic1,Programmatic,09/11/2021 10:54:47,6028e36ad1e80652e41054ca,609d69021c511f4b1d4df1c4,com.pregnantcatemma.virtualpet,1.0,iv,Android OS 11 / API-30 (RP1A.200720.012/M315FXXU2BUG2),22958cb2-3edb-4eee-955c-0e1a06cef14c,False,False,IN,1631357689.700645
0,An error occurred while sending the request,Error,/BuildNotice/0,MobileSDK,vivo vivo 1906,OpenGLES2,1.0,1.10.2,False,Programmatic1,Programmatic,09/11/2021 10:54:46,611bdadcd4e35d332f3d5e66,611be843d5491c7d0a6ab0ce,com.thg.battleops.shooting.game,1.0,iv,Android OS 11 / API-30 (RP1A.200720.012/eng.compil.20210607.222122),fb9dd824-3203-40ec-baf1-eabb4a038398,True,False,DZ,1631357689.740199
0,An error occurred while sending the request,Error,/BuildNotice/0,MobileSDK,Google Mediatek MT8173 Chromebook,OpenGLES2,1.0,1.11.0,False,Programmatic1,Programmatic,11/09/2021 10:54:46,6028e36ad1e80652e41054ca,6028e407a1ba2a0d3d760566,com.mytalkingcatemma.ballerinagames,1.0,en,Android OS 9 / API-28 (R92-13982.88.0/7611540),642939ef-7224-42bd-ab8c-54bfec1db268,False,False,AF,1631357689.9312
0,could not receive ip address from ipfy,Error,/BuildNotice/0,MobileSDK,Google Mediatek MT8173 Chromebook,OpenGLES2,1.0,1.11.0,False,Programmatic1,Programmatic,11/09/2021 10:54:47,6028e36ad1e80652e41054ca,6028e407a1ba2a0d3d760566,com.mytalkingcatemma.ballerinagames,1.0,en,Android OS 9 / API-28 (R92-13982.88.0/7611540),642939ef-7224-42bd-ab8c-54bfec1db268,False,False,AF,1631357690.00704
0,could not receive ip address from ipfy,Error,/BuildNotice/0,MobileSDK,vivo vivo 1906,OpenGLES2,1.0,1.10.2,False,Programmatic1,Programmatic,09/11/2021 10:54:48,611bdadcd4e35d332f3d5e66,611be843d5491c7d0a6ab0ce,com.thg.battleops.shooting.game,1.0,iv,Android OS 11 / API-30 (RP1A.200720.012/eng.compil.20210607.222122),fb9dd824-3203-40ec-baf1-eabb4a038398,True,False,DZ,1631357690.110268
0,An error occurred while sending the request,Error,/BuildNotice/0,MobileSDK,Google Mediatek MT8173 Chromebook,OpenGLES2,1.0,1.11.0,False,Programmatic1,Programmatic,11/09/2021 10:54:47,6028e36ad1e80652e41054ca,6028e407a1ba2a0d3d760566,com.mytalkingcatemma.ballerinagames,1.0,en,Android OS 9 / API-28 (R92-13982.88.0/7611540),642939ef-7224-42bd-ab8c-54bfec1db268,False,False,AF,1631357690.281054
0,could not receive ip address from ipfy,Error,/BuildNotice/0,MobileSDK,Google Mediatek MT8173 Chromebook,OpenGLES2,1.0,1.11.0,False,Programmatic1,Programmatic,11/09/2021 10:54:47,6028e36ad1e80652e41054ca,6028e407a1ba2a0d3d760566,com.mytalkingcatemma.ballerinagames,1.0,en,Android OS 9 / API-28 (R92-13982.88.0/7611540),642939ef-7224-42bd-ab8c-54bfec1db268,False,False,AF,1631357690.333927
0,An error occurred while sending the request,Error,/BuildNotice/0,MobileSDK,vivo vivo 1906,OpenGLES2,1.0,1.10.2,False,Programmatic1,Programmatic,09/11/2021 10:54:47,611bdadcd4e35d332f3d5e66,611be843d5491c7d0a6ab0ce,com.thg.battleops.shooting.game,1.0,iv,Android OS 11 / API-30 (RP1A.200720.012/eng.compil.20210607.222122),fb9dd824-3203-40ec-baf1-eabb4a038398,True,False,DZ,1631357690.527398
0,An error occurred while sending the request,Error,/BuildNotice/0,MobileSDK,Google Mediatek MT8173 Chromebook,OpenGLES2,1.0,1.11.0,False,Programmatic1,Programmatic,11/09/2021 10:54:47,6028e36ad1e80652e41054ca,6028e407a1ba2a0d3d760566,com.mytalkingcatemma.ballerinagames,1.0,en,Android OS 9 / API-28 (R92-13982.88.0/7611540),642939ef-7224-42bd-ab8c-54bfec1db268,False,False,AF,1631357690.615026
0,could not receive ip address from ipfy,Error,/BuildNotice/0,MobileSDK,Google Mediatek MT8173 Chromebook,OpenGLES2,1.0,1.11.0,False,Programmatic1,Programmatic,11/09/2021 10:54:47,6028e36ad1e80652e41054ca,6028e407a1ba2a0d3d760566,com.mytalkingcatemma.ballerinagames,1.0,en,Android OS 9 / API-28 (R92-13982.88.0/7611540),642939ef-7224-42bd-ab8c-54bfec1db268,False,False,AF,1631357690.677996
0,An error occurred while sending the request,Error,/BuildNotice/0,MobileSDK,vivo vivo 1906,OpenGLES2,1.0,1.10.2,False,Programmatic1,Programmatic,09/11/2021 10:54:48,611bdadcd4e35d332f3d5e66,611be843d5491c7d0a6ab0ce,com.thg.battleops.shooting.game,1.0,iv,Android OS 11 / API-30 (RP1A.200720.012/eng.compil.20210607.222122),fb9dd824-3203-40ec-baf1-eabb4a038398,True,False,DZ,1631357690.888166
0,An error occurred while sending the request,Error,/BuildNotice/0,MobileSDK,Google Mediatek MT8173 Chromebook,OpenGLES2,1.0,1.11.0,False,Programmatic1,Programmatic,11/09/2021 10:54:47,6028e36ad1e80652e41054ca,6028e407a1ba2a0d3d760566,com.mytalkingcatemma.ballerinagames,1.0,en,Android OS 9 / API-28 (R92-13982.88.0/7611540),642939ef-7224-42bd-ab8c-54bfec1db268,False,False,AF,1631357690.940414
0,could not receive ip address from ipfy,Error,/BuildNotice/0,MobileSDK,Google Mediatek MT8173 Chromebook,OpenGLES2,1.0,1.11.0,False,Programmatic1,Programmatic,11/09/2021 10:54:48,6028e36ad1e80652e41054ca,6028e407a1ba2a0d3d760566,com.mytalkingcatemma.ballerinagames,1.0,en,Android OS 9 / API-28 (R92-13982.88.0/7611540),642939ef-7224-42bd-ab8c-54bfec1db268,False,False,AF,1631357691.00599
0,could not receive ip address from ipfy,Error,/BuildNotice/0,MobileSDK,vivo vivo 1906,OpenGLES2,1.0,1.10.2,False,Programmatic1,Programmatic,09/11/2021 10:54:48,611bdadcd4e35d332f3d5e66,611be843d5491c7d0a6ab0ce,com.thg.battleops.shooting.game,1.0,iv,Android OS 11 / API-30 (RP1A.200720.012/eng.compil.20210607.222122),fb9dd824-3203-40ec-baf1-eabb4a038398,True,False,DZ,1631357691.065435
0,An error occurred while sending the request,Error,/BuildNotice/0,MobileSDK,Google Mediatek MT8173 Chromebook,OpenGLES2,1.0,1.11.0,False,Programmatic1,Programmatic,11/09/2021 10:54:48,6028e36ad1e80652e41054ca,6028e407a1ba2a0d3d760566,com.mytalkingcatemma.ballerinagames,1.0,en,Android OS 9 / API-28 (R92-13982.88.0/7611540),642939ef-7224-42bd-ab8c-54bfec1db268,False,False,AF,1631357691.26466
0,An error occurred while sending the request,Error,/BuildNotice/0,MobileSDK,vivo vivo 1906,OpenGLES2,1.0,1.10.2,False,Programmatic1,Programmatic,09/11/2021 10:54:48,611bdadcd4e35d332f3d5e66,611be843d5491c7d0a6ab0ce,com.thg.battleops.shooting.game,1.0,iv,Android OS 11 / API-30 (RP1A.200720.012/eng.compil.20210607.222122),fb9dd824-3203-40ec-baf1-eabb4a038398,True,False,DZ,1631357691.310892
0,could not receive ip address from ipfy,Error,/BuildNotice/0,MobileSDK,Google Mediatek MT8173 Chromebook,OpenGLES2,1.0,1.11.0,False,Programmatic1,Programmatic,11/09/2021 10:54:48,6028e36ad1e80652e41054ca,6028e407a1ba2a0d3d760566,com.mytalkingcatemma.ballerinagames,1.0,en,Android OS 9 / API-28 (R92-13982.88.0/7611540),642939ef-7224-42bd-ab8c-54bfec1db268,False,False,AF,1631357691.339689
0,An error occurred while sending the request,Error,/BuildNotice/0,MobileSDK,Google Mediatek MT8173 Chromebook,OpenGLES2,1.0,1.11.0,False,Programmatic1,Programmatic,11/09/2021 10:54:48,6028e36ad1e80652e41054ca,6028e407a1ba2a0d3d760566,com.mytalkingcatemma.ballerinagames,1.0,en,Android OS 9 / API-28 (R92-13982.88.0/7611540),642939ef-7224-42bd-ab8c-54bfec1db268,False,False,AF,1631357691.614066
0,could not receive ip address from ipfy,Error,/BuildNotice/0,MobileSDK,Google Mediatek MT8173 Chromebook,OpenGLES2,1.0,1.11.0,False,Programmatic1,Programmatic,11/09/2021 10:54:49,6028e36ad1e80652e41054ca,6028e407a1ba2a0d3d760566,com.mytalkingcatemma.ballerinagames,1.0,en,Android OS 9 / API-28 (R92-13982.88.0/7611540),642939ef-7224-42bd-ab8c-54bfec1db268,False,False,AF,1631357691.664507
0,could not receive ip address from ipfy,Error,/BuildNotice/0,MobileSDK,samsung SM-M315F,OpenGLES2,1.0,1.11.0,False,Programmatic1,Programmatic,09/11/2021 10:54:50,6028e36ad1e80652e41054ca,609d69021c511f4b1d4df1c4,com.pregnantcatemma.virtualpet,1.0,iv,Android OS 11 / API-30 (RP1A.200720.012/M315FXXU2BUG2),22958cb2-3edb-4eee-955c-0e1a06cef14c,False,False,IN,1631357691.828823
0,An error occurred while sending the request,Error,/BuildNotice/0,MobileSDK,samsung SM-M315F,OpenGLES2,1.0,1.11.0,False,Programmatic1,Programmatic,09/11/2021 10:54:50,6028e36ad1e80652e41054ca,609d69021c511f4b1d4df1c4,com.pregnantcatemma.virtualpet,1.0,iv,Android OS 11 / API-30 (RP1A.200720.012/M315FXXU2BUG2),22958cb2-3edb-4eee-955c-0e1a06cef14c,False,False,IN,1631357691.846547
0,could not receive ip address from ipfy,Error,/BuildNotice/0,MobileSDK,LGE LM-G850,OpenGLES2,1.0,1.11.0,False,Programmatic1,Programmatic,11/09/2021 10:54:51,6028e36ad1e80652e41054ca,6028e407a1ba2a0d3d760566,com.mytalkingcatemma.ballerinagames,1.0,en,Android OS 11 / API-30 (RKQ1.210420.001/2121423165754.OPEN_ESA_DS),23239c7e-f630-4dd2-a29d-9a7ebba20566,False,False,RU,1631357691.86314
0,An error occurred while sending the request,Error,/BuildNotice/0,MobileSDK,LGE LM-G850,OpenGLES2,1.0,1.11.0,False,Programmatic1,Programmatic,11/09/2021 10:54:51,6028e36ad1e80652e41054ca,6028e407a1ba2a0d3d760566,com.mytalkingcatemma.ballerinagames,1.0,en,Android OS 11 / API-30 (RKQ1.210420.001/2121423165754.OPEN_ESA_DS),23239c7e-f630-4dd2-a29d-9a7ebba20566,False,False,RU,1631357691.892873
0,An error occurred while sending the request,Error,/BuildNotice/0,MobileSDK,Google Mediatek MT8173 Chromebook,OpenGLES2,1.0,1.11.0,False,Programmatic1,Programmatic,11/09/2021 10:54:49,6028e36ad1e80652e41054ca,6028e407a1ba2a0d3d760566,com.mytalkingcatemma.ballerinagames,1.0,en,Android OS 9 / API-28 (R92-13982.88.0/7611540),642939ef-7224-42bd-ab8c-54bfec1db268,False,False,AF,1631357691.942991
0,could not receive ip address from ipfy,Error,/BuildNotice/0,MobileSDK,vivo vivo 1906,OpenGLES2,1.0,1.10.2,False,Programmatic1,Programmatic,09/11/2021 10:54:49,611bdadcd4e35d332f3d5e66,611be843d5491c7d0a6ab0ce,com.thg.battleops.shooting.game,1.0,iv,Android OS 11 / API-30 (RP1A.200720.012/eng.compil.20210607.222122),fb9dd824-3203-40ec-baf1-eabb4a038398,True,False,DZ,1631357691.975519
0,could not receive ip address from ipfy,Error,/BuildNotice/0,MobileSDK,Google Mediatek MT8173 Chromebook,OpenGLES2,1.0,1.11.0,False,Programmatic1,Programmatic,11/09/2021 10:54:49,6028e36ad1e80652e41054ca,6028e407a1ba2a0d3d760566,com.mytalkingcatemma.ballerinagames,1.0,en,Android OS 9 / API-28 (R92-13982.88.0/7611540),642939ef-7224-42bd-ab8c-54bfec1db268,False,False,AF,1631357691.999768
0,An error occurred while sending the request,Error,/BuildNotice/0,MobileSDK,vivo vivo 1906,OpenGLES2,1.0,1.10.2,False,Programmatic1,Programmatic,09/11/2021 10:54:49,611bdadcd4e35d332f3d5e66,611be843d5491c7d0a6ab0ce,com.thg.battleops.shooting.game,1.0,iv,Android OS 11 / API-30 (RP1A.200720.012/eng.compil.20210607.222122),fb9dd824-3203-40ec-baf1-eabb4a038398,True,False,DZ,1631357692.165228
0,An error occurred while sending the request,Error,/BuildNotice/0,MobileSDK,Google Mediatek MT8173 Chromebook,OpenGLES2,1.0,1.11.0,False,Programmatic1,Programmatic,11/09/2021 10:54:49,6028e36ad1e80652e41054ca,6028e407a1ba2a0d3d760566,com.mytalkingcatemma.ballerinagames,1.0,en,Android OS 9 / API-28 (R92-13982.88.0/7611540),642939ef-7224-42bd-ab8c-54bfec1db268,False,False,AF,1631357692.337395
0,could not receive ip address from ipfy,Error,/BuildNotice/0,MobileSDK,vivo vivo 1906,OpenGLES2,1.0,1.10.2,False,Programmatic1,Programmatic,09/11/2021 10:54:49,611bdadcd4e35d332f3d5e66,611be843d5491c7d0a6ab0ce,com.thg.battleops.shooting.game,1.0,iv,Android OS 11 / API-30 (RP1A.200720.012/eng.compil.20210607.222122),fb9dd824-3203-40ec-baf1-eabb4a038398,True,False,DZ,1631357692.386405
0,could not receive ip address from ipfy,Error,/BuildNotice/0,MobileSDK,Google Mediatek MT8173 Chromebook,OpenGLES2,1.0,1.11.0,False,Programmatic1,Programmatic,11/09/2021 10:54:50,6028e36ad1e80652e41054ca,6028e407a1ba2a0d3d760566,com.mytalkingcatemma.ballerinagames,1.0,en,Android OS 9 / API-28 (R92-13982.88.0/7611540),642939ef-7224-42bd-ab8c-54bfec1db268,False,False,AF,1631357692.409048
0,An error occurred while sending the request,Error,/BuildNotice/0,MobileSDK,Google Mediatek MT8173 Chromebook,OpenGLES2,1.0,1.11.0,False,Programmatic1,Programmatic,11/09/2021 10:54:50,6028e36ad1e80652e41054ca,6028e407a1ba2a0d3d760566,com.mytalkingcatemma.ballerinagames,1.0,en,Android OS 9 / API-28 (R92-13982.88.0/7611540),642939ef-7224-42bd-ab8c-54bfec1db268,False,False,AF,1631357692.680735
0,could not receive ip address from ipfy,Error,/BuildNotice/0,MobileSDK,vivo vivo 1906,OpenGLES2,1.0,1.10.2,False,Programmatic1,Programmatic,09/11/2021 10:54:50,611bdadcd4e35d332f3d5e66,611be843d5491c7d0a6ab0ce,com.thg.battleops.shooting.game,1.0,iv,Android OS 11 / API-30 (RP1A.200720.012/eng.compil.20210607.222122),fb9dd824-3203-40ec-baf1-eabb4a038398,True,False,DZ,1631357692.839204
0,An error occurred while sending the request,Error,/BuildNotice/0,MobileSDK,vivo vivo 1906,OpenGLES2,1.0,1.10.2,False,Programmatic1,Programmatic,09/11/2021 10:54:49,611bdadcd4e35d332f3d5e66,611be843d5491c7d0a6ab0ce,com.thg.battleops.shooting.game,1.0,iv,Android OS 11 / API-30 (RP1A.200720.012/eng.compil.20210607.222122),fb9dd824-3203-40ec-baf1-eabb4a038398,True,False,DZ,1631357692.861614
0,could not receive ip address from ipfy,Error,/BuildNotice/0,MobileSDK,Google Mediatek MT8173 Chromebook,OpenGLES2,1.0,1.11.0,False,Programmatic1,Programmatic,11/09/2021 10:54:50,6028e36ad1e80652e41054ca,6028e407a1ba2a0d3d760566,com.mytalkingcatemma.ballerinagames,1.0,en,Android OS 9 / API-28 (R92-13982.88.0/7611540),642939ef-7224-42bd-ab8c-54bfec1db268,False,False,AF,1631357692.885847
0,An error occurred while sending the request,Error,/BuildNotice/0,MobileSDK,Google Mediatek MT8173 Chromebook,OpenGLES2,1.0,1.11.0,False,Programmatic1,Programmatic,11/09/2021 10:54:50,6028e36ad1e80652e41054ca,6028e407a1ba2a0d3d760566,com.mytalkingcatemma.ballerinagames,1.0,en,Android OS 9 / API-28 (R92-13982.88.0/7611540),642939ef-7224-42bd-ab8c-54bfec1db268,False,False,AF,1631357693.010963
0,could not receive ip address from ipfy,Error,/BuildNotice/0,MobileSDK,Google Mediatek MT8173 Chromebook,OpenGLES2,1.0,1.11.0,False,Programmatic1,Programmatic,11/09/2021 10:54:51,6028e36ad1e80652e41054ca,6028e407a1ba2a0d3d760566,com.mytalkingcatemma.ballerinagames,1.0,en,Android OS 9 / API-28 (R92-13982.88.0/7611540),642939ef-7224-42bd-ab8c-54bfec1db268,False,False,AF,1631357693.373928
0,An error occurred while sending the request,Error,/BuildNotice/0,MobileSDK,Google Mediatek MT8173 Chromebook,OpenGLES2,1.0,1.11.0,False,Programmatic1,Programmatic,11/09/2021 10:54:51,6028e36ad1e80652e41054ca,6028e407a1ba2a0d3d760566,com.mytalkingcatemma.ballerinagames,1.0,en,Android OS 9 / API-28 (R92-13982.88.0/7611540),642939ef-7224-42bd-ab8c-54bfec1db268,False,False,AF,1631357693.393823
0,could not receive ip address from ipfy,Error,/BuildNotice/0,MobileSDK,vivo vivo 1906,OpenGLES2,1.0,1.10.2,False,Programmatic1,Programmatic,09/11/2021 10:54:51,611bdadcd4e35d332f3d5e66,611be843d5491c7d0a6ab0ce,com.thg.battleops.shooting.game,1.0,iv,Android OS 11 / API-30 (RP1A.200720.012/eng.compil.20210607.222122),fb9dd824-3203-40ec-baf1-eabb4a038398,True,False,DZ,1631357693.492023
0,An error occurred while sending the request,Error,/BuildNotice/0,MobileSDK,vivo vivo 1906,OpenGLES2,1.0,1.10.2,False,Programmatic1,Programmatic,09/11/2021 10:54:50,611bdadcd4e35d332f3d5e66,611be843d5491c7d0a6ab0ce,com.thg.battleops.shooting.game,1.0,iv,Android OS 11 / API-30 (RP1A.200720.012/eng.compil.20210607.222122),fb9dd824-3203-40ec-baf1-eabb4a038398,True,False,DZ,1631357693.652986
0,could not receive ip address from ipfy,Error,/BuildNotice/0,MobileSDK,Google Mediatek MT8173 Chromebook,OpenGLES2,1.0,1.11.0,False,Programmatic1,Programmatic,11/09/2021 10:54:51,6028e36ad1e80652e41054ca,6028e407a1ba2a0d3d760566,com.mytalkingcatemma.ballerinagames,1.0,en,Android OS 9 / API-28 (R92-13982.88.0/7611540),642939ef-7224-42bd-ab8c-54bfec1db268,False,False,AF,1631357693.81787
0,An error occurred while sending the request,Error,/BuildNotice/0,MobileSDK,Google Mediatek MT8173 Chromebook,OpenGLES2,1.0,1.11.0,False,Programmatic1,Programmatic,11/09/2021 10:54:51,6028e36ad1e80652e41054ca,6028e407a1ba2a0d3d760566,com.mytalkingcatemma.ballerinagames,1.0,en,Android OS 9 / API-28 (R92-13982.88.0/7611540),642939ef-7224-42bd-ab8c-54bfec1db268,False,False,AF,1631357693.841901
0,An error occurred while sending the request,Error,/BuildNotice/0,MobileSDK,vivo vivo 1906,OpenGLES2,1.0,1.10.2,False,Programmatic1,Programmatic,09/11/2021 10:54:51,611bdadcd4e35d332f3d5e66,611be843d5491c7d0a6ab0ce,com.thg.battleops.shooting.game,1.0,iv,Android OS 11 / API-30 (RP1A.200720.012/eng.compil.20210607.222122),fb9dd824-3203-40ec-baf1-eabb4a038398,True,False,DZ,1631357693.856372
0,could not receive ip address from ipfy,Error,/BuildNotice/0,MobileSDK,LGE LM-G850,OpenGLES2,1.0,1.11.0,False,Programmatic1,Programmatic,11/09/2021 10:54:54,6028e36ad1e80652e41054ca,6028e407a1ba2a0d3d760566,com.mytalkingcatemma.ballerinagames,1.0,en,Android OS 11 / API-30 (RKQ1.210420.001/2121423165754.OPEN_ESA_DS),23239c7e-f630-4dd2-a29d-9a7ebba20566,False,False,RU,1631357694.787392
0,An error occurred while sending the request,Error,/BuildNotice/0,MobileSDK,LGE LM-G850,OpenGLES2,1.0,1.11.0,False,Programmatic1,Programmatic,11/09/2021 10:54:54,6028e36ad1e80652e41054ca,6028e407a1ba2a0d3d760566,com.mytalkingcatemma.ballerinagames,1.0,en,Android OS 11 / API-30 (RKQ1.210420.001/2121423165754.OPEN_ESA_DS),23239c7e-f630-4dd2-a29d-9a7ebba20566,False,False,RU,1631357694.841933
0,could not receive ip address from ipfy,Error,/BuildNotice/0,MobileSDK,samsung SM-M315F,OpenGLES2,1.0,1.11.0,False,Programmatic1,Programmatic,09/11/2021 10:54:53,6028e36ad1e80652e41054ca,609d69021c511f4b1d4df1c4,com.pregnantcatemma.virtualpet,1.0,iv,Android OS 11 / API-30 (RP1A.200720.012/M315FXXU2BUG2),22958cb2-3edb-4eee-955c-0e1a06cef14c,False,False,IN,1631357694.900177
0,An error occurred while sending the request,Error,/BuildNotice/0,MobileSDK,samsung SM-M315F,OpenGLES2,1.0,1.11.0,False,Programmatic1,Programmatic,09/11/2021 10:54:53,6028e36ad1e80652e41054ca,609d69021c511f4b1d4df1c4,com.pregnantcatemma.virtualpet,1.0,iv,Android OS 11 / API-30 (RP1A.200720.012/M315FXXU2BUG2),22958cb2-3edb-4eee-955c-0e1a06cef14c,False,False,IN,1631357694.915282
0,could not receive ip address from ipfy,Error,/BuildNotice/0,MobileSDK,Google Mediatek MT8173 Chromebook,OpenGLES2,1.0,1.11.0,False,Programmatic1,Programmatic,11/09/2021 10:54:52,6028e36ad1e80652e41054ca,6028e407a1ba2a0d3d760566,com.mytalkingcatemma.ballerinagames,1.0,en,Android OS 9 / API-28 (R92-13982.88.0/7611540),642939ef-7224-42bd-ab8c-54bfec1db268,False,False,AF,1631357694.943087
0,An error occurred while sending the request,Error,/BuildNotice/0,MobileSDK,Google Mediatek MT8173 Chromebook,OpenGLES2,1.0,1.11.0,False,Programmatic1,Programmatic,11/09/2021 10:54:52,6028e36ad1e80652e41054ca,6028e407a1ba2a0d3d760566,com.mytalkingcatemma.ballerinagames,1.0,en,Android OS 9 / API-28 (R92-13982.88.0/7611540),642939ef-7224-42bd-ab8c-54bfec1db268,False,False,AF,1631357694.982581
0,could not receive ip address from ipfy,Error,/BuildNotice/0,MobileSDK,Xiaomi Redmi Go,OpenGLES2,1.0,1.11.0,False,Programmatic1,Programmatic,11.09.2021 10:54:53,6028e36ad1e80652e41054ca,6028e407a1ba2a0d3d760566,com.mytalkingcatemma.ballerinagames,1.0,ru,Android OS 8.1.0 / API-27 (OPM1.171019.026/V10.2.19.0.OCLINXM),a93fc096-654d-4731-ae19-bf84488ff6e9,False,False,FR,1631357695.712544
0,An error occurred while sending the request,Error,/BuildNotice/0,MobileSDK,Xiaomi Redmi Go,OpenGLES2,1.0,1.11.0,False,Programmatic1,Programmatic,11.09.2021 10:54:53,6028e36ad1e80652e41054ca,6028e407a1ba2a0d3d760566,com.mytalkingcatemma.ballerinagames,1.0,ru,Android OS 8.1.0 / API-27 (OPM1.171019.026/V10.2.19.0.OCLINXM),a93fc096-654d-4731-ae19-bf84488ff6e9,False,False,FR,1631357695.726395
0,could not receive ip address from ipfy,Error,/BuildNotice/0,MobileSDK,Xiaomi M2004J19C,OpenGLES2,1.0,1.11.0,False,Programmatic1,Programmatic,09/11/2021 10:54:52,6028e36ad1e80652e41054ca,609d69021c511f4b1d4df1c4,com.pregnantcatemma.virtualpet,1.0,iv,Android OS 10 / API-29 (QP1A.190711.020/V12.0.1.0.QJCRUXM),7f33e85a-6581-4dea-b1db-97759fae75c2,False,False,KR,1631357695.987081
0,An error occurred while sending the request,Error,/BuildNotice/0,MobileSDK,Xiaomi M2004J19C,OpenGLES2,1.0,1.11.0,False,Programmatic1,Programmatic,09/11/2021 10:54:52,6028e36ad1e80652e41054ca,609d69021c511f4b1d4df1c4,com.pregnantcatemma.virtualpet,1.0,iv,Android OS 10 / API-29 (QP1A.190711.020/V12.0.1.0.QJCRUXM),7f33e85a-6581-4dea-b1db-97759fae75c2,False,False,KR,1631357696.009486
0,could not receive ip address from ipfy,Error,/BuildNotice/0,MobileSDK,Google Mediatek MT8173 Chromebook,OpenGLES2,1.0,1.11.0,False,Programmatic1,Programmatic,11/09/2021 10:54:54,6028e36ad1e80652e41054ca,6028e407a1ba2a0d3d760566,com.mytalkingcatemma.ballerinagames,1.0,en,Android OS 9 / API-28 (R92-13982.88.0/7611540),642939ef-7224-42bd-ab8c-54bfec1db268,False,False,AF,1631357696.182156
0,An error occurred while sending the request,Error,/BuildNotice/0,MobileSDK,Google Mediatek MT8173 Chromebook,OpenGLES2,1.0,1.11.0,False,Programmatic1,Programmatic,11/09/2021 10:54:54,6028e36ad1e80652e41054ca,6028e407a1ba2a0d3d760566,com.mytalkingcatemma.ballerinagames,1.0,en,Android OS 9 / API-28 (R92-13982.88.0/7611540),642939ef-7224-42bd-ab8c-54bfec1db268,False,False,AF,1631357696.223608
0,could not receive ip address from ipfy,Error,/BuildNotice/0,MobileSDK,Xiaomi Redmi Go,OpenGLES2,1.0,1.11.0,False,Programmatic1,Programmatic,11.09.2021 10:54:54,6028e36ad1e80652e41054ca,6028e407a1ba2a0d3d760566,com.mytalkingcatemma.ballerinagames,1.0,ru,Android OS 8.1.0 / API-27 (OPM1.171019.026/V10.2.19.0.OCLINXM),a93fc096-654d-4731-ae19-bf84488ff6e9,False,False,FR,1631357696.623337
0,An error occurred while sending the request,Error,/BuildNotice/0,MobileSDK,Xiaomi Redmi Go,OpenGLES2,1.0,1.11.0,False,Programmatic1,Programmatic,11.09.2021 10:54:54,6028e36ad1e80652e41054ca,6028e407a1ba2a0d3d760566,com.mytalkingcatemma.ballerinagames,1.0,ru,Android OS 8.1.0 / API-27 (OPM1.171019.026/V10.2.19.0.OCLINXM),a93fc096-654d-4731-ae19-bf84488ff6e9,False,False,FR,1631357696.953682
0,could not receive ip address from ipfy,Error,/BuildNotice/0,MobileSDK,Xiaomi M2004J19C,OpenGLES2,1.0,1.11.0,False,Programmatic1,Programmatic,09/11/2021 10:54:53,6028e36ad1e80652e41054ca,609d69021c511f4b1d4df1c4,com.pregnantcatemma.virtualpet,1.0,iv,Android OS 10 / API-29 (QP1A.190711.020/V12.0.1.0.QJCRUXM),7f33e85a-6581-4dea-b1db-97759fae75c2,False,False,KR,1631357697.020171
0,An error occurred while sending the request,Error,/BuildNotice/0,MobileSDK,Xiaomi M2004J19C,OpenGLES2,1.0,1.11.0,False,Programmatic1,Programmatic,09/11/2021 10:54:53,6028e36ad1e80652e41054ca,609d69021c511f4b1d4df1c4,com.pregnantcatemma.virtualpet,1.0,iv,Android OS 10 / API-29 (QP1A.190711.020/V12.0.1.0.QJCRUXM),7f33e85a-6581-4dea-b1db-97759fae75c2,False,False,KR,1631357697.032659
0,could not receive ip address from ipfy,Error,/BuildNotice/0,MobileSDK,Google Mediatek MT8173 Chromebook,OpenGLES2,1.0,1.11.0,False,Programmatic1,Programmatic,11/09/2021 10:54:55,6028e36ad1e80652e41054ca,6028e407a1ba2a0d3d760566,com.mytalkingcatemma.ballerinagames,1.0,en,Android OS 9 / API-28 (R92-13982.88.0/7611540),642939ef-7224-42bd-ab8c-54bfec1db268,False,False,AF,1631357697.349796
0,could not receive ip address from ipfy,Error,/BuildNotice/0,MobileSDK,Xiaomi Redmi Go,OpenGLES2,1.0,1.11.0,False,Programmatic1,Programmatic,11.09.2021 10:54:54,6028e36ad1e80652e41054ca,6028e407a1ba2a0d3d760566,com.mytalkingcatemma.ballerinagames,1.0,ru,Android OS 8.1.0 / API-27 (OPM1.171019.026/V10.2.19.0.OCLINXM),a93fc096-654d-4731-ae19-bf84488ff6e9,False,False,FR,1631357697.372279
0,An error occurred while sending the request,Error,/BuildNotice/0,MobileSDK,Google Mediatek MT8173 Chromebook,OpenGLES2,1.0,1.11.0,False,Programmatic1,Programmatic,11/09/2021 10:54:55,6028e36ad1e80652e41054ca,6028e407a1ba2a0d3d760566,com.mytalkingcatemma.ballerinagames,1.0,en,Android OS 9 / API-28 (R92-13982.88.0/7611540),642939ef-7224-42bd-ab8c-54bfec1db268,False,False,AF,1631357697.387116
0,An error occurred while sending the request,Error,/BuildNotice/0,MobileSDK,Xiaomi Redmi Go,OpenGLES2,1.0,1.11.0,False,Programmatic1,Programmatic,11.09.2021 10:54:54,6028e36ad1e80652e41054ca,6028e407a1ba2a0d3d760566,com.mytalkingcatemma.ballerinagames,1.0,ru,Android OS 8.1.0 / API-27 (OPM1.171019.026/V10.2.19.0.OCLINXM),a93fc096-654d-4731-ae19-bf84488ff6e9,False,False,FR,1631357697.768211
0,An error occurred while sending the request,Error,/BuildNotice/0,MobileSDK,LGE LM-G850,OpenGLES2,1.0,1.11.0,False,Programmatic1,Programmatic,11/09/2021 10:54:57,6028e36ad1e80652e41054ca,6028e407a1ba2a0d3d760566,com.mytalkingcatemma.ballerinagames,1.0,en,Android OS 11 / API-30 (RKQ1.210420.001/2121423165754.OPEN_ESA_DS),23239c7e-f630-4dd2-a29d-9a7ebba20566,False,False,RU,1631357698.501943
0,could not receive ip address from ipfy,Error,/BuildNotice/0,MobileSDK,LGE LM-G850,OpenGLES2,1.0,1.11.0,False,Programmatic1,Programmatic,11/09/2021 10:54:57,6028e36ad1e80652e41054ca,6028e407a1ba2a0d3d760566,com.mytalkingcatemma.ballerinagames,1.0,en,Android OS 11 / API-30 (RKQ1.210420.001/2121423165754.OPEN_ESA_DS),23239c7e-f630-4dd2-a29d-9a7ebba20566,False,False,RU,1631357698.523748
0,could not receive ip address from ipfy,Error,/BuildNotice/0,MobileSDK,Google Mediatek MT8173 Chromebook,OpenGLES2,1.0,1.11.0,False,Programmatic1,Programmatic,11/09/2021 10:54:55,6028e36ad1e80652e41054ca,6028e407a1ba2a0d3d760566,com.mytalkingcatemma.ballerinagames,1.0,en,Android OS 9 / API-28 (R92-13982.88.0/7611540),642939ef-7224-42bd-ab8c-54bfec1db268,False,False,AF,1631357698.581466
0,An error occurred while sending the request,Error,/BuildNotice/0,MobileSDK,Google Mediatek MT8173 Chromebook,OpenGLES2,1.0,1.11.0,False,Programmatic1,Programmatic,11/09/2021 10:54:55,6028e36ad1e80652e41054ca,6028e407a1ba2a0d3d760566,com.mytalkingcatemma.ballerinagames,1.0,en,Android OS 9 / API-28 (R92-13982.88.0/7611540),642939ef-7224-42bd-ab8c-54bfec1db268,False,False,AF,1631357698.595083
0,An error occurred while sending the request,Error,/BuildNotice/0,MobileSDK,samsung SM-M315F,OpenGLES2,1.0,1.11.0,False,Programmatic1,Programmatic,09/11/2021 10:54:56,6028e36ad1e80652e41054ca,609d69021c511f4b1d4df1c4,com.pregnantcatemma.virtualpet,1.0,iv,Android OS 11 / API-30 (RP1A.200720.012/M315FXXU2BUG2),22958cb2-3edb-4eee-955c-0e1a06cef14c,False,False,IN,1631357698.613607
0,could not receive ip address from ipfy,Error,/BuildNotice/0,MobileSDK,samsung SM-M315F,OpenGLES2,1.0,1.11.0,False,Programmatic1,Programmatic,09/11/2021 10:54:56,6028e36ad1e80652e41054ca,609d69021c511f4b1d4df1c4,com.pregnantcatemma.virtualpet,1.0,iv,Android OS 11 / API-30 (RP1A.200720.012/M315FXXU2BUG2),22958cb2-3edb-4eee-955c-0e1a06cef14c,False,False,IN,1631357698.682673
0,could not receive ip address from ipfy,Error,/BuildNotice/0,MobileSDK,Xiaomi Redmi Go,OpenGLES2,1.0,1.11.0,False,Programmatic1,Programmatic,11.09.2021 10:54:55,6028e36ad1e80652e41054ca,6028e407a1ba2a0d3d760566,com.mytalkingcatemma.ballerinagames,1.0,ru,Android OS 8.1.0 / API-27 (OPM1.171019.026/V10.2.19.0.OCLINXM),a93fc096-654d-4731-ae19-bf84488ff6e9,False,False,FR,1631357698.826924
0,could not receive ip address from ipfy,Error,/BuildNotice/0,MobileSDK,Google Mediatek MT8173 Chromebook,OpenGLES2,1.0,1.11.0,False,Programmatic1,Programmatic,11/09/2021 10:54:56,6028e36ad1e80652e41054ca,6028e407a1ba2a0d3d760566,com.mytalkingcatemma.ballerinagames,1.0,en,Android OS 9 / API-28 (R92-13982.88.0/7611540),642939ef-7224-42bd-ab8c-54bfec1db268,False,False,AF,1631357698.907763
0,An error occurred while sending the request,Error,/BuildNotice/0,MobileSDK,Google Mediatek MT8173 Chromebook,OpenGLES2,1.0,1.11.0,False,Programmatic1,Programmatic,11/09/2021 10:54:56,6028e36ad1e80652e41054ca,6028e407a1ba2a0d3d760566,com.mytalkingcatemma.ballerinagames,1.0,en,Android OS 9 / API-28 (R92-13982.88.0/7611540),642939ef-7224-42bd-ab8c-54bfec1db268,False,False,AF,1631357698.936719
0,An error occurred while sending the request,Error,/BuildNotice/0,MobileSDK,Xiaomi Redmi Go,OpenGLES2,1.0,1.11.0,False,Programmatic1,Programmatic,11.09.2021 10:54:55,6028e36ad1e80652e41054ca,6028e407a1ba2a0d3d760566,com.mytalkingcatemma.ballerinagames,1.0,ru,Android OS 8.1.0 / API-27 (OPM1.171019.026/V10.2.19.0.OCLINXM),a93fc096-654d-4731-ae19-bf84488ff6e9,False,False,FR,1631357699.157306
0,could not receive ip address from ipfy,Error,/BuildNotice/0,MobileSDK,Google Mediatek MT8173 Chromebook,OpenGLES2,1.0,1.11.0,False,Programmatic1,Programmatic,11/09/2021 10:54:56,6028e36ad1e80652e41054ca,6028e407a1ba2a0d3d760566,com.mytalkingcatemma.ballerinagames,1.0,en,Android OS 9 / API-28 (R92-13982.88.0/7611540),642939ef-7224-42bd-ab8c-54bfec1db268,False,False,AF,1631357699.242688
0,An error occurred while sending the request,Error,/BuildNotice/0,MobileSDK,Google Mediatek MT8173 Chromebook,OpenGLES2,1.0,1.11.0,False,Programmatic1,Programmatic,11/09/2021 10:54:56,6028e36ad1e80652e41054ca,6028e407a1ba2a0d3d760566,com.mytalkingcatemma.ballerinagames,1.0,en,Android OS 9 / API-28 (R92-13982.88.0/7611540),642939ef-7224-42bd-ab8c-54bfec1db268,False,False,AF,1631357699.269752
0,could not receive ip address from ipfy,Error,/BuildNotice/0,MobileSDK,Xiaomi Redmi Go,OpenGLES2,1.0,1.11.0,False,Programmatic1,Programmatic,11.09.2021 10:54:56,6028e36ad1e80652e41054ca,6028e407a1ba2a0d3d760566,com.mytalkingcatemma.ballerinagames,1.0,ru,Android OS 8.1.0 / API-27 (OPM1.171019.026/V10.2.19.0.OCLINXM),a93fc096-654d-4731-ae19-bf84488ff6e9,False,False,FR,1631357699.517641
0,could not receive ip address from ipfy,Error,/BuildNotice/0,MobileSDK,Google Mediatek MT8173 Chromebook,OpenGLES2,1.0,1.11.0,False,Programmatic1,Programmatic,11/09/2021 10:54:56,6028e36ad1e80652e41054ca,6028e407a1ba2a0d3d760566,com.mytalkingcatemma.ballerinagames,1.0,en,Android OS 9 / API-28 (R92-13982.88.0/7611540),642939ef-7224-42bd-ab8c-54bfec1db268,False,False,AF,1631357699.570181
0,An error occurred while sending the request,Error,/BuildNotice/0,MobileSDK,Google Mediatek MT8173 Chromebook,OpenGLES2,1.0,1.11.0,False,Programmatic1,Programmatic,11/09/2021 10:54:57,6028e36ad1e80652e41054ca,6028e407a1ba2a0d3d760566,com.mytalkingcatemma.ballerinagames,1.0,en,Android OS 9 / API-28 (R92-13982.88.0/7611540),642939ef-7224-42bd-ab8c-54bfec1db268,False,False,AF,1631357699.596508
0,An error occurred while sending the request,Error,/BuildNotice/0,MobileSDK,Xiaomi Redmi Go,OpenGLES2,1.0,1.11.0,False,Programmatic1,Programmatic,11.09.2021 10:54:56,6028e36ad1e80652e41054ca,6028e407a1ba2a0d3d760566,com.mytalkingcatemma.ballerinagames,1.0,ru,Android OS 8.1.0 / API-27 (OPM1.171019.026/V10.2.19.0.OCLINXM),a93fc096-654d-4731-ae19-bf84488ff6e9,False,False,FR,1631357699.877847
0,could not receive ip address from ipfy,Error,/BuildNotice/0,MobileSDK,Google Mediatek MT8173 Chromebook,OpenGLES2,1.0,1.11.0,False,Programmatic1,Programmatic,11/09/2021 10:54:57,6028e36ad1e80652e41054ca,6028e407a1ba2a0d3d760566,com.mytalkingcatemma.ballerinagames,1.0,en,Android OS 9 / API-28 (R92-13982.88.0/7611540),642939ef-7224-42bd-ab8c-54bfec1db268,False,False,AF,1631357699.903174
0,An error occurred while sending the request,Error,/BuildNotice/0,MobileSDK,Google Mediatek MT8173 Chromebook,OpenGLES2,1.0,1.11.0,False,Programmatic1,Programmatic,11/09/2021 10:54:57,6028e36ad1e80652e41054ca,6028e407a1ba2a0d3d760566,com.mytalkingcatemma.ballerinagames,1.0,en,Android OS 9 / API-28 (R92-13982.88.0/7611540),642939ef-7224-42bd-ab8c-54bfec1db268,False,False,AF,1631357699.930559
0,could not receive ip address from ipfy,Error,/BuildNotice/0,MobileSDK,Xiaomi Redmi Go,OpenGLES2,1.0,1.11.0,False,Programmatic1,Programmatic,11.09.2021 10:54:57,6028e36ad1e80652e41054ca,6028e407a1ba2a0d3d760566,com.mytalkingcatemma.ballerinagames,1.0,ru,Android OS 8.1.0 / API-27 (OPM1.171019.026/V10.2.19.0.OCLINXM),a93fc096-654d-4731-ae19-bf84488ff6e9,False,False,FR,1631357699.969736
0,could not receive ip address from ipfy,Error,/BuildNotice/0,MobileSDK,Google Mediatek MT8173 Chromebook,OpenGLES2,1.0,1.11.0,False,Programmatic1,Programmatic,11/09/2021 10:54:57,6028e36ad1e80652e41054ca,6028e407a1ba2a0d3d760566,com.mytalkingcatemma.ballerinagames,1.0,en,Android OS 9 / API-28 (R92-13982.88.0/7611540),642939ef-7224-42bd-ab8c-54bfec1db268,False,False,AF,1631357700.244679
0,An error occurred while sending the request,Error,/BuildNotice/0,MobileSDK,Google Mediatek MT8173 Chromebook,OpenGLES2,1.0,1.11.0,False,Programmatic1,Programmatic,11/09/2021 10:54:57,6028e36ad1e80652e41054ca,6028e407a1ba2a0d3d760566,com.mytalkingcatemma.ballerinagames,1.0,en,Android OS 9 / API-28 (R92-13982.88.0/7611540),642939ef-7224-42bd-ab8c-54bfec1db268,False,False,AF,1631357700.272008
0,An error occurred while sending the request,Error,/BuildNotice/0,MobileSDK,Xiaomi Redmi Go,OpenGLES2,1.0,1.11.0,False,Programmatic1,Programmatic,11.09.2021 10:54:57,6028e36ad1e80652e41054ca,6028e407a1ba2a0d3d760566,com.mytalkingcatemma.ballerinagames,1.0,ru,Android OS 8.1.0 / API-27 (OPM1.171019.026/V10.2.19.0.OCLINXM),a93fc096-654d-4731-ae19-bf84488ff6e9,False,False,FR,1631357700.320571
0,could not receive ip address from ipfy,Error,/BuildNotice/0,MobileSDK,Google Mediatek MT8173 Chromebook,OpenGLES2,1.0,1.11.0,False,Programmatic1,Programmatic,11/09/2021 10:54:58,6028e36ad1e80652e41054ca,6028e407a1ba2a0d3d760566,com.mytalkingcatemma.ballerinagames,1.0,en,Android OS 9 / API-28 (R92-13982.88.0/7611540),642939ef-7224-42bd-ab8c-54bfec1db268,False,False,AF,1631357700.579629
0,An error occurred while sending the request,Error,/BuildNotice/0,MobileSDK,Google Mediatek MT8173 Chromebook,OpenGLES2,1.0,1.11.0,False,Programmatic1,Programmatic,11/09/2021 10:54:58,6028e36ad1e80652e41054ca,6028e407a1ba2a0d3d760566,com.mytalkingcatemma.ballerinagames,1.0,en,Android OS 9 / API-28 (R92-13982.88.0/7611540),642939ef-7224-42bd-ab8c-54bfec1db268,False,False,AF,1631357700.603564
0,could not receive ip address from ipfy,Error,/BuildNotice/0,MobileSDK,vivo vivo 1815,OpenGLES2,1.0,1.11.0,False,Programmatic1,Programmatic,9/11/2021 10:54:59 AM,6028e36ad1e80652e41054ca,6028e407a1ba2a0d3d760566,com.mytalkingcatemma.ballerinagames,1.0,en,Android OS 8.1.0 / API-27 (O11019/1625744218),aeffd1c5-1fb1-4106-b26a-928dcb9a3b54,False,False,RU,1631357700.785465
0,An error occurred while sending the request,Error,/BuildNotice/0,MobileSDK,vivo vivo 1815,OpenGLES2,1.0,1.11.0,False,Programmatic1,Programmatic,9/11/2021 10:54:59 AM,6028e36ad1e80652e41054ca,6028e407a1ba2a0d3d760566,com.mytalkingcatemma.ballerinagames,1.0,en,Android OS 8.1.0 / API-27 (O11019/1625744218),aeffd1c5-1fb1-4106-b26a-928dcb9a3b54,False,False,RU,1631357700.821757
0,could not receive ip address from ipfy,Error,/BuildNotice/0,MobileSDK,LGE LM-G850,OpenGLES2,1.0,1.11.0,False,Programmatic1,Programmatic,11/09/2021 10:55:00,6028e36ad1e80652e41054ca,6028e407a1ba2a0d3d760566,com.mytalkingcatemma.ballerinagames,1.0,en,Android OS 11 / API-30 (RKQ1.210420.001/2121423165754.OPEN_ESA_DS),23239c7e-f630-4dd2-a29d-9a7ebba20566,False,False,RU,1631357700.848601
0,An error occurred while sending the request,Error,/BuildNotice/0,MobileSDK,LGE LM-G850,OpenGLES2,1.0,1.11.0,False,Programmatic1,Programmatic,11/09/2021 10:55:00,6028e36ad1e80652e41054ca,6028e407a1ba2a0d3d760566,com.mytalkingcatemma.ballerinagames,1.0,en,Android OS 11 / API-30 (RKQ1.210420.001/2121423165754.OPEN_ESA_DS),23239c7e-f630-4dd2-a29d-9a7ebba20566,False,False,RU,1631357700.886003
0,could not receive ip address from ipfy,Error,/BuildNotice/0,MobileSDK,Google Mediatek MT8173 Chromebook,OpenGLES2,1.0,1.11.0,False,Programmatic1,Programmatic,11/09/2021 10:54:58,6028e36ad1e80652e41054ca,6028e407a1ba2a0d3d760566,com.mytalkingcatemma.ballerinagames,1.0,en,Android OS 9 / API-28 (R92-13982.88.0/7611540),642939ef-7224-42bd-ab8c-54bfec1db268,False,False,AF,1631357700.909098
0,An error occurred while sending the request,Error,/BuildNotice/0,MobileSDK,Google Mediatek MT8173 Chromebook,OpenGLES2,1.0,1.11.0,False,Programmatic1,Programmatic,11/09/2021 10:54:58,6028e36ad1e80652e41054ca,6028e407a1ba2a0d3d760566,com.mytalkingcatemma.ballerinagames,1.0,en,Android OS 9 / API-28 (R92-13982.88.0/7611540),642939ef-7224-42bd-ab8c-54bfec1db268,False,False,AF,1631357700.994345
0,could not receive ip address from ipfy,Error,/BuildNotice/0,MobileSDK,Google Mediatek MT8173 Chromebook,OpenGLES2,1.0,1.11.0,False,Programmatic1,Programmatic,11/09/2021 10:54:59,6028e36ad1e80652e41054ca,6028e407a1ba2a0d3d760566,com.mytalkingcatemma.ballerinagames,1.0,en,Android OS 9 / API-28 (R92-13982.88.0/7611540),642939ef-7224-42bd-ab8c-54bfec1db268,False,False,AF,1631357701.375417
0,could not receive ip address from ipfy,Error,/BuildNotice/0,MobileSDK,samsung SM-M315F,OpenGLES2,1.0,1.11.0,False,Programmatic1,Programmatic,09/11/2021 10:54:59,6028e36ad1e80652e41054ca,609d69021c511f4b1d4df1c4,com.pregnantcatemma.virtualpet,1.0,iv,Android OS 11 / API-30 (RP1A.200720.012/M315FXXU2BUG2),22958cb2-3edb-4eee-955c-0e1a06cef14c,False,False,IN,1631357701.403601
0,An error occurred while sending the request,Error,/BuildNotice/0,MobileSDK,samsung SM-M315F,OpenGLES2,1.0,1.11.0,False,Programmatic1,Programmatic,09/11/2021 10:54:59,6028e36ad1e80652e41054ca,609d69021c511f4b1d4df1c4,com.pregnantcatemma.virtualpet,1.0,iv,Android OS 11 / API-30 (RP1A.200720.012/M315FXXU2BUG2),22958cb2-3edb-4eee-955c-0e1a06cef14c,False,False,IN,1631357701.47136
0,An error occurred while sending the request,Error,/BuildNotice/0,MobileSDK,Google Mediatek MT8173 Chromebook,OpenGLES2,1.0,1.11.0,False,Programmatic1,Programmatic,11/09/2021 10:54:59,6028e36ad1e80652e41054ca,6028e407a1ba2a0d3d760566,com.mytalkingcatemma.ballerinagames,1.0,en,Android OS 9 / API-28 (R92-13982.88.0/7611540),642939ef-7224-42bd-ab8c-54bfec1db268,False,False,AF,1631357701.530448
0,could not receive ip address from ipfy,Error,/BuildNotice/0,MobileSDK,Xiaomi M2004J19C,OpenGLES2,1.0,1.11.0,False,Programmatic1,Programmatic,09/11/2021 10:54:58,6028e36ad1e80652e41054ca,609d69021c511f4b1d4df1c4,com.pregnantcatemma.virtualpet,1.0,iv,Android OS 10 / API-29 (QP1A.190711.020/V12.0.1.0.QJCRUXM),7f33e85a-6581-4dea-b1db-97759fae75c2,False,False,KR,1631357701.683785
0,An error occurred while sending the request,Error,/BuildNotice/0,MobileSDK,Xiaomi M2004J19C,OpenGLES2,1.0,1.11.0,False,Programmatic1,Programmatic,09/11/2021 10:54:58,6028e36ad1e80652e41054ca,609d69021c511f4b1d4df1c4,com.pregnantcatemma.virtualpet,1.0,iv,Android OS 10 / API-29 (QP1A.190711.020/V12.0.1.0.QJCRUXM),7f33e85a-6581-4dea-b1db-97759fae75c2,False,False,KR,1631357701.713354
0,could not receive ip address from ipfy,Error,/BuildNotice/0,MobileSDK,Google Mediatek MT8173 Chromebook,OpenGLES2,1.0,1.11.0,False,Programmatic1,Programmatic,11/09/2021 10:55:00,6028e36ad1e80652e41054ca,6028e407a1ba2a0d3d760566,com.mytalkingcatemma.ballerinagames,1.0,en,Android OS 9 / API-28 (R92-13982.88.0/7611540),642939ef-7224-42bd-ab8c-54bfec1db268,False,False,AF,1631357702.317778
0,An error occurred while sending the request,Error,/BuildNotice/0,MobileSDK,Google Mediatek MT8173 Chromebook,OpenGLES2,1.0,1.11.0,False,Programmatic1,Programmatic,11/09/2021 10:55:00,6028e36ad1e80652e41054ca,6028e407a1ba2a0d3d760566,com.mytalkingcatemma.ballerinagames,1.0,en,Android OS 9 / API-28 (R92-13982.88.0/7611540),642939ef-7224-42bd-ab8c-54bfec1db268,False,False,AF,1631357702.344007
0,could not receive ip address from ipfy,Error,/BuildNotice/0,MobileSDK,Google Mediatek MT8173 Chromebook,OpenGLES2,1.0,1.11.0,False,Programmatic1,Programmatic,11/09/2021 10:55:00,6028e36ad1e80652e41054ca,6028e407a1ba2a0d3d760566,com.mytalkingcatemma.ballerinagames,1.0,en,Android OS 9 / API-28 (R92-13982.88.0/7611540),642939ef-7224-42bd-ab8c-54bfec1db268,False,False,AF,1631357702.70714
0,An error occurred while sending the request,Error,/BuildNotice/0,MobileSDK,Google Mediatek MT8173 Chromebook,OpenGLES2,1.0,1.11.0,False,Programmatic1,Programmatic,11/09/2021 10:55:00,6028e36ad1e80652e41054ca,6028e407a1ba2a0d3d760566,com.mytalkingcatemma.ballerinagames,1.0,en,Android OS 9 / API-28 (R92-13982.88.0/7611540),642939ef-7224-42bd-ab8c-54bfec1db268,False,False,AF,1631357702.759417
0,could not receive ip address from ipfy,Error,/BuildNotice/0,MobileSDK,Google Mediatek MT8173 Chromebook,OpenGLES2,1.0,1.11.0,False,Programmatic1,Programmatic,11/09/2021 10:55:00,6028e36ad1e80652e41054ca,6028e407a1ba2a0d3d760566,com.mytalkingcatemma.ballerinagames,1.0,en,Android OS 9 / API-28 (R92-13982.88.0/7611540),642939ef-7224-42bd-ab8c-54bfec1db268,False,False,AF,1631357703.099231
0,An error occurred while sending the request,Error,/BuildNotice/0,MobileSDK,Google Mediatek MT8173 Chromebook,OpenGLES2,1.0,1.11.0,False,Programmatic1,Programmatic,11/09/2021 10:55:00,6028e36ad1e80652e41054ca,6028e407a1ba2a0d3d760566,com.mytalkingcatemma.ballerinagames,1.0,en,Android OS 9 / API-28 (R92-13982.88.0/7611540),642939ef-7224-42bd-ab8c-54bfec1db268,False,False,AF,1631357703.124878
0,could not receive ip address from ipfy,Error,/BuildNotice/0,MobileSDK,Google Mediatek MT8173 Chromebook,OpenGLES2,1.0,1.11.0,False,Programmatic1,Programmatic,11/09/2021 10:55:01,6028e36ad1e80652e41054ca,6028e407a1ba2a0d3d760566,com.mytalkingcatemma.ballerinagames,1.0,en,Android OS 9 / API-28 (R92-13982.88.0/7611540),642939ef-7224-42bd-ab8c-54bfec1db268,False,False,AF,1631357703.498545
0,An error occurred while sending the request,Error,/BuildNotice/0,MobileSDK,Google Mediatek MT8173 Chromebook,OpenGLES2,1.0,1.11.0,False,Programmatic1,Programmatic,11/09/2021 10:55:01,6028e36ad1e80652e41054ca,6028e407a1ba2a0d3d760566,com.mytalkingcatemma.ballerinagames,1.0,en,Android OS 9 / API-28 (R92-13982.88.0/7611540),642939ef-7224-42bd-ab8c-54bfec1db268,False,False,AF,1631357703.524717
0,An error occurred while sending the request,Error,/BuildNotice/0,MobileSDK,LGE LM-G850,OpenGLES2,1.0,1.11.0,False,Programmatic1,Programmatic,11/09/2021 10:55:03,6028e36ad1e80652e41054ca,6028e407a1ba2a0d3d760566,com.mytalkingcatemma.ballerinagames,1.0,en,Android OS 11 / API-30 (RKQ1.210420.001/2121423165754.OPEN_ESA_DS),23239c7e-f630-4dd2-a29d-9a7ebba20566,False,False,RU,1631357703.849357
0,could not receive ip address from ipfy,Error,/BuildNotice/0,MobileSDK,LGE LM-G850,OpenGLES2,1.0,1.11.0,False,Programmatic1,Programmatic,11/09/2021 10:55:03,6028e36ad1e80652e41054ca,6028e407a1ba2a0d3d760566,com.mytalkingcatemma.ballerinagames,1.0,en,Android OS 11 / API-30 (RKQ1.210420.001/2121423165754.OPEN_ESA_DS),23239c7e-f630-4dd2-a29d-9a7ebba20566,False,False,RU,1631357703.867021
0,could not receive ip address from ipfy,Error,/BuildNotice/0,MobileSDK,Google Mediatek MT8173 Chromebook,OpenGLES2,1.0,1.11.0,False,Programmatic1,Programmatic,11/09/2021 10:55:01,6028e36ad1e80652e41054ca,6028e407a1ba2a0d3d760566,com.mytalkingcatemma.ballerinagames,1.0,en,Android OS 9 / API-28 (R92-13982.88.0/7611540),642939ef-7224-42bd-ab8c-54bfec1db268,False,False,AF,1631357703.880823
0,An error occurred while sending the request,Error,/BuildNotice/0,MobileSDK,Google Mediatek MT8173 Chromebook,OpenGLES2,1.0,1.11.0,False,Programmatic1,Programmatic,11/09/2021 10:55:01,6028e36ad1e80652e41054ca,6028e407a1ba2a0d3d760566,com.mytalkingcatemma.ballerinagames,1.0,en,Android OS 9 / API-28 (R92-13982.88.0/7611540),642939ef-7224-42bd-ab8c-54bfec1db268,False,False,AF,1631357703.915667
0,could not receive ip address from ipfy,Error,/BuildNotice/0,MobileSDK,Google Mediatek MT8173 Chromebook,OpenGLES2,1.0,1.11.0,False,Programmatic1,Programmatic,11/09/2021 10:55:02,6028e36ad1e80652e41054ca,6028e407a1ba2a0d3d760566,com.mytalkingcatemma.ballerinagames,1.0,en,Android OS 9 / API-28 (R92-13982.88.0/7611540),642939ef-7224-42bd-ab8c-54bfec1db268,False,False,AF,1631357704.266258
0,An error occurred while sending the request,Error,/BuildNotice/0,MobileSDK,Google Mediatek MT8173 Chromebook,OpenGLES2,1.0,1.11.0,False,Programmatic1,Programmatic,11/09/2021 10:55:02,6028e36ad1e80652e41054ca,6028e407a1ba2a0d3d760566,com.mytalkingcatemma.ballerinagames,1.0,en,Android OS 9 / API-28 (R92-13982.88.0/7611540),642939ef-7224-42bd-ab8c-54bfec1db268,False,False,AF,1631357704.299723
0,could not receive ip address from ipfy,Error,/BuildNotice/0,MobileSDK,samsung SM-M315F,OpenGLES2,1.0,1.11.0,False,Programmatic1,Programmatic,09/11/2021 10:55:02,6028e36ad1e80652e41054ca,609d69021c511f4b1d4df1c4,com.pregnantcatemma.virtualpet,1.0,iv,Android OS 11 / API-30 (RP1A.200720.012/M315FXXU2BUG2),22958cb2-3edb-4eee-955c-0e1a06cef14c,False,False,IN,1631357704.362906
0,An error occurred while sending the request,Error,/BuildNotice/0,MobileSDK,samsung SM-M315F,OpenGLES2,1.0,1.11.0,False,Programmatic1,Programmatic,09/11/2021 10:55:02,6028e36ad1e80652e41054ca,609d69021c511f4b1d4df1c4,com.pregnantcatemma.virtualpet,1.0,iv,Android OS 11 / API-30 (RP1A.200720.012/M315FXXU2BUG2),22958cb2-3edb-4eee-955c-0e1a06cef14c,False,False,IN,1631357704.376562
0,could not receive ip address from ipfy,Error,/BuildNotice/0,MobileSDK,Google Mediatek MT8173 Chromebook,OpenGLES2,1.0,1.11.0,False,Programmatic1,Programmatic,11/09/2021 10:55:02,6028e36ad1e80652e41054ca,6028e407a1ba2a0d3d760566,com.mytalkingcatemma.ballerinagames,1.0,en,Android OS 9 / API-28 (R92-13982.88.0/7611540),642939ef-7224-42bd-ab8c-54bfec1db268,False,False,AF,1631357704.65934
0,An error occurred while sending the request,Error,/BuildNotice/0,MobileSDK,Google Mediatek MT8173 Chromebook,OpenGLES2,1.0,1.11.0,False,Programmatic1,Programmatic,11/09/2021 10:55:02,6028e36ad1e80652e41054ca,6028e407a1ba2a0d3d760566,com.mytalkingcatemma.ballerinagames,1.0,en,Android OS 9 / API-28 (R92-13982.88.0/7611540),642939ef-7224-42bd-ab8c-54bfec1db268,False,False,AF,1631357704.697745
0,could not receive ip address from ipfy,Error,/BuildNotice/0,MobileSDK,Google Mediatek MT8173 Chromebook,OpenGLES2,1.0,1.11.0,False,Programmatic1,Programmatic,11/09/2021 10:55:02,6028e36ad1e80652e41054ca,6028e407a1ba2a0d3d760566,com.mytalkingcatemma.ballerinagames,1.0,en,Android OS 9 / API-28 (R92-13982.88.0/7611540),642939ef-7224-42bd-ab8c-54bfec1db268,False,False,AF,1631357705.030142
0,An error occurred while sending the request,Error,/BuildNotice/0,MobileSDK,Google Mediatek MT8173 Chromebook,OpenGLES2,1.0,1.11.0,False,Programmatic1,Programmatic,11/09/2021 10:55:02,6028e36ad1e80652e41054ca,6028e407a1ba2a0d3d760566,com.mytalkingcatemma.ballerinagames,1.0,en,Android OS 9 / API-28 (R92-13982.88.0/7611540),642939ef-7224-42bd-ab8c-54bfec1db268,False,False,AF,1631357705.053757
0,could not receive ip address from ipfy,Error,/BuildNotice/0,MobileSDK,Google Mediatek MT8173 Chromebook,OpenGLES2,1.0,1.11.0,False,Programmatic1,Programmatic,11/09/2021 10:55:03,6028e36ad1e80652e41054ca,6028e407a1ba2a0d3d760566,com.mytalkingcatemma.ballerinagames,1.0,en,Android OS 9 / API-28 (R92-13982.88.0/7611540),642939ef-7224-42bd-ab8c-54bfec1db268,False,False,AF,1631357705.482786
0,An error occurred while sending the request,Error,/BuildNotice/0,MobileSDK,Google Mediatek MT8173 Chromebook,OpenGLES2,1.0,1.11.0,False,Programmatic1,Programmatic,11/09/2021 10:55:03,6028e36ad1e80652e41054ca,6028e407a1ba2a0d3d760566,com.mytalkingcatemma.ballerinagames,1.0,en,Android OS 9 / API-28 (R92-13982.88.0/7611540),642939ef-7224-42bd-ab8c-54bfec1db268,False,False,AF,1631357705.497538
0,could not receive ip address from ipfy,Error,/BuildNotice/0,MobileSDK,vivo V2043,OpenGLES2,1.0,1.10.2,False,Programmatic1,Programmatic,09/11/2021 10:54:47,611bdadcd4e35d332f3d5e66,611be843d5491c7d0a6ab0ce,com.thg.battleops.shooting.game,1.0,iv,Android OS 11 / API-30 (RP1A.200720.012/eng.compil.20210717.185129),f902a1ea-ff77-42d7-9b9c-5e439aca0c0c,True,False,AU,1631357705.688929
0,An error occurred while sending the request,Error,/BuildNotice/0,MobileSDK,vivo V2043,OpenGLES2,1.0,1.10.2,False,Programmatic1,Programmatic,09/11/2021 10:54:47,611bdadcd4e35d332f3d5e66,611be843d5491c7d0a6ab0ce,com.thg.battleops.shooting.game,1.0,iv,Android OS 11 / API-30 (RP1A.200720.012/eng.compil.20210717.185129),f902a1ea-ff77-42d7-9b9c-5e439aca0c0c,True,False,AU,1631357705.757567
0,could not receive ip address from ipfy,Error,/BuildNotice/0,MobileSDK,Google Mediatek MT8173 Chromebook,OpenGLES2,1.0,1.11.0,False,Programmatic1,Programmatic,11/09/2021 10:55:03,6028e36ad1e80652e41054ca,6028e407a1ba2a0d3d760566,com.mytalkingcatemma.ballerinagames,1.0,en,Android OS 9 / API-28 (R92-13982.88.0/7611540),642939ef-7224-42bd-ab8c-54bfec1db268,False,False,AF,1631357705.831526
0,An error occurred while sending the request,Error,/BuildNotice/0,MobileSDK,Google Mediatek MT8173 Chromebook,OpenGLES2,1.0,1.11.0,False,Programmatic1,Programmatic,11/09/2021 10:55:03,6028e36ad1e80652e41054ca,6028e407a1ba2a0d3d760566,com.mytalkingcatemma.ballerinagames,1.0,en,Android OS 9 / API-28 (R92-13982.88.0/7611540),642939ef-7224-42bd-ab8c-54bfec1db268,False,False,AF,1631357705.891004
0,could not receive ip address from ipfy,Error,/BuildNotice/0,MobileSDK,Google Mediatek MT8173 Chromebook,OpenGLES2,1.0,1.11.0,False,Programmatic1,Programmatic,11/09/2021 10:55:04,6028e36ad1e80652e41054ca,6028e407a1ba2a0d3d760566,com.mytalkingcatemma.ballerinagames,1.0,en,Android OS 9 / API-28 (R92-13982.88.0/7611540),642939ef-7224-42bd-ab8c-54bfec1db268,False,False,AF,1631357706.186106
0,An error occurred while sending the request,Error,/BuildNotice/0,MobileSDK,Google Mediatek MT8173 Chromebook,OpenGLES2,1.0,1.11.0,False,Programmatic1,Programmatic,11/09/2021 10:55:04,6028e36ad1e80652e41054ca,6028e407a1ba2a0d3d760566,com.mytalkingcatemma.ballerinagames,1.0,en,Android OS 9 / API-28 (R92-13982.88.0/7611540),642939ef-7224-42bd-ab8c-54bfec1db268,False,False,AF,1631357706.220899
0,could not receive ip address from ipfy,Error,/BuildNotice/0,MobileSDK,Google Mediatek MT8173 Chromebook,OpenGLES2,1.0,1.11.0,False,Programmatic1,Programmatic,11/09/2021 10:55:04,6028e36ad1e80652e41054ca,6028e407a1ba2a0d3d760566,com.mytalkingcatemma.ballerinagames,1.0,en,Android OS 9 / API-28 (R92-13982.88.0/7611540),642939ef-7224-42bd-ab8c-54bfec1db268,False,False,AF,1631357706.542888
0,An error occurred while sending the request,Error,/BuildNotice/0,MobileSDK,Google Mediatek MT8173 Chromebook,OpenGLES2,1.0,1.11.0,False,Programmatic1,Programmatic,11/09/2021 10:55:04,6028e36ad1e80652e41054ca,6028e407a1ba2a0d3d760566,com.mytalkingcatemma.ballerinagames,1.0,en,Android OS 9 / API-28 (R92-13982.88.0/7611540),642939ef-7224-42bd-ab8c-54bfec1db268,False,False,AF,1631357706.56292
0,could not receive ip address from ipfy,Error,/BuildNotice/0,MobileSDK,LGE LM-G850,OpenGLES2,1.0,1.11.0,False,Programmatic1,Programmatic,11/09/2021 10:55:06,6028e36ad1e80652e41054ca,6028e407a1ba2a0d3d760566,com.mytalkingcatemma.ballerinagames,1.0,en,Android OS 11 / API-30 (RKQ1.210420.001/2121423165754.OPEN_ESA_DS),23239c7e-f630-4dd2-a29d-9a7ebba20566,False,False,RU,1631357706.833336
0,An error occurred while sending the request,Error,/BuildNotice/0,MobileSDK,LGE LM-G850,OpenGLES2,1.0,1.11.0,False,Programmatic1,Programmatic,11/09/2021 10:55:06,6028e36ad1e80652e41054ca,6028e407a1ba2a0d3d760566,com.mytalkingcatemma.ballerinagames,1.0,en,Android OS 11 / API-30 (RKQ1.210420.001/2121423165754.OPEN_ESA_DS),23239c7e-f630-4dd2-a29d-9a7ebba20566,False,False,RU,1631357706.847718
0,could not receive ip address from ipfy,Error,/BuildNotice/0,MobileSDK,Google Mediatek MT8173 Chromebook,OpenGLES2,1.0,1.11.0,False,Programmatic1,Programmatic,11/09/2021 10:55:04,6028e36ad1e80652e41054ca,6028e407a1ba2a0d3d760566,com.mytalkingcatemma.ballerinagames,1.0,en,Android OS 9 / API-28 (R92-13982.88.0/7611540),642939ef-7224-42bd-ab8c-54bfec1db268,False,False,AF,1631357706.937866
0,An error occurred while sending the request,Error,/BuildNotice/0,MobileSDK,Google Mediatek MT8173 Chromebook,OpenGLES2,1.0,1.11.0,False,Programmatic1,Programmatic,11/09/2021 10:55:04,6028e36ad1e80652e41054ca,6028e407a1ba2a0d3d760566,com.mytalkingcatemma.ballerinagames,1.0,en,Android OS 9 / API-28 (R92-13982.88.0/7611540),642939ef-7224-42bd-ab8c-54bfec1db268,False,False,AF,1631357706.97541
0,could not receive ip address from ipfy,Error,/BuildNotice/0,MobileSDK,Google Mediatek MT8173 Chromebook,OpenGLES2,1.0,1.11.0,False,Programmatic1,Programmatic,11/09/2021 10:55:05,6028e36ad1e80652e41054ca,6028e407a1ba2a0d3d760566,com.mytalkingcatemma.ballerinagames,1.0,en,Android OS 9 / API-28 (R92-13982.88.0/7611540),642939ef-7224-42bd-ab8c-54bfec1db268,False,False,AF,1631357707.317134
0,An error occurred while sending the request,Error,/BuildNotice/0,MobileSDK,Google Mediatek MT8173 Chromebook,OpenGLES2,1.0,1.11.0,False,Programmatic1,Programmatic,11/09/2021 10:55:05,6028e36ad1e80652e41054ca,6028e407a1ba2a0d3d760566,com.mytalkingcatemma.ballerinagames,1.0,en,Android OS 9 / API-28 (R92-13982.88.0/7611540),642939ef-7224-42bd-ab8c-54bfec1db268,False,False,AF,1631357707.337038
0,could not receive ip address from ipfy,Error,/BuildNotice/0,MobileSDK,Google Mediatek MT8173 Chromebook,OpenGLES2,1.0,1.11.0,False,Programmatic1,Programmatic,11/09/2021 10:55:05,6028e36ad1e80652e41054ca,6028e407a1ba2a0d3d760566,com.mytalkingcatemma.ballerinagames,1.0,en,Android OS 9 / API-28 (R92-13982.88.0/7611540),642939ef-7224-42bd-ab8c-54bfec1db268,False,False,AF,1631357707.689894
0,An error occurred while sending the request,Error,/BuildNotice/0,MobileSDK,Google Mediatek MT8173 Chromebook,OpenGLES2,1.0,1.11.0,False,Programmatic1,Programmatic,11/09/2021 10:55:05,6028e36ad1e80652e41054ca,6028e407a1ba2a0d3d760566,com.mytalkingcatemma.ballerinagames,1.0,en,Android OS 9 / API-28 (R92-13982.88.0/7611540),642939ef-7224-42bd-ab8c-54bfec1db268,False,False,AF,1631357707.713656
0,could not receive ip address from ipfy,Error,/BuildNotice/0,MobileSDK,Google Mediatek MT8173 Chromebook,OpenGLES2,1.0,1.11.0,False,Programmatic1,Programmatic,11/09/2021 10:55:05,6028e36ad1e80652e41054ca,6028e407a1ba2a0d3d760566,com.mytalkingcatemma.ballerinagames,1.0,en,Android OS 9 / API-28 (R92-13982.88.0/7611540),642939ef-7224-42bd-ab8c-54bfec1db268,False,False,AF,1631357708.064519
0,An error occurred while sending the request,Error,/BuildNotice/0,MobileSDK,Google Mediatek MT8173 Chromebook,OpenGLES2,1.0,1.11.0,False,Programmatic1,Programmatic,11/09/2021 10:55:05,6028e36ad1e80652e41054ca,6028e407a1ba2a0d3d760566,com.mytalkingcatemma.ballerinagames,1.0,en,Android OS 9 / API-28 (R92-13982.88.0/7611540),642939ef-7224-42bd-ab8c-54bfec1db268,False,False,AF,1631357708.084832
0,could not receive ip address from ipfy,Error,/BuildNotice/0,MobileSDK,Google Mediatek MT8173 Chromebook,OpenGLES2,1.0,1.11.0,False,Programmatic1,Programmatic,11/09/2021 10:55:06,6028e36ad1e80652e41054ca,6028e407a1ba2a0d3d760566,com.mytalkingcatemma.ballerinagames,1.0,en,Android OS 9 / API-28 (R92-13982.88.0/7611540),642939ef-7224-42bd-ab8c-54bfec1db268,False,False,AF,1631357708.436759
0,An error occurred while sending the request,Error,/BuildNotice/0,MobileSDK,Google Mediatek MT8173 Chromebook,OpenGLES2,1.0,1.11.0,False,Programmatic1,Programmatic,11/09/2021 10:55:06,6028e36ad1e80652e41054ca,6028e407a1ba2a0d3d760566,com.mytalkingcatemma.ballerinagames,1.0,en,Android OS 9 / API-28 (R92-13982.88.0/7611540),642939ef-7224-42bd-ab8c-54bfec1db268,False,False,AF,1631357708.460913
0,"We are running ""Programmatic Flow"", you need to active gCom. 
 HTTP/1.1 400 Bad Request
{""product"": null, ""payment"": null, ""shipment_available_options"": [], ""session"": {""session_id"": ""1.0"", ""status"": ""Error: CODE_INVALID_FLOW_ID"", ""error_code"": 110}, ""flow"": ""gcom""}",Error,/BuildNotice/0,MobileSDK,Xiaomi Redmi Note 8 Pro,OpenGLES2,1.0,1.10.2,False,Programmatic1,Programmatic,09/11/2021 10:55:07,611bdadcd4e35d332f3d5e66,611be843d5491c7d0a6ab0ce,com.thg.battleops.shooting.game,1.0,iv,Android OS 10 / API-29 (QP1A.190711.020/V12.0.8.0.QGGMIXM),b9865ba1-c421-41b0-a6a3-b1e818316ab1,True,False,ID,1631357708.59776
0,could not receive ip address from ipfy,Error,/BuildNotice/0,MobileSDK,Google Mediatek MT8173 Chromebook,OpenGLES2,1.0,1.11.0,False,Programmatic1,Programmatic,11/09/2021 10:55:06,6028e36ad1e80652e41054ca,6028e407a1ba2a0d3d760566,com.mytalkingcatemma.ballerinagames,1.0,en,Android OS 9 / API-28 (R92-13982.88.0/7611540),642939ef-7224-42bd-ab8c-54bfec1db268,False,False,AF,1631357708.999267
0,An error occurred while sending the request,Error,/BuildNotice/0,MobileSDK,Google Mediatek MT8173 Chromebook,OpenGLES2,1.0,1.11.0,False,Programmatic1,Programmatic,11/09/2021 10:55:06,6028e36ad1e80652e41054ca,6028e407a1ba2a0d3d760566,com.mytalkingcatemma.ballerinagames,1.0,en,Android OS 9 / API-28 (R92-13982.88.0/7611540),642939ef-7224-42bd-ab8c-54bfec1db268,False,False,AF,1631357709.033393
0,could not receive ip address from ipfy,Error,/BuildNotice/0,MobileSDK,Google Mediatek MT8173 Chromebook,OpenGLES2,1.0,1.11.0,False,Programmatic1,Programmatic,11/09/2021 10:55:07,6028e36ad1e80652e41054ca,6028e407a1ba2a0d3d760566,com.mytalkingcatemma.ballerinagames,1.0,en,Android OS 9 / API-28 (R92-13982.88.0/7611540),642939ef-7224-42bd-ab8c-54bfec1db268,False,False,AF,1631357709.83041
0,An error occurred while sending the request,Error,/BuildNotice/0,MobileSDK,Google Mediatek MT8173 Chromebook,OpenGLES2,1.0,1.11.0,False,Programmatic1,Programmatic,11/09/2021 10:55:07,6028e36ad1e80652e41054ca,6028e407a1ba2a0d3d760566,com.mytalkingcatemma.ballerinagames,1.0,en,Android OS 9 / API-28 (R92-13982.88.0/7611540),642939ef-7224-42bd-ab8c-54bfec1db268,False,False,AF,1631357709.854286
0,could not receive ip address from ipfy,Error,/BuildNotice/0,MobileSDK,LGE LM-G850,OpenGLES2,1.0,1.11.0,False,Programmatic1,Programmatic,11/09/2021 10:55:09,6028e36ad1e80652e41054ca,6028e407a1ba2a0d3d760566,com.mytalkingcatemma.ballerinagames,1.0,en,Android OS 11 / API-30 (RKQ1.210420.001/2121423165754.OPEN_ESA_DS),23239c7e-f630-4dd2-a29d-9a7ebba20566,False,False,RU,1631357709.875642
0,An error occurred while sending the request,Error,/BuildNotice/0,MobileSDK,LGE LM-G850,OpenGLES2,1.0,1.11.0,False,Programmatic1,Programmatic,11/09/2021 10:55:09,6028e36ad1e80652e41054ca,6028e407a1ba2a0d3d760566,com.mytalkingcatemma.ballerinagames,1.0,en,Android OS 11 / API-30 (RKQ1.210420.001/2121423165754.OPEN_ESA_DS),23239c7e-f630-4dd2-a29d-9a7ebba20566,False,False,RU,1631357709.890923
0,could not receive ip address from ipfy,Error,/BuildNotice/0,MobileSDK,Google Mediatek MT8173 Chromebook,OpenGLES2,1.0,1.11.0,False,Programmatic1,Programmatic,11/09/2021 10:55:08,6028e36ad1e80652e41054ca,6028e407a1ba2a0d3d760566,com.mytalkingcatemma.ballerinagames,1.0,en,Android OS 9 / API-28 (R92-13982.88.0/7611540),642939ef-7224-42bd-ab8c-54bfec1db268,False,False,AF,1631357710.231695
0,An error occurred while sending the request,Error,/BuildNotice/0,MobileSDK,Google Mediatek MT8173 Chromebook,OpenGLES2,1.0,1.11.0,False,Programmatic1,Programmatic,11/09/2021 10:55:08,6028e36ad1e80652e41054ca,6028e407a1ba2a0d3d760566,com.mytalkingcatemma.ballerinagames,1.0,en,Android OS 9 / API-28 (R92-13982.88.0/7611540),642939ef-7224-42bd-ab8c-54bfec1db268,False,False,AF,1631357710.251745
0,could not receive ip address from ipfy,Error,/BuildNotice/0,MobileSDK,Google Mediatek MT8173 Chromebook,OpenGLES2,1.0,1.11.0,False,Programmatic1,Programmatic,11/09/2021 10:55:08,6028e36ad1e80652e41054ca,6028e407a1ba2a0d3d760566,com.mytalkingcatemma.ballerinagames,1.0,en,Android OS 9 / API-28 (R92-13982.88.0/7611540),642939ef-7224-42bd-ab8c-54bfec1db268,False,False,AF,1631357710.59923
0,An error occurred while sending the request,Error,/BuildNotice/0,MobileSDK,Google Mediatek MT8173 Chromebook,OpenGLES2,1.0,1.11.0,False,Programmatic1,Programmatic,11/09/2021 10:55:08,6028e36ad1e80652e41054ca,6028e407a1ba2a0d3d760566,com.mytalkingcatemma.ballerinagames,1.0,en,Android OS 9 / API-28 (R92-13982.88.0/7611540),642939ef-7224-42bd-ab8c-54bfec1db268,False,False,AF,1631357710.623396
0,could not receive ip address from ipfy,Error,/BuildNotice/0,MobileSDK,Google Mediatek MT8173 Chromebook,OpenGLES2,1.0,1.11.0,False,Programmatic1,Programmatic,11/09/2021 10:55:08,6028e36ad1e80652e41054ca,6028e407a1ba2a0d3d760566,com.mytalkingcatemma.ballerinagames,1.0,en,Android OS 9 / API-28 (R92-13982.88.0/7611540),642939ef-7224-42bd-ab8c-54bfec1db268,False,False,AF,1631357710.962529
0,An error occurred while sending the request,Error,/BuildNotice/0,MobileSDK,Google Mediatek MT8173 Chromebook,OpenGLES2,1.0,1.11.0,False,Programmatic1,Programmatic,11/09/2021 10:55:08,6028e36ad1e80652e41054ca,6028e407a1ba2a0d3d760566,com.mytalkingcatemma.ballerinagames,1.0,en,Android OS 9 / API-28 (R92-13982.88.0/7611540),642939ef-7224-42bd-ab8c-54bfec1db268,False,False,AF,1631357710.998986
0,could not receive ip address from ipfy,Error,/BuildNotice/0,MobileSDK,Google Mediatek MT8173 Chromebook,OpenGLES2,1.0,1.11.0,False,Programmatic1,Programmatic,11/09/2021 10:55:09,6028e36ad1e80652e41054ca,6028e407a1ba2a0d3d760566,com.mytalkingcatemma.ballerinagames,1.0,en,Android OS 9 / API-28 (R92-13982.88.0/7611540),642939ef-7224-42bd-ab8c-54bfec1db268,False,False,AF,1631357711.310051
0,An error occurred while sending the request,Error,/BuildNotice/0,MobileSDK,Google Mediatek MT8173 Chromebook,OpenGLES2,1.0,1.11.0,False,Programmatic1,Programmatic,11/09/2021 10:55:09,6028e36ad1e80652e41054ca,6028e407a1ba2a0d3d760566,com.mytalkingcatemma.ballerinagames,1.0,en,Android OS 9 / API-28 (R92-13982.88.0/7611540),642939ef-7224-42bd-ab8c-54bfec1db268,False,False,AF,1631357711.345372
0,could not receive ip address from ipfy,Error,/BuildNotice/0,MobileSDK,Google Mediatek MT8173 Chromebook,OpenGLES2,1.0,1.11.0,False,Programmatic1,Programmatic,11/09/2021 10:55:09,6028e36ad1e80652e41054ca,6028e407a1ba2a0d3d760566,com.mytalkingcatemma.ballerinagames,1.0,en,Android OS 9 / API-28 (R92-13982.88.0/7611540),642939ef-7224-42bd-ab8c-54bfec1db268,False,False,AF,1631357711.643496
0,An error occurred while sending the request,Error,/BuildNotice/0,MobileSDK,Google Mediatek MT8173 Chromebook,OpenGLES2,1.0,1.11.0,False,Programmatic1,Programmatic,11/09/2021 10:55:09,6028e36ad1e80652e41054ca,6028e407a1ba2a0d3d760566,com.mytalkingcatemma.ballerinagames,1.0,en,Android OS 9 / API-28 (R92-13982.88.0/7611540),642939ef-7224-42bd-ab8c-54bfec1db268,False,False,AF,1631357711.679042
0,could not receive ip address from ipfy,Error,/BuildNotice/0,MobileSDK,Google Mediatek MT8173 Chromebook,OpenGLES2,1.0,1.11.0,False,Programmatic1,Programmatic,11/09/2021 10:55:09,6028e36ad1e80652e41054ca,6028e407a1ba2a0d3d760566,com.mytalkingcatemma.ballerinagames,1.0,en,Android OS 9 / API-28 (R92-13982.88.0/7611540),642939ef-7224-42bd-ab8c-54bfec1db268,False,False,AF,1631357711.997679
0,An error occurred while sending the request,Error,/BuildNotice/0,MobileSDK,Google Mediatek MT8173 Chromebook,OpenGLES2,1.0,1.11.0,False,Programmatic1,Programmatic,11/09/2021 10:55:09,6028e36ad1e80652e41054ca,6028e407a1ba2a0d3d760566,com.mytalkingcatemma.ballerinagames,1.0,en,Android OS 9 / API-28 (R92-13982.88.0/7611540),642939ef-7224-42bd-ab8c-54bfec1db268,False,False,AF,1631357712.031306
0,could not receive ip address from ipfy,Error,/BuildNotice/0,MobileSDK,Google Mediatek MT8173 Chromebook,OpenGLES2,1.0,1.11.0,False,Programmatic1,Programmatic,11/09/2021 10:55:10,6028e36ad1e80652e41054ca,6028e407a1ba2a0d3d760566,com.mytalkingcatemma.ballerinagames,1.0,en,Android OS 9 / API-28 (R92-13982.88.0/7611540),642939ef-7224-42bd-ab8c-54bfec1db268,False,False,AF,1631357712.346935
0,An error occurred while sending the request,Error,/BuildNotice/0,MobileSDK,Google Mediatek MT8173 Chromebook,OpenGLES2,1.0,1.11.0,False,Programmatic1,Programmatic,11/09/2021 10:55:10,6028e36ad1e80652e41054ca,6028e407a1ba2a0d3d760566,com.mytalkingcatemma.ballerinagames,1.0,en,Android OS 9 / API-28 (R92-13982.88.0/7611540),642939ef-7224-42bd-ab8c-54bfec1db268,False,False,AF,1631357712.380923
0,could not receive ip address from ipfy,Error,/BuildNotice/0,MobileSDK,Google Mediatek MT8173 Chromebook,OpenGLES2,1.0,1.11.0,False,Programmatic1,Programmatic,11/09/2021 10:55:10,6028e36ad1e80652e41054ca,6028e407a1ba2a0d3d760566,com.mytalkingcatemma.ballerinagames,1.0,en,Android OS 9 / API-28 (R92-13982.88.0/7611540),642939ef-7224-42bd-ab8c-54bfec1db268,False,False,AF,1631357712.738854
0,An error occurred while sending the request,Error,/BuildNotice/0,MobileSDK,Google Mediatek MT8173 Chromebook,OpenGLES2,1.0,1.11.0,False,Programmatic1,Programmatic,11/09/2021 10:55:10,6028e36ad1e80652e41054ca,6028e407a1ba2a0d3d760566,com.mytalkingcatemma.ballerinagames,1.0,en,Android OS 9 / API-28 (R92-13982.88.0/7611540),642939ef-7224-42bd-ab8c-54bfec1db268,False,False,AF,1631357712.794853
0,could not receive ip address from ipfy,Error,/BuildNotice/0,MobileSDK,LGE LM-G850,OpenGLES2,1.0,1.11.0,False,Programmatic1,Programmatic,11/09/2021 10:55:12,6028e36ad1e80652e41054ca,6028e407a1ba2a0d3d760566,com.mytalkingcatemma.ballerinagames,1.0,en,Android OS 11 / API-30 (RKQ1.210420.001/2121423165754.OPEN_ESA_DS),23239c7e-f630-4dd2-a29d-9a7ebba20566,False,False,RU,1631357712.906563
0,An error occurred while sending the request,Error,/BuildNotice/0,MobileSDK,LGE LM-G850,OpenGLES2,1.0,1.11.0,False,Programmatic1,Programmatic,11/09/2021 10:55:12,6028e36ad1e80652e41054ca,6028e407a1ba2a0d3d760566,com.mytalkingcatemma.ballerinagames,1.0,en,Android OS 11 / API-30 (RKQ1.210420.001/2121423165754.OPEN_ESA_DS),23239c7e-f630-4dd2-a29d-9a7ebba20566,False,False,RU,1631357712.924952
0,could not receive ip address from ipfy,Error,/BuildNotice/0,MobileSDK,Google Mediatek MT8173 Chromebook,OpenGLES2,1.0,1.11.0,False,Programmatic1,Programmatic,11/09/2021 10:55:10,6028e36ad1e80652e41054ca,6028e407a1ba2a0d3d760566,com.mytalkingcatemma.ballerinagames,1.0,en,Android OS 9 / API-28 (R92-13982.88.0/7611540),642939ef-7224-42bd-ab8c-54bfec1db268,False,False,AF,1631357713.116246
0,An error occurred while sending the request,Error,/BuildNotice/0,MobileSDK,Google Mediatek MT8173 Chromebook,OpenGLES2,1.0,1.11.0,False,Programmatic1,Programmatic,11/09/2021 10:55:10,6028e36ad1e80652e41054ca,6028e407a1ba2a0d3d760566,com.mytalkingcatemma.ballerinagames,1.0,en,Android OS 9 / API-28 (R92-13982.88.0/7611540),642939ef-7224-42bd-ab8c-54bfec1db268,False,False,AF,1631357713.182283
0,could not receive ip address from ipfy,Error,/BuildNotice/0,MobileSDK,Google Mediatek MT8173 Chromebook,OpenGLES2,1.0,1.11.0,False,Programmatic1,Programmatic,11/09/2021 10:55:11,6028e36ad1e80652e41054ca,6028e407a1ba2a0d3d760566,com.mytalkingcatemma.ballerinagames,1.0,en,Android OS 9 / API-28 (R92-13982.88.0/7611540),642939ef-7224-42bd-ab8c-54bfec1db268,False,False,AF,1631357713.45944
0,An error occurred while sending the request,Error,/BuildNotice/0,MobileSDK,Google Mediatek MT8173 Chromebook,OpenGLES2,1.0,1.11.0,False,Programmatic1,Programmatic,11/09/2021 10:55:11,6028e36ad1e80652e41054ca,6028e407a1ba2a0d3d760566,com.mytalkingcatemma.ballerinagames,1.0,en,Android OS 9 / API-28 (R92-13982.88.0/7611540),642939ef-7224-42bd-ab8c-54bfec1db268,False,False,AF,1631357713.601622
0,could not receive ip address from ipfy,Error,/BuildNotice/0,MobileSDK,Google Mediatek MT8173 Chromebook,OpenGLES2,1.0,1.11.0,False,Programmatic1,Programmatic,11/09/2021 10:55:11,6028e36ad1e80652e41054ca,6028e407a1ba2a0d3d760566,com.mytalkingcatemma.ballerinagames,1.0,en,Android OS 9 / API-28 (R92-13982.88.0/7611540),642939ef-7224-42bd-ab8c-54bfec1db268,False,False,AF,1631357713.798424
0,An error occurred while sending the request,Error,/BuildNotice/0,MobileSDK,Google Mediatek MT8173 Chromebook,OpenGLES2,1.0,1.11.0,False,Programmatic1,Programmatic,11/09/2021 10:55:11,6028e36ad1e80652e41054ca,6028e407a1ba2a0d3d760566,com.mytalkingcatemma.ballerinagames,1.0,en,Android OS 9 / API-28 (R92-13982.88.0/7611540),642939ef-7224-42bd-ab8c-54bfec1db268,False,False,AF,1631357713.931845
0,could not receive ip address from ipfy,Error,/BuildNotice/0,MobileSDK,Google Mediatek MT8173 Chromebook,OpenGLES2,1.0,1.11.0,False,Programmatic1,Programmatic,11/09/2021 10:55:12,6028e36ad1e80652e41054ca,6028e407a1ba2a0d3d760566,com.mytalkingcatemma.ballerinagames,1.0,en,Android OS 9 / API-28 (R92-13982.88.0/7611540),642939ef-7224-42bd-ab8c-54bfec1db268,False,False,AF,1631357714.189512
0,An error occurred while sending the request,Error,/BuildNotice/0,MobileSDK,Google Mediatek MT8173 Chromebook,OpenGLES2,1.0,1.11.0,False,Programmatic1,Programmatic,11/09/2021 10:55:12,6028e36ad1e80652e41054ca,6028e407a1ba2a0d3d760566,com.mytalkingcatemma.ballerinagames,1.0,en,Android OS 9 / API-28 (R92-13982.88.0/7611540),642939ef-7224-42bd-ab8c-54bfec1db268,False,False,AF,1631357714.263825
0,could not receive ip address from ipfy,Error,/BuildNotice/0,MobileSDK,Google Mediatek MT8173 Chromebook,OpenGLES2,1.0,1.11.0,False,Programmatic1,Programmatic,11/09/2021 10:55:12,6028e36ad1e80652e41054ca,6028e407a1ba2a0d3d760566,com.mytalkingcatemma.ballerinagames,1.0,en,Android OS 9 / API-28 (R92-13982.88.0/7611540),642939ef-7224-42bd-ab8c-54bfec1db268,False,False,AF,1631357714.571112
0,An error occurred while sending the request,Error,/BuildNotice/0,MobileSDK,Google Mediatek MT8173 Chromebook,OpenGLES2,1.0,1.11.0,False,Programmatic1,Programmatic,11/09/2021 10:55:12,6028e36ad1e80652e41054ca,6028e407a1ba2a0d3d760566,com.mytalkingcatemma.ballerinagames,1.0,en,Android OS 9 / API-28 (R92-13982.88.0/7611540),642939ef-7224-42bd-ab8c-54bfec1db268,False,False,AF,1631357714.608715
0,could not receive ip address from ipfy,Error,/BuildNotice/0,MobileSDK,Google Mediatek MT8173 Chromebook,OpenGLES2,1.0,1.11.0,False,Programmatic1,Programmatic,11/09/2021 10:55:12,6028e36ad1e80652e41054ca,6028e407a1ba2a0d3d760566,com.mytalkingcatemma.ballerinagames,1.0,en,Android OS 9 / API-28 (R92-13982.88.0/7611540),642939ef-7224-42bd-ab8c-54bfec1db268,False,False,AF,1631357714.968777
0,An error occurred while sending the request,Error,/BuildNotice/0,MobileSDK,Google Mediatek MT8173 Chromebook,OpenGLES2,1.0,1.11.0,False,Programmatic1,Programmatic,11/09/2021 10:55:12,6028e36ad1e80652e41054ca,6028e407a1ba2a0d3d760566,com.mytalkingcatemma.ballerinagames,1.0,en,Android OS 9 / API-28 (R92-13982.88.0/7611540),642939ef-7224-42bd-ab8c-54bfec1db268,False,False,AF,1631357715.00331
0,could not receive ip address from ipfy,Error,/BuildNotice/0,MobileSDK,Google Mediatek MT8173 Chromebook,OpenGLES2,1.0,1.11.0,False,Programmatic1,Programmatic,11/09/2021 10:55:13,6028e36ad1e80652e41054ca,6028e407a1ba2a0d3d760566,com.mytalkingcatemma.ballerinagames,1.0,en,Android OS 9 / API-28 (R92-13982.88.0/7611540),642939ef-7224-42bd-ab8c-54bfec1db268,False,False,AF,1631357715.365804
0,An error occurred while sending the request,Error,/BuildNotice/0,MobileSDK,Google Mediatek MT8173 Chromebook,OpenGLES2,1.0,1.11.0,False,Programmatic1,Programmatic,11/09/2021 10:55:13,6028e36ad1e80652e41054ca,6028e407a1ba2a0d3d760566,com.mytalkingcatemma.ballerinagames,1.0,en,Android OS 9 / API-28 (R92-13982.88.0/7611540),642939ef-7224-42bd-ab8c-54bfec1db268,False,False,AF,1631357715.58597
0,could not receive ip address from ipfy,Error,/BuildNotice/0,MobileSDK,Google Mediatek MT8173 Chromebook,OpenGLES2,1.0,1.11.0,False,Programmatic1,Programmatic,11/09/2021 10:55:13,6028e36ad1e80652e41054ca,6028e407a1ba2a0d3d760566,com.mytalkingcatemma.ballerinagames,1.0,en,Android OS 9 / API-28 (R92-13982.88.0/7611540),642939ef-7224-42bd-ab8c-54bfec1db268,False,False,AF,1631357715.777867
0,An error occurred while sending the request,Error,/BuildNotice/0,MobileSDK,Google Mediatek MT8173 Chromebook,OpenGLES2,1.0,1.11.0,False,Programmatic1,Programmatic,11/09/2021 10:55:13,6028e36ad1e80652e41054ca,6028e407a1ba2a0d3d760566,com.mytalkingcatemma.ballerinagames,1.0,en,Android OS 9 / API-28 (R92-13982.88.0/7611540),642939ef-7224-42bd-ab8c-54bfec1db268,False,False,AF,1631357715.915843
0,An error occurred while sending the request,Error,/BuildNotice/0,MobileSDK,LGE LM-G850,OpenGLES2,1.0,1.11.0,False,Programmatic1,Programmatic,11/09/2021 10:55:16,6028e36ad1e80652e41054ca,6028e407a1ba2a0d3d760566,com.mytalkingcatemma.ballerinagames,1.0,en,Android OS 11 / API-30 (RKQ1.210420.001/2121423165754.OPEN_ESA_DS),23239c7e-f630-4dd2-a29d-9a7ebba20566,False,False,RU,1631357715.939624
0,could not receive ip address from ipfy,Error,/BuildNotice/0,MobileSDK,LGE LM-G850,OpenGLES2,1.0,1.11.0,False,Programmatic1,Programmatic,11/09/2021 10:55:15,6028e36ad1e80652e41054ca,6028e407a1ba2a0d3d760566,com.mytalkingcatemma.ballerinagames,1.0,en,Android OS 11 / API-30 (RKQ1.210420.001/2121423165754.OPEN_ESA_DS),23239c7e-f630-4dd2-a29d-9a7ebba20566,False,False,RU,1631357715.956924
0,could not receive ip address from ipfy,Error,/BuildNotice/0,MobileSDK,Google Mediatek MT8173 Chromebook,OpenGLES2,1.0,1.11.0,False,Programmatic1,Programmatic,11/09/2021 10:55:13,6028e36ad1e80652e41054ca,6028e407a1ba2a0d3d760566,com.mytalkingcatemma.ballerinagames,1.0,en,Android OS 9 / API-28 (R92-13982.88.0/7611540),642939ef-7224-42bd-ab8c-54bfec1db268,False,False,AF,1631357716.177269
0,An error occurred while sending the request,Error,/BuildNotice/0,MobileSDK,Google Mediatek MT8173 Chromebook,OpenGLES2,1.0,1.11.0,False,Programmatic1,Programmatic,11/09/2021 10:55:13,6028e36ad1e80652e41054ca,6028e407a1ba2a0d3d760566,com.mytalkingcatemma.ballerinagames,1.0,en,Android OS 9 / API-28 (R92-13982.88.0/7611540),642939ef-7224-42bd-ab8c-54bfec1db268,False,False,AF,1631357716.243368
0,could not receive ip address from ipfy,Error,/BuildNotice/0,MobileSDK,Google Mediatek MT8173 Chromebook,OpenGLES2,1.0,1.11.0,False,Programmatic1,Programmatic,11/09/2021 10:55:14,6028e36ad1e80652e41054ca,6028e407a1ba2a0d3d760566,com.mytalkingcatemma.ballerinagames,1.0,en,Android OS 9 / API-28 (R92-13982.88.0/7611540),642939ef-7224-42bd-ab8c-54bfec1db268,False,False,AF,1631357716.564965
0,An error occurred while sending the request,Error,/BuildNotice/0,MobileSDK,Google Mediatek MT8173 Chromebook,OpenGLES2,1.0,1.11.0,False,Programmatic1,Programmatic,11/09/2021 10:55:14,6028e36ad1e80652e41054ca,6028e407a1ba2a0d3d760566,com.mytalkingcatemma.ballerinagames,1.0,en,Android OS 9 / API-28 (R92-13982.88.0/7611540),642939ef-7224-42bd-ab8c-54bfec1db268,False,False,AF,1631357716.588887
0,could not receive ip address from ipfy,Error,/BuildNotice/0,MobileSDK,Google Mediatek MT8173 Chromebook,OpenGLES2,1.0,1.11.0,False,Programmatic1,Programmatic,11/09/2021 10:55:15,6028e36ad1e80652e41054ca,6028e407a1ba2a0d3d760566,com.mytalkingcatemma.ballerinagames,1.0,en,Android OS 9 / API-28 (R92-13982.88.0/7611540),642939ef-7224-42bd-ab8c-54bfec1db268,False,False,AF,1631357717.358404
0,could not receive ip address from ipfy,Error,/BuildNotice/0,MobileSDK,Xiaomi Redmi Note 8,OpenGLES2,1.0,1.11.0,False,Programmatic1,Programmatic,14.09.2021 10:27:09,6028e36ad1e80652e41054ca,6028e407a1ba2a0d3d760566,com.mytalkingcatemma.ballerinagames,1.0,ru,Android OS 9 / API-28 (PKQ1.190616.001/V11.0.12.0.PCOMIXM),0685dd00-aa42-4be5-928b-7a0bb9e31388,False,False,TM,1631615301.454088
0,An error occurred while sending the request,Error,/BuildNotice/0,MobileSDK,Xiaomi Redmi Note 8,OpenGLES2,1.0,1.11.0,False,Programmatic1,Programmatic,14.09.2021 10:27:09,6028e36ad1e80652e41054ca,6028e407a1ba2a0d3d760566,com.mytalkingcatemma.ballerinagames,1.0,ru,Android OS 9 / API-28 (PKQ1.190616.001/V11.0.12.0.PCOMIXM),0685dd00-aa42-4be5-928b-7a0bb9e31388,False,False,TM,1631615301.558306
0,could not receive ip address from ipfy,Error,/BuildNotice/0,MobileSDK,Xiaomi Redmi Note 8,OpenGLES2,1.0,1.11.0,False,Programmatic1,Programmatic,14.09.2021 10:27:09,6028e36ad1e80652e41054ca,6028e407a1ba2a0d3d760566,com.mytalkingcatemma.ballerinagames,1.0,ru,Android OS 9 / API-28 (PKQ1.190616.001/V11.0.12.0.PCOMIXM),0685dd00-aa42-4be5-928b-7a0bb9e31388,False,False,TM,1631615301.722642
0,An error occurred while sending the request,Error,/BuildNotice/0,MobileSDK,Xiaomi Redmi Note 8,OpenGLES2,1.0,1.11.0,False,Programmatic1,Programmatic,09/14/2021 10:30:30,6028e36ad1e80652e41054ca,609d69021c511f4b1d4df1c4,com.pregnantcatemma.virtualpet,1.0,iv,Android OS 9 / API-28 (PKQ1.190616.001/V11.0.12.0.PCOMIXM),555460bd-128c-48e0-8085-9eeffda85bf6,False,False,SN,1631615301.738881
0,An error occurred while sending the request,Error,/BuildNotice/0,MobileSDK,Xiaomi Redmi Note 8,OpenGLES2,1.0,1.11.0,False,Programmatic1,Programmatic,14.09.2021 10:27:09,6028e36ad1e80652e41054ca,6028e407a1ba2a0d3d760566,com.mytalkingcatemma.ballerinagames,1.0,ru,Android OS 9 / API-28 (PKQ1.190616.001/V11.0.12.0.PCOMIXM),0685dd00-aa42-4be5-928b-7a0bb9e31388,False,False,TM,1631615301.86688
0,could not receive ip address from ipfy,Error,/BuildNotice/0,MobileSDK,Xiaomi Redmi Note 8,OpenGLES2,1.0,1.11.0,False,Programmatic1,Programmatic,14.09.2021 10:27:09,6028e36ad1e80652e41054ca,6028e407a1ba2a0d3d760566,com.mytalkingcatemma.ballerinagames,1.0,ru,Android OS 9 / API-28 (PKQ1.190616.001/V11.0.12.0.PCOMIXM),0685dd00-aa42-4be5-928b-7a0bb9e31388,False,False,TM,1631615301.989485
0,An error occurred while sending the request,Error,/BuildNotice/0,MobileSDK,Xiaomi Redmi Note 8,OpenGLES2,1.0,1.11.0,False,Programmatic1,Programmatic,14.09.2021 10:27:09,6028e36ad1e80652e41054ca,6028e407a1ba2a0d3d760566,com.mytalkingcatemma.ballerinagames,1.0,ru,Android OS 9 / API-28 (PKQ1.190616.001/V11.0.12.0.PCOMIXM),0685dd00-aa42-4be5-928b-7a0bb9e31388,False,False,TM,1631615302.147387
0,could not receive ip address from ipfy,Error,/BuildNotice/0,MobileSDK,Xiaomi Redmi Note 8,OpenGLES2,1.0,1.11.0,False,Programmatic1,Programmatic,14.09.2021 10:27:09,6028e36ad1e80652e41054ca,6028e407a1ba2a0d3d760566,com.mytalkingcatemma.ballerinagames,1.0,ru,Android OS 9 / API-28 (PKQ1.190616.001/V11.0.12.0.PCOMIXM),0685dd00-aa42-4be5-928b-7a0bb9e31388,False,False,TM,1631615302.265553
0,could not receive ip address from ipfy,Error,/BuildNotice/0,MobileSDK,Xiaomi Redmi Note 8,OpenGLES2,1.0,1.11.0,False,Programmatic1,Programmatic,09/14/2021 10:30:31,6028e36ad1e80652e41054ca,609d69021c511f4b1d4df1c4,com.pregnantcatemma.virtualpet,1.0,iv,Android OS 9 / API-28 (PKQ1.190616.001/V11.0.12.0.PCOMIXM),555460bd-128c-48e0-8085-9eeffda85bf6,False,False,SN,1631615302.279178
0,An error occurred while sending the request,Error,/BuildNotice/0,MobileSDK,Xiaomi Redmi Note 8,OpenGLES2,1.0,1.11.0,False,Programmatic1,Programmatic,14.09.2021 10:27:09,6028e36ad1e80652e41054ca,6028e407a1ba2a0d3d760566,com.mytalkingcatemma.ballerinagames,1.0,ru,Android OS 9 / API-28 (PKQ1.190616.001/V11.0.12.0.PCOMIXM),0685dd00-aa42-4be5-928b-7a0bb9e31388,False,False,TM,1631615302.423114
0,could not receive ip address from ipfy,Error,/BuildNotice/0,MobileSDK,Xiaomi Redmi Note 8,OpenGLES2,1.0,1.11.0,False,Programmatic1,Programmatic,14.09.2021 10:27:10,6028e36ad1e80652e41054ca,6028e407a1ba2a0d3d760566,com.mytalkingcatemma.ballerinagames,1.0,ru,Android OS 9 / API-28 (PKQ1.190616.001/V11.0.12.0.PCOMIXM),0685dd00-aa42-4be5-928b-7a0bb9e31388,False,False,TM,1631615302.534183
0,could not receive ip address from ipfy,Error,/BuildNotice/0,MobileSDK,Xiaomi Redmi Note 8,OpenGLES2,1.0,1.11.0,False,Programmatic1,Programmatic,14.09.2021 10:28:22,6028e36ad1e80652e41054ca,6028e407a1ba2a0d3d760566,com.mytalkingcatemma.ballerinagames,1.0,ru,Android OS 9 / API-28 (PKQ1.190616.001/V11.0.2.0.PCOINXM),8df198ef-7fc7-4edd-aad3-9725d4d047d9,False,False,IN,1631615302.618485
0,An error occurred while sending the request,Error,/BuildNotice/0,MobileSDK,Xiaomi Redmi Note 8,OpenGLES2,1.0,1.11.0,False,Programmatic1,Programmatic,14.09.2021 10:28:22,6028e36ad1e80652e41054ca,6028e407a1ba2a0d3d760566,com.mytalkingcatemma.ballerinagames,1.0,ru,Android OS 9 / API-28 (PKQ1.190616.001/V11.0.2.0.PCOINXM),8df198ef-7fc7-4edd-aad3-9725d4d047d9,False,False,IN,1631615302.636219
0,An error occurred while sending the request,Error,/BuildNotice/0,MobileSDK,Xiaomi Redmi Note 8,OpenGLES2,1.0,1.11.0,False,Programmatic1,Programmatic,14.09.2021 10:27:10,6028e36ad1e80652e41054ca,6028e407a1ba2a0d3d760566,com.mytalkingcatemma.ballerinagames,1.0,ru,Android OS 9 / API-28 (PKQ1.190616.001/V11.0.12.0.PCOMIXM),0685dd00-aa42-4be5-928b-7a0bb9e31388,False,False,TM,1631615302.699845
0,could not receive ip address from ipfy,Error,/BuildNotice/0,MobileSDK,Xiaomi Redmi Note 8,OpenGLES2,1.0,1.11.0,False,Programmatic1,Programmatic,14.09.2021 10:27:10,6028e36ad1e80652e41054ca,6028e407a1ba2a0d3d760566,com.mytalkingcatemma.ballerinagames,1.0,ru,Android OS 9 / API-28 (PKQ1.190616.001/V11.0.12.0.PCOMIXM),0685dd00-aa42-4be5-928b-7a0bb9e31388,False,False,TM,1631615302.799788
0,could not receive ip address from ipfy,Error,/BuildNotice/0,MobileSDK,Xiaomi Redmi Note 8,OpenGLES2,1.0,1.11.0,False,Programmatic1,Programmatic,09/14/2021 10:30:31,6028e36ad1e80652e41054ca,609d69021c511f4b1d4df1c4,com.pregnantcatemma.virtualpet,1.0,iv,Android OS 9 / API-28 (PKQ1.190616.001/V11.0.12.0.PCOMIXM),555460bd-128c-48e0-8085-9eeffda85bf6,False,False,SN,1631615302.834685
0,An error occurred while sending the request,Error,/BuildNotice/0,MobileSDK,Xiaomi Redmi Note 8,OpenGLES2,1.0,1.11.0,False,Programmatic1,Programmatic,09/14/2021 10:30:31,6028e36ad1e80652e41054ca,609d69021c511f4b1d4df1c4,com.pregnantcatemma.virtualpet,1.0,iv,Android OS 9 / API-28 (PKQ1.190616.001/V11.0.12.0.PCOMIXM),555460bd-128c-48e0-8085-9eeffda85bf6,False,False,SN,1631615302.849957
0,An error occurred while sending the request,Error,/BuildNotice/0,MobileSDK,Xiaomi Redmi Note 8,OpenGLES2,1.0,1.11.0,False,Programmatic1,Programmatic,14.09.2021 10:27:10,6028e36ad1e80652e41054ca,6028e407a1ba2a0d3d760566,com.mytalkingcatemma.ballerinagames,1.0,ru,Android OS 9 / API-28 (PKQ1.190616.001/V11.0.12.0.PCOMIXM),0685dd00-aa42-4be5-928b-7a0bb9e31388,False,False,TM,1631615302.985155
0,could not receive ip address from ipfy,Error,/BuildNotice/0,MobileSDK,Xiaomi Redmi Note 8,OpenGLES2,1.0,1.11.0,False,Programmatic1,Programmatic,14.09.2021 10:27:10,6028e36ad1e80652e41054ca,6028e407a1ba2a0d3d760566,com.mytalkingcatemma.ballerinagames,1.0,ru,Android OS 9 / API-28 (PKQ1.190616.001/V11.0.12.0.PCOMIXM),0685dd00-aa42-4be5-928b-7a0bb9e31388,False,False,TM,1631615303.071266
0,An error occurred while sending the request,Error,/BuildNotice/0,MobileSDK,Xiaomi Redmi Note 8,OpenGLES2,1.0,1.11.0,False,Programmatic1,Programmatic,14.09.2021 10:27:10,6028e36ad1e80652e41054ca,6028e407a1ba2a0d3d760566,com.mytalkingcatemma.ballerinagames,1.0,ru,Android OS 9 / API-28 (PKQ1.190616.001/V11.0.12.0.PCOMIXM),0685dd00-aa42-4be5-928b-7a0bb9e31388,False,False,TM,1631615303.261697
0,could not receive ip address from ipfy,Error,/BuildNotice/0,MobileSDK,Xiaomi Redmi Note 8,OpenGLES2,1.0,1.11.0,False,Programmatic1,Programmatic,14.09.2021 10:27:11,6028e36ad1e80652e41054ca,6028e407a1ba2a0d3d760566,com.mytalkingcatemma.ballerinagames,1.0,ru,Android OS 9 / API-28 (PKQ1.190616.001/V11.0.12.0.PCOMIXM),0685dd00-aa42-4be5-928b-7a0bb9e31388,False,False,TM,1631615303.347661
0,An error occurred while sending the request,Error,/BuildNotice/0,MobileSDK,Xiaomi Redmi Note 8,OpenGLES2,1.0,1.11.0,False,Programmatic1,Programmatic,14.09.2021 10:27:11,6028e36ad1e80652e41054ca,6028e407a1ba2a0d3d760566,com.mytalkingcatemma.ballerinagames,1.0,ru,Android OS 9 / API-28 (PKQ1.190616.001/V11.0.12.0.PCOMIXM),0685dd00-aa42-4be5-928b-7a0bb9e31388,False,False,TM,1631615303.539199
0,could not receive ip address from ipfy,Error,/BuildNotice/0,MobileSDK,Xiaomi Redmi Note 8,OpenGLES2,1.0,1.11.0,False,Programmatic1,Programmatic,09/14/2021 10:30:32,6028e36ad1e80652e41054ca,609d69021c511f4b1d4df1c4,com.pregnantcatemma.virtualpet,1.0,iv,Android OS 9 / API-28 (PKQ1.190616.001/V11.0.12.0.PCOMIXM),555460bd-128c-48e0-8085-9eeffda85bf6,False,False,SN,1631615303.555973
0,An error occurred while sending the request,Error,/BuildNotice/0,MobileSDK,Xiaomi Redmi Note 8,OpenGLES2,1.0,1.11.0,False,Programmatic1,Programmatic,09/14/2021 10:30:31,6028e36ad1e80652e41054ca,609d69021c511f4b1d4df1c4,com.pregnantcatemma.virtualpet,1.0,iv,Android OS 9 / API-28 (PKQ1.190616.001/V11.0.12.0.PCOMIXM),555460bd-128c-48e0-8085-9eeffda85bf6,False,False,SN,1631615303.572815
0,could not receive ip address from ipfy,Error,/BuildNotice/0,MobileSDK,Xiaomi Redmi Note 8,OpenGLES2,1.0,1.11.0,False,Programmatic1,Programmatic,14.09.2021 10:27:11,6028e36ad1e80652e41054ca,6028e407a1ba2a0d3d760566,com.mytalkingcatemma.ballerinagames,1.0,ru,Android OS 9 / API-28 (PKQ1.190616.001/V11.0.12.0.PCOMIXM),0685dd00-aa42-4be5-928b-7a0bb9e31388,False,False,TM,1631615303.615348
0,could not receive ip address from ipfy,Error,/BuildNotice/0,MobileSDK,Xiaomi Redmi Note 8,OpenGLES2,1.0,1.11.0,False,Programmatic1,Programmatic,14.09.2021 10:28:23,6028e36ad1e80652e41054ca,6028e407a1ba2a0d3d760566,com.mytalkingcatemma.ballerinagames,1.0,ru,Android OS 9 / API-28 (PKQ1.190616.001/V11.0.2.0.PCOINXM),8df198ef-7fc7-4edd-aad3-9725d4d047d9,False,False,IN,1631615303.741918
0,An error occurred while sending the request,Error,/BuildNotice/0,MobileSDK,Xiaomi Redmi Note 8,OpenGLES2,1.0,1.11.0,False,Programmatic1,Programmatic,14.09.2021 10:27:11,6028e36ad1e80652e41054ca,6028e407a1ba2a0d3d760566,com.mytalkingcatemma.ballerinagames,1.0,ru,Android OS 9 / API-28 (PKQ1.190616.001/V11.0.12.0.PCOMIXM),0685dd00-aa42-4be5-928b-7a0bb9e31388,False,False,TM,1631615303.845819
0,could not receive ip address from ipfy,Error,/BuildNotice/0,MobileSDK,Xiaomi Redmi Note 8,OpenGLES2,1.0,1.11.0,False,Programmatic1,Programmatic,14.09.2021 10:27:11,6028e36ad1e80652e41054ca,6028e407a1ba2a0d3d760566,com.mytalkingcatemma.ballerinagames,1.0,ru,Android OS 9 / API-28 (PKQ1.190616.001/V11.0.12.0.PCOMIXM),0685dd00-aa42-4be5-928b-7a0bb9e31388,False,False,TM,1631615303.881765
0,An error occurred while sending the request,Error,/BuildNotice/0,MobileSDK,Xiaomi Redmi Note 8,OpenGLES2,1.0,1.11.0,False,Programmatic1,Programmatic,09/14/2021 10:30:32,6028e36ad1e80652e41054ca,609d69021c511f4b1d4df1c4,com.pregnantcatemma.virtualpet,1.0,iv,Android OS 9 / API-28 (PKQ1.190616.001/V11.0.12.0.PCOMIXM),555460bd-128c-48e0-8085-9eeffda85bf6,False,False,SN,1631615303.954667
0,An error occurred while sending the request,Error,/BuildNotice/0,MobileSDK,Xiaomi Redmi Note 8,OpenGLES2,1.0,1.11.0,False,Programmatic1,Programmatic,14.09.2021 10:28:23,6028e36ad1e80652e41054ca,6028e407a1ba2a0d3d760566,com.mytalkingcatemma.ballerinagames,1.0,ru,Android OS 9 / API-28 (PKQ1.190616.001/V11.0.2.0.PCOINXM),8df198ef-7fc7-4edd-aad3-9725d4d047d9,False,False,IN,1631615304.020256
0,could not receive ip address from ipfy,Error,/BuildNotice/0,MobileSDK,Xiaomi Redmi Note 8,OpenGLES2,1.0,1.11.0,False,Programmatic1,Programmatic,09/14/2021 10:30:32,6028e36ad1e80652e41054ca,609d69021c511f4b1d4df1c4,com.pregnantcatemma.virtualpet,1.0,iv,Android OS 9 / API-28 (PKQ1.190616.001/V11.0.12.0.PCOMIXM),555460bd-128c-48e0-8085-9eeffda85bf6,False,False,SN,1631615304.035442
0,An error occurred while sending the request,Error,/BuildNotice/0,MobileSDK,Xiaomi Redmi Note 8,OpenGLES2,1.0,1.11.0,False,Programmatic1,Programmatic,14.09.2021 10:27:11,6028e36ad1e80652e41054ca,6028e407a1ba2a0d3d760566,com.mytalkingcatemma.ballerinagames,1.0,ru,Android OS 9 / API-28 (PKQ1.190616.001/V11.0.12.0.PCOMIXM),0685dd00-aa42-4be5-928b-7a0bb9e31388,False,False,TM,1631615304.13155
0,could not receive ip address from ipfy,Error,/BuildNotice/0,MobileSDK,Xiaomi Redmi Note 8,OpenGLES2,1.0,1.11.0,False,Programmatic1,Programmatic,14.09.2021 10:27:11,6028e36ad1e80652e41054ca,6028e407a1ba2a0d3d760566,com.mytalkingcatemma.ballerinagames,1.0,ru,Android OS 9 / API-28 (PKQ1.190616.001/V11.0.12.0.PCOMIXM),0685dd00-aa42-4be5-928b-7a0bb9e31388,False,False,TM,1631615304.162713
0,An error occurred while sending the request,Error,/BuildNotice/0,MobileSDK,Xiaomi Redmi Note 8,OpenGLES2,1.0,1.11.0,False,Programmatic1,Programmatic,14.09.2021 10:27:11,6028e36ad1e80652e41054ca,6028e407a1ba2a0d3d760566,com.mytalkingcatemma.ballerinagames,1.0,ru,Android OS 9 / API-28 (PKQ1.190616.001/V11.0.12.0.PCOMIXM),0685dd00-aa42-4be5-928b-7a0bb9e31388,False,False,TM,1631615304.406592
0,could not receive ip address from ipfy,Error,/BuildNotice/0,MobileSDK,Xiaomi Redmi Note 8,OpenGLES2,1.0,1.11.0,False,Programmatic1,Programmatic,14.09.2021 10:27:12,6028e36ad1e80652e41054ca,6028e407a1ba2a0d3d760566,com.mytalkingcatemma.ballerinagames,1.0,ru,Android OS 9 / API-28 (PKQ1.190616.001/V11.0.12.0.PCOMIXM),0685dd00-aa42-4be5-928b-7a0bb9e31388,False,False,TM,1631615304.430885
0,An error occurred while sending the request,Error,/BuildNotice/0,MobileSDK,Xiaomi Redmi Note 8,OpenGLES2,1.0,1.11.0,False,Programmatic1,Programmatic,09/14/2021 10:30:32,6028e36ad1e80652e41054ca,609d69021c511f4b1d4df1c4,com.pregnantcatemma.virtualpet,1.0,iv,Android OS 9 / API-28 (PKQ1.190616.001/V11.0.12.0.PCOMIXM),555460bd-128c-48e0-8085-9eeffda85bf6,False,False,SN,1631615304.499956
0,An error occurred while sending the request,Error,/BuildNotice/0,MobileSDK,Xiaomi Redmi Note 8,OpenGLES2,1.0,1.11.0,False,Programmatic1,Programmatic,14.09.2021 10:27:12,6028e36ad1e80652e41054ca,6028e407a1ba2a0d3d760566,com.mytalkingcatemma.ballerinagames,1.0,ru,Android OS 9 / API-28 (PKQ1.190616.001/V11.0.12.0.PCOMIXM),0685dd00-aa42-4be5-928b-7a0bb9e31388,False,False,TM,1631615304.691733
0,could not receive ip address from ipfy,Error,/BuildNotice/0,MobileSDK,Xiaomi Redmi Note 8,OpenGLES2,1.0,1.11.0,False,Programmatic1,Programmatic,14.09.2021 10:27:12,6028e36ad1e80652e41054ca,6028e407a1ba2a0d3d760566,com.mytalkingcatemma.ballerinagames,1.0,ru,Android OS 9 / API-28 (PKQ1.190616.001/V11.0.12.0.PCOMIXM),0685dd00-aa42-4be5-928b-7a0bb9e31388,False,False,TM,1631615304.706616
0,could not receive ip address from ipfy,Error,/BuildNotice/0,MobileSDK,Xiaomi Redmi Note 8,OpenGLES2,1.0,1.11.0,False,Programmatic1,Programmatic,14.09.2021 10:28:24,6028e36ad1e80652e41054ca,6028e407a1ba2a0d3d760566,com.mytalkingcatemma.ballerinagames,1.0,ru,Android OS 9 / API-28 (PKQ1.190616.001/V11.0.2.0.PCOINXM),8df198ef-7fc7-4edd-aad3-9725d4d047d9,False,False,IN,1631615304.74193
0,An error occurred while sending the request,Error,/BuildNotice/0,MobileSDK,Xiaomi Redmi Note 8,OpenGLES2,1.0,1.11.0,False,Programmatic1,Programmatic,14.09.2021 10:28:24,6028e36ad1e80652e41054ca,6028e407a1ba2a0d3d760566,com.mytalkingcatemma.ballerinagames,1.0,ru,Android OS 9 / API-28 (PKQ1.190616.001/V11.0.2.0.PCOINXM),8df198ef-7fc7-4edd-aad3-9725d4d047d9,False,False,IN,1631615304.782642
0,could not receive ip address from ipfy,Error,/BuildNotice/0,MobileSDK,Xiaomi Redmi Note 8,OpenGLES2,1.0,1.11.0,False,Programmatic1,Programmatic,09/14/2021 10:30:34,6028e36ad1e80652e41054ca,609d69021c511f4b1d4df1c4,com.pregnantcatemma.virtualpet,1.0,iv,Android OS 9 / API-28 (PKQ1.190616.001/V11.0.12.0.PCOMIXM),555460bd-128c-48e0-8085-9eeffda85bf6,False,False,SN,1631615304.924703
0,An error occurred while sending the request,Error,/BuildNotice/0,MobileSDK,Xiaomi Redmi Note 8,OpenGLES2,1.0,1.11.0,False,Programmatic1,Programmatic,14.09.2021 10:27:12,6028e36ad1e80652e41054ca,6028e407a1ba2a0d3d760566,com.mytalkingcatemma.ballerinagames,1.0,ru,Android OS 9 / API-28 (PKQ1.190616.001/V11.0.12.0.PCOMIXM),0685dd00-aa42-4be5-928b-7a0bb9e31388,False,False,TM,1631615304.966006
0,could not receive ip address from ipfy,Error,/BuildNotice/0,MobileSDK,Xiaomi Redmi Note 8,OpenGLES2,1.0,1.11.0,False,Programmatic1,Programmatic,14.09.2021 10:27:12,6028e36ad1e80652e41054ca,6028e407a1ba2a0d3d760566,com.mytalkingcatemma.ballerinagames,1.0,ru,Android OS 9 / API-28 (PKQ1.190616.001/V11.0.12.0.PCOMIXM),0685dd00-aa42-4be5-928b-7a0bb9e31388,False,False,TM,1631615304.987262
0,An error occurred while sending the request,Error,/BuildNotice/0,MobileSDK,Xiaomi Redmi Note 8,OpenGLES2,1.0,1.11.0,False,Programmatic1,Programmatic,14.09.2021 10:27:12,6028e36ad1e80652e41054ca,6028e407a1ba2a0d3d760566,com.mytalkingcatemma.ballerinagames,1.0,ru,Android OS 9 / API-28 (PKQ1.190616.001/V11.0.12.0.PCOMIXM),0685dd00-aa42-4be5-928b-7a0bb9e31388,False,False,TM,1631615305.248757
0,An error occurred while sending the request,Error,/BuildNotice/0,MobileSDK,Xiaomi Redmi Note 8,OpenGLES2,1.0,1.11.0,False,Programmatic1,Programmatic,09/14/2021 10:30:34,6028e36ad1e80652e41054ca,609d69021c511f4b1d4df1c4,com.pregnantcatemma.virtualpet,1.0,iv,Android OS 9 / API-28 (PKQ1.190616.001/V11.0.12.0.PCOMIXM),555460bd-128c-48e0-8085-9eeffda85bf6,False,False,SN,1631615305.268215
0,could not receive ip address from ipfy,Error,/BuildNotice/0,MobileSDK,Xiaomi Redmi Note 8,OpenGLES2,1.0,1.11.0,False,Programmatic1,Programmatic,14.09.2021 10:27:13,6028e36ad1e80652e41054ca,6028e407a1ba2a0d3d760566,com.mytalkingcatemma.ballerinagames,1.0,ru,Android OS 9 / API-28 (PKQ1.190616.001/V11.0.12.0.PCOMIXM),0685dd00-aa42-4be5-928b-7a0bb9e31388,False,False,TM,1631615305.286473
0,could not receive ip address from ipfy,Error,/BuildNotice/0,MobileSDK,Xiaomi Redmi Note 8,OpenGLES2,1.0,1.11.0,False,Programmatic1,Programmatic,09/14/2021 10:30:36,6028e36ad1e80652e41054ca,609d69021c511f4b1d4df1c4,com.pregnantcatemma.virtualpet,1.0,iv,Android OS 9 / API-28 (PKQ1.190616.001/V11.0.12.0.PCOMIXM),555460bd-128c-48e0-8085-9eeffda85bf6,False,False,SN,1631615305.786001
0,An error occurred while sending the request,Error,/BuildNotice/0,MobileSDK,Xiaomi Redmi Note 8,OpenGLES2,1.0,1.11.0,False,Programmatic1,Programmatic,14.09.2021 10:27:13,6028e36ad1e80652e41054ca,6028e407a1ba2a0d3d760566,com.mytalkingcatemma.ballerinagames,1.0,ru,Android OS 9 / API-28 (PKQ1.190616.001/V11.0.12.0.PCOMIXM),0685dd00-aa42-4be5-928b-7a0bb9e31388,False,False,TM,1631615305.881443
0,could not receive ip address from ipfy,Error,/BuildNotice/0,MobileSDK,Xiaomi Redmi Note 8,OpenGLES2,1.0,1.11.0,False,Programmatic1,Programmatic,14.09.2021 10:28:25,6028e36ad1e80652e41054ca,6028e407a1ba2a0d3d760566,com.mytalkingcatemma.ballerinagames,1.0,ru,Android OS 9 / API-28 (PKQ1.190616.001/V11.0.2.0.PCOINXM),8df198ef-7fc7-4edd-aad3-9725d4d047d9,False,False,IN,1631615305.8964
0,could not receive ip address from ipfy,Error,/BuildNotice/0,MobileSDK,Xiaomi Redmi Note 8,OpenGLES2,1.0,1.11.0,False,Programmatic1,Programmatic,14.09.2021 10:27:13,6028e36ad1e80652e41054ca,6028e407a1ba2a0d3d760566,com.mytalkingcatemma.ballerinagames,1.0,ru,Android OS 9 / API-28 (PKQ1.190616.001/V11.0.12.0.PCOMIXM),0685dd00-aa42-4be5-928b-7a0bb9e31388,False,False,TM,1631615305.911122
0,An error occurred while sending the request,Error,/BuildNotice/0,MobileSDK,Xiaomi Redmi Note 8,OpenGLES2,1.0,1.11.0,False,Programmatic1,Programmatic,14.09.2021 10:28:25,6028e36ad1e80652e41054ca,6028e407a1ba2a0d3d760566,com.mytalkingcatemma.ballerinagames,1.0,ru,Android OS 9 / API-28 (PKQ1.190616.001/V11.0.2.0.PCOINXM),8df198ef-7fc7-4edd-aad3-9725d4d047d9,False,False,IN,1631615306.023373
0,An error occurred while sending the request,Error,/BuildNotice/0,MobileSDK,Xiaomi Redmi Note 8,OpenGLES2,1.0,1.11.0,False,Programmatic1,Programmatic,09/14/2021 10:30:36,6028e36ad1e80652e41054ca,609d69021c511f4b1d4df1c4,com.pregnantcatemma.virtualpet,1.0,iv,Android OS 9 / API-28 (PKQ1.190616.001/V11.0.12.0.PCOMIXM),555460bd-128c-48e0-8085-9eeffda85bf6,False,False,SN,1631615306.040854
0,An error occurred while sending the request,Error,/BuildNotice/0,MobileSDK,Xiaomi Redmi Note 8,OpenGLES2,1.0,1.11.0,False,Programmatic1,Programmatic,14.09.2021 10:27:13,6028e36ad1e80652e41054ca,6028e407a1ba2a0d3d760566,com.mytalkingcatemma.ballerinagames,1.0,ru,Android OS 9 / API-28 (PKQ1.190616.001/V11.0.12.0.PCOMIXM),0685dd00-aa42-4be5-928b-7a0bb9e31388,False,False,TM,1631615306.186465
0,could not receive ip address from ipfy,Error,/BuildNotice/0,MobileSDK,Xiaomi Redmi Note 8,OpenGLES2,1.0,1.11.0,False,Programmatic1,Programmatic,14.09.2021 10:27:13,6028e36ad1e80652e41054ca,6028e407a1ba2a0d3d760566,com.mytalkingcatemma.ballerinagames,1.0,ru,Android OS 9 / API-28 (PKQ1.190616.001/V11.0.12.0.PCOMIXM),0685dd00-aa42-4be5-928b-7a0bb9e31388,False,False,TM,1631615306.276687
0,could not receive ip address from ipfy,Error,/BuildNotice/0,MobileSDK,Xiaomi Redmi Note 8,OpenGLES2,1.0,1.11.0,False,Programmatic1,Programmatic,14.09.2021 10:28:26,6028e36ad1e80652e41054ca,6028e407a1ba2a0d3d760566,com.mytalkingcatemma.ballerinagames,1.0,ru,Android OS 9 / API-28 (PKQ1.190616.001/V11.0.2.0.PCOINXM),8df198ef-7fc7-4edd-aad3-9725d4d047d9,False,False,IN,1631615306.324481
0,An error occurred while sending the request,Error,/BuildNotice/0,MobileSDK,Xiaomi Redmi Note 8,OpenGLES2,1.0,1.11.0,False,Programmatic1,Programmatic,14.09.2021 10:28:26,6028e36ad1e80652e41054ca,6028e407a1ba2a0d3d760566,com.mytalkingcatemma.ballerinagames,1.0,ru,Android OS 9 / API-28 (PKQ1.190616.001/V11.0.2.0.PCOINXM),8df198ef-7fc7-4edd-aad3-9725d4d047d9,False,False,IN,1631615306.339602
0,could not receive ip address from ipfy,Error,/BuildNotice/0,MobileSDK,Xiaomi Redmi Note 8,OpenGLES2,1.0,1.11.0,False,Programmatic1,Programmatic,09/14/2021 10:30:36,6028e36ad1e80652e41054ca,609d69021c511f4b1d4df1c4,com.pregnantcatemma.virtualpet,1.0,iv,Android OS 9 / API-28 (PKQ1.190616.001/V11.0.12.0.PCOMIXM),555460bd-128c-48e0-8085-9eeffda85bf6,False,False,SN,1631615307.101018
0,An error occurred while sending the request,Error,/BuildNotice/0,MobileSDK,Xiaomi Redmi Note 8,OpenGLES2,1.0,1.11.0,False,Programmatic1,Programmatic,14.09.2021 10:27:13,6028e36ad1e80652e41054ca,6028e407a1ba2a0d3d760566,com.mytalkingcatemma.ballerinagames,1.0,ru,Android OS 9 / API-28 (PKQ1.190616.001/V11.0.12.0.PCOMIXM),0685dd00-aa42-4be5-928b-7a0bb9e31388,False,False,TM,1631615307.114952
0,An error occurred while sending the request,Error,/BuildNotice/0,MobileSDK,Xiaomi Redmi Note 8,OpenGLES2,1.0,1.11.0,False,Programmatic1,Programmatic,09/14/2021 10:30:36,6028e36ad1e80652e41054ca,609d69021c511f4b1d4df1c4,com.pregnantcatemma.virtualpet,1.0,iv,Android OS 9 / API-28 (PKQ1.190616.001/V11.0.12.0.PCOMIXM),555460bd-128c-48e0-8085-9eeffda85bf6,False,False,SN,1631615307.183752
0,could not receive ip address from ipfy,Error,/BuildNotice/0,MobileSDK,Xiaomi Redmi Note 8,OpenGLES2,1.0,1.11.0,False,Programmatic1,Programmatic,14.09.2021 10:27:13,6028e36ad1e80652e41054ca,6028e407a1ba2a0d3d760566,com.mytalkingcatemma.ballerinagames,1.0,ru,Android OS 9 / API-28 (PKQ1.190616.001/V11.0.12.0.PCOMIXM),0685dd00-aa42-4be5-928b-7a0bb9e31388,False,False,TM,1631615307.199659
0,could not receive ip address from ipfy,Error,/BuildNotice/0,MobileSDK,Xiaomi Redmi Note 8,OpenGLES2,1.0,1.11.0,False,Programmatic1,Programmatic,14.09.2021 10:28:26,6028e36ad1e80652e41054ca,6028e407a1ba2a0d3d760566,com.mytalkingcatemma.ballerinagames,1.0,ru,Android OS 9 / API-28 (PKQ1.190616.001/V11.0.2.0.PCOINXM),8df198ef-7fc7-4edd-aad3-9725d4d047d9,False,False,IN,1631615307.282108
0,An error occurred while sending the request,Error,/BuildNotice/0,MobileSDK,Xiaomi Redmi Note 8,OpenGLES2,1.0,1.11.0,False,Programmatic1,Programmatic,14.09.2021 10:27:13,6028e36ad1e80652e41054ca,6028e407a1ba2a0d3d760566,com.mytalkingcatemma.ballerinagames,1.0,ru,Android OS 9 / API-28 (PKQ1.190616.001/V11.0.12.0.PCOMIXM),0685dd00-aa42-4be5-928b-7a0bb9e31388,False,False,TM,1631615307.449173
0,could not receive ip address from ipfy,Error,/BuildNotice/0,MobileSDK,Xiaomi Redmi Note 8,OpenGLES2,1.0,1.11.0,False,Programmatic1,Programmatic,14.09.2021 10:27:14,6028e36ad1e80652e41054ca,6028e407a1ba2a0d3d760566,com.mytalkingcatemma.ballerinagames,1.0,ru,Android OS 9 / API-28 (PKQ1.190616.001/V11.0.12.0.PCOMIXM),0685dd00-aa42-4be5-928b-7a0bb9e31388,False,False,TM,1631615307.473017
0,could not receive ip address from ipfy,Error,/BuildNotice/0,MobileSDK,Xiaomi Redmi Note 8,OpenGLES2,1.0,1.11.0,False,Programmatic1,Programmatic,09/14/2021 10:30:38,6028e36ad1e80652e41054ca,609d69021c511f4b1d4df1c4,com.pregnantcatemma.virtualpet,1.0,iv,Android OS 9 / API-28 (PKQ1.190616.001/V11.0.12.0.PCOMIXM),555460bd-128c-48e0-8085-9eeffda85bf6,False,False,SN,1631615307.518866
0,An error occurred while sending the request,Error,/BuildNotice/0,MobileSDK,Xiaomi Redmi Note 8,OpenGLES2,1.0,1.11.0,False,Programmatic1,Programmatic,09/14/2021 10:30:38,6028e36ad1e80652e41054ca,609d69021c511f4b1d4df1c4,com.pregnantcatemma.virtualpet,1.0,iv,Android OS 9 / API-28 (PKQ1.190616.001/V11.0.12.0.PCOMIXM),555460bd-128c-48e0-8085-9eeffda85bf6,False,False,SN,1631615307.630418
0,An error occurred while sending the request,Error,/BuildNotice/0,MobileSDK,Xiaomi Redmi Note 8,OpenGLES2,1.0,1.11.0,False,Programmatic1,Programmatic,14.09.2021 10:27:14,6028e36ad1e80652e41054ca,6028e407a1ba2a0d3d760566,com.mytalkingcatemma.ballerinagames,1.0,ru,Android OS 9 / API-28 (PKQ1.190616.001/V11.0.12.0.PCOMIXM),0685dd00-aa42-4be5-928b-7a0bb9e31388,False,False,TM,1631615307.725709
0,could not receive ip address from ipfy,Error,/BuildNotice/0,MobileSDK,Xiaomi Redmi Note 8,OpenGLES2,1.0,1.11.0,False,Programmatic1,Programmatic,14.09.2021 10:27:14,6028e36ad1e80652e41054ca,6028e407a1ba2a0d3d760566,com.mytalkingcatemma.ballerinagames,1.0,ru,Android OS 9 / API-28 (PKQ1.190616.001/V11.0.12.0.PCOMIXM),0685dd00-aa42-4be5-928b-7a0bb9e31388,False,False,TM,1631615307.754688
0,An error occurred while sending the request,Error,/BuildNotice/0,MobileSDK,samsung SM-A115F,OpenGLES2,1.0,1.11.0,False,Programmatic1,Programmatic,09/14/2021 10:28:26,6028e36ad1e80652e41054ca,609d69021c511f4b1d4df1c4,com.pregnantcatemma.virtualpet,1.0,iv,Android OS 11 / API-30 (RP1A.200720.012/A115FXXU2BUE1),8e5d7a06-5761-46be-8e10-f0bf3ebb0dd5,False,False,IN,1631615307.796483
0,could not receive ip address from ipfy,Error,/BuildNotice/0,MobileSDK,samsung SM-A115F,OpenGLES2,1.0,1.11.0,False,Programmatic1,Programmatic,09/14/2021 10:28:26,6028e36ad1e80652e41054ca,609d69021c511f4b1d4df1c4,com.pregnantcatemma.virtualpet,1.0,iv,Android OS 11 / API-30 (RP1A.200720.012/A115FXXU2BUE1),8e5d7a06-5761-46be-8e10-f0bf3ebb0dd5,False,False,IN,1631615307.811151
0,could not receive ip address from ipfy,Error,/BuildNotice/0,MobileSDK,Xiaomi Redmi Note 8,OpenGLES2,1.0,1.11.0,False,Programmatic1,Programmatic,09/14/2021 10:30:39,6028e36ad1e80652e41054ca,609d69021c511f4b1d4df1c4,com.pregnantcatemma.virtualpet,1.0,iv,Android OS 9 / API-28 (PKQ1.190616.001/V11.0.12.0.PCOMIXM),555460bd-128c-48e0-8085-9eeffda85bf6,False,False,SN,1631615307.936769
0,An error occurred while sending the request,Error,/BuildNotice/0,MobileSDK,Xiaomi Redmi Note 8,OpenGLES2,1.0,1.11.0,False,Programmatic1,Programmatic,14.09.2021 10:27:14,6028e36ad1e80652e41054ca,6028e407a1ba2a0d3d760566,com.mytalkingcatemma.ballerinagames,1.0,ru,Android OS 9 / API-28 (PKQ1.190616.001/V11.0.12.0.PCOMIXM),0685dd00-aa42-4be5-928b-7a0bb9e31388,False,False,TM,1631615308.005422
0,could not receive ip address from ipfy,Error,/BuildNotice/0,MobileSDK,Xiaomi Redmi Note 8,OpenGLES2,1.0,1.11.0,False,Programmatic1,Programmatic,14.09.2021 10:27:14,6028e36ad1e80652e41054ca,6028e407a1ba2a0d3d760566,com.mytalkingcatemma.ballerinagames,1.0,ru,Android OS 9 / API-28 (PKQ1.190616.001/V11.0.12.0.PCOMIXM),0685dd00-aa42-4be5-928b-7a0bb9e31388,False,False,TM,1631615308.025329
0,An error occurred while sending the request,Error,/BuildNotice/0,MobileSDK,Xiaomi Redmi Note 8,OpenGLES2,1.0,1.11.0,False,Programmatic1,Programmatic,14.09.2021 10:28:26,6028e36ad1e80652e41054ca,6028e407a1ba2a0d3d760566,com.mytalkingcatemma.ballerinagames,1.0,ru,Android OS 9 / API-28 (PKQ1.190616.001/V11.0.2.0.PCOINXM),8df198ef-7fc7-4edd-aad3-9725d4d047d9,False,False,IN,1631615308.041081
0,An error occurred while sending the request,Error,/BuildNotice/0,MobileSDK,Xiaomi Redmi Note 8,OpenGLES2,1.0,1.11.0,False,Programmatic1,Programmatic,09/14/2021 10:30:39,6028e36ad1e80652e41054ca,609d69021c511f4b1d4df1c4,com.pregnantcatemma.virtualpet,1.0,iv,Android OS 9 / API-28 (PKQ1.190616.001/V11.0.12.0.PCOMIXM),555460bd-128c-48e0-8085-9eeffda85bf6,False,False,SN,1631615308.097679
0,An error occurred while sending the request,Error,/BuildNotice/0,MobileSDK,Xiaomi Redmi Note 8,OpenGLES2,1.0,1.11.0,False,Programmatic1,Programmatic,14.09.2021 10:27:14,6028e36ad1e80652e41054ca,6028e407a1ba2a0d3d760566,com.mytalkingcatemma.ballerinagames,1.0,ru,Android OS 9 / API-28 (PKQ1.190616.001/V11.0.12.0.PCOMIXM),0685dd00-aa42-4be5-928b-7a0bb9e31388,False,False,TM,1631615308.277726
0,could not receive ip address from ipfy,Error,/BuildNotice/0,MobileSDK,Xiaomi Redmi Note 8,OpenGLES2,1.0,1.11.0,False,Programmatic1,Programmatic,14.09.2021 10:28:28,6028e36ad1e80652e41054ca,6028e407a1ba2a0d3d760566,com.mytalkingcatemma.ballerinagames,1.0,ru,Android OS 9 / API-28 (PKQ1.190616.001/V11.0.2.0.PCOINXM),8df198ef-7fc7-4edd-aad3-9725d4d047d9,False,False,IN,1631615308.290916
0,could not receive ip address from ipfy,Error,/BuildNotice/0,MobileSDK,Xiaomi Redmi Note 8,OpenGLES2,1.0,1.11.0,False,Programmatic1,Programmatic,14.09.2021 10:27:14,6028e36ad1e80652e41054ca,6028e407a1ba2a0d3d760566,com.mytalkingcatemma.ballerinagames,1.0,ru,Android OS 9 / API-28 (PKQ1.190616.001/V11.0.12.0.PCOMIXM),0685dd00-aa42-4be5-928b-7a0bb9e31388,False,False,TM,1631615308.390878
0,could not receive ip address from ipfy,Error,/BuildNotice/0,MobileSDK,Xiaomi Redmi Note 8,OpenGLES2,1.0,1.11.0,False,Programmatic1,Programmatic,09/14/2021 10:30:39,6028e36ad1e80652e41054ca,609d69021c511f4b1d4df1c4,com.pregnantcatemma.virtualpet,1.0,iv,Android OS 9 / API-28 (PKQ1.190616.001/V11.0.12.0.PCOMIXM),555460bd-128c-48e0-8085-9eeffda85bf6,False,False,SN,1631615309.918743
0,An error occurred while sending the request,Error,/BuildNotice/0,MobileSDK,Xiaomi Redmi Note 8,OpenGLES2,1.0,1.11.0,False,Programmatic1,Programmatic,14.09.2021 10:28:28,6028e36ad1e80652e41054ca,6028e407a1ba2a0d3d760566,com.mytalkingcatemma.ballerinagames,1.0,ru,Android OS 9 / API-28 (PKQ1.190616.001/V11.0.2.0.PCOINXM),8df198ef-7fc7-4edd-aad3-9725d4d047d9,False,False,IN,1631615309.932387
0,An error occurred while sending the request,Error,/BuildNotice/0,MobileSDK,Xiaomi Redmi Note 8,OpenGLES2,1.0,1.11.0,False,Programmatic1,Programmatic,14.09.2021 10:27:14,6028e36ad1e80652e41054ca,6028e407a1ba2a0d3d760566,com.mytalkingcatemma.ballerinagames,1.0,ru,Android OS 9 / API-28 (PKQ1.190616.001/V11.0.12.0.PCOMIXM),0685dd00-aa42-4be5-928b-7a0bb9e31388,False,False,TM,1631615309.946589
0,could not receive ip address from ipfy,Error,/BuildNotice/0,MobileSDK,Xiaomi Redmi Note 8,OpenGLES2,1.0,1.11.0,False,Programmatic1,Programmatic,14.09.2021 10:27:15,6028e36ad1e80652e41054ca,6028e407a1ba2a0d3d760566,com.mytalkingcatemma.ballerinagames,1.0,ru,Android OS 9 / API-28 (PKQ1.190616.001/V11.0.12.0.PCOMIXM),0685dd00-aa42-4be5-928b-7a0bb9e31388,False,False,TM,1631615309.994189
0,could not receive ip address from ipfy,Error,/BuildNotice/0,MobileSDK,Xiaomi Redmi Note 8,OpenGLES2,1.0,1.11.0,False,Programmatic1,Programmatic,14.09.2021 10:28:28,6028e36ad1e80652e41054ca,6028e407a1ba2a0d3d760566,com.mytalkingcatemma.ballerinagames,1.0,ru,Android OS 9 / API-28 (PKQ1.190616.001/V11.0.2.0.PCOINXM),8df198ef-7fc7-4edd-aad3-9725d4d047d9,False,False,IN,1631615310.006547
0,An error occurred while sending the request,Error,/BuildNotice/0,MobileSDK,Xiaomi Redmi Note 8,OpenGLES2,1.0,1.11.0,False,Programmatic1,Programmatic,09/14/2021 10:30:39,6028e36ad1e80652e41054ca,609d69021c511f4b1d4df1c4,com.pregnantcatemma.virtualpet,1.0,iv,Android OS 9 / API-28 (PKQ1.190616.001/V11.0.12.0.PCOMIXM),555460bd-128c-48e0-8085-9eeffda85bf6,False,False,SN,1631615310.092285
0,could not receive ip address from ipfy,Error,/BuildNotice/0,MobileSDK,samsung SM-A115F,OpenGLES2,1.0,1.11.0,False,Programmatic1,Programmatic,09/14/2021 10:28:28,6028e36ad1e80652e41054ca,609d69021c511f4b1d4df1c4,com.pregnantcatemma.virtualpet,1.0,iv,Android OS 11 / API-30 (RP1A.200720.012/A115FXXU2BUE1),8e5d7a06-5761-46be-8e10-f0bf3ebb0dd5,False,False,IN,1631615310.107881
0,An error occurred while sending the request,Error,/BuildNotice/0,MobileSDK,samsung SM-A115F,OpenGLES2,1.0,1.11.0,False,Programmatic1,Programmatic,09/14/2021 10:28:28,6028e36ad1e80652e41054ca,609d69021c511f4b1d4df1c4,com.pregnantcatemma.virtualpet,1.0,iv,Android OS 11 / API-30 (RP1A.200720.012/A115FXXU2BUE1),8e5d7a06-5761-46be-8e10-f0bf3ebb0dd5,False,False,IN,1631615310.185028
0,An error occurred while sending the request,Error,/BuildNotice/0,MobileSDK,Xiaomi Redmi Note 8,OpenGLES2,1.0,1.11.0,False,Programmatic1,Programmatic,14.09.2021 10:28:28,6028e36ad1e80652e41054ca,6028e407a1ba2a0d3d760566,com.mytalkingcatemma.ballerinagames,1.0,ru,Android OS 9 / API-28 (PKQ1.190616.001/V11.0.2.0.PCOINXM),8df198ef-7fc7-4edd-aad3-9725d4d047d9,False,False,IN,1631615310.206234
0,An error occurred while sending the request,Error,/BuildNotice/0,MobileSDK,Xiaomi Redmi Note 8,OpenGLES2,1.0,1.11.0,False,Programmatic1,Programmatic,14.09.2021 10:27:15,6028e36ad1e80652e41054ca,6028e407a1ba2a0d3d760566,com.mytalkingcatemma.ballerinagames,1.0,ru,Android OS 9 / API-28 (PKQ1.190616.001/V11.0.12.0.PCOMIXM),0685dd00-aa42-4be5-928b-7a0bb9e31388,False,False,TM,1631615310.282301
0,could not receive ip address from ipfy,Error,/BuildNotice/0,MobileSDK,Xiaomi Redmi Note 8,OpenGLES2,1.0,1.11.0,False,Programmatic1,Programmatic,14.09.2021 10:27:15,6028e36ad1e80652e41054ca,6028e407a1ba2a0d3d760566,com.mytalkingcatemma.ballerinagames,1.0,ru,Android OS 9 / API-28 (PKQ1.190616.001/V11.0.12.0.PCOMIXM),0685dd00-aa42-4be5-928b-7a0bb9e31388,False,False,TM,1631615310.29449
0,could not receive ip address from ipfy,Error,/BuildNotice/0,MobileSDK,Xiaomi Redmi Note 8,OpenGLES2,1.0,1.11.0,False,Programmatic1,Programmatic,14.09.2021 10:28:29,6028e36ad1e80652e41054ca,6028e407a1ba2a0d3d760566,com.mytalkingcatemma.ballerinagames,1.0,ru,Android OS 9 / API-28 (PKQ1.190616.001/V11.0.2.0.PCOINXM),8df198ef-7fc7-4edd-aad3-9725d4d047d9,False,False,IN,1631615310.381369
0,could not receive ip address from ipfy,Error,/BuildNotice/0,MobileSDK,Xiaomi Redmi Note 8,OpenGLES2,1.0,1.11.0,False,Programmatic1,Programmatic,09/14/2021 10:30:39,6028e36ad1e80652e41054ca,609d69021c511f4b1d4df1c4,com.pregnantcatemma.virtualpet,1.0,iv,Android OS 9 / API-28 (PKQ1.190616.001/V11.0.12.0.PCOMIXM),555460bd-128c-48e0-8085-9eeffda85bf6,False,False,SN,1631615310.39632
0,An error occurred while sending the request,Error,/BuildNotice/0,MobileSDK,Xiaomi Redmi Note 8,OpenGLES2,1.0,1.11.0,False,Programmatic1,Programmatic,09/14/2021 10:30:40,6028e36ad1e80652e41054ca,609d69021c511f4b1d4df1c4,com.pregnantcatemma.virtualpet,1.0,iv,Android OS 9 / API-28 (PKQ1.190616.001/V11.0.12.0.PCOMIXM),555460bd-128c-48e0-8085-9eeffda85bf6,False,False,SN,1631615310.487887
0,An error occurred while sending the request,Error,/BuildNotice/0,MobileSDK,Xiaomi Redmi Note 8,OpenGLES2,1.0,1.11.0,False,Programmatic1,Programmatic,14.09.2021 10:28:29,6028e36ad1e80652e41054ca,6028e407a1ba2a0d3d760566,com.mytalkingcatemma.ballerinagames,1.0,ru,Android OS 9 / API-28 (PKQ1.190616.001/V11.0.2.0.PCOINXM),8df198ef-7fc7-4edd-aad3-9725d4d047d9,False,False,IN,1631615310.508126
0,An error occurred while sending the request,Error,/BuildNotice/0,MobileSDK,Xiaomi Redmi Note 8,OpenGLES2,1.0,1.11.0,False,Programmatic1,Programmatic,14.09.2021 10:27:15,6028e36ad1e80652e41054ca,6028e407a1ba2a0d3d760566,com.mytalkingcatemma.ballerinagames,1.0,ru,Android OS 9 / API-28 (PKQ1.190616.001/V11.0.12.0.PCOMIXM),0685dd00-aa42-4be5-928b-7a0bb9e31388,False,False,TM,1631615310.555505
0,could not receive ip address from ipfy,Error,/BuildNotice/0,MobileSDK,Xiaomi Redmi Note 8,OpenGLES2,1.0,1.11.0,False,Programmatic1,Programmatic,14.09.2021 10:27:15,6028e36ad1e80652e41054ca,6028e407a1ba2a0d3d760566,com.mytalkingcatemma.ballerinagames,1.0,ru,Android OS 9 / API-28 (PKQ1.190616.001/V11.0.12.0.PCOMIXM),0685dd00-aa42-4be5-928b-7a0bb9e31388,False,False,TM,1631615310.596414
0,could not receive ip address from ipfy,Error,/BuildNotice/0,MobileSDK,Xiaomi Redmi Note 8,OpenGLES2,1.0,1.11.0,False,Programmatic1,Programmatic,14.09.2021 10:28:29,6028e36ad1e80652e41054ca,6028e407a1ba2a0d3d760566,com.mytalkingcatemma.ballerinagames,1.0,ru,Android OS 9 / API-28 (PKQ1.190616.001/V11.0.2.0.PCOINXM),8df198ef-7fc7-4edd-aad3-9725d4d047d9,False,False,IN,1631615310.630687
0,An error occurred while sending the request,Error,/BuildNotice/0,MobileSDK,Xiaomi Redmi Note 8,OpenGLES2,1.0,1.11.0,False,Programmatic1,Programmatic,14.09.2021 10:28:29,6028e36ad1e80652e41054ca,6028e407a1ba2a0d3d760566,com.mytalkingcatemma.ballerinagames,1.0,ru,Android OS 9 / API-28 (PKQ1.190616.001/V11.0.2.0.PCOINXM),8df198ef-7fc7-4edd-aad3-9725d4d047d9,False,False,IN,1631615310.74841
0,could not receive ip address from ipfy,Error,/BuildNotice/0,MobileSDK,Xiaomi Redmi Note 8,OpenGLES2,1.0,1.11.0,False,Programmatic1,Programmatic,09/14/2021 10:30:40,6028e36ad1e80652e41054ca,609d69021c511f4b1d4df1c4,com.pregnantcatemma.virtualpet,1.0,iv,Android OS 9 / API-28 (PKQ1.190616.001/V11.0.12.0.PCOMIXM),555460bd-128c-48e0-8085-9eeffda85bf6,False,False,SN,1631615310.81598
0,An error occurred while sending the request,Error,/BuildNotice/0,MobileSDK,Xiaomi Redmi Note 8,OpenGLES2,1.0,1.11.0,False,Programmatic1,Programmatic,14.09.2021 10:27:15,6028e36ad1e80652e41054ca,6028e407a1ba2a0d3d760566,com.mytalkingcatemma.ballerinagames,1.0,ru,Android OS 9 / API-28 (PKQ1.190616.001/V11.0.12.0.PCOMIXM),0685dd00-aa42-4be5-928b-7a0bb9e31388,False,False,TM,1631615310.87217
0,could not receive ip address from ipfy,Error,/BuildNotice/0,MobileSDK,Xiaomi Redmi Note 8,OpenGLES2,1.0,1.11.0,False,Programmatic1,Programmatic,14.09.2021 10:27:15,6028e36ad1e80652e41054ca,6028e407a1ba2a0d3d760566,com.mytalkingcatemma.ballerinagames,1.0,ru,Android OS 9 / API-28 (PKQ1.190616.001/V11.0.12.0.PCOMIXM),0685dd00-aa42-4be5-928b-7a0bb9e31388,False,False,TM,1631615310.885663
0,An error occurred while sending the request,Error,/BuildNotice/0,MobileSDK,Xiaomi Redmi Note 8,OpenGLES2,1.0,1.11.0,False,Programmatic1,Programmatic,09/14/2021 10:30:40,6028e36ad1e80652e41054ca,609d69021c511f4b1d4df1c4,com.pregnantcatemma.virtualpet,1.0,iv,Android OS 9 / API-28 (PKQ1.190616.001/V11.0.12.0.PCOMIXM),555460bd-128c-48e0-8085-9eeffda85bf6,False,False,SN,1631615310.904556
0,An error occurred while sending the request,Error,/BuildNotice/0,MobileSDK,Xiaomi Redmi Note 8,OpenGLES2,1.0,1.11.0,False,Programmatic1,Programmatic,14.09.2021 10:27:15,6028e36ad1e80652e41054ca,6028e407a1ba2a0d3d760566,com.mytalkingcatemma.ballerinagames,1.0,ru,Android OS 9 / API-28 (PKQ1.190616.001/V11.0.12.0.PCOMIXM),0685dd00-aa42-4be5-928b-7a0bb9e31388,False,False,TM,1631615311.145525
0,could not receive ip address from ipfy,Error,/BuildNotice/0,MobileSDK,Xiaomi Redmi Note 8,OpenGLES2,1.0,1.11.0,False,Programmatic1,Programmatic,14.09.2021 10:27:16,6028e36ad1e80652e41054ca,6028e407a1ba2a0d3d760566,com.mytalkingcatemma.ballerinagames,1.0,ru,Android OS 9 / API-28 (PKQ1.190616.001/V11.0.12.0.PCOMIXM),0685dd00-aa42-4be5-928b-7a0bb9e31388,False,False,TM,1631615311.161177
0,could not receive ip address from ipfy,Error,/BuildNotice/0,MobileSDK,Xiaomi Redmi Note 8,OpenGLES2,1.0,1.11.0,False,Programmatic1,Programmatic,09/14/2021 10:30:40,6028e36ad1e80652e41054ca,609d69021c511f4b1d4df1c4,com.pregnantcatemma.virtualpet,1.0,iv,Android OS 9 / API-28 (PKQ1.190616.001/V11.0.12.0.PCOMIXM),555460bd-128c-48e0-8085-9eeffda85bf6,False,False,SN,1631615311.236794
0,An error occurred while sending the request,Error,/BuildNotice/0,MobileSDK,Xiaomi Redmi Note 8,OpenGLES2,1.0,1.11.0,False,Programmatic1,Programmatic,09/14/2021 10:30:40,6028e36ad1e80652e41054ca,609d69021c511f4b1d4df1c4,com.pregnantcatemma.virtualpet,1.0,iv,Android OS 9 / API-28 (PKQ1.190616.001/V11.0.12.0.PCOMIXM),555460bd-128c-48e0-8085-9eeffda85bf6,False,False,SN,1631615311.296897
0,An error occurred while sending the request,Error,/BuildNotice/0,MobileSDK,Xiaomi Redmi Note 8,OpenGLES2,1.0,1.11.0,False,Programmatic1,Programmatic,14.09.2021 10:27:16,6028e36ad1e80652e41054ca,6028e407a1ba2a0d3d760566,com.mytalkingcatemma.ballerinagames,1.0,ru,Android OS 9 / API-28 (PKQ1.190616.001/V11.0.12.0.PCOMIXM),0685dd00-aa42-4be5-928b-7a0bb9e31388,False,False,TM,1631615311.418959
0,could not receive ip address from ipfy,Error,/BuildNotice/0,MobileSDK,Xiaomi Redmi Note 8,OpenGLES2,1.0,1.11.0,False,Programmatic1,Programmatic,14.09.2021 10:27:16,6028e36ad1e80652e41054ca,6028e407a1ba2a0d3d760566,com.mytalkingcatemma.ballerinagames,1.0,ru,Android OS 9 / API-28 (PKQ1.190616.001/V11.0.12.0.PCOMIXM),0685dd00-aa42-4be5-928b-7a0bb9e31388,False,False,TM,1631615311.432203
0,could not receive ip address from ipfy,Error,/BuildNotice/0,MobileSDK,Xiaomi Redmi Note 8,OpenGLES2,1.0,1.11.0,False,Programmatic1,Programmatic,09/14/2021 10:30:41,6028e36ad1e80652e41054ca,609d69021c511f4b1d4df1c4,com.pregnantcatemma.virtualpet,1.0,iv,Android OS 9 / API-28 (PKQ1.190616.001/V11.0.12.0.PCOMIXM),555460bd-128c-48e0-8085-9eeffda85bf6,False,False,SN,1631615311.655882
0,could not receive ip address from ipfy,Error,/BuildNotice/0,MobileSDK,Xiaomi Redmi Note 8,OpenGLES2,1.0,1.11.0,False,Programmatic1,Programmatic,14.09.2021 10:28:30,6028e36ad1e80652e41054ca,6028e407a1ba2a0d3d760566,com.mytalkingcatemma.ballerinagames,1.0,ru,Android OS 9 / API-28 (PKQ1.190616.001/V11.0.2.0.PCOINXM),8df198ef-7fc7-4edd-aad3-9725d4d047d9,False,False,IN,1631615311.687624
0,An error occurred while sending the request,Error,/BuildNotice/0,MobileSDK,Xiaomi Redmi Note 8,OpenGLES2,1.0,1.11.0,False,Programmatic1,Programmatic,14.09.2021 10:27:16,6028e36ad1e80652e41054ca,6028e407a1ba2a0d3d760566,com.mytalkingcatemma.ballerinagames,1.0,ru,Android OS 9 / API-28 (PKQ1.190616.001/V11.0.12.0.PCOMIXM),0685dd00-aa42-4be5-928b-7a0bb9e31388,False,False,TM,1631615311.700253
0,could not receive ip address from ipfy,Error,/BuildNotice/0,MobileSDK,Xiaomi Redmi Note 8,OpenGLES2,1.0,1.11.0,False,Programmatic1,Programmatic,14.09.2021 10:27:16,6028e36ad1e80652e41054ca,6028e407a1ba2a0d3d760566,com.mytalkingcatemma.ballerinagames,1.0,ru,Android OS 9 / API-28 (PKQ1.190616.001/V11.0.12.0.PCOMIXM),0685dd00-aa42-4be5-928b-7a0bb9e31388,False,False,TM,1631615311.713679
0,An error occurred while sending the request,Error,/BuildNotice/0,MobileSDK,Xiaomi Redmi Note 8,OpenGLES2,1.0,1.11.0,False,Programmatic1,Programmatic,09/14/2021 10:30:41,6028e36ad1e80652e41054ca,609d69021c511f4b1d4df1c4,com.pregnantcatemma.virtualpet,1.0,iv,Android OS 9 / API-28 (PKQ1.190616.001/V11.0.12.0.PCOMIXM),555460bd-128c-48e0-8085-9eeffda85bf6,False,False,SN,1631615311.790856
0,An error occurred while sending the request,Error,/BuildNotice/0,MobileSDK,Xiaomi Redmi Note 8,OpenGLES2,1.0,1.11.0,False,Programmatic1,Programmatic,14.09.2021 10:27:16,6028e36ad1e80652e41054ca,6028e407a1ba2a0d3d760566,com.mytalkingcatemma.ballerinagames,1.0,ru,Android OS 9 / API-28 (PKQ1.190616.001/V11.0.12.0.PCOMIXM),0685dd00-aa42-4be5-928b-7a0bb9e31388,False,False,TM,1631615311.974161
0,could not receive ip address from ipfy,Error,/BuildNotice/0,MobileSDK,Xiaomi Redmi Note 8,OpenGLES2,1.0,1.11.0,False,Programmatic1,Programmatic,14.09.2021 10:27:17,6028e36ad1e80652e41054ca,6028e407a1ba2a0d3d760566,com.mytalkingcatemma.ballerinagames,1.0,ru,Android OS 9 / API-28 (PKQ1.190616.001/V11.0.12.0.PCOMIXM),0685dd00-aa42-4be5-928b-7a0bb9e31388,False,False,TM,1631615312.046168
0,An error occurred while sending the request,Error,/BuildNotice/0,MobileSDK,Xiaomi Redmi Note 8,OpenGLES2,1.0,1.11.0,False,Programmatic1,Programmatic,14.09.2021 10:28:30,6028e36ad1e80652e41054ca,6028e407a1ba2a0d3d760566,com.mytalkingcatemma.ballerinagames,1.0,ru,Android OS 9 / API-28 (PKQ1.190616.001/V11.0.2.0.PCOINXM),8df198ef-7fc7-4edd-aad3-9725d4d047d9,False,False,IN,1631615312.057582
0,could not receive ip address from ipfy,Error,/BuildNotice/0,MobileSDK,Xiaomi Redmi Note 8,OpenGLES2,1.0,1.11.0,False,Programmatic1,Programmatic,09/14/2021 10:30:42,6028e36ad1e80652e41054ca,609d69021c511f4b1d4df1c4,com.pregnantcatemma.virtualpet,1.0,iv,Android OS 9 / API-28 (PKQ1.190616.001/V11.0.12.0.PCOMIXM),555460bd-128c-48e0-8085-9eeffda85bf6,False,False,SN,1631615312.175159
0,An error occurred while sending the request,Error,/BuildNotice/0,MobileSDK,Xiaomi Redmi Note 8,OpenGLES2,1.0,1.11.0,False,Programmatic1,Programmatic,09/14/2021 10:30:42,6028e36ad1e80652e41054ca,609d69021c511f4b1d4df1c4,com.pregnantcatemma.virtualpet,1.0,iv,Android OS 9 / API-28 (PKQ1.190616.001/V11.0.12.0.PCOMIXM),555460bd-128c-48e0-8085-9eeffda85bf6,False,False,SN,1631615312.187475
0,An error occurred while sending the request,Error,/BuildNotice/0,MobileSDK,Xiaomi Redmi Note 8,OpenGLES2,1.0,1.11.0,False,Programmatic1,Programmatic,14.09.2021 10:27:17,6028e36ad1e80652e41054ca,6028e407a1ba2a0d3d760566,com.mytalkingcatemma.ballerinagames,1.0,ru,Android OS 9 / API-28 (PKQ1.190616.001/V11.0.12.0.PCOMIXM),0685dd00-aa42-4be5-928b-7a0bb9e31388,False,False,TM,1631615312.250016
0,could not receive ip address from ipfy,Error,/BuildNotice/0,MobileSDK,Xiaomi Redmi Note 8,OpenGLES2,1.0,1.11.0,False,Programmatic1,Programmatic,14.09.2021 10:28:32,6028e36ad1e80652e41054ca,6028e407a1ba2a0d3d760566,com.mytalkingcatemma.ballerinagames,1.0,ru,Android OS 9 / API-28 (PKQ1.190616.001/V11.0.2.0.PCOINXM),8df198ef-7fc7-4edd-aad3-9725d4d047d9,False,False,IN,1631615312.297822
0,could not receive ip address from ipfy,Error,/BuildNotice/0,MobileSDK,Xiaomi Redmi Note 8,OpenGLES2,1.0,1.11.0,False,Programmatic1,Programmatic,14.09.2021 10:27:17,6028e36ad1e80652e41054ca,6028e407a1ba2a0d3d760566,com.mytalkingcatemma.ballerinagames,1.0,ru,Android OS 9 / API-28 (PKQ1.190616.001/V11.0.12.0.PCOMIXM),0685dd00-aa42-4be5-928b-7a0bb9e31388,False,False,TM,1631615312.312507
0,An error occurred while sending the request,Error,/BuildNotice/0,MobileSDK,Xiaomi Redmi Note 8,OpenGLES2,1.0,1.11.0,False,Programmatic1,Programmatic,14.09.2021 10:27:17,6028e36ad1e80652e41054ca,6028e407a1ba2a0d3d760566,com.mytalkingcatemma.ballerinagames,1.0,ru,Android OS 9 / API-28 (PKQ1.190616.001/V11.0.12.0.PCOMIXM),0685dd00-aa42-4be5-928b-7a0bb9e31388,False,False,TM,1631615312.523282
0,An error occurred while sending the request,Error,/BuildNotice/0,MobileSDK,Xiaomi Redmi Note 8,OpenGLES2,1.0,1.11.0,False,Programmatic1,Programmatic,14.09.2021 10:28:32,6028e36ad1e80652e41054ca,6028e407a1ba2a0d3d760566,com.mytalkingcatemma.ballerinagames,1.0,ru,Android OS 9 / API-28 (PKQ1.190616.001/V11.0.2.0.PCOINXM),8df198ef-7fc7-4edd-aad3-9725d4d047d9,False,False,IN,1631615312.543223
0,could not receive ip address from ipfy,Error,/BuildNotice/0,MobileSDK,Xiaomi Redmi Note 8,OpenGLES2,1.0,1.11.0,False,Programmatic1,Programmatic,14.09.2021 10:27:17,6028e36ad1e80652e41054ca,6028e407a1ba2a0d3d760566,com.mytalkingcatemma.ballerinagames,1.0,ru,Android OS 9 / API-28 (PKQ1.190616.001/V11.0.12.0.PCOMIXM),0685dd00-aa42-4be5-928b-7a0bb9e31388,False,False,TM,1631615312.58125
0,An error occurred while sending the request,Error,/BuildNotice/0,MobileSDK,Xiaomi Redmi Note 8,OpenGLES2,1.0,1.11.0,False,Programmatic1,Programmatic,09/14/2021 10:30:42,6028e36ad1e80652e41054ca,609d69021c511f4b1d4df1c4,com.pregnantcatemma.virtualpet,1.0,iv,Android OS 9 / API-28 (PKQ1.190616.001/V11.0.12.0.PCOMIXM),555460bd-128c-48e0-8085-9eeffda85bf6,False,False,SN,1631615312.594936
0,could not receive ip address from ipfy,Error,/BuildNotice/0,MobileSDK,Xiaomi Redmi Note 8,OpenGLES2,1.0,1.11.0,False,Programmatic1,Programmatic,09/14/2021 10:30:42,6028e36ad1e80652e41054ca,609d69021c511f4b1d4df1c4,com.pregnantcatemma.virtualpet,1.0,iv,Android OS 9 / API-28 (PKQ1.190616.001/V11.0.12.0.PCOMIXM),555460bd-128c-48e0-8085-9eeffda85bf6,False,False,SN,1631615312.661672
0,could not receive ip address from ipfy,Error,/BuildNotice/0,MobileSDK,Xiaomi Redmi Note 8,OpenGLES2,1.0,1.11.0,False,Programmatic1,Programmatic,14.09.2021 10:28:32,6028e36ad1e80652e41054ca,6028e407a1ba2a0d3d760566,com.mytalkingcatemma.ballerinagames,1.0,ru,Android OS 9 / API-28 (PKQ1.190616.001/V11.0.2.0.PCOINXM),8df198ef-7fc7-4edd-aad3-9725d4d047d9,False,False,IN,1631615312.692733
0,could not receive ip address from ipfy,Error,/BuildNotice/0,MobileSDK,samsung SM-A115F,OpenGLES2,1.0,1.11.0,False,Programmatic1,Programmatic,09/14/2021 10:28:31,6028e36ad1e80652e41054ca,609d69021c511f4b1d4df1c4,com.pregnantcatemma.virtualpet,1.0,iv,Android OS 11 / API-30 (RP1A.200720.012/A115FXXU2BUE1),8e5d7a06-5761-46be-8e10-f0bf3ebb0dd5,False,False,IN,1631615312.712993
0,An error occurred while sending the request,Error,/BuildNotice/0,MobileSDK,samsung SM-A115F,OpenGLES2,1.0,1.11.0,False,Programmatic1,Programmatic,09/14/2021 10:28:31,6028e36ad1e80652e41054ca,609d69021c511f4b1d4df1c4,com.pregnantcatemma.virtualpet,1.0,iv,Android OS 11 / API-30 (RP1A.200720.012/A115FXXU2BUE1),8e5d7a06-5761-46be-8e10-f0bf3ebb0dd5,False,False,IN,1631615312.793227
0,An error occurred while sending the request,Error,/BuildNotice/0,MobileSDK,Xiaomi Redmi Note 8,OpenGLES2,1.0,1.11.0,False,Programmatic1,Programmatic,14.09.2021 10:28:32,6028e36ad1e80652e41054ca,6028e407a1ba2a0d3d760566,com.mytalkingcatemma.ballerinagames,1.0,ru,Android OS 9 / API-28 (PKQ1.190616.001/V11.0.2.0.PCOINXM),8df198ef-7fc7-4edd-aad3-9725d4d047d9,False,False,IN,1631615312.804033
0,An error occurred while sending the request,Error,/BuildNotice/0,MobileSDK,Xiaomi Redmi Note 8,OpenGLES2,1.0,1.11.0,False,Programmatic1,Programmatic,14.09.2021 10:27:17,6028e36ad1e80652e41054ca,6028e407a1ba2a0d3d760566,com.mytalkingcatemma.ballerinagames,1.0,ru,Android OS 9 / API-28 (PKQ1.190616.001/V11.0.12.0.PCOMIXM),0685dd00-aa42-4be5-928b-7a0bb9e31388,False,False,TM,1631615312.88144
0,could not receive ip address from ipfy,Error,/BuildNotice/0,MobileSDK,Xiaomi Redmi Note 8,OpenGLES2,1.0,1.11.0,False,Programmatic1,Programmatic,14.09.2021 10:27:17,6028e36ad1e80652e41054ca,6028e407a1ba2a0d3d760566,com.mytalkingcatemma.ballerinagames,1.0,ru,Android OS 9 / API-28 (PKQ1.190616.001/V11.0.12.0.PCOMIXM),0685dd00-aa42-4be5-928b-7a0bb9e31388,False,False,TM,1631615312.89654
0,An error occurred while sending the request,Error,/BuildNotice/0,MobileSDK,Xiaomi Redmi Note 8,OpenGLES2,1.0,1.11.0,False,Programmatic1,Programmatic,14.09.2021 10:27:17,6028e36ad1e80652e41054ca,6028e407a1ba2a0d3d760566,com.mytalkingcatemma.ballerinagames,1.0,ru,Android OS 9 / API-28 (PKQ1.190616.001/V11.0.12.0.PCOMIXM),0685dd00-aa42-4be5-928b-7a0bb9e31388,False,False,TM,1631615313.155395
0,could not receive ip address from ipfy,Error,/BuildNotice/0,MobileSDK,Xiaomi Redmi Note 8,OpenGLES2,1.0,1.11.0,False,Programmatic1,Programmatic,14.09.2021 10:27:18,6028e36ad1e80652e41054ca,6028e407a1ba2a0d3d760566,com.mytalkingcatemma.ballerinagames,1.0,ru,Android OS 9 / API-28 (PKQ1.190616.001/V11.0.12.0.PCOMIXM),0685dd00-aa42-4be5-928b-7a0bb9e31388,False,False,TM,1631615313.169543
0,could not receive ip address from ipfy,Error,/BuildNotice/0,MobileSDK,Xiaomi Redmi Note 8,OpenGLES2,1.0,1.11.0,False,Programmatic1,Programmatic,14.09.2021 10:28:33,6028e36ad1e80652e41054ca,6028e407a1ba2a0d3d760566,com.mytalkingcatemma.ballerinagames,1.0,ru,Android OS 9 / API-28 (PKQ1.190616.001/V11.0.2.0.PCOINXM),8df198ef-7fc7-4edd-aad3-9725d4d047d9,False,False,IN,1631615313.331189
0,An error occurred while sending the request,Error,/BuildNotice/0,MobileSDK,Xiaomi Redmi Note 8,OpenGLES2,1.0,1.11.0,False,Programmatic1,Programmatic,14.09.2021 10:28:33,6028e36ad1e80652e41054ca,6028e407a1ba2a0d3d760566,com.mytalkingcatemma.ballerinagames,1.0,ru,Android OS 9 / API-28 (PKQ1.190616.001/V11.0.2.0.PCOINXM),8df198ef-7fc7-4edd-aad3-9725d4d047d9,False,False,IN,1631615313.348586
0,An error occurred while sending the request,Error,/BuildNotice/0,MobileSDK,Xiaomi Redmi Note 8,OpenGLES2,1.0,1.11.0,False,Programmatic1,Programmatic,14.09.2021 10:27:18,6028e36ad1e80652e41054ca,6028e407a1ba2a0d3d760566,com.mytalkingcatemma.ballerinagames,1.0,ru,Android OS 9 / API-28 (PKQ1.190616.001/V11.0.12.0.PCOMIXM),0685dd00-aa42-4be5-928b-7a0bb9e31388,False,False,TM,1631615313.433354
0,could not receive ip address from ipfy,Error,/BuildNotice/0,MobileSDK,Xiaomi Redmi Note 8,OpenGLES2,1.0,1.11.0,False,Programmatic1,Programmatic,14.09.2021 10:27:18,6028e36ad1e80652e41054ca,6028e407a1ba2a0d3d760566,com.mytalkingcatemma.ballerinagames,1.0,ru,Android OS 9 / API-28 (PKQ1.190616.001/V11.0.12.0.PCOMIXM),0685dd00-aa42-4be5-928b-7a0bb9e31388,False,False,TM,1631615313.453287
0,An error occurred while sending the request,Error,/BuildNotice/0,MobileSDK,Xiaomi Redmi Note 8,OpenGLES2,1.0,1.11.0,False,Programmatic1,Programmatic,14.09.2021 10:27:18,6028e36ad1e80652e41054ca,6028e407a1ba2a0d3d760566,com.mytalkingcatemma.ballerinagames,1.0,ru,Android OS 9 / API-28 (PKQ1.190616.001/V11.0.12.0.PCOMIXM),0685dd00-aa42-4be5-928b-7a0bb9e31388,False,False,TM,1631615313.712979
0,could not receive ip address from ipfy,Error,/BuildNotice/0,MobileSDK,Xiaomi Redmi Note 8,OpenGLES2,1.0,1.11.0,False,Programmatic1,Programmatic,14.09.2021 10:27:18,6028e36ad1e80652e41054ca,6028e407a1ba2a0d3d760566,com.mytalkingcatemma.ballerinagames,1.0,ru,Android OS 9 / API-28 (PKQ1.190616.001/V11.0.12.0.PCOMIXM),0685dd00-aa42-4be5-928b-7a0bb9e31388,False,False,TM,1631615313.747856
0,An error occurred while sending the request,Error,/BuildNotice/0,MobileSDK,Xiaomi Redmi Note 8,OpenGLES2,1.0,1.11.0,False,Programmatic1,Programmatic,09/14/2021 10:30:44,6028e36ad1e80652e41054ca,609d69021c511f4b1d4df1c4,com.pregnantcatemma.virtualpet,1.0,iv,Android OS 9 / API-28 (PKQ1.190616.001/V11.0.12.0.PCOMIXM),555460bd-128c-48e0-8085-9eeffda85bf6,False,False,SN,1631615313.764294
0,could not receive ip address from ipfy,Error,/BuildNotice/0,MobileSDK,Xiaomi Redmi Note 8,OpenGLES2,1.0,1.11.0,False,Programmatic1,Programmatic,09/14/2021 10:30:44,6028e36ad1e80652e41054ca,609d69021c511f4b1d4df1c4,com.pregnantcatemma.virtualpet,1.0,iv,Android OS 9 / API-28 (PKQ1.190616.001/V11.0.12.0.PCOMIXM),555460bd-128c-48e0-8085-9eeffda85bf6,False,False,SN,1631615313.792575
0,An error occurred while sending the request,Error,/BuildNotice/0,MobileSDK,Xiaomi Redmi Note 8,OpenGLES2,1.0,1.11.0,False,Programmatic1,Programmatic,14.09.2021 10:27:18,6028e36ad1e80652e41054ca,6028e407a1ba2a0d3d760566,com.mytalkingcatemma.ballerinagames,1.0,ru,Android OS 9 / API-28 (PKQ1.190616.001/V11.0.12.0.PCOMIXM),0685dd00-aa42-4be5-928b-7a0bb9e31388,False,False,TM,1631615314.018114
0,could not receive ip address from ipfy,Error,/BuildNotice/0,MobileSDK,Xiaomi Redmi Note 8,OpenGLES2,1.0,1.11.0,False,Programmatic1,Programmatic,14.09.2021 10:27:19,6028e36ad1e80652e41054ca,6028e407a1ba2a0d3d760566,com.mytalkingcatemma.ballerinagames,1.0,ru,Android OS 9 / API-28 (PKQ1.190616.001/V11.0.12.0.PCOMIXM),0685dd00-aa42-4be5-928b-7a0bb9e31388,False,False,TM,1631615314.03584
0,could not receive ip address from ipfy,Error,/BuildNotice/0,MobileSDK,Xiaomi Redmi Note 8,OpenGLES2,1.0,1.11.0,False,Programmatic1,Programmatic,14.09.2021 10:28:33,6028e36ad1e80652e41054ca,6028e407a1ba2a0d3d760566,com.mytalkingcatemma.ballerinagames,1.0,ru,Android OS 9 / API-28 (PKQ1.190616.001/V11.0.2.0.PCOINXM),8df198ef-7fc7-4edd-aad3-9725d4d047d9,False,False,IN,1631615314.095564
0,An error occurred while sending the request,Error,/BuildNotice/0,MobileSDK,Xiaomi Redmi Note 8,OpenGLES2,1.0,1.11.0,False,Programmatic1,Programmatic,14.09.2021 10:28:33,6028e36ad1e80652e41054ca,6028e407a1ba2a0d3d760566,com.mytalkingcatemma.ballerinagames,1.0,ru,Android OS 9 / API-28 (PKQ1.190616.001/V11.0.2.0.PCOINXM),8df198ef-7fc7-4edd-aad3-9725d4d047d9,False,False,IN,1631615314.10823
0,could not receive ip address from ipfy,Error,/BuildNotice/0,MobileSDK,Xiaomi Redmi Note 8,OpenGLES2,1.0,1.11.0,False,Programmatic1,Programmatic,09/14/2021 10:30:45,6028e36ad1e80652e41054ca,609d69021c511f4b1d4df1c4,com.pregnantcatemma.virtualpet,1.0,iv,Android OS 9 / API-28 (PKQ1.190616.001/V11.0.12.0.PCOMIXM),555460bd-128c-48e0-8085-9eeffda85bf6,False,False,SN,1631615314.209754
0,An error occurred while sending the request,Error,/BuildNotice/0,MobileSDK,Xiaomi Redmi Note 8,OpenGLES2,1.0,1.11.0,False,Programmatic1,Programmatic,14.09.2021 10:27:19,6028e36ad1e80652e41054ca,6028e407a1ba2a0d3d760566,com.mytalkingcatemma.ballerinagames,1.0,ru,Android OS 9 / API-28 (PKQ1.190616.001/V11.0.12.0.PCOMIXM),0685dd00-aa42-4be5-928b-7a0bb9e31388,False,False,TM,1631615314.298853
0,could not receive ip address from ipfy,Error,/BuildNotice/0,MobileSDK,Xiaomi Redmi Note 8,OpenGLES2,1.0,1.11.0,False,Programmatic1,Programmatic,14.09.2021 10:27:19,6028e36ad1e80652e41054ca,6028e407a1ba2a0d3d760566,com.mytalkingcatemma.ballerinagames,1.0,ru,Android OS 9 / API-28 (PKQ1.190616.001/V11.0.12.0.PCOMIXM),0685dd00-aa42-4be5-928b-7a0bb9e31388,False,False,TM,1631615314.319748
0,An error occurred while sending the request,Error,/BuildNotice/0,MobileSDK,Xiaomi Redmi Note 8,OpenGLES2,1.0,1.11.0,False,Programmatic1,Programmatic,14.09.2021 10:27:19,6028e36ad1e80652e41054ca,6028e407a1ba2a0d3d760566,com.mytalkingcatemma.ballerinagames,1.0,ru,Android OS 9 / API-28 (PKQ1.190616.001/V11.0.12.0.PCOMIXM),0685dd00-aa42-4be5-928b-7a0bb9e31388,False,False,TM,1631615314.602442
0,could not receive ip address from ipfy,Error,/BuildNotice/0,MobileSDK,Xiaomi Redmi Note 8,OpenGLES2,1.0,1.11.0,False,Programmatic1,Programmatic,14.09.2021 10:27:19,6028e36ad1e80652e41054ca,6028e407a1ba2a0d3d760566,com.mytalkingcatemma.ballerinagames,1.0,ru,Android OS 9 / API-28 (PKQ1.190616.001/V11.0.12.0.PCOMIXM),0685dd00-aa42-4be5-928b-7a0bb9e31388,False,False,TM,1631615314.616982
0,An error occurred while sending the request,Error,/BuildNotice/0,MobileSDK,Xiaomi Redmi Note 8,OpenGLES2,1.0,1.11.0,False,Programmatic1,Programmatic,14.09.2021 10:27:19,6028e36ad1e80652e41054ca,6028e407a1ba2a0d3d760566,com.mytalkingcatemma.ballerinagames,1.0,ru,Android OS 9 / API-28 (PKQ1.190616.001/V11.0.12.0.PCOMIXM),0685dd00-aa42-4be5-928b-7a0bb9e31388,False,False,TM,1631615314.878927
0,could not receive ip address from ipfy,Error,/BuildNotice/0,MobileSDK,Xiaomi Redmi Note 8,OpenGLES2,1.0,1.11.0,False,Programmatic1,Programmatic,14.09.2021 10:28:34,6028e36ad1e80652e41054ca,6028e407a1ba2a0d3d760566,com.mytalkingcatemma.ballerinagames,1.0,ru,Android OS 9 / API-28 (PKQ1.190616.001/V11.0.2.0.PCOINXM),8df198ef-7fc7-4edd-aad3-9725d4d047d9,False,False,IN,1631615314.898558
0,could not receive ip address from ipfy,Error,/BuildNotice/0,MobileSDK,Xiaomi Redmi Note 8,OpenGLES2,1.0,1.11.0,False,Programmatic1,Programmatic,14.09.2021 10:27:19,6028e36ad1e80652e41054ca,6028e407a1ba2a0d3d760566,com.mytalkingcatemma.ballerinagames,1.0,ru,Android OS 9 / API-28 (PKQ1.190616.001/V11.0.12.0.PCOMIXM),0685dd00-aa42-4be5-928b-7a0bb9e31388,False,False,TM,1631615314.912349
0,An error occurred while sending the request,Error,/BuildNotice/0,MobileSDK,Xiaomi Redmi Note 8,OpenGLES2,1.0,1.11.0,False,Programmatic1,Programmatic,14.09.2021 10:28:34,6028e36ad1e80652e41054ca,6028e407a1ba2a0d3d760566,com.mytalkingcatemma.ballerinagames,1.0,ru,Android OS 9 / API-28 (PKQ1.190616.001/V11.0.2.0.PCOINXM),8df198ef-7fc7-4edd-aad3-9725d4d047d9,False,False,IN,1631615314.983065
0,An error occurred while sending the request,Error,/BuildNotice/0,MobileSDK,Xiaomi Redmi Note 8,OpenGLES2,1.0,1.11.0,False,Programmatic1,Programmatic,14.09.2021 10:27:19,6028e36ad1e80652e41054ca,6028e407a1ba2a0d3d760566,com.mytalkingcatemma.ballerinagames,1.0,ru,Android OS 9 / API-28 (PKQ1.190616.001/V11.0.12.0.PCOMIXM),0685dd00-aa42-4be5-928b-7a0bb9e31388,False,False,TM,1631615315.156586
0,An error occurred while sending the request,Error,/BuildNotice/0,MobileSDK,Xiaomi Redmi Note 8,OpenGLES2,1.0,1.11.0,False,Programmatic1,Programmatic,09/14/2021 10:30:45,6028e36ad1e80652e41054ca,609d69021c511f4b1d4df1c4,com.pregnantcatemma.virtualpet,1.0,iv,Android OS 9 / API-28 (PKQ1.190616.001/V11.0.12.0.PCOMIXM),555460bd-128c-48e0-8085-9eeffda85bf6,False,False,SN,1631615315.172814
0,could not receive ip address from ipfy,Error,/BuildNotice/0,MobileSDK,Xiaomi Redmi Note 8,OpenGLES2,1.0,1.11.0,False,Programmatic1,Programmatic,09/14/2021 10:30:46,6028e36ad1e80652e41054ca,609d69021c511f4b1d4df1c4,com.pregnantcatemma.virtualpet,1.0,iv,Android OS 9 / API-28 (PKQ1.190616.001/V11.0.12.0.PCOMIXM),555460bd-128c-48e0-8085-9eeffda85bf6,False,False,SN,1631615315.189641
0,could not receive ip address from ipfy,Error,/BuildNotice/0,MobileSDK,Xiaomi Redmi Note 8,OpenGLES2,1.0,1.11.0,False,Programmatic1,Programmatic,14.09.2021 10:27:20,6028e36ad1e80652e41054ca,6028e407a1ba2a0d3d760566,com.mytalkingcatemma.ballerinagames,1.0,ru,Android OS 9 / API-28 (PKQ1.190616.001/V11.0.12.0.PCOMIXM),0685dd00-aa42-4be5-928b-7a0bb9e31388,False,False,TM,1631615315.307139
0,An error occurred while sending the request,Error,/BuildNotice/0,MobileSDK,Xiaomi Redmi Note 8,OpenGLES2,1.0,1.11.0,False,Programmatic1,Programmatic,14.09.2021 10:27:20,6028e36ad1e80652e41054ca,6028e407a1ba2a0d3d760566,com.mytalkingcatemma.ballerinagames,1.0,ru,Android OS 9 / API-28 (PKQ1.190616.001/V11.0.12.0.PCOMIXM),0685dd00-aa42-4be5-928b-7a0bb9e31388,False,False,TM,1631615315.890692
0,could not receive ip address from ipfy,Error,/BuildNotice/0,MobileSDK,Xiaomi Redmi Note 8,OpenGLES2,1.0,1.11.0,False,Programmatic1,Programmatic,14.09.2021 10:27:20,6028e36ad1e80652e41054ca,6028e407a1ba2a0d3d760566,com.mytalkingcatemma.ballerinagames,1.0,ru,Android OS 9 / API-28 (PKQ1.190616.001/V11.0.12.0.PCOMIXM),0685dd00-aa42-4be5-928b-7a0bb9e31388,False,False,TM,1631615315.907612
0,An error occurred while sending the request,Error,/BuildNotice/0,MobileSDK,Xiaomi Redmi Note 8,OpenGLES2,1.0,1.11.0,False,Programmatic1,Programmatic,09/14/2021 10:30:46,6028e36ad1e80652e41054ca,609d69021c511f4b1d4df1c4,com.pregnantcatemma.virtualpet,1.0,iv,Android OS 9 / API-28 (PKQ1.190616.001/V11.0.12.0.PCOMIXM),555460bd-128c-48e0-8085-9eeffda85bf6,False,False,SN,1631615315.995466
0,could not receive ip address from ipfy,Error,/BuildNotice/0,MobileSDK,Xiaomi Redmi Note 8,OpenGLES2,1.0,1.11.0,False,Programmatic1,Programmatic,09/14/2021 10:30:47,6028e36ad1e80652e41054ca,609d69021c511f4b1d4df1c4,com.pregnantcatemma.virtualpet,1.0,iv,Android OS 9 / API-28 (PKQ1.190616.001/V11.0.12.0.PCOMIXM),555460bd-128c-48e0-8085-9eeffda85bf6,False,False,SN,1631615316.015927
0,An error occurred while sending the request,Error,/BuildNotice/0,MobileSDK,Xiaomi Redmi Note 8,OpenGLES2,1.0,1.11.0,False,Programmatic1,Programmatic,14.09.2021 10:27:20,6028e36ad1e80652e41054ca,6028e407a1ba2a0d3d760566,com.mytalkingcatemma.ballerinagames,1.0,ru,Android OS 9 / API-28 (PKQ1.190616.001/V11.0.12.0.PCOMIXM),0685dd00-aa42-4be5-928b-7a0bb9e31388,False,False,TM,1631615316.181505
0,could not receive ip address from ipfy,Error,/BuildNotice/0,MobileSDK,Xiaomi Redmi Note 8,OpenGLES2,1.0,1.11.0,False,Programmatic1,Programmatic,14.09.2021 10:27:20,6028e36ad1e80652e41054ca,6028e407a1ba2a0d3d760566,com.mytalkingcatemma.ballerinagames,1.0,ru,Android OS 9 / API-28 (PKQ1.190616.001/V11.0.12.0.PCOMIXM),0685dd00-aa42-4be5-928b-7a0bb9e31388,False,False,TM,1631615316.2698
0,An error occurred while sending the request,Error,/BuildNotice/0,MobileSDK,Xiaomi Redmi Note 8,OpenGLES2,1.0,1.11.0,False,Programmatic1,Programmatic,09/14/2021 10:30:47,6028e36ad1e80652e41054ca,609d69021c511f4b1d4df1c4,com.pregnantcatemma.virtualpet,1.0,iv,Android OS 9 / API-28 (PKQ1.190616.001/V11.0.12.0.PCOMIXM),555460bd-128c-48e0-8085-9eeffda85bf6,False,False,SN,1631615316.416437
0,An error occurred while sending the request,Error,/BuildNotice/0,MobileSDK,Xiaomi Redmi Note 8,OpenGLES2,1.0,1.11.0,False,Programmatic1,Programmatic,14.09.2021 10:27:20,6028e36ad1e80652e41054ca,6028e407a1ba2a0d3d760566,com.mytalkingcatemma.ballerinagames,1.0,ru,Android OS 9 / API-28 (PKQ1.190616.001/V11.0.12.0.PCOMIXM),0685dd00-aa42-4be5-928b-7a0bb9e31388,False,False,TM,1631615316.453304
0,could not receive ip address from ipfy,Error,/BuildNotice/0,MobileSDK,Xiaomi Redmi Note 8,OpenGLES2,1.0,1.11.0,False,Programmatic1,Programmatic,14.09.2021 10:27:21,6028e36ad1e80652e41054ca,6028e407a1ba2a0d3d760566,com.mytalkingcatemma.ballerinagames,1.0,ru,Android OS 9 / API-28 (PKQ1.190616.001/V11.0.12.0.PCOMIXM),0685dd00-aa42-4be5-928b-7a0bb9e31388,False,False,TM,1631615316.541322
0,An error occurred while sending the request,Error,/BuildNotice/0,MobileSDK,Xiaomi Redmi Note 8,OpenGLES2,1.0,1.11.0,False,Programmatic1,Programmatic,14.09.2021 10:28:35,6028e36ad1e80652e41054ca,6028e407a1ba2a0d3d760566,com.mytalkingcatemma.ballerinagames,1.0,ru,Android OS 9 / API-28 (PKQ1.190616.001/V11.0.2.0.PCOINXM),8df198ef-7fc7-4edd-aad3-9725d4d047d9,False,False,IN,1631615316.560565
0,could not receive ip address from ipfy,Error,/BuildNotice/0,MobileSDK,Xiaomi Redmi Note 8,OpenGLES2,1.0,1.11.0,False,Programmatic1,Programmatic,14.09.2021 10:28:35,6028e36ad1e80652e41054ca,6028e407a1ba2a0d3d760566,com.mytalkingcatemma.ballerinagames,1.0,ru,Android OS 9 / API-28 (PKQ1.190616.001/V11.0.2.0.PCOINXM),8df198ef-7fc7-4edd-aad3-9725d4d047d9,False,False,IN,1631615316.576731
0,could not receive ip address from ipfy,Error,/BuildNotice/0,MobileSDK,Xiaomi Redmi Note 8,OpenGLES2,1.0,1.11.0,False,Programmatic1,Programmatic,09/14/2021 10:30:47,6028e36ad1e80652e41054ca,609d69021c511f4b1d4df1c4,com.pregnantcatemma.virtualpet,1.0,iv,Android OS 9 / API-28 (PKQ1.190616.001/V11.0.12.0.PCOMIXM),555460bd-128c-48e0-8085-9eeffda85bf6,False,False,SN,1631615316.607392
0,An error occurred while sending the request,Error,/BuildNotice/0,MobileSDK,Xiaomi Redmi Note 8,OpenGLES2,1.0,1.11.0,False,Programmatic1,Programmatic,14.09.2021 10:27:21,6028e36ad1e80652e41054ca,6028e407a1ba2a0d3d760566,com.mytalkingcatemma.ballerinagames,1.0,ru,Android OS 9 / API-28 (PKQ1.190616.001/V11.0.12.0.PCOMIXM),0685dd00-aa42-4be5-928b-7a0bb9e31388,False,False,TM,1631615316.726616
0,could not receive ip address from ipfy,Error,/BuildNotice/0,MobileSDK,Xiaomi Redmi Note 8,OpenGLES2,1.0,1.11.0,False,Programmatic1,Programmatic,14.09.2021 10:27:21,6028e36ad1e80652e41054ca,6028e407a1ba2a0d3d760566,com.mytalkingcatemma.ballerinagames,1.0,ru,Android OS 9 / API-28 (PKQ1.190616.001/V11.0.12.0.PCOMIXM),0685dd00-aa42-4be5-928b-7a0bb9e31388,False,False,TM,1631615316.814763
0,An error occurred while sending the request,Error,/BuildNotice/0,MobileSDK,Xiaomi Redmi Note 8,OpenGLES2,1.0,1.11.0,False,Programmatic1,Programmatic,09/14/2021 10:30:47,6028e36ad1e80652e41054ca,609d69021c511f4b1d4df1c4,com.pregnantcatemma.virtualpet,1.0,iv,Android OS 9 / API-28 (PKQ1.190616.001/V11.0.12.0.PCOMIXM),555460bd-128c-48e0-8085-9eeffda85bf6,False,False,SN,1631615316.828586
0,could not receive ip address from ipfy,Error,/BuildNotice/0,MobileSDK,Xiaomi Redmi Note 8,OpenGLES2,1.0,1.11.0,False,Programmatic1,Programmatic,14.09.2021 10:28:36,6028e36ad1e80652e41054ca,6028e407a1ba2a0d3d760566,com.mytalkingcatemma.ballerinagames,1.0,ru,Android OS 9 / API-28 (PKQ1.190616.001/V11.0.2.0.PCOINXM),8df198ef-7fc7-4edd-aad3-9725d4d047d9,False,False,IN,1631615316.980257
0,An error occurred while sending the request,Error,/BuildNotice/0,MobileSDK,Xiaomi Redmi Note 8,OpenGLES2,1.0,1.11.0,False,Programmatic1,Programmatic,14.09.2021 10:28:36,6028e36ad1e80652e41054ca,6028e407a1ba2a0d3d760566,com.mytalkingcatemma.ballerinagames,1.0,ru,Android OS 9 / API-28 (PKQ1.190616.001/V11.0.2.0.PCOINXM),8df198ef-7fc7-4edd-aad3-9725d4d047d9,False,False,IN,1631615316.999704
0,An error occurred while sending the request,Error,/BuildNotice/0,MobileSDK,Xiaomi Redmi Note 8,OpenGLES2,1.0,1.11.0,False,Programmatic1,Programmatic,14.09.2021 10:27:21,6028e36ad1e80652e41054ca,6028e407a1ba2a0d3d760566,com.mytalkingcatemma.ballerinagames,1.0,ru,Android OS 9 / API-28 (PKQ1.190616.001/V11.0.12.0.PCOMIXM),0685dd00-aa42-4be5-928b-7a0bb9e31388,False,False,TM,1631615317.019887
0,could not receive ip address from ipfy,Error,/BuildNotice/0,MobileSDK,Xiaomi Redmi Note 8,OpenGLES2,1.0,1.11.0,False,Programmatic1,Programmatic,14.09.2021 10:27:21,6028e36ad1e80652e41054ca,6028e407a1ba2a0d3d760566,com.mytalkingcatemma.ballerinagames,1.0,ru,Android OS 9 / API-28 (PKQ1.190616.001/V11.0.12.0.PCOMIXM),0685dd00-aa42-4be5-928b-7a0bb9e31388,False,False,TM,1631615317.08048
0,could not receive ip address from ipfy,Error,/BuildNotice/0,MobileSDK,Xiaomi Redmi Note 8,OpenGLES2,1.0,1.11.0,False,Programmatic1,Programmatic,09/14/2021 10:30:47,6028e36ad1e80652e41054ca,609d69021c511f4b1d4df1c4,com.pregnantcatemma.virtualpet,1.0,iv,Android OS 9 / API-28 (PKQ1.190616.001/V11.0.12.0.PCOMIXM),555460bd-128c-48e0-8085-9eeffda85bf6,False,False,SN,1631615317.144166
0,could not receive ip address from ipfy,Error,/BuildNotice/0,MobileSDK,vivo V2026,OpenGLES2,1.0,1.11.0,False,Programmatic1,Programmatic,09/14/2021 10:28:37,6028e36ad1e80652e41054ca,609d69021c511f4b1d4df1c4,com.pregnantcatemma.virtualpet,1.0,iv,Android OS 11 / API-30 (RP1A.200720.012/eng.compil.20210717.185129),270320b6-7507-4c46-aa0e-3037cfa87651,False,False,RU,1631615317.159378
0,An error occurred while sending the request,Error,/BuildNotice/0,MobileSDK,vivo V2026,OpenGLES2,1.0,1.11.0,False,Programmatic1,Programmatic,09/14/2021 10:28:37,6028e36ad1e80652e41054ca,609d69021c511f4b1d4df1c4,com.pregnantcatemma.virtualpet,1.0,iv,Android OS 11 / API-30 (RP1A.200720.012/eng.compil.20210717.185129),270320b6-7507-4c46-aa0e-3037cfa87651,False,False,RU,1631615317.182655
0,An error occurred while sending the request,Error,/BuildNotice/0,MobileSDK,Xiaomi Redmi Note 8,OpenGLES2,1.0,1.11.0,False,Programmatic1,Programmatic,14.09.2021 10:27:21,6028e36ad1e80652e41054ca,6028e407a1ba2a0d3d760566,com.mytalkingcatemma.ballerinagames,1.0,ru,Android OS 9 / API-28 (PKQ1.190616.001/V11.0.12.0.PCOMIXM),0685dd00-aa42-4be5-928b-7a0bb9e31388,False,False,TM,1631615317.299007
0,An error occurred while sending the request,Error,/BuildNotice/0,MobileSDK,Xiaomi Redmi Note 8,OpenGLES2,1.0,1.11.0,False,Programmatic1,Programmatic,09/14/2021 10:30:47,6028e36ad1e80652e41054ca,609d69021c511f4b1d4df1c4,com.pregnantcatemma.virtualpet,1.0,iv,Android OS 9 / API-28 (PKQ1.190616.001/V11.0.12.0.PCOMIXM),555460bd-128c-48e0-8085-9eeffda85bf6,False,False,SN,1631615317.323918
0,could not receive ip address from ipfy,Error,/BuildNotice/0,MobileSDK,Xiaomi Redmi Note 8,OpenGLES2,1.0,1.11.0,False,Programmatic1,Programmatic,14.09.2021 10:27:22,6028e36ad1e80652e41054ca,6028e407a1ba2a0d3d760566,com.mytalkingcatemma.ballerinagames,1.0,ru,Android OS 9 / API-28 (PKQ1.190616.001/V11.0.12.0.PCOMIXM),0685dd00-aa42-4be5-928b-7a0bb9e31388,False,False,TM,1631615317.350044
0,could not receive ip address from ipfy,Error,/BuildNotice/0,MobileSDK,Xiaomi Redmi Note 8,OpenGLES2,1.0,1.11.0,False,Programmatic1,Programmatic,14.09.2021 10:28:37,6028e36ad1e80652e41054ca,6028e407a1ba2a0d3d760566,com.mytalkingcatemma.ballerinagames,1.0,ru,Android OS 9 / API-28 (PKQ1.190616.001/V11.0.2.0.PCOINXM),8df198ef-7fc7-4edd-aad3-9725d4d047d9,False,False,IN,1631615317.480998
0,An error occurred while sending the request,Error,/BuildNotice/0,MobileSDK,Xiaomi Redmi Note 8,OpenGLES2,1.0,1.11.0,False,Programmatic1,Programmatic,14.09.2021 10:28:37,6028e36ad1e80652e41054ca,6028e407a1ba2a0d3d760566,com.mytalkingcatemma.ballerinagames,1.0,ru,Android OS 9 / API-28 (PKQ1.190616.001/V11.0.2.0.PCOINXM),8df198ef-7fc7-4edd-aad3-9725d4d047d9,False,False,IN,1631615317.49352
0,An error occurred while sending the request,Error,/BuildNotice/0,MobileSDK,Xiaomi Redmi Note 8,OpenGLES2,1.0,1.11.0,False,Programmatic1,Programmatic,14.09.2021 10:27:22,6028e36ad1e80652e41054ca,6028e407a1ba2a0d3d760566,com.mytalkingcatemma.ballerinagames,1.0,ru,Android OS 9 / API-28 (PKQ1.190616.001/V11.0.12.0.PCOMIXM),0685dd00-aa42-4be5-928b-7a0bb9e31388,False,False,TM,1631615317.572338
0,could not receive ip address from ipfy,Error,/BuildNotice/0,MobileSDK,Xiaomi Redmi Note 8,OpenGLES2,1.0,1.11.0,False,Programmatic1,Programmatic,14.09.2021 10:27:22,6028e36ad1e80652e41054ca,6028e407a1ba2a0d3d760566,com.mytalkingcatemma.ballerinagames,1.0,ru,Android OS 9 / API-28 (PKQ1.190616.001/V11.0.12.0.PCOMIXM),0685dd00-aa42-4be5-928b-7a0bb9e31388,False,False,TM,1631615317.645352
0,could not receive ip address from ipfy,Error,/BuildNotice/0,MobileSDK,Xiaomi Redmi Note 8,OpenGLES2,1.0,1.11.0,False,Programmatic1,Programmatic,09/14/2021 10:30:48,6028e36ad1e80652e41054ca,609d69021c511f4b1d4df1c4,com.pregnantcatemma.virtualpet,1.0,iv,Android OS 9 / API-28 (PKQ1.190616.001/V11.0.12.0.PCOMIXM),555460bd-128c-48e0-8085-9eeffda85bf6,False,False,SN,1631615317.688772
0,An error occurred while sending the request,Error,/BuildNotice/0,MobileSDK,Xiaomi Redmi Note 8,OpenGLES2,1.0,1.11.0,False,Programmatic1,Programmatic,14.09.2021 10:27:22,6028e36ad1e80652e41054ca,6028e407a1ba2a0d3d760566,com.mytalkingcatemma.ballerinagames,1.0,ru,Android OS 9 / API-28 (PKQ1.190616.001/V11.0.12.0.PCOMIXM),0685dd00-aa42-4be5-928b-7a0bb9e31388,False,False,TM,1631615317.883251
0,could not receive ip address from ipfy,Error,/BuildNotice/0,MobileSDK,Xiaomi Redmi Note 8,OpenGLES2,1.0,1.11.0,False,Programmatic1,Programmatic,14.09.2021 10:27:23,6028e36ad1e80652e41054ca,6028e407a1ba2a0d3d760566,com.mytalkingcatemma.ballerinagames,1.0,ru,Android OS 9 / API-28 (PKQ1.190616.001/V11.0.12.0.PCOMIXM),0685dd00-aa42-4be5-928b-7a0bb9e31388,False,False,TM,1631615317.9111
0,An error occurred while sending the request,Error,/BuildNotice/0,MobileSDK,Xiaomi Redmi Note 8,OpenGLES2,1.0,1.11.0,False,Programmatic1,Programmatic,14.09.2021 10:27:23,6028e36ad1e80652e41054ca,6028e407a1ba2a0d3d760566,com.mytalkingcatemma.ballerinagames,1.0,ru,Android OS 9 / API-28 (PKQ1.190616.001/V11.0.12.0.PCOMIXM),0685dd00-aa42-4be5-928b-7a0bb9e31388,False,False,TM,1631615318.161592
0,could not receive ip address from ipfy,Error,/BuildNotice/0,MobileSDK,Xiaomi Redmi Note 8,OpenGLES2,1.0,1.11.0,False,Programmatic1,Programmatic,14.09.2021 10:27:23,6028e36ad1e80652e41054ca,6028e407a1ba2a0d3d760566,com.mytalkingcatemma.ballerinagames,1.0,ru,Android OS 9 / API-28 (PKQ1.190616.001/V11.0.12.0.PCOMIXM),0685dd00-aa42-4be5-928b-7a0bb9e31388,False,False,TM,1631615318.182616
0,could not receive ip address from ipfy,Error,/BuildNotice/0,MobileSDK,Xiaomi Redmi Note 8,OpenGLES2,1.0,1.11.0,False,Programmatic1,Programmatic,14.09.2021 10:28:38,6028e36ad1e80652e41054ca,6028e407a1ba2a0d3d760566,com.mytalkingcatemma.ballerinagames,1.0,ru,Android OS 9 / API-28 (PKQ1.190616.001/V11.0.2.0.PCOINXM),8df198ef-7fc7-4edd-aad3-9725d4d047d9,False,False,IN,1631615318.25362
0,An error occurred while sending the request,Error,/BuildNotice/0,MobileSDK,Xiaomi Redmi Note 8,OpenGLES2,1.0,1.11.0,False,Programmatic1,Programmatic,14.09.2021 10:28:38,6028e36ad1e80652e41054ca,6028e407a1ba2a0d3d760566,com.mytalkingcatemma.ballerinagames,1.0,ru,Android OS 9 / API-28 (PKQ1.190616.001/V11.0.2.0.PCOINXM),8df198ef-7fc7-4edd-aad3-9725d4d047d9,False,False,IN,1631615318.296697
0,An error occurred while sending the request,Error,/BuildNotice/0,MobileSDK,Xiaomi Redmi Note 8,OpenGLES2,1.0,1.11.0,False,Programmatic1,Programmatic,09/14/2021 10:30:48,6028e36ad1e80652e41054ca,609d69021c511f4b1d4df1c4,com.pregnantcatemma.virtualpet,1.0,iv,Android OS 9 / API-28 (PKQ1.190616.001/V11.0.12.0.PCOMIXM),555460bd-128c-48e0-8085-9eeffda85bf6,False,False,SN,1631615318.390689
0,An error occurred while sending the request,Error,/BuildNotice/0,MobileSDK,Xiaomi Redmi Note 8,OpenGLES2,1.0,1.11.0,False,Programmatic1,Programmatic,14.09.2021 10:27:23,6028e36ad1e80652e41054ca,6028e407a1ba2a0d3d760566,com.mytalkingcatemma.ballerinagames,1.0,ru,Android OS 9 / API-28 (PKQ1.190616.001/V11.0.12.0.PCOMIXM),0685dd00-aa42-4be5-928b-7a0bb9e31388,False,False,TM,1631615318.435164
0,could not receive ip address from ipfy,Error,/BuildNotice/0,MobileSDK,Xiaomi Redmi Note 8,OpenGLES2,1.0,1.11.0,False,Programmatic1,Programmatic,14.09.2021 10:27:23,6028e36ad1e80652e41054ca,6028e407a1ba2a0d3d760566,com.mytalkingcatemma.ballerinagames,1.0,ru,Android OS 9 / API-28 (PKQ1.190616.001/V11.0.12.0.PCOMIXM),0685dd00-aa42-4be5-928b-7a0bb9e31388,False,False,TM,1631615318.454245
0,An error occurred while sending the request,Error,/BuildNotice/0,MobileSDK,Xiaomi Redmi Note 8,OpenGLES2,1.0,1.11.0,False,Programmatic1,Programmatic,14.09.2021 10:27:23,6028e36ad1e80652e41054ca,6028e407a1ba2a0d3d760566,com.mytalkingcatemma.ballerinagames,1.0,ru,Android OS 9 / API-28 (PKQ1.190616.001/V11.0.12.0.PCOMIXM),0685dd00-aa42-4be5-928b-7a0bb9e31388,False,False,TM,1631615318.709641
0,could not receive ip address from ipfy,Error,/BuildNotice/0,MobileSDK,Xiaomi Redmi Note 8,OpenGLES2,1.0,1.11.0,False,Programmatic1,Programmatic,14.09.2021 10:27:24,6028e36ad1e80652e41054ca,6028e407a1ba2a0d3d760566,com.mytalkingcatemma.ballerinagames,1.0,ru,Android OS 9 / API-28 (PKQ1.190616.001/V11.0.12.0.PCOMIXM),0685dd00-aa42-4be5-928b-7a0bb9e31388,False,False,TM,1631615318.734601
0,could not receive ip address from ipfy,Error,/BuildNotice/0,MobileSDK,Xiaomi Redmi Note 8,OpenGLES2,1.0,1.11.0,False,Programmatic1,Programmatic,14.09.2021 10:28:38,6028e36ad1e80652e41054ca,6028e407a1ba2a0d3d760566,com.mytalkingcatemma.ballerinagames,1.0,ru,Android OS 9 / API-28 (PKQ1.190616.001/V11.0.2.0.PCOINXM),8df198ef-7fc7-4edd-aad3-9725d4d047d9,False,False,IN,1631615318.783753
0,An error occurred while sending the request,Error,/BuildNotice/0,MobileSDK,Xiaomi Redmi Note 8,OpenGLES2,1.0,1.11.0,False,Programmatic1,Programmatic,14.09.2021 10:28:38,6028e36ad1e80652e41054ca,6028e407a1ba2a0d3d760566,com.mytalkingcatemma.ballerinagames,1.0,ru,Android OS 9 / API-28 (PKQ1.190616.001/V11.0.2.0.PCOINXM),8df198ef-7fc7-4edd-aad3-9725d4d047d9,False,False,IN,1631615318.796482
0,could not receive ip address from ipfy,Error,/BuildNotice/0,MobileSDK,Xiaomi Redmi Note 8,OpenGLES2,1.0,1.11.0,False,Programmatic1,Programmatic,09/14/2021 10:30:48,6028e36ad1e80652e41054ca,609d69021c511f4b1d4df1c4,com.pregnantcatemma.virtualpet,1.0,iv,Android OS 9 / API-28 (PKQ1.190616.001/V11.0.12.0.PCOMIXM),555460bd-128c-48e0-8085-9eeffda85bf6,False,False,SN,1631615318.813413
0,An error occurred while sending the request,Error,/BuildNotice/0,MobileSDK,Xiaomi Redmi Note 8,OpenGLES2,1.0,1.11.0,False,Programmatic1,Programmatic,14.09.2021 10:27:24,6028e36ad1e80652e41054ca,6028e407a1ba2a0d3d760566,com.mytalkingcatemma.ballerinagames,1.0,ru,Android OS 9 / API-28 (PKQ1.190616.001/V11.0.12.0.PCOMIXM),0685dd00-aa42-4be5-928b-7a0bb9e31388,False,False,TM,1631615318.985147
0,could not receive ip address from ipfy,Error,/BuildNotice/0,MobileSDK,Xiaomi Redmi Note 8,OpenGLES2,1.0,1.11.0,False,Programmatic1,Programmatic,14.09.2021 10:27:24,6028e36ad1e80652e41054ca,6028e407a1ba2a0d3d760566,com.mytalkingcatemma.ballerinagames,1.0,ru,Android OS 9 / API-28 (PKQ1.190616.001/V11.0.12.0.PCOMIXM),0685dd00-aa42-4be5-928b-7a0bb9e31388,False,False,TM,1631615319.003196
0,An error occurred while sending the request,Error,/BuildNotice/0,MobileSDK,Xiaomi Redmi Note 8,OpenGLES2,1.0,1.11.0,False,Programmatic1,Programmatic,14.09.2021 10:27:24,6028e36ad1e80652e41054ca,6028e407a1ba2a0d3d760566,com.mytalkingcatemma.ballerinagames,1.0,ru,Android OS 9 / API-28 (PKQ1.190616.001/V11.0.12.0.PCOMIXM),0685dd00-aa42-4be5-928b-7a0bb9e31388,False,False,TM,1631615319.258618
0,could not receive ip address from ipfy,Error,/BuildNotice/0,MobileSDK,Xiaomi Redmi Note 8,OpenGLES2,1.0,1.11.0,False,Programmatic1,Programmatic,14.09.2021 10:27:24,6028e36ad1e80652e41054ca,6028e407a1ba2a0d3d760566,com.mytalkingcatemma.ballerinagames,1.0,ru,Android OS 9 / API-28 (PKQ1.190616.001/V11.0.12.0.PCOMIXM),0685dd00-aa42-4be5-928b-7a0bb9e31388,False,False,TM,1631615319.284951
0,An error occurred while sending the request,Error,/BuildNotice/0,MobileSDK,Xiaomi Redmi Note 8,OpenGLES2,1.0,1.11.0,False,Programmatic1,Programmatic,09/14/2021 10:30:48,6028e36ad1e80652e41054ca,609d69021c511f4b1d4df1c4,com.pregnantcatemma.virtualpet,1.0,iv,Android OS 9 / API-28 (PKQ1.190616.001/V11.0.12.0.PCOMIXM),555460bd-128c-48e0-8085-9eeffda85bf6,False,False,SN,1631615319.301295
0,could not receive ip address from ipfy,Error,/BuildNotice/0,MobileSDK,Xiaomi Redmi Note 8,OpenGLES2,1.0,1.11.0,False,Programmatic1,Programmatic,09/14/2021 10:30:49,6028e36ad1e80652e41054ca,609d69021c511f4b1d4df1c4,com.pregnantcatemma.virtualpet,1.0,iv,Android OS 9 / API-28 (PKQ1.190616.001/V11.0.12.0.PCOMIXM),555460bd-128c-48e0-8085-9eeffda85bf6,False,False,SN,1631615319.343181
0,An error occurred while sending the request,Error,/BuildNotice/0,MobileSDK,Xiaomi Redmi Note 8,OpenGLES2,1.0,1.11.0,False,Programmatic1,Programmatic,14.09.2021 10:27:24,6028e36ad1e80652e41054ca,6028e407a1ba2a0d3d760566,com.mytalkingcatemma.ballerinagames,1.0,ru,Android OS 9 / API-28 (PKQ1.190616.001/V11.0.12.0.PCOMIXM),0685dd00-aa42-4be5-928b-7a0bb9e31388,False,False,TM,1631615319.532347
0,could not receive ip address from ipfy,Error,/BuildNotice/0,MobileSDK,Xiaomi Redmi Note 8,OpenGLES2,1.0,1.11.0,False,Programmatic1,Programmatic,14.09.2021 10:27:24,6028e36ad1e80652e41054ca,6028e407a1ba2a0d3d760566,com.mytalkingcatemma.ballerinagames,1.0,ru,Android OS 9 / API-28 (PKQ1.190616.001/V11.0.12.0.PCOMIXM),0685dd00-aa42-4be5-928b-7a0bb9e31388,False,False,TM,1631615319.553559
0,An error occurred while sending the request,Error,/BuildNotice/0,MobileSDK,Xiaomi Redmi Note 8,OpenGLES2,1.0,1.11.0,False,Programmatic1,Programmatic,09/14/2021 10:30:49,6028e36ad1e80652e41054ca,609d69021c511f4b1d4df1c4,com.pregnantcatemma.virtualpet,1.0,iv,Android OS 9 / API-28 (PKQ1.190616.001/V11.0.12.0.PCOMIXM),555460bd-128c-48e0-8085-9eeffda85bf6,False,False,SN,1631615319.765057
0,An error occurred while sending the request,Error,/BuildNotice/0,MobileSDK,Xiaomi Redmi Note 8,OpenGLES2,1.0,1.11.0,False,Programmatic1,Programmatic,14.09.2021 10:27:24,6028e36ad1e80652e41054ca,6028e407a1ba2a0d3d760566,com.mytalkingcatemma.ballerinagames,1.0,ru,Android OS 9 / API-28 (PKQ1.190616.001/V11.0.12.0.PCOMIXM),0685dd00-aa42-4be5-928b-7a0bb9e31388,False,False,TM,1631615319.807888
0,could not receive ip address from ipfy,Error,/BuildNotice/0,MobileSDK,Xiaomi Redmi Note 8,OpenGLES2,1.0,1.11.0,False,Programmatic1,Programmatic,14.09.2021 10:27:25,6028e36ad1e80652e41054ca,6028e407a1ba2a0d3d760566,com.mytalkingcatemma.ballerinagames,1.0,ru,Android OS 9 / API-28 (PKQ1.190616.001/V11.0.12.0.PCOMIXM),0685dd00-aa42-4be5-928b-7a0bb9e31388,False,False,TM,1631615319.829723
0,An error occurred while sending the request,Error,/BuildNotice/0,MobileSDK,Xiaomi Redmi Note 8,OpenGLES2,1.0,1.11.0,False,Programmatic1,Programmatic,14.09.2021 10:27:25,6028e36ad1e80652e41054ca,6028e407a1ba2a0d3d760566,com.mytalkingcatemma.ballerinagames,1.0,ru,Android OS 9 / API-28 (PKQ1.190616.001/V11.0.12.0.PCOMIXM),0685dd00-aa42-4be5-928b-7a0bb9e31388,False,False,TM,1631615320.084419
0,could not receive ip address from ipfy,Error,/BuildNotice/0,MobileSDK,Xiaomi Redmi Note 8,OpenGLES2,1.0,1.11.0,False,Programmatic1,Programmatic,14.09.2021 10:27:25,6028e36ad1e80652e41054ca,6028e407a1ba2a0d3d760566,com.mytalkingcatemma.ballerinagames,1.0,ru,Android OS 9 / API-28 (PKQ1.190616.001/V11.0.12.0.PCOMIXM),0685dd00-aa42-4be5-928b-7a0bb9e31388,False,False,TM,1631615320.09715
0,An error occurred while sending the request,Error,/BuildNotice/0,MobileSDK,Xiaomi Redmi Note 8,OpenGLES2,1.0,1.11.0,False,Programmatic1,Programmatic,14.09.2021 10:27:25,6028e36ad1e80652e41054ca,6028e407a1ba2a0d3d760566,com.mytalkingcatemma.ballerinagames,1.0,ru,Android OS 9 / API-28 (PKQ1.190616.001/V11.0.12.0.PCOMIXM),0685dd00-aa42-4be5-928b-7a0bb9e31388,False,False,TM,1631615320.354955
0,could not receive ip address from ipfy,Error,/BuildNotice/0,MobileSDK,Xiaomi Redmi Note 8,OpenGLES2,1.0,1.11.0,False,Programmatic1,Programmatic,14.09.2021 10:27:25,6028e36ad1e80652e41054ca,6028e407a1ba2a0d3d760566,com.mytalkingcatemma.ballerinagames,1.0,ru,Android OS 9 / API-28 (PKQ1.190616.001/V11.0.12.0.PCOMIXM),0685dd00-aa42-4be5-928b-7a0bb9e31388,False,False,TM,1631615320.367973
0,could not receive ip address from ipfy,Error,/BuildNotice/0,MobileSDK,Xiaomi Redmi Note 8,OpenGLES2,1.0,1.11.0,False,Programmatic1,Programmatic,09/14/2021 10:30:49,6028e36ad1e80652e41054ca,609d69021c511f4b1d4df1c4,com.pregnantcatemma.virtualpet,1.0,iv,Android OS 9 / API-28 (PKQ1.190616.001/V11.0.12.0.PCOMIXM),555460bd-128c-48e0-8085-9eeffda85bf6,False,False,SN,1631615320.424143
0,An error occurred while sending the request,Error,/BuildNotice/0,MobileSDK,Xiaomi Redmi Note 8,OpenGLES2,1.0,1.11.0,False,Programmatic1,Programmatic,09/14/2021 10:30:49,6028e36ad1e80652e41054ca,609d69021c511f4b1d4df1c4,com.pregnantcatemma.virtualpet,1.0,iv,Android OS 9 / API-28 (PKQ1.190616.001/V11.0.12.0.PCOMIXM),555460bd-128c-48e0-8085-9eeffda85bf6,False,False,SN,1631615320.472261
0,could not receive ip address from ipfy,Error,/BuildNotice/0,MobileSDK,Xiaomi Redmi Note 8,OpenGLES2,1.0,1.11.0,False,Programmatic1,Programmatic,14.09.2021 10:28:40,6028e36ad1e80652e41054ca,6028e407a1ba2a0d3d760566,com.mytalkingcatemma.ballerinagames,1.0,ru,Android OS 9 / API-28 (PKQ1.190616.001/V11.0.2.0.PCOINXM),8df198ef-7fc7-4edd-aad3-9725d4d047d9,False,False,IN,1631615320.536013
0,An error occurred while sending the request,Error,/BuildNotice/0,MobileSDK,Xiaomi Redmi Note 8,OpenGLES2,1.0,1.11.0,False,Programmatic1,Programmatic,14.09.2021 10:28:40,6028e36ad1e80652e41054ca,6028e407a1ba2a0d3d760566,com.mytalkingcatemma.ballerinagames,1.0,ru,Android OS 9 / API-28 (PKQ1.190616.001/V11.0.2.0.PCOINXM),8df198ef-7fc7-4edd-aad3-9725d4d047d9,False,False,IN,1631615320.552509
0,An error occurred while sending the request,Error,/BuildNotice/0,MobileSDK,Xiaomi Redmi Note 8,OpenGLES2,1.0,1.11.0,False,Programmatic1,Programmatic,14.09.2021 10:27:25,6028e36ad1e80652e41054ca,6028e407a1ba2a0d3d760566,com.mytalkingcatemma.ballerinagames,1.0,ru,Android OS 9 / API-28 (PKQ1.190616.001/V11.0.12.0.PCOMIXM),0685dd00-aa42-4be5-928b-7a0bb9e31388,False,False,TM,1631615320.629371
0,could not receive ip address from ipfy,Error,/BuildNotice/0,MobileSDK,Xiaomi Redmi Note 8,OpenGLES2,1.0,1.11.0,False,Programmatic1,Programmatic,14.09.2021 10:27:25,6028e36ad1e80652e41054ca,6028e407a1ba2a0d3d760566,com.mytalkingcatemma.ballerinagames,1.0,ru,Android OS 9 / API-28 (PKQ1.190616.001/V11.0.12.0.PCOMIXM),0685dd00-aa42-4be5-928b-7a0bb9e31388,False,False,TM,1631615320.644455
0,could not receive ip address from ipfy,Error,/BuildNotice/0,MobileSDK,OPPO CPH1701,OpenGLES2,1.0,1.11.0,False,Programmatic1,Programmatic,14/09/2021 10:28:40,6028e36ad1e80652e41054ca,6028e407a1ba2a0d3d760566,com.mytalkingcatemma.ballerinagames,1.0,en,Android OS 6.0.1 / API-23 (MMB29M/eng.root.20170930.133551),457e0028-29d3-4d08-992d-87b4e954e12d,False,False,RU,1631615320.76264
0,An error occurred while sending the request,Error,/BuildNotice/0,MobileSDK,OPPO CPH1701,OpenGLES2,1.0,1.11.0,False,Programmatic1,Programmatic,14/09/2021 10:28:40,6028e36ad1e80652e41054ca,6028e407a1ba2a0d3d760566,com.mytalkingcatemma.ballerinagames,1.0,en,Android OS 6.0.1 / API-23 (MMB29M/eng.root.20170930.133551),457e0028-29d3-4d08-992d-87b4e954e12d,False,False,RU,1631615320.775826
0,An error occurred while sending the request,Error,/BuildNotice/0,MobileSDK,Xiaomi Redmi Note 8,OpenGLES2,1.0,1.11.0,False,Programmatic1,Programmatic,14.09.2021 10:27:25,6028e36ad1e80652e41054ca,6028e407a1ba2a0d3d760566,com.mytalkingcatemma.ballerinagames,1.0,ru,Android OS 9 / API-28 (PKQ1.190616.001/V11.0.12.0.PCOMIXM),0685dd00-aa42-4be5-928b-7a0bb9e31388,False,False,TM,1631615320.91237
0,could not receive ip address from ipfy,Error,/BuildNotice/0,MobileSDK,Xiaomi Redmi Note 8,OpenGLES2,1.0,1.11.0,False,Programmatic1,Programmatic,14.09.2021 10:27:26,6028e36ad1e80652e41054ca,6028e407a1ba2a0d3d760566,com.mytalkingcatemma.ballerinagames,1.0,ru,Android OS 9 / API-28 (PKQ1.190616.001/V11.0.12.0.PCOMIXM),0685dd00-aa42-4be5-928b-7a0bb9e31388,False,False,TM,1631615320.943054
0,An error occurred while sending the request,Error,/BuildNotice/0,MobileSDK,Xiaomi Redmi Note 8,OpenGLES2,1.0,1.11.0,False,Programmatic1,Programmatic,14.09.2021 10:27:26,6028e36ad1e80652e41054ca,6028e407a1ba2a0d3d760566,com.mytalkingcatemma.ballerinagames,1.0,ru,Android OS 9 / API-28 (PKQ1.190616.001/V11.0.12.0.PCOMIXM),0685dd00-aa42-4be5-928b-7a0bb9e31388,False,False,TM,1631615321.215823
0,could not receive ip address from ipfy,Error,/BuildNotice/0,MobileSDK,Xiaomi Redmi Note 8,OpenGLES2,1.0,1.11.0,False,Programmatic1,Programmatic,14.09.2021 10:27:26,6028e36ad1e80652e41054ca,6028e407a1ba2a0d3d760566,com.mytalkingcatemma.ballerinagames,1.0,ru,Android OS 9 / API-28 (PKQ1.190616.001/V11.0.12.0.PCOMIXM),0685dd00-aa42-4be5-928b-7a0bb9e31388,False,False,TM,1631615321.231166
0,could not receive ip address from ipfy,Error,/BuildNotice/0,MobileSDK,samsung SM-A115F,OpenGLES2,1.0,1.11.0,False,Programmatic1,Programmatic,09/14/2021 10:28:40,6028e36ad1e80652e41054ca,609d69021c511f4b1d4df1c4,com.pregnantcatemma.virtualpet,1.0,iv,Android OS 11 / API-30 (RP1A.200720.012/A115FXXU2BUE1),8e5d7a06-5761-46be-8e10-f0bf3ebb0dd5,False,False,IN,1631615321.3377
0,An error occurred while sending the request,Error,/BuildNotice/0,MobileSDK,samsung SM-A115F,OpenGLES2,1.0,1.11.0,False,Programmatic1,Programmatic,09/14/2021 10:28:40,6028e36ad1e80652e41054ca,609d69021c511f4b1d4df1c4,com.pregnantcatemma.virtualpet,1.0,iv,Android OS 11 / API-30 (RP1A.200720.012/A115FXXU2BUE1),8e5d7a06-5761-46be-8e10-f0bf3ebb0dd5,False,False,IN,1631615321.350364
0,could not receive ip address from ipfy,Error,/BuildNotice/0,MobileSDK,Xiaomi Redmi Note 8,OpenGLES2,1.0,1.11.0,False,Programmatic1,Programmatic,14.09.2021 10:28:41,6028e36ad1e80652e41054ca,6028e407a1ba2a0d3d760566,com.mytalkingcatemma.ballerinagames,1.0,ru,Android OS 9 / API-28 (PKQ1.190616.001/V11.0.2.0.PCOINXM),8df198ef-7fc7-4edd-aad3-9725d4d047d9,False,False,IN,1631615321.463791
0,An error occurred while sending the request,Error,/BuildNotice/0,MobileSDK,Xiaomi Redmi Note 8,OpenGLES2,1.0,1.11.0,False,Programmatic1,Programmatic,14.09.2021 10:28:41,6028e36ad1e80652e41054ca,6028e407a1ba2a0d3d760566,com.mytalkingcatemma.ballerinagames,1.0,ru,Android OS 9 / API-28 (PKQ1.190616.001/V11.0.2.0.PCOINXM),8df198ef-7fc7-4edd-aad3-9725d4d047d9,False,False,IN,1631615321.505131
0,An error occurred while sending the request,Error,/BuildNotice/0,MobileSDK,Xiaomi Redmi Note 8,OpenGLES2,1.0,1.11.0,False,Programmatic1,Programmatic,14.09.2021 10:27:26,6028e36ad1e80652e41054ca,6028e407a1ba2a0d3d760566,com.mytalkingcatemma.ballerinagames,1.0,ru,Android OS 9 / API-28 (PKQ1.190616.001/V11.0.12.0.PCOMIXM),0685dd00-aa42-4be5-928b-7a0bb9e31388,False,False,TM,1631615321.532682
0,could not receive ip address from ipfy,Error,/BuildNotice/0,MobileSDK,Xiaomi Redmi Note 8,OpenGLES2,1.0,1.11.0,False,Programmatic1,Programmatic,14.09.2021 10:27:26,6028e36ad1e80652e41054ca,6028e407a1ba2a0d3d760566,com.mytalkingcatemma.ballerinagames,1.0,ru,Android OS 9 / API-28 (PKQ1.190616.001/V11.0.12.0.PCOMIXM),0685dd00-aa42-4be5-928b-7a0bb9e31388,False,False,TM,1631615321.54521
0,could not receive ip address from ipfy,Error,/BuildNotice/0,MobileSDK,Xiaomi Redmi Note 8,OpenGLES2,1.0,1.11.0,False,Programmatic1,Programmatic,09/14/2021 10:30:49,6028e36ad1e80652e41054ca,609d69021c511f4b1d4df1c4,com.pregnantcatemma.virtualpet,1.0,iv,Android OS 9 / API-28 (PKQ1.190616.001/V11.0.12.0.PCOMIXM),555460bd-128c-48e0-8085-9eeffda85bf6,False,False,SN,1631615321.629905
0,An error occurred while sending the request,Error,/BuildNotice/0,MobileSDK,Xiaomi Redmi Note 8,OpenGLES2,1.0,1.11.0,False,Programmatic1,Programmatic,14.09.2021 10:27:26,6028e36ad1e80652e41054ca,6028e407a1ba2a0d3d760566,com.mytalkingcatemma.ballerinagames,1.0,ru,Android OS 9 / API-28 (PKQ1.190616.001/V11.0.12.0.PCOMIXM),0685dd00-aa42-4be5-928b-7a0bb9e31388,False,False,TM,1631615321.804869
0,could not receive ip address from ipfy,Error,/BuildNotice/0,MobileSDK,Xiaomi Redmi Note 8,OpenGLES2,1.0,1.11.0,False,Programmatic1,Programmatic,14.09.2021 10:27:27,6028e36ad1e80652e41054ca,6028e407a1ba2a0d3d760566,com.mytalkingcatemma.ballerinagames,1.0,ru,Android OS 9 / API-28 (PKQ1.190616.001/V11.0.12.0.PCOMIXM),0685dd00-aa42-4be5-928b-7a0bb9e31388,False,False,TM,1631615321.850836
0,An error occurred while sending the request,Error,/BuildNotice/0,MobileSDK,Xiaomi Redmi Note 8,OpenGLES2,1.0,1.11.0,False,Programmatic1,Programmatic,09/14/2021 10:30:49,6028e36ad1e80652e41054ca,609d69021c511f4b1d4df1c4,com.pregnantcatemma.virtualpet,1.0,iv,Android OS 9 / API-28 (PKQ1.190616.001/V11.0.12.0.PCOMIXM),555460bd-128c-48e0-8085-9eeffda85bf6,False,False,SN,1631615321.945473
0,could not receive ip address from ipfy,Error,/BuildNotice/0,MobileSDK,Xiaomi Redmi Note 8,OpenGLES2,1.0,1.11.0,False,Programmatic1,Programmatic,14.09.2021 10:28:41,6028e36ad1e80652e41054ca,6028e407a1ba2a0d3d760566,com.mytalkingcatemma.ballerinagames,1.0,ru,Android OS 9 / API-28 (PKQ1.190616.001/V11.0.2.0.PCOINXM),8df198ef-7fc7-4edd-aad3-9725d4d047d9,False,False,IN,1631615321.968171
0,An error occurred while sending the request,Error,/BuildNotice/0,MobileSDK,Xiaomi Redmi Note 8,OpenGLES2,1.0,1.11.0,False,Programmatic1,Programmatic,14.09.2021 10:28:41,6028e36ad1e80652e41054ca,6028e407a1ba2a0d3d760566,com.mytalkingcatemma.ballerinagames,1.0,ru,Android OS 9 / API-28 (PKQ1.190616.001/V11.0.2.0.PCOINXM),8df198ef-7fc7-4edd-aad3-9725d4d047d9,False,False,IN,1631615321.986661
0,could not receive ip address from ipfy,Error,/BuildNotice/0,MobileSDK,Xiaomi Redmi Note 8,OpenGLES2,1.0,1.11.0,False,Programmatic1,Programmatic,09/14/2021 10:30:51,6028e36ad1e80652e41054ca,609d69021c511f4b1d4df1c4,com.pregnantcatemma.virtualpet,1.0,iv,Android OS 9 / API-28 (PKQ1.190616.001/V11.0.12.0.PCOMIXM),555460bd-128c-48e0-8085-9eeffda85bf6,False,False,SN,1631615323.668341
0,An error occurred while sending the request,Error,/BuildNotice/0,MobileSDK,Xiaomi Redmi Note 8,OpenGLES2,1.0,1.11.0,False,Programmatic1,Programmatic,14.09.2021 10:27:27,6028e36ad1e80652e41054ca,6028e407a1ba2a0d3d760566,com.mytalkingcatemma.ballerinagames,1.0,ru,Android OS 9 / API-28 (PKQ1.190616.001/V11.0.12.0.PCOMIXM),0685dd00-aa42-4be5-928b-7a0bb9e31388,False,False,TM,1631615323.681074
0,could not receive ip address from ipfy,Error,/BuildNotice/0,MobileSDK,Xiaomi Redmi Note 8,OpenGLES2,1.0,1.11.0,False,Programmatic1,Programmatic,14.09.2021 10:27:27,6028e36ad1e80652e41054ca,6028e407a1ba2a0d3d760566,com.mytalkingcatemma.ballerinagames,1.0,ru,Android OS 9 / API-28 (PKQ1.190616.001/V11.0.12.0.PCOMIXM),0685dd00-aa42-4be5-928b-7a0bb9e31388,False,False,TM,1631615323.695495
0,An error occurred while sending the request,Error,/BuildNotice/0,MobileSDK,Xiaomi Redmi Note 8,OpenGLES2,1.0,1.11.0,False,Programmatic1,Programmatic,09/14/2021 10:30:51,6028e36ad1e80652e41054ca,609d69021c511f4b1d4df1c4,com.pregnantcatemma.virtualpet,1.0,iv,Android OS 9 / API-28 (PKQ1.190616.001/V11.0.12.0.PCOMIXM),555460bd-128c-48e0-8085-9eeffda85bf6,False,False,SN,1631615323.710512
0,could not receive ip address from ipfy,Error,/BuildNotice/0,MobileSDK,Xiaomi Redmi Note 8,OpenGLES2,1.0,1.11.0,False,Programmatic1,Programmatic,14.09.2021 10:28:42,6028e36ad1e80652e41054ca,6028e407a1ba2a0d3d760566,com.mytalkingcatemma.ballerinagames,1.0,ru,Android OS 9 / API-28 (PKQ1.190616.001/V11.0.2.0.PCOINXM),8df198ef-7fc7-4edd-aad3-9725d4d047d9,False,False,IN,1631615323.792298
0,An error occurred while sending the request,Error,/BuildNotice/0,MobileSDK,Xiaomi Redmi Note 8,OpenGLES2,1.0,1.11.0,False,Programmatic1,Programmatic,14.09.2021 10:28:42,6028e36ad1e80652e41054ca,6028e407a1ba2a0d3d760566,com.mytalkingcatemma.ballerinagames,1.0,ru,Android OS 9 / API-28 (PKQ1.190616.001/V11.0.2.0.PCOINXM),8df198ef-7fc7-4edd-aad3-9725d4d047d9,False,False,IN,1631615323.80835
0,An error occurred while sending the request,Error,/BuildNotice/0,MobileSDK,Xiaomi Redmi Note 8,OpenGLES2,1.0,1.11.0,False,Programmatic1,Programmatic,14.09.2021 10:27:27,6028e36ad1e80652e41054ca,6028e407a1ba2a0d3d760566,com.mytalkingcatemma.ballerinagames,1.0,ru,Android OS 9 / API-28 (PKQ1.190616.001/V11.0.12.0.PCOMIXM),0685dd00-aa42-4be5-928b-7a0bb9e31388,False,False,TM,1631615323.956399
0,could not receive ip address from ipfy,Error,/BuildNotice/0,MobileSDK,Xiaomi Redmi Note 8,OpenGLES2,1.0,1.11.0,False,Programmatic1,Programmatic,14.09.2021 10:27:27,6028e36ad1e80652e41054ca,6028e407a1ba2a0d3d760566,com.mytalkingcatemma.ballerinagames,1.0,ru,Android OS 9 / API-28 (PKQ1.190616.001/V11.0.12.0.PCOMIXM),0685dd00-aa42-4be5-928b-7a0bb9e31388,False,False,TM,1631615324.010241
0,An error occurred while sending the request,Error,/BuildNotice/0,MobileSDK,Xiaomi Redmi Note 8,OpenGLES2,1.0,1.11.0,False,Programmatic1,Programmatic,14.09.2021 10:27:27,6028e36ad1e80652e41054ca,6028e407a1ba2a0d3d760566,com.mytalkingcatemma.ballerinagames,1.0,ru,Android OS 9 / API-28 (PKQ1.190616.001/V11.0.12.0.PCOMIXM),0685dd00-aa42-4be5-928b-7a0bb9e31388,False,False,TM,1631615324.224687
0,could not receive ip address from ipfy,Error,/BuildNotice/0,MobileSDK,Xiaomi Redmi Note 8,OpenGLES2,1.0,1.11.0,False,Programmatic1,Programmatic,14.09.2021 10:28:42,6028e36ad1e80652e41054ca,6028e407a1ba2a0d3d760566,com.mytalkingcatemma.ballerinagames,1.0,ru,Android OS 9 / API-28 (PKQ1.190616.001/V11.0.2.0.PCOINXM),8df198ef-7fc7-4edd-aad3-9725d4d047d9,False,False,IN,1631615324.259583
0,An error occurred while sending the request,Error,/BuildNotice/0,MobileSDK,Xiaomi Redmi Note 8,OpenGLES2,1.0,1.11.0,False,Programmatic1,Programmatic,14.09.2021 10:28:42,6028e36ad1e80652e41054ca,6028e407a1ba2a0d3d760566,com.mytalkingcatemma.ballerinagames,1.0,ru,Android OS 9 / API-28 (PKQ1.190616.001/V11.0.2.0.PCOINXM),8df198ef-7fc7-4edd-aad3-9725d4d047d9,False,False,IN,1631615324.273161
0,could not receive ip address from ipfy,Error,/BuildNotice/0,MobileSDK,Xiaomi Redmi Note 8,OpenGLES2,1.0,1.11.0,False,Programmatic1,Programmatic,14.09.2021 10:27:28,6028e36ad1e80652e41054ca,6028e407a1ba2a0d3d760566,com.mytalkingcatemma.ballerinagames,1.0,ru,Android OS 9 / API-28 (PKQ1.190616.001/V11.0.12.0.PCOMIXM),0685dd00-aa42-4be5-928b-7a0bb9e31388,False,False,TM,1631615324.29179
0,could not receive ip address from ipfy,Error,/BuildNotice/0,MobileSDK,samsung SM-A115F,OpenGLES2,1.0,1.11.0,False,Programmatic1,Programmatic,09/14/2021 10:28:43,6028e36ad1e80652e41054ca,609d69021c511f4b1d4df1c4,com.pregnantcatemma.virtualpet,1.0,iv,Android OS 11 / API-30 (RP1A.200720.012/A115FXXU2BUE1),8e5d7a06-5761-46be-8e10-f0bf3ebb0dd5,False,False,IN,1631615324.409886
0,An error occurred while sending the request,Error,/BuildNotice/0,MobileSDK,samsung SM-A115F,OpenGLES2,1.0,1.11.0,False,Programmatic1,Programmatic,09/14/2021 10:28:43,6028e36ad1e80652e41054ca,609d69021c511f4b1d4df1c4,com.pregnantcatemma.virtualpet,1.0,iv,Android OS 11 / API-30 (RP1A.200720.012/A115FXXU2BUE1),8e5d7a06-5761-46be-8e10-f0bf3ebb0dd5,False,False,IN,1631615324.42326
0,An error occurred while sending the request,Error,/BuildNotice/0,MobileSDK,Xiaomi Redmi Note 8,OpenGLES2,1.0,1.11.0,False,Programmatic1,Programmatic,14.09.2021 10:27:28,6028e36ad1e80652e41054ca,6028e407a1ba2a0d3d760566,com.mytalkingcatemma.ballerinagames,1.0,ru,Android OS 9 / API-28 (PKQ1.190616.001/V11.0.12.0.PCOMIXM),0685dd00-aa42-4be5-928b-7a0bb9e31388,False,False,TM,1631615324.492221
0,could not receive ip address from ipfy,Error,/BuildNotice/0,MobileSDK,Xiaomi Redmi Note 8,OpenGLES2,1.0,1.11.0,False,Programmatic1,Programmatic,14.09.2021 10:27:28,6028e36ad1e80652e41054ca,6028e407a1ba2a0d3d760566,com.mytalkingcatemma.ballerinagames,1.0,ru,Android OS 9 / API-28 (PKQ1.190616.001/V11.0.12.0.PCOMIXM),0685dd00-aa42-4be5-928b-7a0bb9e31388,False,False,TM,1631615324.573299
0,could not receive ip address from ipfy,Error,/BuildNotice/0,MobileSDK,samsung SM-G965F,OpenGLES2,1.0,1.11.0,False,Programmatic1,Programmatic,14/09/2021 10:28:45 AM,6028e36ad1e80652e41054ca,6028e407a1ba2a0d3d760566,com.mytalkingcatemma.ballerinagames,1.0,en,Android OS 10 / API-29 (QP1A.190711.020/G965FXXUFFUE1),99c619a1-30c9-415e-99d8-bf150d7293f8,False,False,IR,1631615324.70617
0,An error occurred while sending the request,Error,/BuildNotice/0,MobileSDK,samsung SM-G965F,OpenGLES2,1.0,1.11.0,False,Programmatic1,Programmatic,14/09/2021 10:28:45 AM,6028e36ad1e80652e41054ca,6028e407a1ba2a0d3d760566,com.mytalkingcatemma.ballerinagames,1.0,en,Android OS 10 / API-29 (QP1A.190711.020/G965FXXUFFUE1),99c619a1-30c9-415e-99d8-bf150d7293f8,False,False,IR,1631615324.740671
0,An error occurred while sending the request,Error,/BuildNotice/0,MobileSDK,Xiaomi Redmi Note 8,OpenGLES2,1.0,1.11.0,False,Programmatic1,Programmatic,14.09.2021 10:27:28,6028e36ad1e80652e41054ca,6028e407a1ba2a0d3d760566,com.mytalkingcatemma.ballerinagames,1.0,ru,Android OS 9 / API-28 (PKQ1.190616.001/V11.0.12.0.PCOMIXM),0685dd00-aa42-4be5-928b-7a0bb9e31388,False,False,TM,1631615324.781097
0,could not receive ip address from ipfy,Error,/BuildNotice/0,MobileSDK,Xiaomi Redmi Note 8,OpenGLES2,1.0,1.11.0,False,Programmatic1,Programmatic,14.09.2021 10:28:44,6028e36ad1e80652e41054ca,6028e407a1ba2a0d3d760566,com.mytalkingcatemma.ballerinagames,1.0,ru,Android OS 9 / API-28 (PKQ1.190616.001/V11.0.2.0.PCOINXM),8df198ef-7fc7-4edd-aad3-9725d4d047d9,False,False,IN,1631615324.979838
0,An error occurred while sending the request,Error,/BuildNotice/0,MobileSDK,Xiaomi Redmi Note 8,OpenGLES2,1.0,1.11.0,False,Programmatic1,Programmatic,14.09.2021 10:28:44,6028e36ad1e80652e41054ca,6028e407a1ba2a0d3d760566,com.mytalkingcatemma.ballerinagames,1.0,ru,Android OS 9 / API-28 (PKQ1.190616.001/V11.0.2.0.PCOINXM),8df198ef-7fc7-4edd-aad3-9725d4d047d9,False,False,IN,1631615324.997561
0,could not receive ip address from ipfy,Error,/BuildNotice/0,MobileSDK,Xiaomi Redmi Note 8,OpenGLES2,1.0,1.11.0,False,Programmatic1,Programmatic,14.09.2021 10:27:28,6028e36ad1e80652e41054ca,6028e407a1ba2a0d3d760566,com.mytalkingcatemma.ballerinagames,1.0,ru,Android OS 9 / API-28 (PKQ1.190616.001/V11.0.12.0.PCOMIXM),0685dd00-aa42-4be5-928b-7a0bb9e31388,False,False,TM,1631615325.015942
0,An error occurred while sending the request,Error,/BuildNotice/0,MobileSDK,Xiaomi Redmi Note 8,OpenGLES2,1.0,1.11.0,False,Programmatic1,Programmatic,14.09.2021 10:27:28,6028e36ad1e80652e41054ca,6028e407a1ba2a0d3d760566,com.mytalkingcatemma.ballerinagames,1.0,ru,Android OS 9 / API-28 (PKQ1.190616.001/V11.0.12.0.PCOMIXM),0685dd00-aa42-4be5-928b-7a0bb9e31388,False,False,TM,1631615325.084409
0,could not receive ip address from ipfy,Error,/BuildNotice/0,MobileSDK,Xiaomi Redmi Note 8,OpenGLES2,1.0,1.11.0,False,Programmatic1,Programmatic,09/14/2021 10:30:52,6028e36ad1e80652e41054ca,609d69021c511f4b1d4df1c4,com.pregnantcatemma.virtualpet,1.0,iv,Android OS 9 / API-28 (PKQ1.190616.001/V11.0.12.0.PCOMIXM),555460bd-128c-48e0-8085-9eeffda85bf6,False,False,SN,1631615325.16602
0,An error occurred while sending the request,Error,/BuildNotice/0,MobileSDK,Xiaomi Redmi Note 8,OpenGLES2,1.0,1.11.0,False,Programmatic1,Programmatic,14.09.2021 10:27:28,6028e36ad1e80652e41054ca,6028e407a1ba2a0d3d760566,com.mytalkingcatemma.ballerinagames,1.0,ru,Android OS 9 / API-28 (PKQ1.190616.001/V11.0.12.0.PCOMIXM),0685dd00-aa42-4be5-928b-7a0bb9e31388,False,False,TM,1631615325.375157
0,could not receive ip address from ipfy,Error,/BuildNotice/0,MobileSDK,Xiaomi Redmi Note 8,OpenGLES2,1.0,1.11.0,False,Programmatic1,Programmatic,14.09.2021 10:27:28,6028e36ad1e80652e41054ca,6028e407a1ba2a0d3d760566,com.mytalkingcatemma.ballerinagames,1.0,ru,Android OS 9 / API-28 (PKQ1.190616.001/V11.0.12.0.PCOMIXM),0685dd00-aa42-4be5-928b-7a0bb9e31388,False,False,TM,1631615325.790822
0,could not receive ip address from ipfy,Error,/BuildNotice/0,MobileSDK,Xiaomi Redmi Note 8,OpenGLES2,1.0,1.11.0,False,Programmatic1,Programmatic,14.09.2021 10:28:45,6028e36ad1e80652e41054ca,6028e407a1ba2a0d3d760566,com.mytalkingcatemma.ballerinagames,1.0,ru,Android OS 9 / API-28 (PKQ1.190616.001/V11.0.2.0.PCOINXM),8df198ef-7fc7-4edd-aad3-9725d4d047d9,False,False,IN,1631615325.89602
0,An error occurred while sending the request,Error,/BuildNotice/0,MobileSDK,Xiaomi Redmi Note 8,OpenGLES2,1.0,1.11.0,False,Programmatic1,Programmatic,14.09.2021 10:28:45,6028e36ad1e80652e41054ca,6028e407a1ba2a0d3d760566,com.mytalkingcatemma.ballerinagames,1.0,ru,Android OS 9 / API-28 (PKQ1.190616.001/V11.0.2.0.PCOINXM),8df198ef-7fc7-4edd-aad3-9725d4d047d9,False,False,IN,1631615325.913351
0,could not receive ip address from ipfy,Error,/BuildNotice/0,MobileSDK,Xiaomi Redmi Note 8,OpenGLES2,1.0,1.11.0,False,Programmatic1,Programmatic,14.09.2021 10:27:29,6028e36ad1e80652e41054ca,6028e407a1ba2a0d3d760566,com.mytalkingcatemma.ballerinagames,1.0,ru,Android OS 9 / API-28 (PKQ1.190616.001/V11.0.12.0.PCOMIXM),0685dd00-aa42-4be5-928b-7a0bb9e31388,False,False,TM,1631615325.982332
0,An error occurred while sending the request,Error,/BuildNotice/0,MobileSDK,Xiaomi Redmi Note 8,OpenGLES2,1.0,1.11.0,False,Programmatic1,Programmatic,09/14/2021 10:30:52,6028e36ad1e80652e41054ca,609d69021c511f4b1d4df1c4,com.pregnantcatemma.virtualpet,1.0,iv,Android OS 9 / API-28 (PKQ1.190616.001/V11.0.12.0.PCOMIXM),555460bd-128c-48e0-8085-9eeffda85bf6,False,False,SN,1631615325.998303
0,An error occurred while sending the request,Error,/BuildNotice/0,MobileSDK,Xiaomi Redmi Note 8,OpenGLES2,1.0,1.11.0,False,Programmatic1,Programmatic,14.09.2021 10:27:29,6028e36ad1e80652e41054ca,6028e407a1ba2a0d3d760566,com.mytalkingcatemma.ballerinagames,1.0,ru,Android OS 9 / API-28 (PKQ1.190616.001/V11.0.12.0.PCOMIXM),0685dd00-aa42-4be5-928b-7a0bb9e31388,False,False,TM,1631615326.179507
0,could not receive ip address from ipfy,Error,/BuildNotice/0,MobileSDK,Xiaomi Redmi Note 8,OpenGLES2,1.0,1.11.0,False,Programmatic1,Programmatic,14.09.2021 10:27:29,6028e36ad1e80652e41054ca,6028e407a1ba2a0d3d760566,com.mytalkingcatemma.ballerinagames,1.0,ru,Android OS 9 / API-28 (PKQ1.190616.001/V11.0.12.0.PCOMIXM),0685dd00-aa42-4be5-928b-7a0bb9e31388,False,False,TM,1631615326.257689
0,An error occurred while sending the request,Error,/BuildNotice/0,MobileSDK,Xiaomi Redmi Note 8,OpenGLES2,1.0,1.11.0,False,Programmatic1,Programmatic,14.09.2021 10:27:29,6028e36ad1e80652e41054ca,6028e407a1ba2a0d3d760566,com.mytalkingcatemma.ballerinagames,1.0,ru,Android OS 9 / API-28 (PKQ1.190616.001/V11.0.12.0.PCOMIXM),0685dd00-aa42-4be5-928b-7a0bb9e31388,False,False,TM,1631615326.453153
0,could not receive ip address from ipfy,Error,/BuildNotice/0,MobileSDK,Xiaomi Redmi Note 8,OpenGLES2,1.0,1.11.0,False,Programmatic1,Programmatic,14.09.2021 10:27:29,6028e36ad1e80652e41054ca,6028e407a1ba2a0d3d760566,com.mytalkingcatemma.ballerinagames,1.0,ru,Android OS 9 / API-28 (PKQ1.190616.001/V11.0.12.0.PCOMIXM),0685dd00-aa42-4be5-928b-7a0bb9e31388,False,False,TM,1631615326.527169
0,could not receive ip address from ipfy,Error,/BuildNotice/0,MobileSDK,Xiaomi Redmi Note 8,OpenGLES2,1.0,1.11.0,False,Programmatic1,Programmatic,09/14/2021 10:30:52,6028e36ad1e80652e41054ca,609d69021c511f4b1d4df1c4,com.pregnantcatemma.virtualpet,1.0,iv,Android OS 9 / API-28 (PKQ1.190616.001/V11.0.12.0.PCOMIXM),555460bd-128c-48e0-8085-9eeffda85bf6,False,False,SN,1631615326.599375
0,An error occurred while sending the request,Error,/BuildNotice/0,MobileSDK,Xiaomi Redmi Note 8,OpenGLES2,1.0,1.11.0,False,Programmatic1,Programmatic,14.09.2021 10:27:29,6028e36ad1e80652e41054ca,6028e407a1ba2a0d3d760566,com.mytalkingcatemma.ballerinagames,1.0,ru,Android OS 9 / API-28 (PKQ1.190616.001/V11.0.12.0.PCOMIXM),0685dd00-aa42-4be5-928b-7a0bb9e31388,False,False,TM,1631615326.730785
0,could not receive ip address from ipfy,Error,/BuildNotice/0,MobileSDK,Xiaomi Redmi Note 8,OpenGLES2,1.0,1.11.0,False,Programmatic1,Programmatic,14.09.2021 10:27:29,6028e36ad1e80652e41054ca,6028e407a1ba2a0d3d760566,com.mytalkingcatemma.ballerinagames,1.0,ru,Android OS 9 / API-28 (PKQ1.190616.001/V11.0.12.0.PCOMIXM),0685dd00-aa42-4be5-928b-7a0bb9e31388,False,False,TM,1631615326.798366
0,An error occurred while sending the request,Error,/BuildNotice/0,MobileSDK,Xiaomi Redmi Note 8,OpenGLES2,1.0,1.11.0,False,Programmatic1,Programmatic,09/14/2021 10:30:52,6028e36ad1e80652e41054ca,609d69021c511f4b1d4df1c4,com.pregnantcatemma.virtualpet,1.0,iv,Android OS 9 / API-28 (PKQ1.190616.001/V11.0.12.0.PCOMIXM),555460bd-128c-48e0-8085-9eeffda85bf6,False,False,SN,1631615326.943095
0,An error occurred while sending the request,Error,/BuildNotice/0,MobileSDK,Xiaomi Redmi Note 8,OpenGLES2,1.0,1.11.0,False,Programmatic1,Programmatic,14.09.2021 10:27:29,6028e36ad1e80652e41054ca,6028e407a1ba2a0d3d760566,com.mytalkingcatemma.ballerinagames,1.0,ru,Android OS 9 / API-28 (PKQ1.190616.001/V11.0.12.0.PCOMIXM),0685dd00-aa42-4be5-928b-7a0bb9e31388,False,False,TM,1631615327.018343
0,could not receive ip address from ipfy,Error,/BuildNotice/0,MobileSDK,Xiaomi Redmi Note 8,OpenGLES2,1.0,1.11.0,False,Programmatic1,Programmatic,14.09.2021 10:27:30,6028e36ad1e80652e41054ca,6028e407a1ba2a0d3d760566,com.mytalkingcatemma.ballerinagames,1.0,ru,Android OS 9 / API-28 (PKQ1.190616.001/V11.0.12.0.PCOMIXM),0685dd00-aa42-4be5-928b-7a0bb9e31388,False,False,TM,1631615327.068396
0,could not receive ip address from ipfy,Error,/BuildNotice/0,MobileSDK,Xiaomi Redmi Note 8,OpenGLES2,1.0,1.11.0,False,Programmatic1,Programmatic,09/14/2021 10:30:52,6028e36ad1e80652e41054ca,609d69021c511f4b1d4df1c4,com.pregnantcatemma.virtualpet,1.0,iv,Android OS 9 / API-28 (PKQ1.190616.001/V11.0.12.0.PCOMIXM),555460bd-128c-48e0-8085-9eeffda85bf6,False,False,SN,1631615327.134247
0,could not receive ip address from ipfy,Error,/BuildNotice/0,MobileSDK,Xiaomi Redmi Note 8,OpenGLES2,1.0,1.11.0,False,Programmatic1,Programmatic,14.09.2021 10:28:47,6028e36ad1e80652e41054ca,6028e407a1ba2a0d3d760566,com.mytalkingcatemma.ballerinagames,1.0,ru,Android OS 9 / API-28 (PKQ1.190616.001/V11.0.2.0.PCOINXM),8df198ef-7fc7-4edd-aad3-9725d4d047d9,False,False,IN,1631615327.265938
0,An error occurred while sending the request,Error,/BuildNotice/0,MobileSDK,Xiaomi Redmi Note 8,OpenGLES2,1.0,1.11.0,False,Programmatic1,Programmatic,14.09.2021 10:28:47,6028e36ad1e80652e41054ca,6028e407a1ba2a0d3d760566,com.mytalkingcatemma.ballerinagames,1.0,ru,Android OS 9 / API-28 (PKQ1.190616.001/V11.0.2.0.PCOINXM),8df198ef-7fc7-4edd-aad3-9725d4d047d9,False,False,IN,1631615327.28432
0,An error occurred while sending the request,Error,/BuildNotice/0,MobileSDK,Xiaomi Redmi Note 8,OpenGLES2,1.0,1.11.0,False,Programmatic1,Programmatic,14.09.2021 10:27:30,6028e36ad1e80652e41054ca,6028e407a1ba2a0d3d760566,com.mytalkingcatemma.ballerinagames,1.0,ru,Android OS 9 / API-28 (PKQ1.190616.001/V11.0.12.0.PCOMIXM),0685dd00-aa42-4be5-928b-7a0bb9e31388,False,False,TM,1631615327.298284
0,could not receive ip address from ipfy,Error,/BuildNotice/0,MobileSDK,Xiaomi Redmi Note 8,OpenGLES2,1.0,1.11.0,False,Programmatic1,Programmatic,14.09.2021 10:27:30,6028e36ad1e80652e41054ca,6028e407a1ba2a0d3d760566,com.mytalkingcatemma.ballerinagames,1.0,ru,Android OS 9 / API-28 (PKQ1.190616.001/V11.0.12.0.PCOMIXM),0685dd00-aa42-4be5-928b-7a0bb9e31388,False,False,TM,1631615327.337741
0,could not receive ip address from ipfy,Error,/BuildNotice/0,MobileSDK,samsung SM-A115F,OpenGLES2,1.0,1.11.0,False,Programmatic1,Programmatic,09/14/2021 10:28:46,6028e36ad1e80652e41054ca,609d69021c511f4b1d4df1c4,com.pregnantcatemma.virtualpet,1.0,iv,Android OS 11 / API-30 (RP1A.200720.012/A115FXXU2BUE1),8e5d7a06-5761-46be-8e10-f0bf3ebb0dd5,False,False,IN,1631615327.425852
0,An error occurred while sending the request,Error,/BuildNotice/0,MobileSDK,samsung SM-A115F,OpenGLES2,1.0,1.11.0,False,Programmatic1,Programmatic,09/14/2021 10:28:46,6028e36ad1e80652e41054ca,609d69021c511f4b1d4df1c4,com.pregnantcatemma.virtualpet,1.0,iv,Android OS 11 / API-30 (RP1A.200720.012/A115FXXU2BUE1),8e5d7a06-5761-46be-8e10-f0bf3ebb0dd5,False,False,IN,1631615327.44193
0,An error occurred while sending the request,Error,/BuildNotice/0,MobileSDK,Xiaomi Redmi Note 8,OpenGLES2,1.0,1.11.0,False,Programmatic1,Programmatic,14.09.2021 10:27:30,6028e36ad1e80652e41054ca,6028e407a1ba2a0d3d760566,com.mytalkingcatemma.ballerinagames,1.0,ru,Android OS 9 / API-28 (PKQ1.190616.001/V11.0.12.0.PCOMIXM),0685dd00-aa42-4be5-928b-7a0bb9e31388,False,False,TM,1631615327.572662
0,could not receive ip address from ipfy,Error,/BuildNotice/0,MobileSDK,Xiaomi Redmi Note 8,OpenGLES2,1.0,1.11.0,False,Programmatic1,Programmatic,14.09.2021 10:27:30,6028e36ad1e80652e41054ca,6028e407a1ba2a0d3d760566,com.mytalkingcatemma.ballerinagames,1.0,ru,Android OS 9 / API-28 (PKQ1.190616.001/V11.0.12.0.PCOMIXM),0685dd00-aa42-4be5-928b-7a0bb9e31388,False,False,TM,1631615327.635597
0,An error occurred while sending the request,Error,/BuildNotice/0,MobileSDK,Xiaomi Redmi Note 8,OpenGLES2,1.0,1.11.0,False,Programmatic1,Programmatic,09/14/2021 10:30:52,6028e36ad1e80652e41054ca,609d69021c511f4b1d4df1c4,com.pregnantcatemma.virtualpet,1.0,iv,Android OS 9 / API-28 (PKQ1.190616.001/V11.0.12.0.PCOMIXM),555460bd-128c-48e0-8085-9eeffda85bf6,False,False,SN,1631615327.676537
0,An error occurred while sending the request,Error,/BuildNotice/0,MobileSDK,Xiaomi Redmi Note 8,OpenGLES2,1.0,1.11.0,False,Programmatic1,Programmatic,14.09.2021 10:27:30,6028e36ad1e80652e41054ca,6028e407a1ba2a0d3d760566,com.mytalkingcatemma.ballerinagames,1.0,ru,Android OS 9 / API-28 (PKQ1.190616.001/V11.0.12.0.PCOMIXM),0685dd00-aa42-4be5-928b-7a0bb9e31388,False,False,TM,1631615327.884372
0,could not receive ip address from ipfy,Error,/BuildNotice/0,MobileSDK,Xiaomi Redmi Note 8,OpenGLES2,1.0,1.11.0,False,Programmatic1,Programmatic,14.09.2021 10:27:31,6028e36ad1e80652e41054ca,6028e407a1ba2a0d3d760566,com.mytalkingcatemma.ballerinagames,1.0,ru,Android OS 9 / API-28 (PKQ1.190616.001/V11.0.12.0.PCOMIXM),0685dd00-aa42-4be5-928b-7a0bb9e31388,False,False,TM,1631615327.903993
0,could not receive ip address from ipfy,Error,/BuildNotice/0,MobileSDK,Xiaomi Redmi Note 8,OpenGLES2,1.0,1.11.0,False,Programmatic1,Programmatic,09/14/2021 10:30:53,6028e36ad1e80652e41054ca,609d69021c511f4b1d4df1c4,com.pregnantcatemma.virtualpet,1.0,iv,Android OS 9 / API-28 (PKQ1.190616.001/V11.0.12.0.PCOMIXM),555460bd-128c-48e0-8085-9eeffda85bf6,False,False,SN,1631615328.020732
0,An error occurred while sending the request,Error,/BuildNotice/0,MobileSDK,Xiaomi Redmi Note 8,OpenGLES2,1.0,1.11.0,False,Programmatic1,Programmatic,14.09.2021 10:27:31,6028e36ad1e80652e41054ca,6028e407a1ba2a0d3d760566,com.mytalkingcatemma.ballerinagames,1.0,ru,Android OS 9 / API-28 (PKQ1.190616.001/V11.0.12.0.PCOMIXM),0685dd00-aa42-4be5-928b-7a0bb9e31388,False,False,TM,1631615328.160524
0,could not receive ip address from ipfy,Error,/BuildNotice/0,MobileSDK,Xiaomi Redmi Note 8,OpenGLES2,1.0,1.11.0,False,Programmatic1,Programmatic,14.09.2021 10:27:31,6028e36ad1e80652e41054ca,6028e407a1ba2a0d3d760566,com.mytalkingcatemma.ballerinagames,1.0,ru,Android OS 9 / API-28 (PKQ1.190616.001/V11.0.12.0.PCOMIXM),0685dd00-aa42-4be5-928b-7a0bb9e31388,False,False,TM,1631615328.178489
0,An error occurred while sending the request,Error,/BuildNotice/0,MobileSDK,Xiaomi Redmi Note 8,OpenGLES2,1.0,1.11.0,False,Programmatic1,Programmatic,09/14/2021 10:30:53,6028e36ad1e80652e41054ca,609d69021c511f4b1d4df1c4,com.pregnantcatemma.virtualpet,1.0,iv,Android OS 9 / API-28 (PKQ1.190616.001/V11.0.12.0.PCOMIXM),555460bd-128c-48e0-8085-9eeffda85bf6,False,False,SN,1631615328.206167
0,could not receive ip address from ipfy,Error,/BuildNotice/0,MobileSDK,Xiaomi Redmi Note 8,OpenGLES2,1.0,1.11.0,False,Programmatic1,Programmatic,09/14/2021 10:30:53,6028e36ad1e80652e41054ca,609d69021c511f4b1d4df1c4,com.pregnantcatemma.virtualpet,1.0,iv,Android OS 9 / API-28 (PKQ1.190616.001/V11.0.12.0.PCOMIXM),555460bd-128c-48e0-8085-9eeffda85bf6,False,False,SN,1631615328.551123
0,An error occurred while sending the request,Error,/BuildNotice/0,MobileSDK,Xiaomi Redmi Note 8,OpenGLES2,1.0,1.11.0,False,Programmatic1,Programmatic,14.09.2021 10:27:31,6028e36ad1e80652e41054ca,6028e407a1ba2a0d3d760566,com.mytalkingcatemma.ballerinagames,1.0,ru,Android OS 9 / API-28 (PKQ1.190616.001/V11.0.12.0.PCOMIXM),0685dd00-aa42-4be5-928b-7a0bb9e31388,False,False,TM,1631615328.566448
0,could not receive ip address from ipfy,Error,/BuildNotice/0,MobileSDK,Xiaomi Redmi Note 8,OpenGLES2,1.0,1.11.0,False,Programmatic1,Programmatic,14.09.2021 10:27:31,6028e36ad1e80652e41054ca,6028e407a1ba2a0d3d760566,com.mytalkingcatemma.ballerinagames,1.0,ru,Android OS 9 / API-28 (PKQ1.190616.001/V11.0.12.0.PCOMIXM),0685dd00-aa42-4be5-928b-7a0bb9e31388,False,False,TM,1631615328.581424
0,could not receive ip address from ipfy,Error,/BuildNotice/0,MobileSDK,Xiaomi Redmi Note 8,OpenGLES2,1.0,1.11.0,False,Programmatic1,Programmatic,14.09.2021 10:28:48,6028e36ad1e80652e41054ca,6028e407a1ba2a0d3d760566,com.mytalkingcatemma.ballerinagames,1.0,ru,Android OS 9 / API-28 (PKQ1.190616.001/V11.0.2.0.PCOINXM),8df198ef-7fc7-4edd-aad3-9725d4d047d9,False,False,IN,1631615328.616126
0,An error occurred while sending the request,Error,/BuildNotice/0,MobileSDK,Xiaomi Redmi Note 8,OpenGLES2,1.0,1.11.0,False,Programmatic1,Programmatic,14.09.2021 10:28:48,6028e36ad1e80652e41054ca,6028e407a1ba2a0d3d760566,com.mytalkingcatemma.ballerinagames,1.0,ru,Android OS 9 / API-28 (PKQ1.190616.001/V11.0.2.0.PCOINXM),8df198ef-7fc7-4edd-aad3-9725d4d047d9,False,False,IN,1631615328.658983
0,An error occurred while sending the request,Error,/BuildNotice/0,MobileSDK,Xiaomi Redmi Note 8,OpenGLES2,1.0,1.11.0,False,Programmatic1,Programmatic,09/14/2021 10:30:53,6028e36ad1e80652e41054ca,609d69021c511f4b1d4df1c4,com.pregnantcatemma.virtualpet,1.0,iv,Android OS 9 / API-28 (PKQ1.190616.001/V11.0.12.0.PCOMIXM),555460bd-128c-48e0-8085-9eeffda85bf6,False,False,SN,1631615328.746876
0,An error occurred while sending the request,Error,/BuildNotice/0,MobileSDK,Xiaomi Redmi Note 8,OpenGLES2,1.0,1.11.0,False,Programmatic1,Programmatic,14.09.2021 10:27:31,6028e36ad1e80652e41054ca,6028e407a1ba2a0d3d760566,com.mytalkingcatemma.ballerinagames,1.0,ru,Android OS 9 / API-28 (PKQ1.190616.001/V11.0.12.0.PCOMIXM),0685dd00-aa42-4be5-928b-7a0bb9e31388,False,False,TM,1631615328.886975
0,could not receive ip address from ipfy,Error,/BuildNotice/0,MobileSDK,Xiaomi Redmi Note 8,OpenGLES2,1.0,1.11.0,False,Programmatic1,Programmatic,14.09.2021 10:27:31,6028e36ad1e80652e41054ca,6028e407a1ba2a0d3d760566,com.mytalkingcatemma.ballerinagames,1.0,ru,Android OS 9 / API-28 (PKQ1.190616.001/V11.0.12.0.PCOMIXM),0685dd00-aa42-4be5-928b-7a0bb9e31388,False,False,TM,1631615328.901794
0,could not receive ip address from ipfy,Error,/BuildNotice/0,MobileSDK,Xiaomi Redmi Note 8,OpenGLES2,1.0,1.11.0,False,Programmatic1,Programmatic,14.09.2021 10:28:48,6028e36ad1e80652e41054ca,6028e407a1ba2a0d3d760566,com.mytalkingcatemma.ballerinagames,1.0,ru,Android OS 9 / API-28 (PKQ1.190616.001/V11.0.2.0.PCOINXM),8df198ef-7fc7-4edd-aad3-9725d4d047d9,False,False,IN,1631615329.181932
0,An error occurred while sending the request,Error,/BuildNotice/0,MobileSDK,Xiaomi Redmi Note 8,OpenGLES2,1.0,1.11.0,False,Programmatic1,Programmatic,14.09.2021 10:28:48,6028e36ad1e80652e41054ca,6028e407a1ba2a0d3d760566,com.mytalkingcatemma.ballerinagames,1.0,ru,Android OS 9 / API-28 (PKQ1.190616.001/V11.0.2.0.PCOINXM),8df198ef-7fc7-4edd-aad3-9725d4d047d9,False,False,IN,1631615329.283024
0,An error occurred while sending the request,Error,/BuildNotice/0,MobileSDK,Xiaomi Redmi Note 8,OpenGLES2,1.0,1.11.0,False,Programmatic1,Programmatic,14.09.2021 10:27:31,6028e36ad1e80652e41054ca,6028e407a1ba2a0d3d760566,com.mytalkingcatemma.ballerinagames,1.0,ru,Android OS 9 / API-28 (PKQ1.190616.001/V11.0.12.0.PCOMIXM),0685dd00-aa42-4be5-928b-7a0bb9e31388,False,False,TM,1631615329.29855
0,could not receive ip address from ipfy,Error,/BuildNotice/0,MobileSDK,Xiaomi Redmi Note 8,OpenGLES2,1.0,1.11.0,False,Programmatic1,Programmatic,14.09.2021 10:27:32,6028e36ad1e80652e41054ca,6028e407a1ba2a0d3d760566,com.mytalkingcatemma.ballerinagames,1.0,ru,Android OS 9 / API-28 (PKQ1.190616.001/V11.0.12.0.PCOMIXM),0685dd00-aa42-4be5-928b-7a0bb9e31388,False,False,TM,1631615329.313984
0,An error occurred while sending the request,Error,/BuildNotice/0,MobileSDK,Xiaomi Redmi Note 8,OpenGLES2,1.0,1.11.0,False,Programmatic1,Programmatic,14.09.2021 10:27:32,6028e36ad1e80652e41054ca,6028e407a1ba2a0d3d760566,com.mytalkingcatemma.ballerinagames,1.0,ru,Android OS 9 / API-28 (PKQ1.190616.001/V11.0.12.0.PCOMIXM),0685dd00-aa42-4be5-928b-7a0bb9e31388,False,False,TM,1631615329.590593
0,could not receive ip address from ipfy,Error,/BuildNotice/0,MobileSDK,Xiaomi Redmi Note 8,OpenGLES2,1.0,1.11.0,False,Programmatic1,Programmatic,14.09.2021 10:27:32,6028e36ad1e80652e41054ca,6028e407a1ba2a0d3d760566,com.mytalkingcatemma.ballerinagames,1.0,ru,Android OS 9 / API-28 (PKQ1.190616.001/V11.0.12.0.PCOMIXM),0685dd00-aa42-4be5-928b-7a0bb9e31388,False,False,TM,1631615329.671725
0,could not receive ip address from ipfy,Error,/BuildNotice/0,MobileSDK,Xiaomi Redmi Note 8,OpenGLES2,1.0,1.11.0,False,Programmatic1,Programmatic,14.09.2021 10:28:49,6028e36ad1e80652e41054ca,6028e407a1ba2a0d3d760566,com.mytalkingcatemma.ballerinagames,1.0,ru,Android OS 9 / API-28 (PKQ1.190616.001/V11.0.2.0.PCOINXM),8df198ef-7fc7-4edd-aad3-9725d4d047d9,False,False,IN,1631615329.688823
0,An error occurred while sending the request,Error,/BuildNotice/0,MobileSDK,Xiaomi Redmi Note 8,OpenGLES2,1.0,1.11.0,False,Programmatic1,Programmatic,14.09.2021 10:28:49,6028e36ad1e80652e41054ca,6028e407a1ba2a0d3d760566,com.mytalkingcatemma.ballerinagames,1.0,ru,Android OS 9 / API-28 (PKQ1.190616.001/V11.0.2.0.PCOINXM),8df198ef-7fc7-4edd-aad3-9725d4d047d9,False,False,IN,1631615329.706405
0,could not receive ip address from ipfy,Error,/BuildNotice/0,MobileSDK,Xiaomi Redmi Note 8,OpenGLES2,1.0,1.11.0,False,Programmatic1,Programmatic,09/14/2021 10:30:54,6028e36ad1e80652e41054ca,609d69021c511f4b1d4df1c4,com.pregnantcatemma.virtualpet,1.0,iv,Android OS 9 / API-28 (PKQ1.190616.001/V11.0.12.0.PCOMIXM),555460bd-128c-48e0-8085-9eeffda85bf6,False,False,SN,1631615329.725565
0,An error occurred while sending the request,Error,/BuildNotice/0,MobileSDK,Xiaomi Redmi Note 8,OpenGLES2,1.0,1.11.0,False,Programmatic1,Programmatic,14.09.2021 10:27:32,6028e36ad1e80652e41054ca,6028e407a1ba2a0d3d760566,com.mytalkingcatemma.ballerinagames,1.0,ru,Android OS 9 / API-28 (PKQ1.190616.001/V11.0.12.0.PCOMIXM),0685dd00-aa42-4be5-928b-7a0bb9e31388,False,False,TM,1631615329.861919
0,could not receive ip address from ipfy,Error,/BuildNotice/0,MobileSDK,Xiaomi Redmi Note 8,OpenGLES2,1.0,1.11.0,False,Programmatic1,Programmatic,14.09.2021 10:27:32,6028e36ad1e80652e41054ca,6028e407a1ba2a0d3d760566,com.mytalkingcatemma.ballerinagames,1.0,ru,Android OS 9 / API-28 (PKQ1.190616.001/V11.0.12.0.PCOMIXM),0685dd00-aa42-4be5-928b-7a0bb9e31388,False,False,TM,1631615329.965176
0,An error occurred while sending the request,Error,/BuildNotice/0,MobileSDK,Xiaomi Redmi Note 8,OpenGLES2,1.0,1.11.0,False,Programmatic1,Programmatic,14.09.2021 10:27:32,6028e36ad1e80652e41054ca,6028e407a1ba2a0d3d760566,com.mytalkingcatemma.ballerinagames,1.0,ru,Android OS 9 / API-28 (PKQ1.190616.001/V11.0.12.0.PCOMIXM),0685dd00-aa42-4be5-928b-7a0bb9e31388,False,False,TM,1631615330.130449
0,could not receive ip address from ipfy,Error,/BuildNotice/0,MobileSDK,Xiaomi Redmi Note 8,OpenGLES2,1.0,1.11.0,False,Programmatic1,Programmatic,14.09.2021 10:28:49,6028e36ad1e80652e41054ca,6028e407a1ba2a0d3d760566,com.mytalkingcatemma.ballerinagames,1.0,ru,Android OS 9 / API-28 (PKQ1.190616.001/V11.0.2.0.PCOINXM),8df198ef-7fc7-4edd-aad3-9725d4d047d9,False,False,IN,1631615330.15058
0,An error occurred while sending the request,Error,/BuildNotice/0,MobileSDK,Xiaomi Redmi Note 8,OpenGLES2,1.0,1.11.0,False,Programmatic1,Programmatic,14.09.2021 10:28:49,6028e36ad1e80652e41054ca,6028e407a1ba2a0d3d760566,com.mytalkingcatemma.ballerinagames,1.0,ru,Android OS 9 / API-28 (PKQ1.190616.001/V11.0.2.0.PCOINXM),8df198ef-7fc7-4edd-aad3-9725d4d047d9,False,False,IN,1631615330.165058
0,could not receive ip address from ipfy,Error,/BuildNotice/0,MobileSDK,Xiaomi Redmi Note 8,OpenGLES2,1.0,1.11.0,False,Programmatic1,Programmatic,14.09.2021 10:27:32,6028e36ad1e80652e41054ca,6028e407a1ba2a0d3d760566,com.mytalkingcatemma.ballerinagames,1.0,ru,Android OS 9 / API-28 (PKQ1.190616.001/V11.0.12.0.PCOMIXM),0685dd00-aa42-4be5-928b-7a0bb9e31388,False,False,TM,1631615330.24393
0,An error occurred while sending the request,Error,/BuildNotice/0,MobileSDK,Xiaomi Redmi Note 8,OpenGLES2,1.0,1.11.0,False,Programmatic1,Programmatic,14.09.2021 10:27:32,6028e36ad1e80652e41054ca,6028e407a1ba2a0d3d760566,com.mytalkingcatemma.ballerinagames,1.0,ru,Android OS 9 / API-28 (PKQ1.190616.001/V11.0.12.0.PCOMIXM),0685dd00-aa42-4be5-928b-7a0bb9e31388,False,False,TM,1631615330.409117
0,could not receive ip address from ipfy,Error,/BuildNotice/0,MobileSDK,Xiaomi Redmi Note 8,OpenGLES2,1.0,1.11.0,False,Programmatic1,Programmatic,14.09.2021 10:27:33,6028e36ad1e80652e41054ca,6028e407a1ba2a0d3d760566,com.mytalkingcatemma.ballerinagames,1.0,ru,Android OS 9 / API-28 (PKQ1.190616.001/V11.0.12.0.PCOMIXM),0685dd00-aa42-4be5-928b-7a0bb9e31388,False,False,TM,1631615330.517342
0,An error occurred while sending the request,Error,/BuildNotice/0,MobileSDK,Xiaomi Redmi Note 8,OpenGLES2,1.0,1.11.0,False,Programmatic1,Programmatic,14.09.2021 10:27:33,6028e36ad1e80652e41054ca,6028e407a1ba2a0d3d760566,com.mytalkingcatemma.ballerinagames,1.0,ru,Android OS 9 / API-28 (PKQ1.190616.001/V11.0.12.0.PCOMIXM),0685dd00-aa42-4be5-928b-7a0bb9e31388,False,False,TM,1631615330.679526
0,could not receive ip address from ipfy,Error,/BuildNotice/0,MobileSDK,Xiaomi Redmi Note 8,OpenGLES2,1.0,1.11.0,False,Programmatic1,Programmatic,14.09.2021 10:27:33,6028e36ad1e80652e41054ca,6028e407a1ba2a0d3d760566,com.mytalkingcatemma.ballerinagames,1.0,ru,Android OS 9 / API-28 (PKQ1.190616.001/V11.0.12.0.PCOMIXM),0685dd00-aa42-4be5-928b-7a0bb9e31388,False,False,TM,1631615330.796029
0,An error occurred while sending the request,Error,/BuildNotice/0,MobileSDK,Xiaomi Redmi Note 8,OpenGLES2,1.0,1.11.0,False,Programmatic1,Programmatic,14.09.2021 10:27:33,6028e36ad1e80652e41054ca,6028e407a1ba2a0d3d760566,com.mytalkingcatemma.ballerinagames,1.0,ru,Android OS 9 / API-28 (PKQ1.190616.001/V11.0.12.0.PCOMIXM),0685dd00-aa42-4be5-928b-7a0bb9e31388,False,False,TM,1631615330.949092
0,An error occurred while sending the request,Error,/BuildNotice/0,MobileSDK,Xiaomi Redmi Note 8,OpenGLES2,1.0,1.11.0,False,Programmatic1,Programmatic,09/14/2021 10:30:54,6028e36ad1e80652e41054ca,609d69021c511f4b1d4df1c4,com.pregnantcatemma.virtualpet,1.0,iv,Android OS 9 / API-28 (PKQ1.190616.001/V11.0.12.0.PCOMIXM),555460bd-128c-48e0-8085-9eeffda85bf6,False,False,SN,1631615330.967442
0,could not receive ip address from ipfy,Error,/BuildNotice/0,MobileSDK,Xiaomi Redmi Note 8,OpenGLES2,1.0,1.11.0,False,Programmatic1,Programmatic,09/14/2021 10:30:55,6028e36ad1e80652e41054ca,609d69021c511f4b1d4df1c4,com.pregnantcatemma.virtualpet,1.0,iv,Android OS 9 / API-28 (PKQ1.190616.001/V11.0.12.0.PCOMIXM),555460bd-128c-48e0-8085-9eeffda85bf6,False,False,SN,1631615330.983717
0,could not receive ip address from ipfy,Error,/BuildNotice/0,MobileSDK,Xiaomi Redmi Note 8,OpenGLES2,1.0,1.11.0,False,Programmatic1,Programmatic,14.09.2021 10:28:50,6028e36ad1e80652e41054ca,6028e407a1ba2a0d3d760566,com.mytalkingcatemma.ballerinagames,1.0,ru,Android OS 9 / API-28 (PKQ1.190616.001/V11.0.2.0.PCOINXM),8df198ef-7fc7-4edd-aad3-9725d4d047d9,False,False,IN,1631615331.021787
0,An error occurred while sending the request,Error,/BuildNotice/0,MobileSDK,Xiaomi Redmi Note 8,OpenGLES2,1.0,1.11.0,False,Programmatic1,Programmatic,14.09.2021 10:28:50,6028e36ad1e80652e41054ca,6028e407a1ba2a0d3d760566,com.mytalkingcatemma.ballerinagames,1.0,ru,Android OS 9 / API-28 (PKQ1.190616.001/V11.0.2.0.PCOINXM),8df198ef-7fc7-4edd-aad3-9725d4d047d9,False,False,IN,1631615331.041588
0,could not receive ip address from ipfy,Error,/BuildNotice/0,MobileSDK,Xiaomi Redmi Note 8,OpenGLES2,1.0,1.11.0,False,Programmatic1,Programmatic,14.09.2021 10:27:33,6028e36ad1e80652e41054ca,6028e407a1ba2a0d3d760566,com.mytalkingcatemma.ballerinagames,1.0,ru,Android OS 9 / API-28 (PKQ1.190616.001/V11.0.12.0.PCOMIXM),0685dd00-aa42-4be5-928b-7a0bb9e31388,False,False,TM,1631615331.082416
0,An error occurred while sending the request,Error,/BuildNotice/0,MobileSDK,Xiaomi Redmi Note 8,OpenGLES2,1.0,1.11.0,False,Programmatic1,Programmatic,14.09.2021 10:27:33,6028e36ad1e80652e41054ca,6028e407a1ba2a0d3d760566,com.mytalkingcatemma.ballerinagames,1.0,ru,Android OS 9 / API-28 (PKQ1.190616.001/V11.0.12.0.PCOMIXM),0685dd00-aa42-4be5-928b-7a0bb9e31388,False,False,TM,1631615331.222554
0,An error occurred while sending the request,Error,/BuildNotice/0,MobileSDK,Xiaomi Redmi Note 8,OpenGLES2,1.0,1.11.0,False,Programmatic1,Programmatic,09/14/2021 10:30:55,6028e36ad1e80652e41054ca,609d69021c511f4b1d4df1c4,com.pregnantcatemma.virtualpet,1.0,iv,Android OS 9 / API-28 (PKQ1.190616.001/V11.0.12.0.PCOMIXM),555460bd-128c-48e0-8085-9eeffda85bf6,False,False,SN,1631615331.366217
0,could not receive ip address from ipfy,Error,/BuildNotice/0,MobileSDK,Xiaomi Redmi Note 8,OpenGLES2,1.0,1.11.0,False,Programmatic1,Programmatic,14.09.2021 10:27:33,6028e36ad1e80652e41054ca,6028e407a1ba2a0d3d760566,com.mytalkingcatemma.ballerinagames,1.0,ru,Android OS 9 / API-28 (PKQ1.190616.001/V11.0.12.0.PCOMIXM),0685dd00-aa42-4be5-928b-7a0bb9e31388,False,False,TM,1631615331.385075
0,could not receive ip address from ipfy,Error,/BuildNotice/0,MobileSDK,Xiaomi Redmi Note 8,OpenGLES2,1.0,1.11.0,False,Programmatic1,Programmatic,09/14/2021 10:30:55,6028e36ad1e80652e41054ca,609d69021c511f4b1d4df1c4,com.pregnantcatemma.virtualpet,1.0,iv,Android OS 9 / API-28 (PKQ1.190616.001/V11.0.12.0.PCOMIXM),555460bd-128c-48e0-8085-9eeffda85bf6,False,False,SN,1631615331.435298
0,An error occurred while sending the request,Error,/BuildNotice/0,MobileSDK,Xiaomi Redmi Note 8,OpenGLES2,1.0,1.11.0,False,Programmatic1,Programmatic,14.09.2021 10:27:34,6028e36ad1e80652e41054ca,6028e407a1ba2a0d3d760566,com.mytalkingcatemma.ballerinagames,1.0,ru,Android OS 9 / API-28 (PKQ1.190616.001/V11.0.12.0.PCOMIXM),0685dd00-aa42-4be5-928b-7a0bb9e31388,False,False,TM,1631615331.495173
0,could not receive ip address from ipfy,Error,/BuildNotice/0,MobileSDK,Xiaomi Redmi Note 8,OpenGLES2,1.0,1.11.0,False,Programmatic1,Programmatic,14.09.2021 10:27:34,6028e36ad1e80652e41054ca,6028e407a1ba2a0d3d760566,com.mytalkingcatemma.ballerinagames,1.0,ru,Android OS 9 / API-28 (PKQ1.190616.001/V11.0.12.0.PCOMIXM),0685dd00-aa42-4be5-928b-7a0bb9e31388,False,False,TM,1631615331.664685
0,could not receive ip address from ipfy,Error,/BuildNotice/0,MobileSDK,Xiaomi Redmi Note 8,OpenGLES2,1.0,1.11.0,False,Programmatic1,Programmatic,14.09.2021 10:28:51,6028e36ad1e80652e41054ca,6028e407a1ba2a0d3d760566,com.mytalkingcatemma.ballerinagames,1.0,ru,Android OS 9 / API-28 (PKQ1.190616.001/V11.0.2.0.PCOINXM),8df198ef-7fc7-4edd-aad3-9725d4d047d9,False,False,IN,1631615331.745001
0,An error occurred while sending the request,Error,/BuildNotice/0,MobileSDK,Xiaomi Redmi Note 8,OpenGLES2,1.0,1.11.0,False,Programmatic1,Programmatic,14.09.2021 10:27:34,6028e36ad1e80652e41054ca,6028e407a1ba2a0d3d760566,com.mytalkingcatemma.ballerinagames,1.0,ru,Android OS 9 / API-28 (PKQ1.190616.001/V11.0.12.0.PCOMIXM),0685dd00-aa42-4be5-928b-7a0bb9e31388,False,False,TM,1631615331.764573
0,An error occurred while sending the request,Error,/BuildNotice/0,MobileSDK,Xiaomi Redmi Note 8,OpenGLES2,1.0,1.11.0,False,Programmatic1,Programmatic,14.09.2021 10:28:51,6028e36ad1e80652e41054ca,6028e407a1ba2a0d3d760566,com.mytalkingcatemma.ballerinagames,1.0,ru,Android OS 9 / API-28 (PKQ1.190616.001/V11.0.2.0.PCOINXM),8df198ef-7fc7-4edd-aad3-9725d4d047d9,False,False,IN,1631615331.77902
0,An error occurred while sending the request,Error,/BuildNotice/0,MobileSDK,Xiaomi Redmi Note 8,OpenGLES2,1.0,1.11.0,False,Programmatic1,Programmatic,09/14/2021 10:30:55,6028e36ad1e80652e41054ca,609d69021c511f4b1d4df1c4,com.pregnantcatemma.virtualpet,1.0,iv,Android OS 9 / API-28 (PKQ1.190616.001/V11.0.12.0.PCOMIXM),555460bd-128c-48e0-8085-9eeffda85bf6,False,False,SN,1631615331.793828
0,could not receive ip address from ipfy,Error,/BuildNotice/0,MobileSDK,Xiaomi Redmi Note 8,OpenGLES2,1.0,1.11.0,False,Programmatic1,Programmatic,09/14/2021 10:30:55,6028e36ad1e80652e41054ca,609d69021c511f4b1d4df1c4,com.pregnantcatemma.virtualpet,1.0,iv,Android OS 9 / API-28 (PKQ1.190616.001/V11.0.12.0.PCOMIXM),555460bd-128c-48e0-8085-9eeffda85bf6,False,False,SN,1631615331.865258
0,could not receive ip address from ipfy,Error,/BuildNotice/0,MobileSDK,Xiaomi Redmi Note 8,OpenGLES2,1.0,1.11.0,False,Programmatic1,Programmatic,14.09.2021 10:27:34,6028e36ad1e80652e41054ca,6028e407a1ba2a0d3d760566,com.mytalkingcatemma.ballerinagames,1.0,ru,Android OS 9 / API-28 (PKQ1.190616.001/V11.0.12.0.PCOMIXM),0685dd00-aa42-4be5-928b-7a0bb9e31388,False,False,TM,1631615331.940438
0,An error occurred while sending the request,Error,/BuildNotice/0,MobileSDK,Xiaomi Redmi Note 8,OpenGLES2,1.0,1.11.0,False,Programmatic1,Programmatic,14.09.2021 10:27:34,6028e36ad1e80652e41054ca,6028e407a1ba2a0d3d760566,com.mytalkingcatemma.ballerinagames,1.0,ru,Android OS 9 / API-28 (PKQ1.190616.001/V11.0.12.0.PCOMIXM),0685dd00-aa42-4be5-928b-7a0bb9e31388,False,False,TM,1631615332.033308
0,An error occurred while sending the request,Error,/BuildNotice/0,MobileSDK,Xiaomi Redmi Note 8,OpenGLES2,1.0,1.11.0,False,Programmatic1,Programmatic,09/14/2021 10:30:55,6028e36ad1e80652e41054ca,609d69021c511f4b1d4df1c4,com.pregnantcatemma.virtualpet,1.0,iv,Android OS 9 / API-28 (PKQ1.190616.001/V11.0.12.0.PCOMIXM),555460bd-128c-48e0-8085-9eeffda85bf6,False,False,SN,1631615332.186983
0,could not receive ip address from ipfy,Error,/BuildNotice/0,MobileSDK,Xiaomi Redmi Note 8,OpenGLES2,1.0,1.11.0,False,Programmatic1,Programmatic,14.09.2021 10:27:34,6028e36ad1e80652e41054ca,6028e407a1ba2a0d3d760566,com.mytalkingcatemma.ballerinagames,1.0,ru,Android OS 9 / API-28 (PKQ1.190616.001/V11.0.12.0.PCOMIXM),0685dd00-aa42-4be5-928b-7a0bb9e31388,False,False,TM,1631615332.228084
0,could not receive ip address from ipfy,Error,/BuildNotice/0,MobileSDK,Xiaomi Redmi Note 8,OpenGLES2,1.0,1.11.0,False,Programmatic1,Programmatic,09/14/2021 10:30:56,6028e36ad1e80652e41054ca,609d69021c511f4b1d4df1c4,com.pregnantcatemma.virtualpet,1.0,iv,Android OS 9 / API-28 (PKQ1.190616.001/V11.0.12.0.PCOMIXM),555460bd-128c-48e0-8085-9eeffda85bf6,False,False,SN,1631615332.293244
0,An error occurred while sending the request,Error,/BuildNotice/0,MobileSDK,Xiaomi Redmi Note 8,OpenGLES2,1.0,1.11.0,False,Programmatic1,Programmatic,14.09.2021 10:27:34,6028e36ad1e80652e41054ca,6028e407a1ba2a0d3d760566,com.mytalkingcatemma.ballerinagames,1.0,ru,Android OS 9 / API-28 (PKQ1.190616.001/V11.0.12.0.PCOMIXM),0685dd00-aa42-4be5-928b-7a0bb9e31388,False,False,TM,1631615332.307107
0,could not receive ip address from ipfy,Error,/BuildNotice/0,MobileSDK,Xiaomi Redmi Note 8,OpenGLES2,1.0,1.11.0,False,Programmatic1,Programmatic,14.09.2021 10:27:35,6028e36ad1e80652e41054ca,6028e407a1ba2a0d3d760566,com.mytalkingcatemma.ballerinagames,1.0,ru,Android OS 9 / API-28 (PKQ1.190616.001/V11.0.12.0.PCOMIXM),0685dd00-aa42-4be5-928b-7a0bb9e31388,False,False,TM,1631615332.50497
0,An error occurred while sending the request,Error,/BuildNotice/0,MobileSDK,Xiaomi Redmi Note 8,OpenGLES2,1.0,1.11.0,False,Programmatic1,Programmatic,14.09.2021 10:27:35,6028e36ad1e80652e41054ca,6028e407a1ba2a0d3d760566,com.mytalkingcatemma.ballerinagames,1.0,ru,Android OS 9 / API-28 (PKQ1.190616.001/V11.0.12.0.PCOMIXM),0685dd00-aa42-4be5-928b-7a0bb9e31388,False,False,TM,1631615332.580349
0,An error occurred while sending the request,Error,/BuildNotice/0,MobileSDK,Xiaomi Redmi Note 8,OpenGLES2,1.0,1.11.0,False,Programmatic1,Programmatic,09/14/2021 10:30:56,6028e36ad1e80652e41054ca,609d69021c511f4b1d4df1c4,com.pregnantcatemma.virtualpet,1.0,iv,Android OS 9 / API-28 (PKQ1.190616.001/V11.0.12.0.PCOMIXM),555460bd-128c-48e0-8085-9eeffda85bf6,False,False,SN,1631615337.90796
0,could not receive ip address from ipfy,Error,/BuildNotice/0,MobileSDK,Xiaomi Redmi Note 8,OpenGLES2,1.0,1.11.0,False,Programmatic1,Programmatic,14.09.2021 10:27:35,6028e36ad1e80652e41054ca,6028e407a1ba2a0d3d760566,com.mytalkingcatemma.ballerinagames,1.0,ru,Android OS 9 / API-28 (PKQ1.190616.001/V11.0.12.0.PCOMIXM),0685dd00-aa42-4be5-928b-7a0bb9e31388,False,False,TM,1631615337.924499
0,An error occurred while sending the request,Error,/BuildNotice/0,MobileSDK,Xiaomi Redmi Note 8,OpenGLES2,1.0,1.11.0,False,Programmatic1,Programmatic,14.09.2021 10:27:35,6028e36ad1e80652e41054ca,6028e407a1ba2a0d3d760566,com.mytalkingcatemma.ballerinagames,1.0,ru,Android OS 9 / API-28 (PKQ1.190616.001/V11.0.12.0.PCOMIXM),0685dd00-aa42-4be5-928b-7a0bb9e31388,False,False,TM,1631615337.940076
0,could not receive ip address from ipfy,Error,/BuildNotice/0,MobileSDK,Xiaomi Redmi Note 8,OpenGLES2,1.0,1.11.0,False,Programmatic1,Programmatic,09/14/2021 10:30:58,6028e36ad1e80652e41054ca,609d69021c511f4b1d4df1c4,com.pregnantcatemma.virtualpet,1.0,iv,Android OS 9 / API-28 (PKQ1.190616.001/V11.0.12.0.PCOMIXM),555460bd-128c-48e0-8085-9eeffda85bf6,False,False,SN,1631615337.982568
0,could not receive ip address from ipfy,Error,/BuildNotice/0,MobileSDK,Xiaomi Redmi Note 8,OpenGLES2,1.0,1.11.0,False,Programmatic1,Programmatic,14.09.2021 10:28:53,6028e36ad1e80652e41054ca,6028e407a1ba2a0d3d760566,com.mytalkingcatemma.ballerinagames,1.0,ru,Android OS 9 / API-28 (PKQ1.190616.001/V11.0.2.0.PCOINXM),8df198ef-7fc7-4edd-aad3-9725d4d047d9,False,False,IN,1631615337.997502
0,An error occurred while sending the request,Error,/BuildNotice/0,MobileSDK,Xiaomi Redmi Note 8,OpenGLES2,1.0,1.11.0,False,Programmatic1,Programmatic,14.09.2021 10:28:53,6028e36ad1e80652e41054ca,6028e407a1ba2a0d3d760566,com.mytalkingcatemma.ballerinagames,1.0,ru,Android OS 9 / API-28 (PKQ1.190616.001/V11.0.2.0.PCOINXM),8df198ef-7fc7-4edd-aad3-9725d4d047d9,False,False,IN,1631615338.080227
0,could not receive ip address from ipfy,Error,/BuildNotice/0,MobileSDK,samsung SM-A115F,OpenGLES2,1.0,1.11.0,False,Programmatic1,Programmatic,09/14/2021 10:28:54,6028e36ad1e80652e41054ca,609d69021c511f4b1d4df1c4,com.pregnantcatemma.virtualpet,1.0,iv,Android OS 11 / API-30 (RP1A.200720.012/A115FXXU2BUE1),8e5d7a06-5761-46be-8e10-f0bf3ebb0dd5,False,False,IN,1631615338.682462
0,An error occurred while sending the request,Error,/BuildNotice/0,MobileSDK,samsung SM-A115F,OpenGLES2,1.0,1.11.0,False,Programmatic1,Programmatic,09/14/2021 10:28:54,6028e36ad1e80652e41054ca,609d69021c511f4b1d4df1c4,com.pregnantcatemma.virtualpet,1.0,iv,Android OS 11 / API-30 (RP1A.200720.012/A115FXXU2BUE1),8e5d7a06-5761-46be-8e10-f0bf3ebb0dd5,False,False,IN,1631615338.697157
0,could not receive ip address from ipfy,Error,/BuildNotice/0,MobileSDK,Xiaomi Redmi Note 8,OpenGLES2,1.0,1.11.0,False,Programmatic1,Programmatic,14.09.2021 10:27:35,6028e36ad1e80652e41054ca,6028e407a1ba2a0d3d760566,com.mytalkingcatemma.ballerinagames,1.0,ru,Android OS 9 / API-28 (PKQ1.190616.001/V11.0.12.0.PCOMIXM),0685dd00-aa42-4be5-928b-7a0bb9e31388,False,False,TM,1631615338.882881
0,An error occurred while sending the request,Error,/BuildNotice/0,MobileSDK,Xiaomi Redmi Note 8,OpenGLES2,1.0,1.11.0,False,Programmatic1,Programmatic,14.09.2021 10:27:35,6028e36ad1e80652e41054ca,6028e407a1ba2a0d3d760566,com.mytalkingcatemma.ballerinagames,1.0,ru,Android OS 9 / API-28 (PKQ1.190616.001/V11.0.12.0.PCOMIXM),0685dd00-aa42-4be5-928b-7a0bb9e31388,False,False,TM,1631615338.899242
0,could not receive ip address from ipfy,Error,/BuildNotice/0,MobileSDK,Xiaomi Redmi Note 8,OpenGLES2,1.0,1.11.0,False,Programmatic1,Programmatic,14.09.2021 10:28:54,6028e36ad1e80652e41054ca,6028e407a1ba2a0d3d760566,com.mytalkingcatemma.ballerinagames,1.0,ru,Android OS 9 / API-28 (PKQ1.190616.001/V11.0.2.0.PCOINXM),8df198ef-7fc7-4edd-aad3-9725d4d047d9,False,False,IN,1631615338.980593
0,An error occurred while sending the request,Error,/BuildNotice/0,MobileSDK,Xiaomi Redmi Note 8,OpenGLES2,1.0,1.11.0,False,Programmatic1,Programmatic,09/14/2021 10:30:58,6028e36ad1e80652e41054ca,609d69021c511f4b1d4df1c4,com.pregnantcatemma.virtualpet,1.0,iv,Android OS 9 / API-28 (PKQ1.190616.001/V11.0.12.0.PCOMIXM),555460bd-128c-48e0-8085-9eeffda85bf6,False,False,SN,1631615338.998764
0,An error occurred while sending the request,Error,/BuildNotice/0,MobileSDK,Xiaomi Redmi Note 8,OpenGLES2,1.0,1.11.0,False,Programmatic1,Programmatic,14.09.2021 10:28:54,6028e36ad1e80652e41054ca,6028e407a1ba2a0d3d760566,com.mytalkingcatemma.ballerinagames,1.0,ru,Android OS 9 / API-28 (PKQ1.190616.001/V11.0.2.0.PCOINXM),8df198ef-7fc7-4edd-aad3-9725d4d047d9,False,False,IN,1631615339.015719
0,could not receive ip address from ipfy,Error,/BuildNotice/0,MobileSDK,Xiaomi Redmi Note 8,OpenGLES2,1.0,1.11.0,False,Programmatic1,Programmatic,09/14/2021 10:30:58,6028e36ad1e80652e41054ca,609d69021c511f4b1d4df1c4,com.pregnantcatemma.virtualpet,1.0,iv,Android OS 9 / API-28 (PKQ1.190616.001/V11.0.12.0.PCOMIXM),555460bd-128c-48e0-8085-9eeffda85bf6,False,False,SN,1631615339.095502
0,could not receive ip address from ipfy,Error,/BuildNotice/0,MobileSDK,samsung SM-A115F,OpenGLES2,1.0,1.11.0,False,Programmatic1,Programmatic,09/14/2021 10:28:56,6028e36ad1e80652e41054ca,609d69021c511f4b1d4df1c4,com.pregnantcatemma.virtualpet,1.0,iv,Android OS 11 / API-30 (RP1A.200720.012/A115FXXU2BUE1),8e5d7a06-5761-46be-8e10-f0bf3ebb0dd5,False,False,IN,1631615339.111849
0,An error occurred while sending the request,Error,/BuildNotice/0,MobileSDK,samsung SM-A115F,OpenGLES2,1.0,1.11.0,False,Programmatic1,Programmatic,09/14/2021 10:28:56,6028e36ad1e80652e41054ca,609d69021c511f4b1d4df1c4,com.pregnantcatemma.virtualpet,1.0,iv,Android OS 11 / API-30 (RP1A.200720.012/A115FXXU2BUE1),8e5d7a06-5761-46be-8e10-f0bf3ebb0dd5,False,False,IN,1631615339.195873
0,could not receive ip address from ipfy,Error,/BuildNotice/0,MobileSDK,Xiaomi Redmi Note 8,OpenGLES2,1.0,1.11.0,False,Programmatic1,Programmatic,14.09.2021 10:27:35,6028e36ad1e80652e41054ca,6028e407a1ba2a0d3d760566,com.mytalkingcatemma.ballerinagames,1.0,ru,Android OS 9 / API-28 (PKQ1.190616.001/V11.0.12.0.PCOMIXM),0685dd00-aa42-4be5-928b-7a0bb9e31388,False,False,TM,1631615339.218039
0,An error occurred while sending the request,Error,/BuildNotice/0,MobileSDK,Xiaomi Redmi Note 8,OpenGLES2,1.0,1.11.0,False,Programmatic1,Programmatic,14.09.2021 10:27:35,6028e36ad1e80652e41054ca,6028e407a1ba2a0d3d760566,com.mytalkingcatemma.ballerinagames,1.0,ru,Android OS 9 / API-28 (PKQ1.190616.001/V11.0.12.0.PCOMIXM),0685dd00-aa42-4be5-928b-7a0bb9e31388,False,False,TM,1631615339.282727
0,could not receive ip address from ipfy,Error,/BuildNotice/0,MobileSDK,Xiaomi Redmi Note 8,OpenGLES2,1.0,1.11.0,False,Programmatic1,Programmatic,14.09.2021 10:28:55,6028e36ad1e80652e41054ca,6028e407a1ba2a0d3d760566,com.mytalkingcatemma.ballerinagames,1.0,ru,Android OS 9 / API-28 (PKQ1.190616.001/V11.0.2.0.PCOINXM),8df198ef-7fc7-4edd-aad3-9725d4d047d9,False,False,IN,1631615339.335907
0,An error occurred while sending the request,Error,/BuildNotice/0,MobileSDK,Xiaomi Redmi Note 8,OpenGLES2,1.0,1.11.0,False,Programmatic1,Programmatic,14.09.2021 10:28:55,6028e36ad1e80652e41054ca,6028e407a1ba2a0d3d760566,com.mytalkingcatemma.ballerinagames,1.0,ru,Android OS 9 / API-28 (PKQ1.190616.001/V11.0.2.0.PCOINXM),8df198ef-7fc7-4edd-aad3-9725d4d047d9,False,False,IN,1631615339.392351
0,could not receive ip address from ipfy,Error,/BuildNotice/0,MobileSDK,Xiaomi Redmi Note 8,OpenGLES2,1.0,1.11.0,False,Programmatic1,Programmatic,14.09.2021 10:27:36,6028e36ad1e80652e41054ca,6028e407a1ba2a0d3d760566,com.mytalkingcatemma.ballerinagames,1.0,ru,Android OS 9 / API-28 (PKQ1.190616.001/V11.0.12.0.PCOMIXM),0685dd00-aa42-4be5-928b-7a0bb9e31388,False,False,TM,1631615339.545318
0,An error occurred while sending the request,Error,/BuildNotice/0,MobileSDK,Xiaomi Redmi Note 8,OpenGLES2,1.0,1.11.0,False,Programmatic1,Programmatic,14.09.2021 10:27:36,6028e36ad1e80652e41054ca,6028e407a1ba2a0d3d760566,com.mytalkingcatemma.ballerinagames,1.0,ru,Android OS 9 / API-28 (PKQ1.190616.001/V11.0.12.0.PCOMIXM),0685dd00-aa42-4be5-928b-7a0bb9e31388,False,False,TM,1631615339.589284
0,could not receive ip address from ipfy,Error,/BuildNotice/0,MobileSDK,Xiaomi Redmi Note 8,OpenGLES2,1.0,1.11.0,False,Programmatic1,Programmatic,09/14/2021 10:30:59,6028e36ad1e80652e41054ca,609d69021c511f4b1d4df1c4,com.pregnantcatemma.virtualpet,1.0,iv,Android OS 9 / API-28 (PKQ1.190616.001/V11.0.12.0.PCOMIXM),555460bd-128c-48e0-8085-9eeffda85bf6,False,False,SN,1631615339.620254
0,An error occurred while sending the request,Error,/BuildNotice/0,MobileSDK,Xiaomi Redmi Note 8,OpenGLES2,1.0,1.11.0,False,Programmatic1,Programmatic,09/14/2021 10:30:58,6028e36ad1e80652e41054ca,609d69021c511f4b1d4df1c4,com.pregnantcatemma.virtualpet,1.0,iv,Android OS 9 / API-28 (PKQ1.190616.001/V11.0.12.0.PCOMIXM),555460bd-128c-48e0-8085-9eeffda85bf6,False,False,SN,1631615339.636942
0,could not receive ip address from ipfy,Error,/BuildNotice/0,MobileSDK,Xiaomi Redmi Note 8,OpenGLES2,1.0,1.11.0,False,Programmatic1,Programmatic,14.09.2021 10:27:36,6028e36ad1e80652e41054ca,6028e407a1ba2a0d3d760566,com.mytalkingcatemma.ballerinagames,1.0,ru,Android OS 9 / API-28 (PKQ1.190616.001/V11.0.12.0.PCOMIXM),0685dd00-aa42-4be5-928b-7a0bb9e31388,False,False,TM,1631615339.852134
0,An error occurred while sending the request,Error,/BuildNotice/0,MobileSDK,Xiaomi Redmi Note 8,OpenGLES2,1.0,1.11.0,False,Programmatic1,Programmatic,14.09.2021 10:27:36,6028e36ad1e80652e41054ca,6028e407a1ba2a0d3d760566,com.mytalkingcatemma.ballerinagames,1.0,ru,Android OS 9 / API-28 (PKQ1.190616.001/V11.0.12.0.PCOMIXM),0685dd00-aa42-4be5-928b-7a0bb9e31388,False,False,TM,1631615339.867266
0,An error occurred while sending the request,Error,/BuildNotice/0,MobileSDK,Xiaomi Redmi Note 8,OpenGLES2,1.0,1.11.0,False,Programmatic1,Programmatic,09/14/2021 10:30:59,6028e36ad1e80652e41054ca,609d69021c511f4b1d4df1c4,com.pregnantcatemma.virtualpet,1.0,iv,Android OS 9 / API-28 (PKQ1.190616.001/V11.0.12.0.PCOMIXM),555460bd-128c-48e0-8085-9eeffda85bf6,False,False,SN,1631615340.031978
0,could not receive ip address from ipfy,Error,/BuildNotice/0,MobileSDK,Xiaomi Redmi Note 8,OpenGLES2,1.0,1.11.0,False,Programmatic1,Programmatic,14.09.2021 10:27:36,6028e36ad1e80652e41054ca,6028e407a1ba2a0d3d760566,com.mytalkingcatemma.ballerinagames,1.0,ru,Android OS 9 / API-28 (PKQ1.190616.001/V11.0.12.0.PCOMIXM),0685dd00-aa42-4be5-928b-7a0bb9e31388,False,False,TM,1631615340.12755
0,An error occurred while sending the request,Error,/BuildNotice/0,MobileSDK,Xiaomi Redmi Note 8,OpenGLES2,1.0,1.11.0,False,Programmatic1,Programmatic,14.09.2021 10:27:36,6028e36ad1e80652e41054ca,6028e407a1ba2a0d3d760566,com.mytalkingcatemma.ballerinagames,1.0,ru,Android OS 9 / API-28 (PKQ1.190616.001/V11.0.12.0.PCOMIXM),0685dd00-aa42-4be5-928b-7a0bb9e31388,False,False,TM,1631615340.14317
0,could not receive ip address from ipfy,Error,/BuildNotice/0,MobileSDK,Xiaomi Redmi Note 8,OpenGLES2,1.0,1.11.0,False,Programmatic1,Programmatic,14.09.2021 10:28:56,6028e36ad1e80652e41054ca,6028e407a1ba2a0d3d760566,com.mytalkingcatemma.ballerinagames,1.0,ru,Android OS 9 / API-28 (PKQ1.190616.001/V11.0.2.0.PCOINXM),8df198ef-7fc7-4edd-aad3-9725d4d047d9,False,False,IN,1631615340.349743
0,could not receive ip address from ipfy,Error,/BuildNotice/0,MobileSDK,Xiaomi Redmi Note 8,OpenGLES2,1.0,1.11.0,False,Programmatic1,Programmatic,14.09.2021 10:27:37,6028e36ad1e80652e41054ca,6028e407a1ba2a0d3d760566,com.mytalkingcatemma.ballerinagames,1.0,ru,Android OS 9 / API-28 (PKQ1.190616.001/V11.0.12.0.PCOMIXM),0685dd00-aa42-4be5-928b-7a0bb9e31388,False,False,TM,1631615340.40426
0,An error occurred while sending the request,Error,/BuildNotice/0,MobileSDK,Xiaomi Redmi Note 8,OpenGLES2,1.0,1.11.0,False,Programmatic1,Programmatic,14.09.2021 10:27:37,6028e36ad1e80652e41054ca,6028e407a1ba2a0d3d760566,com.mytalkingcatemma.ballerinagames,1.0,ru,Android OS 9 / API-28 (PKQ1.190616.001/V11.0.12.0.PCOMIXM),0685dd00-aa42-4be5-928b-7a0bb9e31388,False,False,TM,1631615340.421965
0,could not receive ip address from ipfy,Error,/BuildNotice/0,MobileSDK,Xiaomi Redmi Note 8,OpenGLES2,1.0,1.11.0,False,Programmatic1,Programmatic,09/14/2021 10:30:59,6028e36ad1e80652e41054ca,609d69021c511f4b1d4df1c4,com.pregnantcatemma.virtualpet,1.0,iv,Android OS 9 / API-28 (PKQ1.190616.001/V11.0.12.0.PCOMIXM),555460bd-128c-48e0-8085-9eeffda85bf6,False,False,SN,1631615340.438077
0,could not receive ip address from ipfy,Error,/BuildNotice/0,MobileSDK,samsung SM-A115F,OpenGLES2,1.0,1.11.0,False,Programmatic1,Programmatic,09/14/2021 10:28:59,6028e36ad1e80652e41054ca,609d69021c511f4b1d4df1c4,com.pregnantcatemma.virtualpet,1.0,iv,Android OS 11 / API-30 (RP1A.200720.012/A115FXXU2BUE1),8e5d7a06-5761-46be-8e10-f0bf3ebb0dd5,False,False,IN,1631615340.561637
0,An error occurred while sending the request,Error,/BuildNotice/0,MobileSDK,samsung SM-A115F,OpenGLES2,1.0,1.11.0,False,Programmatic1,Programmatic,09/14/2021 10:28:59,6028e36ad1e80652e41054ca,609d69021c511f4b1d4df1c4,com.pregnantcatemma.virtualpet,1.0,iv,Android OS 11 / API-30 (RP1A.200720.012/A115FXXU2BUE1),8e5d7a06-5761-46be-8e10-f0bf3ebb0dd5,False,False,IN,1631615340.583672
0,An error occurred while sending the request,Error,/BuildNotice/0,MobileSDK,Xiaomi Redmi Note 8,OpenGLES2,1.0,1.11.0,False,Programmatic1,Programmatic,14.09.2021 10:28:56,6028e36ad1e80652e41054ca,6028e407a1ba2a0d3d760566,com.mytalkingcatemma.ballerinagames,1.0,ru,Android OS 9 / API-28 (PKQ1.190616.001/V11.0.2.0.PCOINXM),8df198ef-7fc7-4edd-aad3-9725d4d047d9,False,False,IN,1631615340.663917
0,could not receive ip address from ipfy,Error,/BuildNotice/0,MobileSDK,Xiaomi Redmi Note 8,OpenGLES2,1.0,1.11.0,False,Programmatic1,Programmatic,14.09.2021 10:28:57,6028e36ad1e80652e41054ca,6028e407a1ba2a0d3d760566,com.mytalkingcatemma.ballerinagames,1.0,ru,Android OS 9 / API-28 (PKQ1.190616.001/V11.0.2.0.PCOINXM),8df198ef-7fc7-4edd-aad3-9725d4d047d9,False,False,IN,1631615340.678022
0,could not receive ip address from ipfy,Error,/BuildNotice/0,MobileSDK,Xiaomi Redmi Note 8,OpenGLES2,1.0,1.11.0,False,Programmatic1,Programmatic,14.09.2021 10:27:37,6028e36ad1e80652e41054ca,6028e407a1ba2a0d3d760566,com.mytalkingcatemma.ballerinagames,1.0,ru,Android OS 9 / API-28 (PKQ1.190616.001/V11.0.12.0.PCOMIXM),0685dd00-aa42-4be5-928b-7a0bb9e31388,False,False,TM,1631615340.691679
0,An error occurred while sending the request,Error,/BuildNotice/0,MobileSDK,Xiaomi Redmi Note 8,OpenGLES2,1.0,1.11.0,False,Programmatic1,Programmatic,14.09.2021 10:27:37,6028e36ad1e80652e41054ca,6028e407a1ba2a0d3d760566,com.mytalkingcatemma.ballerinagames,1.0,ru,Android OS 9 / API-28 (PKQ1.190616.001/V11.0.12.0.PCOMIXM),0685dd00-aa42-4be5-928b-7a0bb9e31388,False,False,TM,1631615340.707844
0,An error occurred while sending the request,Error,/BuildNotice/0,MobileSDK,Xiaomi Redmi Note 8,OpenGLES2,1.0,1.11.0,False,Programmatic1,Programmatic,09/14/2021 10:30:59,6028e36ad1e80652e41054ca,609d69021c511f4b1d4df1c4,com.pregnantcatemma.virtualpet,1.0,iv,Android OS 9 / API-28 (PKQ1.190616.001/V11.0.12.0.PCOMIXM),555460bd-128c-48e0-8085-9eeffda85bf6,False,False,SN,1631615340.814169
0,could not receive ip address from ipfy,Error,/BuildNotice/0,MobileSDK,Xiaomi Redmi Note 8,OpenGLES2,1.0,1.11.0,False,Programmatic1,Programmatic,09/14/2021 10:30:59,6028e36ad1e80652e41054ca,609d69021c511f4b1d4df1c4,com.pregnantcatemma.virtualpet,1.0,iv,Android OS 9 / API-28 (PKQ1.190616.001/V11.0.12.0.PCOMIXM),555460bd-128c-48e0-8085-9eeffda85bf6,False,False,SN,1631615340.879188
0,An error occurred while sending the request,Error,/BuildNotice/0,MobileSDK,Xiaomi Redmi Note 8,OpenGLES2,1.0,1.11.0,False,Programmatic1,Programmatic,14.09.2021 10:28:57,6028e36ad1e80652e41054ca,6028e407a1ba2a0d3d760566,com.mytalkingcatemma.ballerinagames,1.0,ru,Android OS 9 / API-28 (PKQ1.190616.001/V11.0.2.0.PCOINXM),8df198ef-7fc7-4edd-aad3-9725d4d047d9,False,False,IN,1631615340.914536
0,could not receive ip address from ipfy,Error,/BuildNotice/0,MobileSDK,Xiaomi Redmi Note 8,OpenGLES2,1.0,1.11.0,False,Programmatic1,Programmatic,14.09.2021 10:28:58,6028e36ad1e80652e41054ca,6028e407a1ba2a0d3d760566,com.mytalkingcatemma.ballerinagames,1.0,ru,Android OS 9 / API-28 (PKQ1.190616.001/V11.0.2.0.PCOINXM),8df198ef-7fc7-4edd-aad3-9725d4d047d9,False,False,IN,1631615340.928181
0,could not receive ip address from ipfy,Error,/BuildNotice/0,MobileSDK,Xiaomi Redmi Note 8,OpenGLES2,1.0,1.11.0,False,Programmatic1,Programmatic,14.09.2021 10:27:37,6028e36ad1e80652e41054ca,6028e407a1ba2a0d3d760566,com.mytalkingcatemma.ballerinagames,1.0,ru,Android OS 9 / API-28 (PKQ1.190616.001/V11.0.12.0.PCOMIXM),0685dd00-aa42-4be5-928b-7a0bb9e31388,False,False,TM,1631615340.968555
0,An error occurred while sending the request,Error,/BuildNotice/0,MobileSDK,Xiaomi Redmi Note 8,OpenGLES2,1.0,1.11.0,False,Programmatic1,Programmatic,14.09.2021 10:27:37,6028e36ad1e80652e41054ca,6028e407a1ba2a0d3d760566,com.mytalkingcatemma.ballerinagames,1.0,ru,Android OS 9 / API-28 (PKQ1.190616.001/V11.0.12.0.PCOMIXM),0685dd00-aa42-4be5-928b-7a0bb9e31388,False,False,TM,1631615340.984776
0,could not receive ip address from ipfy,Error,/BuildNotice/0,MobileSDK,Xiaomi Redmi Note 8,OpenGLES2,1.0,1.11.0,False,Programmatic1,Programmatic,14.09.2021 10:27:37,6028e36ad1e80652e41054ca,6028e407a1ba2a0d3d760566,com.mytalkingcatemma.ballerinagames,1.0,ru,Android OS 9 / API-28 (PKQ1.190616.001/V11.0.12.0.PCOMIXM),0685dd00-aa42-4be5-928b-7a0bb9e31388,False,False,TM,1631615341.243032
0,An error occurred while sending the request,Error,/BuildNotice/0,MobileSDK,Xiaomi Redmi Note 8,OpenGLES2,1.0,1.11.0,False,Programmatic1,Programmatic,09/14/2021 10:30:59,6028e36ad1e80652e41054ca,609d69021c511f4b1d4df1c4,com.pregnantcatemma.virtualpet,1.0,iv,Android OS 9 / API-28 (PKQ1.190616.001/V11.0.12.0.PCOMIXM),555460bd-128c-48e0-8085-9eeffda85bf6,False,False,SN,1631615341.260641
0,could not receive ip address from ipfy,Error,/BuildNotice/0,MobileSDK,Xiaomi Redmi Note 8,OpenGLES2,1.0,1.11.0,False,Programmatic1,Programmatic,09/14/2021 10:31:00,6028e36ad1e80652e41054ca,609d69021c511f4b1d4df1c4,com.pregnantcatemma.virtualpet,1.0,iv,Android OS 9 / API-28 (PKQ1.190616.001/V11.0.12.0.PCOMIXM),555460bd-128c-48e0-8085-9eeffda85bf6,False,False,SN,1631615341.300433
0,An error occurred while sending the request,Error,/BuildNotice/0,MobileSDK,Xiaomi Redmi Note 8,OpenGLES2,1.0,1.11.0,False,Programmatic1,Programmatic,14.09.2021 10:27:37,6028e36ad1e80652e41054ca,6028e407a1ba2a0d3d760566,com.mytalkingcatemma.ballerinagames,1.0,ru,Android OS 9 / API-28 (PKQ1.190616.001/V11.0.12.0.PCOMIXM),0685dd00-aa42-4be5-928b-7a0bb9e31388,False,False,TM,1631615341.339766
0,could not receive ip address from ipfy,Error,/BuildNotice/0,MobileSDK,Xiaomi Redmi Note 8,OpenGLES2,1.0,1.11.0,False,Programmatic1,Programmatic,14.09.2021 10:27:38,6028e36ad1e80652e41054ca,6028e407a1ba2a0d3d760566,com.mytalkingcatemma.ballerinagames,1.0,ru,Android OS 9 / API-28 (PKQ1.190616.001/V11.0.12.0.PCOMIXM),0685dd00-aa42-4be5-928b-7a0bb9e31388,False,False,TM,1631615341.52057
0,could not receive ip address from ipfy,Error,/BuildNotice/0,MobileSDK,Xiaomi Redmi Note 8,OpenGLES2,1.0,1.11.0,False,Programmatic1,Programmatic,14.09.2021 10:28:59,6028e36ad1e80652e41054ca,6028e407a1ba2a0d3d760566,com.mytalkingcatemma.ballerinagames,1.0,ru,Android OS 9 / API-28 (PKQ1.190616.001/V11.0.2.0.PCOINXM),8df198ef-7fc7-4edd-aad3-9725d4d047d9,False,False,IN,1631615341.55141
0,An error occurred while sending the request,Error,/BuildNotice/0,MobileSDK,Xiaomi Redmi Note 8,OpenGLES2,1.0,1.11.0,False,Programmatic1,Programmatic,14.09.2021 10:28:58,6028e36ad1e80652e41054ca,6028e407a1ba2a0d3d760566,com.mytalkingcatemma.ballerinagames,1.0,ru,Android OS 9 / API-28 (PKQ1.190616.001/V11.0.2.0.PCOINXM),8df198ef-7fc7-4edd-aad3-9725d4d047d9,False,False,IN,1631615341.620163
0,An error occurred while sending the request,Error,/BuildNotice/0,MobileSDK,Xiaomi Redmi Note 8,OpenGLES2,1.0,1.11.0,False,Programmatic1,Programmatic,14.09.2021 10:27:38,6028e36ad1e80652e41054ca,6028e407a1ba2a0d3d760566,com.mytalkingcatemma.ballerinagames,1.0,ru,Android OS 9 / API-28 (PKQ1.190616.001/V11.0.12.0.PCOMIXM),0685dd00-aa42-4be5-928b-7a0bb9e31388,False,False,TM,1631615341.681239
0,An error occurred while sending the request,Error,/BuildNotice/0,MobileSDK,Xiaomi Redmi Note 8,OpenGLES2,1.0,1.11.0,False,Programmatic1,Programmatic,09/14/2021 10:31:00,6028e36ad1e80652e41054ca,609d69021c511f4b1d4df1c4,com.pregnantcatemma.virtualpet,1.0,iv,Android OS 9 / API-28 (PKQ1.190616.001/V11.0.12.0.PCOMIXM),555460bd-128c-48e0-8085-9eeffda85bf6,False,False,SN,1631615341.71563
0,could not receive ip address from ipfy,Error,/BuildNotice/0,MobileSDK,Xiaomi Redmi Note 8,OpenGLES2,1.0,1.11.0,False,Programmatic1,Programmatic,09/14/2021 10:31:00,6028e36ad1e80652e41054ca,609d69021c511f4b1d4df1c4,com.pregnantcatemma.virtualpet,1.0,iv,Android OS 9 / API-28 (PKQ1.190616.001/V11.0.12.0.PCOMIXM),555460bd-128c-48e0-8085-9eeffda85bf6,False,False,SN,1631615341.781273
0,could not receive ip address from ipfy,Error,/BuildNotice/0,MobileSDK,Xiaomi Redmi Note 8,OpenGLES2,1.0,1.11.0,False,Programmatic1,Programmatic,14.09.2021 10:27:38,6028e36ad1e80652e41054ca,6028e407a1ba2a0d3d760566,com.mytalkingcatemma.ballerinagames,1.0,ru,Android OS 9 / API-28 (PKQ1.190616.001/V11.0.12.0.PCOMIXM),0685dd00-aa42-4be5-928b-7a0bb9e31388,False,False,TM,1631615341.841254
0,An error occurred while sending the request,Error,/BuildNotice/0,MobileSDK,Xiaomi Redmi Note 8,OpenGLES2,1.0,1.11.0,False,Programmatic1,Programmatic,14.09.2021 10:28:59,6028e36ad1e80652e41054ca,6028e407a1ba2a0d3d760566,com.mytalkingcatemma.ballerinagames,1.0,ru,Android OS 9 / API-28 (PKQ1.190616.001/V11.0.2.0.PCOINXM),8df198ef-7fc7-4edd-aad3-9725d4d047d9,False,False,IN,1631615341.882935
